{
  "acquisition_date": "2025-11-28",
  "mode": "synthetic",
  "datasets": [
    {
      "filename": "odlyzko_zeros1.txt",
      "path": "external\\odlyzko_zeros1.txt",
      "validation": {
        "valid": true,
        "count": 10000,
        "range": [
          238.486907639424,
          9971.897802905822
        ],
        "sorted": true,
        "gaps": {
          "min": 0.6855113962901669,
          "max": 1.975098973584977,
          "mean": 0.9734384333699767,
          "median": 0.9522271104297033
        },
        "warnings": []
      }
    },
    {
      "filename": "odlyzko_zeros2.txt",
      "path": "external\\odlyzko_zeros2.txt",
      "validation": {
        "valid": true,
        "count": 10000,
        "range": [
          2501.097493754493,
          11545.884990798895
        ],
        "sorted": true,
        "gaps": {
          "min": 0.6718581199384062,
          "max": 1.256116824279161,
          "mean": 0.9045692066251028,
          "median": 0.8999533872392931
        },
        "warnings": []
      }
    },
    {
      "filename": "gourdon_extended.txt",
      "path": "external\\gourdon_extended.txt",
      "validation": {
        "valid": true,
        "count": 5000,
        "range": [
          5000.78434340587,
          9469.763676954068
        ],
        "sorted": true,
        "gaps": {
          "min": 0.6890405247577291,
          "max": 1.124597061604618,
          "mean": 0.893974661641968,
          "median": 0.8935179743248227
        },
        "warnings": []
      }
    }
  ]
}