{"sequence": ["AL", "EN", "IL", "RA", "AL", "SHA"], "coherence_change": 0.00861223061855143, "sense_index_change": -0.03947265611420847, "phi_s_change": 0.09805505827081562, "grad_phi_change": 0.17006864084565998, "k_phi_change": 0.40941478132407383, "xi_c_change": 0.0, "phase_sync_change": -0.06062262891688308, "epi_magnitude_change": -0.011636017237127372, "hash_signature": "3d2ca580e0191357", "sequence_str": "AL -> EN -> IL -> RA -> AL -> SHA"}