{"sequence": ["NUL", "NUL", "VAL", "RA", "REMESH"], "coherence_change": 0.0, "sense_index_change": -0.004659476629939596, "phi_s_change": 0.0, "grad_phi_change": 0.0366996752401163, "k_phi_change": 0.3719956774145289, "xi_c_change": 0.0, "phase_sync_change": -0.01783583447233339, "epi_magnitude_change": 0.00964818194190653, "hash_signature": "2f1f8fecba7d3142", "sequence_str": "NUL -> NUL -> VAL -> RA -> REMESH"}