{"sequence": ["IL", "SHA", "AL", "THOL", "THOL", "SHA"], "coherence_change": 0.017738701096544962, "sense_index_change": -0.0033802262939685024, "phi_s_change": 0.1383080322178074, "grad_phi_change": 0.0, "k_phi_change": 0.0, "xi_c_change": 0.0, "phase_sync_change": 0.0, "epi_magnitude_change": -0.0038805346855652623, "hash_signature": "b7e639800268b3d9", "sequence_str": "IL -> SHA -> AL -> THOL -> THOL -> SHA"}