{"sequence": ["NUL", "ZHIR", "EN", "NUL", "NAV"], "coherence_change": 0.0, "sense_index_change": 0.01829210752509791, "phi_s_change": 0.0, "grad_phi_change": -0.05904709376265593, "k_phi_change": 0.3899376347783414, "xi_c_change": 0.0, "phase_sync_change": 0.01643919299452723, "epi_magnitude_change": -0.01413794617224462, "hash_signature": "32375d17b6c3aab5", "sequence_str": "NUL -> ZHIR -> EN -> NUL -> NAV"}