{"sequence": ["NAV", "NAV", "NUL", "IL", "OZ"], "coherence_change": -0.0019667062309574046, "sense_index_change": 0.016564964016870576, "phi_s_change": 0.1561070443185324, "grad_phi_change": 0.0, "k_phi_change": 0.0, "xi_c_change": 0.0, "phase_sync_change": 0.0, "epi_magnitude_change": -0.01382489706150758, "hash_signature": "d5293bb8f7d07c9a", "sequence_str": "NAV -> NAV -> NUL -> IL -> OZ"}