{"sequence": ["IL", "OZ", "ZHIR", "EN", "SHA"], "coherence_change": -0.004852251571637045, "sense_index_change": -0.026181809520083255, "phi_s_change": 0.04660773406336205, "grad_phi_change": 0.11222577533395661, "k_phi_change": 0.33141681506479037, "xi_c_change": 0.0, "phase_sync_change": -0.032656579579266154, "epi_magnitude_change": 0.0, "hash_signature": "e9de7ef68dcabdcf", "sequence_str": "IL -> OZ -> ZHIR -> EN -> SHA"}