{"sequence": ["OZ", "AL", "IL", "THOL", "VAL", "OZ"], "coherence_change": -0.011572716619488999, "sense_index_change": 0.017173506789710857, "phi_s_change": -0.4013870801695494, "grad_phi_change": 0.0, "k_phi_change": 0.0, "xi_c_change": 0.0, "phase_sync_change": 0.0, "epi_magnitude_change": 0.017666285134239734, "hash_signature": "6f1842f8046954d5", "sequence_str": "OZ -> AL -> IL -> THOL -> VAL -> OZ"}