{"sequence": ["NAV", "EN", "OZ", "RA", "VAL", "NAV"], "coherence_change": -0.009883333566861108, "sense_index_change": -0.028054796552688555, "phi_s_change": 0.03417292903636193, "grad_phi_change": 0.07365851897580011, "k_phi_change": 0.4205595099934275, "xi_c_change": 0.0, "phase_sync_change": -0.02756805418519248, "epi_magnitude_change": 0.012622525989067435, "hash_signature": "6eba94fe405929fc", "sequence_str": "NAV -> EN -> OZ -> RA -> VAL -> NAV"}