{"sequence": ["AL", "AL", "SHA", "ZHIR", "NAV"], "coherence_change": 0.0, "sense_index_change": 0.0018174689452012949, "phi_s_change": 0.0, "grad_phi_change": -0.0005795839492632737, "k_phi_change": 0.003225433241527742, "xi_c_change": 0.0, "phase_sync_change": 0.0019163528790562268, "epi_magnitude_change": -0.00157593787911825, "hash_signature": "96441135febfa26c", "sequence_str": "AL -> AL -> SHA -> ZHIR -> NAV"}