{"sequence": ["AL", "THOL", "RA", "REMESH", "UM", "SHA"], "coherence_change": 0.007452356959680939, "sense_index_change": 0.02898814805538208, "phi_s_change": 0.06424724461531772, "grad_phi_change": -0.20549597134448172, "k_phi_change": 0.15767291346093437, "xi_c_change": 0.0, "phase_sync_change": 0.056022386344196096, "epi_magnitude_change": -0.007600061687281667, "hash_signature": "fddc47068beb1f40", "sequence_str": "AL -> THOL -> RA -> REMESH -> UM -> SHA"}