{"sequence": ["NAV", "UM", "UM", "VAL", "REMESH"], "coherence_change": 0.0, "sense_index_change": 0.06340798849952267, "phi_s_change": 0.0, "grad_phi_change": -0.3716161335669068, "k_phi_change": 0.1767781062159498, "xi_c_change": 0.0, "phase_sync_change": 0.13034037745069182, "epi_magnitude_change": 0.01111838878197069, "hash_signature": "ed422982373fb649", "sequence_str": "NAV -> UM -> UM -> VAL -> REMESH"}