{"sequence": ["NAV", "OZ", "RA", "OZ"], "coherence_change": -0.029122186335173827, "sense_index_change": 0.02590509687652487, "phi_s_change": -0.09039125398708903, "grad_phi_change": 0.014523128971749788, "k_phi_change": 0.22238182055746392, "xi_c_change": 0.0, "phase_sync_change": -0.010902463716539135, "epi_magnitude_change": 0.0, "hash_signature": "726b6d7b78a9659d", "sequence_str": "NAV -> OZ -> RA -> OZ"}