{"sequence": ["VAL", "ZHIR", "THOL", "UM", "SHA"], "coherence_change": 0.004365254007128949, "sense_index_change": 0.030260179295608758, "phi_s_change": 0.016291992963130997, "grad_phi_change": -0.0681035927352307, "k_phi_change": 0.6126793524359341, "xi_c_change": 0.0, "phase_sync_change": 0.025267343051634472, "epi_magnitude_change": 0.022162226041076427, "hash_signature": "deb7758a871becc4", "sequence_str": "VAL -> ZHIR -> THOL -> UM -> SHA"}