{"sequence": ["OZ", "ZHIR", "NAV"], "coherence_change": -0.009418623666800241, "sense_index_change": 0.011151809080816921, "phi_s_change": 0.04957428114950302, "grad_phi_change": 0.01091560741149511, "k_phi_change": 0.1424246283654563, "xi_c_change": 0.0, "phase_sync_change": -0.005918990197224305, "epi_magnitude_change": 0.0, "hash_signature": "d7a3b3c502d27ba3", "sequence_str": "OZ -> ZHIR -> NAV"}