{"sequence": ["VAL", "ZHIR", "NAV", "NUL", "SHA"], "coherence_change": 0.0, "sense_index_change": 0.02039543463052962, "phi_s_change": 0.0, "grad_phi_change": -0.09723141032555183, "k_phi_change": -0.022220855517117666, "xi_c_change": 0.0, "phase_sync_change": 0.03522191688927534, "epi_magnitude_change": 0.004239067150527798, "hash_signature": "c4bb1bab1cd3357c", "sequence_str": "VAL -> ZHIR -> NAV -> NUL -> SHA"}