{"sequence": ["NAV", "AL", "THOL", "REMESH"], "coherence_change": 0.004685274413531282, "sense_index_change": 0.0028373085703274903, "phi_s_change": 0.04117166990308885, "grad_phi_change": 0.0, "k_phi_change": 0.0, "xi_c_change": 0.0, "phase_sync_change": 0.0, "epi_magnitude_change": 1.6012381305108292e-05, "hash_signature": "a4f910426c2df1b7", "sequence_str": "NAV -> AL -> THOL -> REMESH"}