{"sequence": ["IL", "EN", "REMESH", "ZHIR", "OZ"], "coherence_change": -0.0032474115084312194, "sense_index_change": 0.013822727482358466, "phi_s_change": 0.00841416087458513, "grad_phi_change": -0.06614267762709725, "k_phi_change": 0.18135255196276098, "xi_c_change": 0.0, "phase_sync_change": 0.017309904329104175, "epi_magnitude_change": 0.0015754351222316831, "hash_signature": "535f6e5571afc183", "sequence_str": "IL -> EN -> REMESH -> ZHIR -> OZ"}