{"sequence": ["RA", "SHA", "SHA", "AL", "OZ"], "coherence_change": -0.009242311009618365, "sense_index_change": 0.01940357919809277, "phi_s_change": -0.022920479518040437, "grad_phi_change": -0.05469953747836476, "k_phi_change": 0.04175947431112198, "xi_c_change": 0.0, "phase_sync_change": 0.015055413546792185, "epi_magnitude_change": 0.005454868069556307, "hash_signature": "d9973bab93156b1b", "sequence_str": "RA -> SHA -> SHA -> AL -> OZ"}