{"sequence": ["NAV", "VAL", "RA", "NUL", "SHA"], "coherence_change": 0.0, "sense_index_change": 0.02618949082461708, "phi_s_change": 0.0, "grad_phi_change": -0.10364123025325411, "k_phi_change": 0.03257126388251455, "xi_c_change": 0.0, "phase_sync_change": 0.027116217734275305, "epi_magnitude_change": 0.002921363365217089, "hash_signature": "d5ac2abff2e99908", "sequence_str": "NAV -> VAL -> RA -> NUL -> SHA"}