{"sequence": ["UM", "NUL", "ZHIR", "SHA"], "coherence_change": 0.0, "sense_index_change": -0.041185330871386705, "phi_s_change": 0.0, "grad_phi_change": 0.14215345153919534, "k_phi_change": 0.10683374848017514, "xi_c_change": 0.0, "phase_sync_change": -0.05265547276383309, "epi_magnitude_change": -0.011276833552196441, "hash_signature": "e5125ac81838056a", "sequence_str": "UM -> NUL -> ZHIR -> SHA"}