{"sequence": ["VAL", "VAL", "IL", "SHA"], "coherence_change": 0.006117547647372379, "sense_index_change": 0.0026456852971452616, "phi_s_change": 0.06362019365418681, "grad_phi_change": 0.0, "k_phi_change": 0.0, "xi_c_change": 0.0, "phase_sync_change": 0.0, "epi_magnitude_change": 0.03500690508157933, "hash_signature": "349c3c624e65653f", "sequence_str": "VAL -> VAL -> IL -> SHA"}