{"sequence": ["AL", "REMESH", "REMESH", "RA", "REMESH"], "coherence_change": 0.0, "sense_index_change": -0.013808733342236812, "phi_s_change": 0.0, "grad_phi_change": -0.010728540400022135, "k_phi_change": 0.26300223357361713, "xi_c_change": 0.0, "phase_sync_change": -0.005983890216406329, "epi_magnitude_change": 0.0031986757384908637, "hash_signature": "144d6d8090046eb9", "sequence_str": "AL -> REMESH -> REMESH -> RA -> REMESH"}