{"sequence": ["NUL", "NAV", "OZ", "IL", "OZ"], "coherence_change": -0.02448427164096978, "sense_index_change": 0.015267060986263292, "phi_s_change": -0.16516307311425027, "grad_phi_change": 0.0, "k_phi_change": 0.0, "xi_c_change": 0.0, "phase_sync_change": 0.0, "epi_magnitude_change": -0.013181401509830604, "hash_signature": "f205a0f7d19f3c60", "sequence_str": "NUL -> NAV -> OZ -> IL -> OZ"}