{"sequence": ["UM", "ZHIR", "NUL", "SHA"], "coherence_change": 0.0, "sense_index_change": 0.049835095882575065, "phi_s_change": 0.0, "grad_phi_change": -0.22997933096010192, "k_phi_change": 0.14699384715451655, "xi_c_change": 0.0, "phase_sync_change": 0.08935609897765373, "epi_magnitude_change": -0.009503572706980323, "hash_signature": "be7f217b6b559ccc", "sequence_str": "UM -> ZHIR -> NUL -> SHA"}