{"sequence": ["ZHIR", "IL", "SHA", "NAV", "OZ"], "coherence_change": -0.003203253227151648, "sense_index_change": 0.00156917954752811, "phi_s_change": -0.07008216238455789, "grad_phi_change": -0.021459101979956374, "k_phi_change": -0.09151474203834747, "xi_c_change": 0.0, "phase_sync_change": 0.01062783694663827, "epi_magnitude_change": 0.0, "hash_signature": "ab3541623c19a8cd", "sequence_str": "ZHIR -> IL -> SHA -> NAV -> OZ"}