{"sequence": ["THOL", "NUL", "SHA", "NAV"], "coherence_change": 0.0054584819540817175, "sense_index_change": -0.003061926003477544, "phi_s_change": 0.050162123070197406, "grad_phi_change": 0.0, "k_phi_change": 0.0, "xi_c_change": 0.0, "phase_sync_change": 0.0, "epi_magnitude_change": -0.017522085780972252, "hash_signature": "691f3e7946d869c9", "sequence_str": "THOL -> NUL -> SHA -> NAV"}