{"sequence": ["UM", "AL", "ZHIR", "ZHIR", "UM", "REMESH"], "coherence_change": 0.0, "sense_index_change": 0.052359919837211444, "phi_s_change": 0.0, "grad_phi_change": -0.23358221966053394, "k_phi_change": 0.34058359423685935, "xi_c_change": 0.0, "phase_sync_change": 0.07125247785074418, "epi_magnitude_change": 0.005729065053846849, "hash_signature": "0a5ce67ef85e5e40", "sequence_str": "UM -> AL -> ZHIR -> ZHIR -> UM -> REMESH"}