{"sequence": ["NAV", "RA", "REMESH", "ZHIR", "REMESH"], "coherence_change": 0.0, "sense_index_change": 0.0018477289141433095, "phi_s_change": 0.0, "grad_phi_change": -0.03428852220594414, "k_phi_change": 0.05351851705968211, "xi_c_change": 0.0, "phase_sync_change": 0.01200918477140167, "epi_magnitude_change": 0.0026185405609177037, "hash_signature": "684e5d3cbb660f18", "sequence_str": "NAV -> RA -> REMESH -> ZHIR -> REMESH"}