{"sequence": ["NAV", "UM", "AL", "REMESH"], "coherence_change": 0.0, "sense_index_change": 0.039804504550616016, "phi_s_change": 0.0, "grad_phi_change": -0.2110996511208656, "k_phi_change": 0.41788126243693735, "xi_c_change": 0.0, "phase_sync_change": 0.06672890513963814, "epi_magnitude_change": 0.0025094950392898774, "hash_signature": "70c70b0b4621d952", "sequence_str": "NAV -> UM -> AL -> REMESH"}