{"sequence": ["EN", "THOL", "THOL", "ZHIR", "THOL", "NAV"], "coherence_change": 0.017426345980843472, "sense_index_change": -0.0006669109765043979, "phi_s_change": 0.0630937177728732, "grad_phi_change": -0.0468297889986955, "k_phi_change": 0.24779336512897226, "xi_c_change": 0.0, "phase_sync_change": 0.01310585966119393, "epi_magnitude_change": 0.0, "hash_signature": "30a410c6baa678b8", "sequence_str": "EN -> THOL -> THOL -> ZHIR -> THOL -> NAV"}