{"sequence": ["AL", "UM", "RA", "REMESH", "EN", "NAV"], "coherence_change": 0.0, "sense_index_change": 0.05633286388841374, "phi_s_change": 0.0, "grad_phi_change": -0.361108271435864, "k_phi_change": 0.3791069925746399, "xi_c_change": 0.0, "phase_sync_change": 0.12541583178324267, "epi_magnitude_change": -0.0008858303433755266, "hash_signature": "7c23211204e24090", "sequence_str": "AL -> UM -> RA -> REMESH -> EN -> NAV"}