{"sequence": ["NUL", "EN", "SHA", "RA", "IL", "OZ"], "coherence_change": -0.005619023886140884, "sense_index_change": 0.011521203052566542, "phi_s_change": -0.015260999287449839, "grad_phi_change": -0.02198585455684432, "k_phi_change": 0.3861339847724635, "xi_c_change": 0.0, "phase_sync_change": 0.00349361699905959, "epi_magnitude_change": -0.016366997584928322, "hash_signature": "5aa9ae589f33ccb6", "sequence_str": "NUL -> EN -> SHA -> RA -> IL -> OZ"}