{"sequence": ["NAV", "IL", "NUL", "ZHIR", "REMESH"], "coherence_change": 0.006948205993388523, "sense_index_change": -0.021024104407565136, "phi_s_change": 0.030707025480910866, "grad_phi_change": 0.08606972299043525, "k_phi_change": -0.08327197318088081, "xi_c_change": 0.0, "phase_sync_change": -0.027479842492803108, "epi_magnitude_change": -0.018787229416235562, "hash_signature": "c35fbd06450e6060", "sequence_str": "NAV -> IL -> NUL -> ZHIR -> REMESH"}