{"sequence": ["NAV", "ZHIR", "ZHIR", "AL", "REMESH"], "coherence_change": 0.0, "sense_index_change": 0.0033419997252240874, "phi_s_change": 0.0, "grad_phi_change": 0.03953924242904505, "k_phi_change": -0.11035780384209015, "xi_c_change": 0.0, "phase_sync_change": -0.01121118790733111, "epi_magnitude_change": 0.0053793703099025425, "hash_signature": "3179c6501b432009", "sequence_str": "NAV -> ZHIR -> ZHIR -> AL -> REMESH"}