{"sequence": ["REMESH", "EN", "EN", "OZ"], "coherence_change": -0.01478892938005405, "sense_index_change": -0.0016544757176079061, "phi_s_change": 0.11186026906221891, "grad_phi_change": 0.0, "k_phi_change": 0.0, "xi_c_change": 0.0, "phase_sync_change": 0.0, "epi_magnitude_change": 0.0016579623617708483, "hash_signature": "bce57e8e0dfa78d1", "sequence_str": "REMESH -> EN -> EN -> OZ"}