{"sequence": ["VAL", "REMESH", "ZHIR", "THOL", "RA", "SHA"], "coherence_change": 0.004517913522647521, "sense_index_change": 0.013693863532954431, "phi_s_change": 0.030426763515380206, "grad_phi_change": -0.1252232360697958, "k_phi_change": 0.820684030035838, "xi_c_change": 0.0, "phase_sync_change": 0.04241076855325665, "epi_magnitude_change": 0.02944983328066042, "hash_signature": "03d54e70eb110172", "sequence_str": "VAL -> REMESH -> ZHIR -> THOL -> RA -> SHA"}