{"sequence": ["NAV", "RA", "IL", "RA", "NAV"], "coherence_change": 0.005678761437119317, "sense_index_change": 0.025760690226977467, "phi_s_change": 0.061496450916812995, "grad_phi_change": -0.10380370395824245, "k_phi_change": 0.37858470738751937, "xi_c_change": 0.0, "phase_sync_change": 0.02780654334045818, "epi_magnitude_change": 0.0, "hash_signature": "ac6036b46b91d652", "sequence_str": "NAV -> RA -> IL -> RA -> NAV"}