{"sequence": ["NAV", "NAV", "NUL", "UM", "SHA"], "coherence_change": 0.0, "sense_index_change": -0.026003762318970614, "phi_s_change": 0.0, "grad_phi_change": 0.09744828036248299, "k_phi_change": 0.3096732088764294, "xi_c_change": 0.0, "phase_sync_change": -0.03677660807321703, "epi_magnitude_change": -0.01722708797403838, "hash_signature": "45b40f8b919a8ade", "sequence_str": "NAV -> NAV -> NUL -> UM -> SHA"}