{"sequence": ["AL", "OZ", "UM", "VAL", "SHA"], "coherence_change": -0.008365659158636851, "sense_index_change": 0.022559477208250578, "phi_s_change": 0.06943158677722039, "grad_phi_change": -0.06363037726919551, "k_phi_change": -0.151968073739161, "xi_c_change": 0.0, "phase_sync_change": 0.01676159581963954, "epi_magnitude_change": 0.00970924125429451, "hash_signature": "e54dd72b92b6d6df", "sequence_str": "AL -> OZ -> UM -> VAL -> SHA"}