{"sequence": ["NUL", "ZHIR", "AL", "OZ"], "coherence_change": -0.010884924928439066, "sense_index_change": 0.004296050372371352, "phi_s_change": 0.026707695362926165, "grad_phi_change": -0.005670899817712183, "k_phi_change": 0.02540670119728286, "xi_c_change": 0.0, "phase_sync_change": 0.0017704942733183238, "epi_magnitude_change": -0.010081774015618605, "hash_signature": "f77570b20c3cda28", "sequence_str": "NUL -> ZHIR -> AL -> OZ"}