{"sequence": ["SHA", "SHA", "RA", "REMESH"], "coherence_change": 0.0, "sense_index_change": -0.001582003770989604, "phi_s_change": 0.0, "grad_phi_change": 0.034691603180421415, "k_phi_change": 0.4991151568221794, "xi_c_change": 0.0, "phase_sync_change": -0.022008454678966727, "epi_magnitude_change": 0.0012568384468636395, "hash_signature": "9b6a93e1d1431212", "sequence_str": "SHA -> SHA -> RA -> REMESH"}