{"sequence": ["RA", "REMESH", "NUL", "THOL", "VAL", "OZ"], "coherence_change": -0.009522521352330005, "sense_index_change": 0.028005744738401894, "phi_s_change": -0.040444989858996694, "grad_phi_change": -0.011571465720069396, "k_phi_change": 0.3900819352804236, "xi_c_change": 0.0, "phase_sync_change": 0.0011794352523358809, "epi_magnitude_change": 0.009709248372744228, "hash_signature": "e648a5cf5ec7bd15", "sequence_str": "RA -> REMESH -> NUL -> THOL -> VAL -> OZ"}