{"sequence": ["VAL", "RA", "VAL", "AL", "OZ"], "coherence_change": -0.010318862890022484, "sense_index_change": 0.004307550987822317, "phi_s_change": 0.04630423261084782, "grad_phi_change": -0.01955224959110935, "k_phi_change": 0.4721939687510893, "xi_c_change": 0.0, "phase_sync_change": 0.0022227133331060855, "epi_magnitude_change": 0.02759058287827887, "hash_signature": "bc5a51093c2412b0", "sequence_str": "VAL -> RA -> VAL -> AL -> OZ"}