{"sequence": ["REMESH", "IL", "UM", "NUL", "SHA"], "coherence_change": 0.005007492562299598, "sense_index_change": 0.013424411647223966, "phi_s_change": 0.016961276095048272, "grad_phi_change": -0.07393110143274861, "k_phi_change": 0.27719686338811983, "xi_c_change": 0.0, "phase_sync_change": 0.023665599589147934, "epi_magnitude_change": -0.0183178517735495, "hash_signature": "11a0f0552b4bc351", "sequence_str": "REMESH -> IL -> UM -> NUL -> SHA"}