{"sequence": ["EN", "AL", "OZ", "UM", "NAV"], "coherence_change": -0.017943091946942324, "sense_index_change": 0.04769222932459227, "phi_s_change": -0.22629955006183344, "grad_phi_change": -0.12461115058050742, "k_phi_change": 0.1860735907011857, "xi_c_change": 0.0, "phase_sync_change": 0.042252058533998826, "epi_magnitude_change": 0.0010702974792961006, "hash_signature": "3da881240ec9fba8", "sequence_str": "EN -> AL -> OZ -> UM -> NAV"}