{"sequence": ["REMESH", "ZHIR", "UM", "THOL", "NAV"], "coherence_change": 0.006242590795727088, "sense_index_change": 0.03548333616203381, "phi_s_change": 0.016978749465620724, "grad_phi_change": -0.21122828082875422, "k_phi_change": -0.02228047368467545, "xi_c_change": 0.0, "phase_sync_change": 0.07617685619402303, "epi_magnitude_change": 0.0011025844778974614, "hash_signature": "fbbbfc857493b021", "sequence_str": "REMESH -> ZHIR -> UM -> THOL -> NAV"}