{"sequence": ["AL", "THOL", "THOL", "ZHIR", "REMESH"], "coherence_change": 0.007617141433686636, "sense_index_change": 0.017339984672175346, "phi_s_change": 0.08544050139535564, "grad_phi_change": 0.01307777447819558, "k_phi_change": 0.14420589446778265, "xi_c_change": 0.0, "phase_sync_change": -0.004805270300172637, "epi_magnitude_change": 0.006624163434625019, "hash_signature": "a2f2ce80c7dfbd07", "sequence_str": "AL -> THOL -> THOL -> ZHIR -> REMESH"}