{"sequence": ["AL", "EN", "AL", "IL", "SHA"], "coherence_change": 0.010039348532758563, "sense_index_change": -0.021724327848733016, "phi_s_change": 0.0796777510704243, "grad_phi_change": 0.0, "k_phi_change": 0.0, "xi_c_change": 0.0, "phase_sync_change": 0.0, "epi_magnitude_change": -0.008479971841148681, "hash_signature": "4adaf20790e3eb27", "sequence_str": "AL -> EN -> AL -> IL -> SHA"}