{"sequence": ["OZ", "NUL", "IL", "SHA"], "coherence_change": -0.0029764757426868904, "sense_index_change": 0.03302783565457135, "phi_s_change": -0.14416905729391416, "grad_phi_change": 0.0, "k_phi_change": 0.0, "xi_c_change": 0.0, "phase_sync_change": 0.0, "epi_magnitude_change": -0.023414595528351678, "hash_signature": "a838ab89c6bbb25e", "sequence_str": "OZ -> NUL -> IL -> SHA"}