{"sequence": ["REMESH", "AL", "RA", "THOL", "REMESH"], "coherence_change": 0.0059553310368838375, "sense_index_change": 0.012053037564276559, "phi_s_change": 0.008079777461707072, "grad_phi_change": 0.010906565505534926, "k_phi_change": -0.022068014786185974, "xi_c_change": 0.0, "phase_sync_change": -0.004619048474138632, "epi_magnitude_change": 0.0027070495445717935, "hash_signature": "725d6230827da06d", "sequence_str": "REMESH -> AL -> RA -> THOL -> REMESH"}