{"sequence": ["RA", "NUL", "NUL", "OZ", "RA", "SHA"], "coherence_change": -0.008088727179659805, "sense_index_change": 0.0006019834378756528, "phi_s_change": -0.0327349838355514, "grad_phi_change": -0.06922267485942757, "k_phi_change": 0.08153740236454429, "xi_c_change": 0.0, "phase_sync_change": 0.01698169623345014, "epi_magnitude_change": -0.01844900551516493, "hash_signature": "6f755613f2cd14a8", "sequence_str": "RA -> NUL -> NUL -> OZ -> RA -> SHA"}