{"sequence": ["VAL", "RA", "RA", "ZHIR", "UM", "NAV"], "coherence_change": 0.0, "sense_index_change": 0.04195618478418717, "phi_s_change": 0.0, "grad_phi_change": -0.2886340404434975, "k_phi_change": 0.6243563813481658, "xi_c_change": 0.0, "phase_sync_change": 0.09830693565269522, "epi_magnitude_change": 0.010212958917537152, "hash_signature": "96d01bb6ee785120", "sequence_str": "VAL -> RA -> RA -> ZHIR -> UM -> NAV"}