{"sequence": ["VAL", "OZ", "UM", "OZ"], "coherence_change": -0.023110750515803358, "sense_index_change": 0.05529127310261861, "phi_s_change": -0.18273622056212502, "grad_phi_change": -0.1275352105098997, "k_phi_change": -0.204900579103314, "xi_c_change": 0.0, "phase_sync_change": 0.03979183594346536, "epi_magnitude_change": 0.016212152439505245, "hash_signature": "44b842b527762c68", "sequence_str": "VAL -> OZ -> UM -> OZ"}