{"sequence": ["THOL", "IL", "EN", "ZHIR", "OZ"], "coherence_change": 0.005137974767537967, "sense_index_change": -0.01711007691512928, "phi_s_change": 0.02661933099085001, "grad_phi_change": -0.013002670088742008, "k_phi_change": 0.019332944056109136, "xi_c_change": 0.0, "phase_sync_change": 0.006032047705240462, "epi_magnitude_change": 0.0, "hash_signature": "04fdc0135520a888", "sequence_str": "THOL -> IL -> EN -> ZHIR -> OZ"}