{"sequence": ["SHA", "AL", "THOL", "REMESH"], "coherence_change": 0.003839518240594142, "sense_index_change": -0.010544220067013887, "phi_s_change": 0.03066934281989875, "grad_phi_change": 0.0, "k_phi_change": 0.0, "xi_c_change": 0.0, "phase_sync_change": 0.0, "epi_magnitude_change": -0.0018396932578209624, "hash_signature": "74a77bc13c157dc8", "sequence_str": "SHA -> AL -> THOL -> REMESH"}