{"sequence": ["VAL", "IL", "UM", "RA", "SHA"], "coherence_change": 0.0066503480238637724, "sense_index_change": 0.009711498128561424, "phi_s_change": -0.019144916068442708, "grad_phi_change": -0.08794933012305184, "k_phi_change": 0.1734127328401876, "xi_c_change": 0.0, "phase_sync_change": 0.026419327073689325, "epi_magnitude_change": 0.010564007819025112, "hash_signature": "4bfc76e1361f9e1c", "sequence_str": "VAL -> IL -> UM -> RA -> SHA"}