{"sequence": ["AL", "ZHIR", "REMESH", "REMESH", "OZ"], "coherence_change": -0.016334187835777225, "sense_index_change": 0.02085926062689869, "phi_s_change": -0.2269373085215557, "grad_phi_change": 0.0270610512254863, "k_phi_change": 0.4223082064567709, "xi_c_change": 0.0, "phase_sync_change": -0.00603882972002856, "epi_magnitude_change": -0.0027067532393962868, "hash_signature": "26e2aa9e763643a0", "sequence_str": "AL -> ZHIR -> REMESH -> REMESH -> OZ"}