{"sequence": ["ZHIR", "REMESH", "OZ", "AL", "REMESH"], "coherence_change": -0.009637475063445478, "sense_index_change": -0.00985209171835666, "phi_s_change": 0.0363731626403222, "grad_phi_change": 0.019931209977360753, "k_phi_change": -0.027499809812382425, "xi_c_change": 0.0, "phase_sync_change": -0.002720724899820004, "epi_magnitude_change": 0.005823803907164082, "hash_signature": "4f221c867aa4042d", "sequence_str": "ZHIR -> REMESH -> OZ -> AL -> REMESH"}