{"sequence": ["UM", "IL", "IL", "THOL", "NAV"], "coherence_change": 0.02182868537144078, "sense_index_change": -0.010855080330721967, "phi_s_change": 0.06631744725646838, "grad_phi_change": 0.04215274968698468, "k_phi_change": -0.02695323122359375, "xi_c_change": 0.0, "phase_sync_change": -0.02461771783355271, "epi_magnitude_change": 0.0, "hash_signature": "756cbd08096fb98c", "sequence_str": "UM -> IL -> IL -> THOL -> NAV"}