{"sequence": ["UM", "ZHIR", "EN", "NAV"], "coherence_change": 0.0, "sense_index_change": 0.038470860005554, "phi_s_change": 0.0, "grad_phi_change": -0.18020164755929535, "k_phi_change": 0.003540824669995668, "xi_c_change": 0.0, "phase_sync_change": 0.054212582048977276, "epi_magnitude_change": 0.0, "hash_signature": "537bbd2a20062f8f", "sequence_str": "UM -> ZHIR -> EN -> NAV"}