{"sequence": ["IL", "AL", "UM", "NAV"], "coherence_change": 0.007852144658003213, "sense_index_change": 0.04098638715162428, "phi_s_change": -0.019960609437027488, "grad_phi_change": -0.1942519049056013, "k_phi_change": 0.12867096030890507, "xi_c_change": 0.0, "phase_sync_change": 0.0687661799517989, "epi_magnitude_change": -0.002934217693467134, "hash_signature": "3cce0ec8ba098aad", "sequence_str": "IL -> AL -> UM -> NAV"}