{"sequence": ["SHA", "RA", "REMESH", "ZHIR", "NAV"], "coherence_change": 0.0, "sense_index_change": 0.04652259889527788, "phi_s_change": 0.0, "grad_phi_change": -0.14061298374026077, "k_phi_change": 0.2160129772399323, "xi_c_change": 0.0, "phase_sync_change": 0.03457088440674139, "epi_magnitude_change": 0.0015006349527103557, "hash_signature": "9cb7b1a7a7930e1c", "sequence_str": "SHA -> RA -> REMESH -> ZHIR -> NAV"}