{"sequence": ["AL", "ZHIR", "OZ", "REMESH"], "coherence_change": -0.011801939829864438, "sense_index_change": 0.012948941573124317, "phi_s_change": 0.0751561676187319, "grad_phi_change": -0.03672808027214103, "k_phi_change": 0.1327967978339795, "xi_c_change": 0.0, "phase_sync_change": 0.015646586667547036, "epi_magnitude_change": -0.008877059457782943, "hash_signature": "cac85fdab0c2842e", "sequence_str": "AL -> ZHIR -> OZ -> REMESH"}