{"sequence": ["OZ", "AL", "OZ", "IL", "NAV"], "coherence_change": -0.011792626519240401, "sense_index_change": -0.0006129007460752289, "phi_s_change": 0.0014145828782582415, "grad_phi_change": 0.0, "k_phi_change": 0.0, "xi_c_change": 0.0, "phase_sync_change": 0.0, "epi_magnitude_change": -0.0017275934410760918, "hash_signature": "1f6d00805034d739", "sequence_str": "OZ -> AL -> OZ -> IL -> NAV"}