{"sequence": ["NAV", "NAV", "VAL", "NAV", "ZHIR", "SHA"], "coherence_change": 0.0, "sense_index_change": 0.002708045018770977, "phi_s_change": 0.0, "grad_phi_change": -0.027863753556009785, "k_phi_change": -0.147960429634313, "xi_c_change": 0.0, "phase_sync_change": 0.0044028775944603415, "epi_magnitude_change": 0.01586329574908074, "hash_signature": "81e4745ae1d6ff12", "sequence_str": "NAV -> NAV -> VAL -> NAV -> ZHIR -> SHA"}