{"sequence": ["AL", "AL", "IL", "REMESH", "AL", "SHA"], "coherence_change": 0.008712131524752587, "sense_index_change": 0.0008604960824830643, "phi_s_change": 0.06110927723784476, "grad_phi_change": 0.0, "k_phi_change": 0.0, "xi_c_change": 0.0, "phase_sync_change": 0.0, "epi_magnitude_change": -0.008347364965071491, "hash_signature": "3ab22f9cc575b764", "sequence_str": "AL -> AL -> IL -> REMESH -> AL -> SHA"}