{"sequence": ["AL", "NAV", "UM", "RA", "SHA"], "coherence_change": 0.0, "sense_index_change": 0.030564499210762097, "phi_s_change": 0.0, "grad_phi_change": -0.1706109056409748, "k_phi_change": 0.08409234543867478, "xi_c_change": 0.0, "phase_sync_change": 0.051940719139261904, "epi_magnitude_change": 0.0066740216950155196, "hash_signature": "bf7a4c07eb2012df", "sequence_str": "AL -> NAV -> UM -> RA -> SHA"}