{"sequence": ["SHA", "REMESH", "THOL", "VAL", "ZHIR", "NAV"], "coherence_change": 0.0032571937236919313, "sense_index_change": -0.0006775996840751031, "phi_s_change": -0.0051501052300030326, "grad_phi_change": 0.045029494701453565, "k_phi_change": -0.1062663104438395, "xi_c_change": 0.0, "phase_sync_change": -0.01333333333333342, "epi_magnitude_change": 0.0175254103917446, "hash_signature": "53f776695731f4b6", "sequence_str": "SHA -> REMESH -> THOL -> VAL -> ZHIR -> NAV"}