{"sequence": ["NAV", "NAV", "OZ", "UM", "ZHIR", "OZ"], "coherence_change": -0.01914717772771002, "sense_index_change": -0.041575024208543365, "phi_s_change": -0.07557488707759297, "grad_phi_change": 0.21721510801311683, "k_phi_change": -0.10432382900606701, "xi_c_change": 0.0, "phase_sync_change": -0.07527433229864855, "epi_magnitude_change": 0.0, "hash_signature": "8d938bfcdec66b8c", "sequence_str": "NAV -> NAV -> OZ -> UM -> ZHIR -> OZ"}