{"sequence": ["IL", "UM", "AL", "RA", "NAV"], "coherence_change": 0.005694252264180966, "sense_index_change": 0.02481462608037388, "phi_s_change": 0.01075592228473754, "grad_phi_change": -0.163906872209431, "k_phi_change": 0.2811208816573607, "xi_c_change": 0.0, "phase_sync_change": 0.05790007837898459, "epi_magnitude_change": 0.00144223623264228, "hash_signature": "4c8a96e20fefafd8", "sequence_str": "IL -> UM -> AL -> RA -> NAV"}