{"sequence": ["UM", "AL", "ZHIR", "NAV"], "coherence_change": 0.0, "sense_index_change": 0.04183704733219751, "phi_s_change": 0.0, "grad_phi_change": -0.21355651072524617, "k_phi_change": 0.27752876215853706, "xi_c_change": 0.0, "phase_sync_change": 0.0756559662536177, "epi_magnitude_change": 0.0027095044851753736, "hash_signature": "90098ee853b4f6a1", "sequence_str": "UM -> AL -> ZHIR -> NAV"}