{"sequence": ["UM", "NUL", "UM", "NAV"], "coherence_change": 0.0, "sense_index_change": 0.03707398264441086, "phi_s_change": 0.0, "grad_phi_change": -0.14269085683022809, "k_phi_change": -0.0003631785670718535, "xi_c_change": 0.0, "phase_sync_change": 0.03959665600148943, "epi_magnitude_change": -0.013290485933001195, "hash_signature": "4c09d79200c2cd5f", "sequence_str": "UM -> NUL -> UM -> NAV"}