{"sequence": ["VAL", "VAL", "RA", "ZHIR", "REMESH"], "coherence_change": 0.0, "sense_index_change": 0.007898793113966907, "phi_s_change": 0.0, "grad_phi_change": -0.017605817965621995, "k_phi_change": -0.1322197534858855, "xi_c_change": 0.0, "phase_sync_change": 0.0010564333628896305, "epi_magnitude_change": 0.03136209561080039, "hash_signature": "06699fed7fb17436", "sequence_str": "VAL -> VAL -> RA -> ZHIR -> REMESH"}