{"sequence": ["AL", "RA", "NAV", "EN", "NUL", "NAV"], "coherence_change": 0.0, "sense_index_change": 0.0025523239716715995, "phi_s_change": 0.0, "grad_phi_change": 0.016048674229995896, "k_phi_change": 0.24666225013942367, "xi_c_change": 0.0, "phase_sync_change": -0.012648393502808997, "epi_magnitude_change": -0.02058872842257542, "hash_signature": "e77906dc1d460779", "sequence_str": "AL -> RA -> NAV -> EN -> NUL -> NAV"}