{"sequence": ["OZ", "EN", "RA", "OZ"], "coherence_change": -0.024958077102134046, "sense_index_change": 0.012411886870703936, "phi_s_change": 0.026793049656330448, "grad_phi_change": -0.02563153600046686, "k_phi_change": 0.4952656755287941, "xi_c_change": 0.0, "phase_sync_change": 0.006439810905801369, "epi_magnitude_change": 0.0, "hash_signature": "ead8375a9066e647", "sequence_str": "OZ -> EN -> RA -> OZ"}