{"sequence": ["REMESH", "RA", "EN", "RA", "EN", "SHA"], "coherence_change": 0.0, "sense_index_change": 0.06035420237420808, "phi_s_change": 0.0, "grad_phi_change": -0.3186204844919234, "k_phi_change": 0.03454795581131148, "xi_c_change": 0.0, "phase_sync_change": 0.10788170979628575, "epi_magnitude_change": 0.0013214643509524837, "hash_signature": "302ceaed124a7bd4", "sequence_str": "REMESH -> RA -> EN -> RA -> EN -> SHA"}