{"sequence": ["UM", "RA", "RA", "RA", "REMESH"], "coherence_change": 0.0, "sense_index_change": 0.10257621724614341, "phi_s_change": 0.0, "grad_phi_change": -0.6070522245486902, "k_phi_change": 0.19489832111605682, "xi_c_change": 0.0, "phase_sync_change": 0.2010140904664709, "epi_magnitude_change": 0.0018058890676602157, "hash_signature": "6397e888936f9462", "sequence_str": "UM -> RA -> RA -> RA -> REMESH"}