{"sequence": ["THOL", "AL", "NUL", "ZHIR", "UM", "NAV"], "coherence_change": 0.004988947482039596, "sense_index_change": 0.03231650733265179, "phi_s_change": 0.023681781653581035, "grad_phi_change": -0.14815925565512678, "k_phi_change": 0.3302992098118755, "xi_c_change": 0.0, "phase_sync_change": 0.04544943691080772, "epi_magnitude_change": -0.010991208135086361, "hash_signature": "f984be62d3c323c1", "sequence_str": "THOL -> AL -> NUL -> ZHIR -> UM -> NAV"}