{"sequence": ["NUL", "THOL", "REMESH", "RA", "REMESH"], "coherence_change": 0.00369973490338249, "sense_index_change": -0.019125834941913222, "phi_s_change": 0.02102194841209526, "grad_phi_change": 0.099820486859161, "k_phi_change": 0.5103451158394894, "xi_c_change": 0.0, "phase_sync_change": -0.04223891258775103, "epi_magnitude_change": -0.01785970177575613, "hash_signature": "f5a043f8a3f0a5d3", "sequence_str": "NUL -> THOL -> REMESH -> RA -> REMESH"}