{"sequence": ["RA", "AL", "IL", "EN", "THOL", "NAV"], "coherence_change": 0.013085971244968353, "sense_index_change": 0.022393722291946805, "phi_s_change": 0.031648268359828036, "grad_phi_change": -0.07398904409249596, "k_phi_change": 0.3435656925364592, "xi_c_change": 0.0, "phase_sync_change": 0.023874335846386652, "epi_magnitude_change": 0.009156149591046714, "hash_signature": "cc52fb5708b9cd0c", "sequence_str": "RA -> AL -> IL -> EN -> THOL -> NAV"}