{"sequence": ["OZ", "VAL", "OZ"], "coherence_change": -0.03377552594818867, "sense_index_change": 0.035806366605806605, "phi_s_change": -0.26048187691316693, "grad_phi_change": 0.0, "k_phi_change": 0.0, "xi_c_change": 0.0, "phase_sync_change": 0.0, "epi_magnitude_change": 0.013907538639089778, "hash_signature": "1502a11689a28cd5", "sequence_str": "OZ -> VAL -> OZ"}