{"sequence": ["NUL", "OZ", "RA", "IL", "NAV"], "coherence_change": -0.0009683305283617605, "sense_index_change": -0.001159823900302226, "phi_s_change": -0.015263067154802523, "grad_phi_change": 0.006588923563566107, "k_phi_change": 0.43479343456707237, "xi_c_change": 0.0, "phase_sync_change": -0.012663349848302752, "epi_magnitude_change": -0.010648728171721578, "hash_signature": "df89664a5ffde1d0", "sequence_str": "NUL -> OZ -> RA -> IL -> NAV"}