{"sequence": ["OZ", "UM", "THOL", "UM", "NAV"], "coherence_change": -0.005499062646472375, "sense_index_change": 0.07236030111462599, "phi_s_change": 0.030625529743825375, "grad_phi_change": -0.19058468219456004, "k_phi_change": -0.15621111452830727, "xi_c_change": 0.0, "phase_sync_change": 0.05649999223234692, "epi_magnitude_change": 0.0, "hash_signature": "fa64947fd13aec36", "sequence_str": "OZ -> UM -> THOL -> UM -> NAV"}