{"sequence": ["ZHIR", "IL", "IL", "NUL", "NAV"], "coherence_change": 0.012429485034194498, "sense_index_change": -0.005924674715810041, "phi_s_change": 0.020027303716998457, "grad_phi_change": -0.017411626817178893, "k_phi_change": 0.16931880882678696, "xi_c_change": 0.0, "phase_sync_change": 0.008078782951232766, "epi_magnitude_change": -0.012721850799583767, "hash_signature": "a81c41aa1a2e2864", "sequence_str": "ZHIR -> IL -> IL -> NUL -> NAV"}