{"sequence": ["RA", "ZHIR", "THOL", "VAL", "UM", "REMESH"], "coherence_change": 0.0047116242191433955, "sense_index_change": 0.050671122973360516, "phi_s_change": -0.004248681797630938, "grad_phi_change": -0.23710847871918683, "k_phi_change": 0.3305565350996821, "xi_c_change": 0.0, "phase_sync_change": 0.06213049513081048, "epi_magnitude_change": 0.020845288876905954, "hash_signature": "88f639396363ebb1", "sequence_str": "RA -> ZHIR -> THOL -> VAL -> UM -> REMESH"}