{"sequence": ["THOL", "IL", "SHA", "UM", "OZ"], "coherence_change": 0.0069869064314558305, "sense_index_change": 0.01562713320224285, "phi_s_change": 0.04980445894408825, "grad_phi_change": -0.06093605906151356, "k_phi_change": 0.0013913521396044792, "xi_c_change": 0.0, "phase_sync_change": 0.01710079765314987, "epi_magnitude_change": 0.0, "hash_signature": "92e6e03a5707fe81", "sequence_str": "THOL -> IL -> SHA -> UM -> OZ"}