{"sequence": ["NAV", "NUL", "UM", "ZHIR", "AL", "SHA"], "coherence_change": 0.0, "sense_index_change": 0.02972536733064446, "phi_s_change": 0.0, "grad_phi_change": -0.22591333030718297, "k_phi_change": 0.7609660910831475, "xi_c_change": 0.0, "phase_sync_change": 0.07247942723976097, "epi_magnitude_change": -0.005994623650461106, "hash_signature": "d6fa1959d189d11a", "sequence_str": "NAV -> NUL -> UM -> ZHIR -> AL -> SHA"}