{"sequence": ["AL", "THOL", "VAL", "SHA"], "coherence_change": 0.0035274171210453176, "sense_index_change": 0.003357621744385808, "phi_s_change": 0.031310622401962696, "grad_phi_change": 0.0, "k_phi_change": 0.0, "xi_c_change": 0.0, "phase_sync_change": 0.0, "epi_magnitude_change": 0.0022503939799745076, "hash_signature": "b995cb482a716ab8", "sequence_str": "AL -> THOL -> VAL -> SHA"}