{"sequence": ["RA", "IL", "SHA", "OZ"], "coherence_change": -0.007593837003657344, "sense_index_change": 0.011027390952076832, "phi_s_change": 0.09954454866551299, "grad_phi_change": -0.051604018710614596, "k_phi_change": 0.25850218193158847, "xi_c_change": 0.0, "phase_sync_change": 0.010828845946056154, "epi_magnitude_change": 0.0, "hash_signature": "1f4a328b8c6aea22", "sequence_str": "RA -> IL -> SHA -> OZ"}