{"sequence": ["AL", "OZ"], "coherence_change": -0.017265239280371603, "sense_index_change": 0.024045830891837316, "phi_s_change": -0.2124670843467784, "grad_phi_change": 0.0, "k_phi_change": 0.0, "xi_c_change": 0.0, "phase_sync_change": 0.0, "epi_magnitude_change": -0.004896745166460326, "hash_signature": "09efa1ff512cb386", "sequence_str": "AL -> OZ"}