{"sequence": ["NAV", "VAL", "ZHIR", "NAV", "RA", "NAV"], "coherence_change": 0.0, "sense_index_change": 0.016486363572865592, "phi_s_change": 0.0, "grad_phi_change": -0.09749695370710865, "k_phi_change": 0.2358631910002074, "xi_c_change": 0.0, "phase_sync_change": 0.027341481373246657, "epi_magnitude_change": 0.007576490596313268, "hash_signature": "dd19a8c87600824f", "sequence_str": "NAV -> VAL -> ZHIR -> NAV -> RA -> NAV"}