{"sequence": ["UM", "RA", "AL", "EN", "REMESH"], "coherence_change": 0.0, "sense_index_change": 0.019859900931684105, "phi_s_change": 0.0, "grad_phi_change": -0.12071987191065414, "k_phi_change": 0.3515597323609807, "xi_c_change": 0.0, "phase_sync_change": 0.037938490041550144, "epi_magnitude_change": -0.0058924137654030595, "hash_signature": "4149f11a39949989", "sequence_str": "UM -> RA -> AL -> EN -> REMESH"}