{"sequence": ["NAV", "IL", "NAV", "NUL", "SHA"], "coherence_change": 0.007272890391091358, "sense_index_change": 0.01139030955664333, "phi_s_change": -0.0015271882782740276, "grad_phi_change": 0.0, "k_phi_change": 0.0, "xi_c_change": 0.0, "phase_sync_change": 0.0, "epi_magnitude_change": -0.01707807117363147, "hash_signature": "d992e6805f23390f", "sequence_str": "NAV -> IL -> NAV -> NUL -> SHA"}