{"sequence": ["RA", "AL", "IL", "OZ"], "coherence_change": -0.0048012938945480865, "sense_index_change": 0.0033003288690527377, "phi_s_change": -0.012868037474802363, "grad_phi_change": 0.05624482728478486, "k_phi_change": 0.14323467206187224, "xi_c_change": 0.0, "phase_sync_change": -0.025558986730664035, "epi_magnitude_change": 0.003988151893783098, "hash_signature": "ad10b7cd9a66cff5", "sequence_str": "RA -> AL -> IL -> OZ"}