{"sequence": ["OZ", "SHA", "OZ", "ZHIR", "VAL", "NAV"], "coherence_change": -0.023362728241667408, "sense_index_change": 0.03647620395874129, "phi_s_change": -0.15610839527119957, "grad_phi_change": -0.09913470151327797, "k_phi_change": 0.34271721103206354, "xi_c_change": 0.0, "phase_sync_change": 0.033333333333333326, "epi_magnitude_change": 0.008584622082107196, "hash_signature": "12c029849e48d0c5", "sequence_str": "OZ -> SHA -> OZ -> ZHIR -> VAL -> NAV"}