{"sequence": ["UM", "REMESH", "REMESH", "NUL", "THOL", "SHA"], "coherence_change": 0.003651278533987279, "sense_index_change": 0.0024718794767562002, "phi_s_change": -0.03437542031041707, "grad_phi_change": -0.01671315981479715, "k_phi_change": -0.04981503555277328, "xi_c_change": 0.0, "phase_sync_change": 0.000925426128383755, "epi_magnitude_change": -0.02947666929519266, "hash_signature": "b142c21a5f33e10c", "sequence_str": "UM -> REMESH -> REMESH -> NUL -> THOL -> SHA"}