{"sequence": ["SHA", "EN", "REMESH", "UM", "REMESH"], "coherence_change": 0.0, "sense_index_change": 0.018493552087487153, "phi_s_change": 0.0, "grad_phi_change": -0.11069791214967917, "k_phi_change": -0.19720567569554975, "xi_c_change": 0.0, "phase_sync_change": 0.03552453222659835, "epi_magnitude_change": 0.00327835761758255, "hash_signature": "ba284c3e052f39cf", "sequence_str": "SHA -> EN -> REMESH -> UM -> REMESH"}