{"sequence": ["RA", "EN", "NUL", "REMESH"], "coherence_change": 0.0, "sense_index_change": -0.02426756174044059, "phi_s_change": 0.0, "grad_phi_change": 0.1036818950489169, "k_phi_change": 0.08744968322910925, "xi_c_change": 0.0, "phase_sync_change": -0.03832345865544051, "epi_magnitude_change": -0.009681764809594262, "hash_signature": "ead9c90f596343bd", "sequence_str": "RA -> EN -> NUL -> REMESH"}