{"sequence": ["OZ", "NAV", "VAL", "NAV"], "coherence_change": -0.012337410928208392, "sense_index_change": 0.0007559911681147558, "phi_s_change": 0.09158983822802513, "grad_phi_change": 0.0, "k_phi_change": 0.0, "xi_c_change": 0.0, "phase_sync_change": 0.0, "epi_magnitude_change": 0.01831002497865064, "hash_signature": "6e4f1272f1564b02", "sequence_str": "OZ -> NAV -> VAL -> NAV"}