{"sequence": ["AL", "ZHIR", "OZ", "IL", "NUL", "SHA"], "coherence_change": -0.0034811600187439895, "sense_index_change": 0.017703846699917314, "phi_s_change": -0.01631449975942889, "grad_phi_change": -0.044190602404855284, "k_phi_change": 0.1808288116655049, "xi_c_change": 0.0, "phase_sync_change": 0.019236796915489296, "epi_magnitude_change": -0.02040894548458605, "hash_signature": "d31402c7ff7c1a46", "sequence_str": "AL -> ZHIR -> OZ -> IL -> NUL -> SHA"}