{"sequence": ["NAV", "NAV", "ZHIR", "UM", "NUL", "SHA"], "coherence_change": 0.0, "sense_index_change": 0.003257133760484643, "phi_s_change": 0.0, "grad_phi_change": -0.1341429868381665, "k_phi_change": -0.11110933473287854, "xi_c_change": 0.0, "phase_sync_change": 0.04049558694773758, "epi_magnitude_change": -0.014688341153376916, "hash_signature": "f3c624c2eaa29a8e", "sequence_str": "NAV -> NAV -> ZHIR -> UM -> NUL -> SHA"}