{"sequence": ["ZHIR", "RA", "RA", "SHA"], "coherence_change": 0.0, "sense_index_change": 0.009794724638722996, "phi_s_change": 0.0, "grad_phi_change": -0.04927845634848804, "k_phi_change": 0.05893340617834128, "xi_c_change": 0.0, "phase_sync_change": 0.022574889577437807, "epi_magnitude_change": 0.0, "hash_signature": "e8819d32c778f251", "sequence_str": "ZHIR -> RA -> RA -> SHA"}