{"sequence": ["REMESH", "VAL", "ZHIR", "REMESH"], "coherence_change": 0.0, "sense_index_change": 0.026579576450388664, "phi_s_change": 0.0, "grad_phi_change": -0.0840015472900526, "k_phi_change": 0.1850633236349954, "xi_c_change": 0.0, "phase_sync_change": 0.03021678132111283, "epi_magnitude_change": 0.022292667982560355, "hash_signature": "5cd76fccadab1e7f", "sequence_str": "REMESH -> VAL -> ZHIR -> REMESH"}