{"sequence": ["AL", "NAV", "ZHIR", "AL", "THOL", "OZ"], "coherence_change": -0.003971518688255293, "sense_index_change": 0.019082901004813024, "phi_s_change": -0.021597505625095215, "grad_phi_change": -0.04092703289144928, "k_phi_change": 0.1479653974026853, "xi_c_change": 0.0, "phase_sync_change": 0.015613661462762662, "epi_magnitude_change": 0.0022417019925523585, "hash_signature": "431bdd17e78ea579", "sequence_str": "AL -> NAV -> ZHIR -> AL -> THOL -> OZ"}