{"sequence": ["REMESH", "AL", "AL", "AL", "OZ"], "coherence_change": -0.01724590790291003, "sense_index_change": 0.009107157094948248, "phi_s_change": -0.2098842887204092, "grad_phi_change": 0.0, "k_phi_change": 0.0, "xi_c_change": 0.0, "phase_sync_change": 0.0, "epi_magnitude_change": -0.012709916186239956, "hash_signature": "ca84599df792e1c0", "sequence_str": "REMESH -> AL -> AL -> AL -> OZ"}