{"sequence": ["REMESH", "OZ", "VAL", "RA", "OZ"], "coherence_change": -0.01864371506005469, "sense_index_change": -0.022889379744975236, "phi_s_change": 0.11270751299921189, "grad_phi_change": 0.07663433482587134, "k_phi_change": 0.35616115453700303, "xi_c_change": 0.0, "phase_sync_change": -0.03778105598376025, "epi_magnitude_change": 0.012080032025403975, "hash_signature": "edea5ddbf0b06be6", "sequence_str": "REMESH -> OZ -> VAL -> RA -> OZ"}