{"sequence": ["NAV", "UM", "EN", "SHA", "AL", "REMESH"], "coherence_change": 0.0, "sense_index_change": 0.022191443948686218, "phi_s_change": 0.0, "grad_phi_change": -0.044164549473782344, "k_phi_change": 0.45824733292744935, "xi_c_change": 0.0, "phase_sync_change": 0.019034633311093563, "epi_magnitude_change": 1.9922505182679018e-05, "hash_signature": "7a3c2ad08f35177f", "sequence_str": "NAV -> UM -> EN -> SHA -> AL -> REMESH"}