{"sequence": ["IL", "NAV", "ZHIR", "AL", "SHA"], "coherence_change": 0.0075105140034439355, "sense_index_change": 0.007927454426659652, "phi_s_change": 0.03823674853952197, "grad_phi_change": -0.06345113329095198, "k_phi_change": -0.0307866674433388, "xi_c_change": 0.0, "phase_sync_change": 0.01873754409193562, "epi_magnitude_change": 0.011615378366300555, "hash_signature": "593ef7e93281707f", "sequence_str": "IL -> NAV -> ZHIR -> AL -> SHA"}