{"sequence": ["UM", "NAV", "NUL", "EN", "REMESH"], "coherence_change": 0.0, "sense_index_change": 0.006964819083877916, "phi_s_change": 0.0, "grad_phi_change": -0.055806851698355864, "k_phi_change": -0.23136499836520857, "xi_c_change": 0.0, "phase_sync_change": 0.032133980165061415, "epi_magnitude_change": -0.012406588735088153, "hash_signature": "8db087bfa7505ae8", "sequence_str": "UM -> NAV -> NUL -> EN -> REMESH"}