{"sequence": ["THOL", "IL", "IL", "IL", "AL", "NAV"], "coherence_change": 0.027320422393602217, "sense_index_change": -0.00151771985348359, "phi_s_change": 0.21099368813267516, "grad_phi_change": 0.0, "k_phi_change": 0.0, "xi_c_change": 0.0, "phase_sync_change": 0.0, "epi_magnitude_change": -0.004452047143633009, "hash_signature": "8e8a48d0d63296b0", "sequence_str": "THOL -> IL -> IL -> IL -> AL -> NAV"}