{"sequence": ["RA", "NAV", "UM", "OZ"], "coherence_change": -0.01467346602952968, "sense_index_change": 0.06009526841227464, "phi_s_change": -0.110074018641389, "grad_phi_change": -0.20909467244396773, "k_phi_change": 0.3268955711710505, "xi_c_change": 0.0, "phase_sync_change": 0.06101394471534416, "epi_magnitude_change": 0.0, "hash_signature": "3f271b28666f37dd", "sequence_str": "RA -> NAV -> UM -> OZ"}