{"sequence": ["NUL", "VAL", "UM", "OZ"], "coherence_change": -0.010031370157972952, "sense_index_change": 0.010591334760359006, "phi_s_change": -0.06536535715791447, "grad_phi_change": -0.028704145588756447, "k_phi_change": -0.012999611625468976, "xi_c_change": 0.0, "phase_sync_change": -0.0016288009710290208, "epi_magnitude_change": -0.005921919368145567, "hash_signature": "a8aa46f018d3e129", "sequence_str": "NUL -> VAL -> UM -> OZ"}