{"sequence": ["REMESH", "THOL", "RA", "OZ"], "coherence_change": -0.007051645497463066, "sense_index_change": -0.010990704300521459, "phi_s_change": 0.015066243747064001, "grad_phi_change": -0.060016006779120445, "k_phi_change": 0.07065687772488354, "xi_c_change": 0.0, "phase_sync_change": 0.01534995735098077, "epi_magnitude_change": 0.0016092104722617018, "hash_signature": "d45b26525bd83880", "sequence_str": "REMESH -> THOL -> RA -> OZ"}