{"sequence": ["NAV", "UM", "VAL", "NAV"], "coherence_change": 0.0, "sense_index_change": -0.00244062766526687, "phi_s_change": 0.0, "grad_phi_change": -0.02866306923374906, "k_phi_change": -0.09542308153430662, "xi_c_change": 0.0, "phase_sync_change": 0.0016046936347695606, "epi_magnitude_change": 0.01691715365305002, "hash_signature": "0e09b5934ff73c80", "sequence_str": "NAV -> UM -> VAL -> NAV"}