{"sequence": ["AL", "NAV", "VAL", "RA", "IL", "REMESH"], "coherence_change": 0.0081649635551716, "sense_index_change": -0.004796443879352852, "phi_s_change": -0.00040879248543990165, "grad_phi_change": -0.027213065128681713, "k_phi_change": 0.19866240205465296, "xi_c_change": 0.0, "phase_sync_change": 0.003736449309751144, "epi_magnitude_change": 0.0036574151160414514, "hash_signature": "9e6e3953b317f478", "sequence_str": "AL -> NAV -> VAL -> RA -> IL -> REMESH"}