{"sequence": ["IL", "THOL", "NUL", "AL", "SHA"], "coherence_change": 0.01203512826344133, "sense_index_change": 0.014324298603438979, "phi_s_change": 0.00735641060872283, "grad_phi_change": 0.0, "k_phi_change": 0.0, "xi_c_change": 0.0, "phase_sync_change": 0.0, "epi_magnitude_change": -0.01145998490906508, "hash_signature": "4b267578cdd5202b", "sequence_str": "IL -> THOL -> NUL -> AL -> SHA"}