{"sequence": ["VAL", "ZHIR", "AL", "VAL", "OZ"], "coherence_change": -0.011691449898038053, "sense_index_change": -0.018944838449731827, "phi_s_change": 0.006085678666808425, "grad_phi_change": 0.07803749436194951, "k_phi_change": 0.3151742393121522, "xi_c_change": 0.0, "phase_sync_change": -0.025380911310447618, "epi_magnitude_change": 0.011361075754137029, "hash_signature": "bc760c61ce133514", "sequence_str": "VAL -> ZHIR -> AL -> VAL -> OZ"}