{"sequence": ["NAV", "NUL", "NAV", "AL", "RA", "SHA"], "coherence_change": 0.0, "sense_index_change": 0.010899524232661384, "phi_s_change": 0.0, "grad_phi_change": -0.010088138571719973, "k_phi_change": 0.12765316677276387, "xi_c_change": 0.0, "phase_sync_change": 0.0009863428860488188, "epi_magnitude_change": -0.01791889461561369, "hash_signature": "136bc8bfb805ca37", "sequence_str": "NAV -> NUL -> NAV -> AL -> RA -> SHA"}