{"sequence": ["AL", "SHA", "NUL", "UM", "SHA"], "coherence_change": 0.0, "sense_index_change": -0.0335490015123987, "phi_s_change": 0.0, "grad_phi_change": 0.17766624644957751, "k_phi_change": -0.03749769202893616, "xi_c_change": 0.0, "phase_sync_change": -0.06218277374777248, "epi_magnitude_change": -0.0032364980318675407, "hash_signature": "9f48a4948f0d68ed", "sequence_str": "AL -> SHA -> NUL -> UM -> SHA"}