{"sequence": ["SHA", "SHA", "UM", "REMESH", "THOL", "SHA"], "coherence_change": 0.005140412605000977, "sense_index_change": 0.01716839159314243, "phi_s_change": 0.02796385359909992, "grad_phi_change": -0.1345591605931391, "k_phi_change": 0.05236686054671036, "xi_c_change": 0.0, "phase_sync_change": 0.04667430816505325, "epi_magnitude_change": 0.001798815332033854, "hash_signature": "9f439ebc7f247716", "sequence_str": "SHA -> SHA -> UM -> REMESH -> THOL -> SHA"}