{"sequence": ["NAV", "SHA", "ZHIR", "NUL", "NUL", "SHA"], "coherence_change": 0.0, "sense_index_change": -0.014298935456485529, "phi_s_change": 0.0, "grad_phi_change": 0.1139212200619486, "k_phi_change": 0.0007481756264328399, "xi_c_change": 0.0, "phase_sync_change": -0.03229456666043873, "epi_magnitude_change": -0.0405786655703777, "hash_signature": "d50696c766e3aada", "sequence_str": "NAV -> SHA -> ZHIR -> NUL -> NUL -> SHA"}