{"sequence": ["UM", "ZHIR", "UM", "SHA", "AL", "OZ"], "coherence_change": -0.016076119014706958, "sense_index_change": 0.042997171240705234, "phi_s_change": -0.07030467414609654, "grad_phi_change": -0.27801280427917874, "k_phi_change": -0.10880035773939989, "xi_c_change": 0.0, "phase_sync_change": 0.07442146134646188, "epi_magnitude_change": -0.0030317293806932932, "hash_signature": "db49bca31d72d4f1", "sequence_str": "UM -> ZHIR -> UM -> SHA -> AL -> OZ"}