{"sequence": ["NAV", "NAV", "THOL", "NUL", "UM", "OZ"], "coherence_change": -0.00799442173318099, "sense_index_change": 0.019778656557241647, "phi_s_change": -0.09133367230456646, "grad_phi_change": -0.020360301809276837, "k_phi_change": -0.17419494345956738, "xi_c_change": 0.0, "phase_sync_change": 0.00848402144342153, "epi_magnitude_change": -0.012908563369082304, "hash_signature": "3d09f25f93b9622c", "sequence_str": "NAV -> NAV -> THOL -> NUL -> UM -> OZ"}