{"sequence": ["AL", "SHA", "OZ", "REMESH", "UM", "OZ"], "coherence_change": -0.020386280918980315, "sense_index_change": 0.008389028595780501, "phi_s_change": -0.18560082055014882, "grad_phi_change": -0.07072347475281981, "k_phi_change": -0.2497208276390206, "xi_c_change": 0.0, "phase_sync_change": 0.015311051643885465, "epi_magnitude_change": 0.0006212375941737625, "hash_signature": "b674ea3ea07f4713", "sequence_str": "AL -> SHA -> OZ -> REMESH -> UM -> OZ"}