{"sequence": ["AL", "IL", "SHA", "EN", "SHA"], "coherence_change": 0.010288611552753402, "sense_index_change": 0.005779547287626863, "phi_s_change": 0.022329052616599454, "grad_phi_change": 0.0, "k_phi_change": 0.0, "xi_c_change": 0.0, "phase_sync_change": 0.0, "epi_magnitude_change": -0.0016688570284675297, "hash_signature": "27aaa9b82251bd3e", "sequence_str": "AL -> IL -> SHA -> EN -> SHA"}