{"sequence": ["AL", "UM", "SHA"], "coherence_change": 0.0, "sense_index_change": 0.013412344519941, "phi_s_change": 0.0, "grad_phi_change": -0.20974104848564634, "k_phi_change": 0.2530010438010327, "xi_c_change": 0.0, "phase_sync_change": 0.06762407639135115, "epi_magnitude_change": -0.0016037393622175822, "hash_signature": "4e7ccbd62e3622b8", "sequence_str": "AL -> UM -> SHA"}