{"sequence": ["EN", "RA", "IL", "OZ"], "coherence_change": -0.0034993308043693716, "sense_index_change": 0.036237007644967956, "phi_s_change": -0.04208495609860641, "grad_phi_change": -0.003177971346698838, "k_phi_change": 0.5195192555179926, "xi_c_change": 0.0, "phase_sync_change": -0.003953125655606016, "epi_magnitude_change": 0.0, "hash_signature": "c2fe59abf8f7c001", "sequence_str": "EN -> RA -> IL -> OZ"}