{"sequence": ["ZHIR", "ZHIR", "NUL", "SHA"], "coherence_change": 0.0, "sense_index_change": 0.0010942759619942954, "phi_s_change": 0.0, "grad_phi_change": -0.004438705688271094, "k_phi_change": -0.04033534857142637, "xi_c_change": 0.0, "phase_sync_change": -0.00398755253199623, "epi_magnitude_change": -0.014675538309797176, "hash_signature": "84634829ee4d7b8a", "sequence_str": "ZHIR -> ZHIR -> NUL -> SHA"}