{"sequence": ["OZ", "NAV", "REMESH", "UM", "REMESH"], "coherence_change": -0.011680321140547179, "sense_index_change": 0.048393495287397004, "phi_s_change": -0.002322343376863212, "grad_phi_change": -0.3006681446436812, "k_phi_change": 0.5232572899477426, "xi_c_change": 0.0, "phase_sync_change": 0.10165216588645187, "epi_magnitude_change": 0.002638429503783679, "hash_signature": "d9dc904a5bbda801", "sequence_str": "OZ -> NAV -> REMESH -> UM -> REMESH"}