{"sequence": ["AL", "REMESH", "VAL", "ZHIR", "ZHIR", "NAV"], "coherence_change": 0.0, "sense_index_change": -0.008801700028544801, "phi_s_change": 0.0, "grad_phi_change": 0.03597803663105026, "k_phi_change": 0.46031111283003157, "xi_c_change": 0.0, "phase_sync_change": -0.013332983525050635, "epi_magnitude_change": 0.008629171869517949, "hash_signature": "44fec1f56699a636", "sequence_str": "AL -> REMESH -> VAL -> ZHIR -> ZHIR -> NAV"}