{"sequence": ["RA", "UM", "NUL", "THOL", "EN", "NAV"], "coherence_change": 0.004699349108026496, "sense_index_change": 0.04079680068938152, "phi_s_change": 0.047274923568390914, "grad_phi_change": -0.2660911485437314, "k_phi_change": 0.5198443092519693, "xi_c_change": 0.0, "phase_sync_change": 0.08689300610395467, "epi_magnitude_change": -0.01179365578650593, "hash_signature": "96d5fd42e4b25d45", "sequence_str": "RA -> UM -> NUL -> THOL -> EN -> NAV"}