{"sequence": ["THOL", "IL", "UM", "REMESH"], "coherence_change": 0.011521369943307769, "sense_index_change": 0.043145732369029965, "phi_s_change": 0.031584297247533866, "grad_phi_change": -0.22199570417681613, "k_phi_change": 0.019584999965645306, "xi_c_change": 0.0, "phase_sync_change": 0.07902618802539607, "epi_magnitude_change": 0.001738633615103069, "hash_signature": "07a1849cce96b8c4", "sequence_str": "THOL -> IL -> UM -> REMESH"}