{"sequence": ["AL", "UM", "IL", "SHA"], "coherence_change": 0.009557401747062877, "sense_index_change": 0.018661431724031452, "phi_s_change": 0.0747579074750534, "grad_phi_change": -0.0774277359285207, "k_phi_change": 0.08749474367037166, "xi_c_change": 0.0, "phase_sync_change": 0.027784686895632627, "epi_magnitude_change": 0.004345885243433489, "hash_signature": "669dc93682ce9a15", "sequence_str": "AL -> UM -> IL -> SHA"}