{"sequence": ["UM", "RA", "THOL", "SHA", "IL", "NAV"], "coherence_change": 0.014168393619311548, "sense_index_change": 0.042465503895703915, "phi_s_change": 0.034166951188633554, "grad_phi_change": -0.24124957553459825, "k_phi_change": 0.12459715378512613, "xi_c_change": 0.0, "phase_sync_change": 0.06933826861068126, "epi_magnitude_change": 0.0, "hash_signature": "8d3cfc00954b55e3", "sequence_str": "UM -> RA -> THOL -> SHA -> IL -> NAV"}