{"sequence": ["NUL", "EN", "REMESH", "RA", "REMESH"], "coherence_change": 0.0, "sense_index_change": -0.012114302259078835, "phi_s_change": 0.0, "grad_phi_change": 0.04208446054069115, "k_phi_change": 0.43092778826869094, "xi_c_change": 0.0, "phase_sync_change": -0.02097094352339779, "epi_magnitude_change": -0.018539091331451374, "hash_signature": "8f293956cce4fd92", "sequence_str": "NUL -> EN -> REMESH -> RA -> REMESH"}