{"sequence": ["AL", "SHA", "AL", "OZ"], "coherence_change": -0.012665941723796426, "sense_index_change": -0.00890265872000584, "phi_s_change": 0.10994677214208459, "grad_phi_change": 0.0, "k_phi_change": 0.0, "xi_c_change": 0.0, "phase_sync_change": 0.0, "epi_magnitude_change": -0.003746560719661507, "hash_signature": "f84b8f7f1a6569b9", "sequence_str": "AL -> SHA -> AL -> OZ"}