{"sequence": ["RA", "REMESH", "SHA", "UM", "VAL", "SHA"], "coherence_change": 0.0, "sense_index_change": 0.025821119351061683, "phi_s_change": 0.0, "grad_phi_change": -0.16415307906838494, "k_phi_change": 0.33922572088333935, "xi_c_change": 0.0, "phase_sync_change": 0.053169374023047, "epi_magnitude_change": 0.010599913074221368, "hash_signature": "2894a7e711cd9a58", "sequence_str": "RA -> REMESH -> SHA -> UM -> VAL -> SHA"}