{"sequence": ["REMESH", "VAL", "ZHIR", "THOL", "EN", "SHA"], "coherence_change": 0.005324642827370885, "sense_index_change": 0.003428044789871576, "phi_s_change": 0.053030078031462646, "grad_phi_change": -0.02687807048071278, "k_phi_change": -0.008519108179401574, "xi_c_change": 0.0, "phase_sync_change": 0.009999999999999898, "epi_magnitude_change": 0.010387554275007038, "hash_signature": "cd941c3301820387", "sequence_str": "REMESH -> VAL -> ZHIR -> THOL -> EN -> SHA"}