{"sequence": ["IL", "OZ", "ZHIR", "SHA"], "coherence_change": -0.007927107617478168, "sense_index_change": 0.021529705629460993, "phi_s_change": -0.21072958375114637, "grad_phi_change": 0.040776481854123414, "k_phi_change": 0.42847060441824425, "xi_c_change": 0.0, "phase_sync_change": -0.009081031908489523, "epi_magnitude_change": 0.0, "hash_signature": "bae82d5ebe9ed550", "sequence_str": "IL -> OZ -> ZHIR -> SHA"}