{"sequence": ["VAL", "OZ", "THOL", "REMESH"], "coherence_change": -0.003939358144402494, "sense_index_change": -0.002019992212725197, "phi_s_change": 0.025807423810300878, "grad_phi_change": 0.0, "k_phi_change": 0.0, "xi_c_change": 0.0, "phase_sync_change": 0.0, "epi_magnitude_change": 0.009734355406779915, "hash_signature": "81922fe673224546", "sequence_str": "VAL -> OZ -> THOL -> REMESH"}