{"sequence": ["REMESH", "UM", "IL", "ZHIR", "EN", "NAV"], "coherence_change": 0.008505215736281713, "sense_index_change": 0.009577662982325652, "phi_s_change": 0.07978867871039041, "grad_phi_change": -0.0934746815011902, "k_phi_change": 0.42266746869199434, "xi_c_change": 0.0, "phase_sync_change": 0.02389542232016606, "epi_magnitude_change": 0.001168706720346635, "hash_signature": "3206f4ba817f4f03", "sequence_str": "REMESH -> UM -> IL -> ZHIR -> EN -> NAV"}