{"sequence": ["IL", "NAV", "EN", "REMESH"], "coherence_change": 0.00788131478989218, "sense_index_change": 0.0055274278533677945, "phi_s_change": 0.06000300374986833, "grad_phi_change": 0.0, "k_phi_change": 0.0, "xi_c_change": 0.0, "phase_sync_change": 0.0, "epi_magnitude_change": 0.0014602274411542604, "hash_signature": "b48233ef15eb6a10", "sequence_str": "IL -> NAV -> EN -> REMESH"}