{"sequence": ["OZ", "REMESH", "IL", "SHA", "UM", "SHA"], "coherence_change": -0.006429567391992186, "sense_index_change": 0.005183847073221393, "phi_s_change": -0.09092032921822935, "grad_phi_change": -0.007971291926366586, "k_phi_change": 0.16856125531594973, "xi_c_change": 0.0, "phase_sync_change": -0.008046784420463138, "epi_magnitude_change": 0.001349094122003569, "hash_signature": "bba0891f8b68ce41", "sequence_str": "OZ -> REMESH -> IL -> SHA -> UM -> SHA"}