{"sequence": ["NAV", "EN", "RA", "NUL", "VAL", "NAV"], "coherence_change": 0.0, "sense_index_change": -0.0008292241995779825, "phi_s_change": 0.0, "grad_phi_change": -0.02487248330505487, "k_phi_change": 0.3025960618232386, "xi_c_change": 0.0, "phase_sync_change": 0.00806666881665874, "epi_magnitude_change": 0.01012622057310808, "hash_signature": "7f53d95e7c957e85", "sequence_str": "NAV -> EN -> RA -> NUL -> VAL -> NAV"}