{"sequence": ["NAV", "AL", "OZ", "NAV"], "coherence_change": -0.009997084704440717, "sense_index_change": -0.005263731540009031, "phi_s_change": 0.041471359891058435, "grad_phi_change": 0.0, "k_phi_change": 0.0, "xi_c_change": 0.0, "phase_sync_change": 0.0, "epi_magnitude_change": -0.0015921414991650895, "hash_signature": "80e10e82d695a8f8", "sequence_str": "NAV -> AL -> OZ -> NAV"}