{"sequence": ["AL", "REMESH", "RA", "NAV"], "coherence_change": 0.0, "sense_index_change": 0.001583910870369798, "phi_s_change": 0.0, "grad_phi_change": 0.00860090526291546, "k_phi_change": 0.4128986685683953, "xi_c_change": 0.0, "phase_sync_change": -0.007619155397228239, "epi_magnitude_change": -0.0005195887432932755, "hash_signature": "dccf221b5c226543", "sequence_str": "AL -> REMESH -> RA -> NAV"}