{"sequence": ["REMESH", "AL", "IL", "NAV"], "coherence_change": 0.008649408239466694, "sense_index_change": 0.00806665264633033, "phi_s_change": -0.01629094897283967, "grad_phi_change": 0.0, "k_phi_change": 0.0, "xi_c_change": 0.0, "phase_sync_change": 0.0, "epi_magnitude_change": -5.707937526799878e-05, "hash_signature": "2b85d0a6f04c0f2a", "sequence_str": "REMESH -> AL -> IL -> NAV"}