{"sequence": ["RA", "RA", "THOL", "IL", "SHA"], "coherence_change": 0.015646172109073597, "sense_index_change": 0.037275519518604305, "phi_s_change": 0.015984661336450712, "grad_phi_change": -0.2505763918093151, "k_phi_change": 0.08371911311498653, "xi_c_change": 0.0, "phase_sync_change": 0.08181700151747295, "epi_magnitude_change": 0.0, "hash_signature": "123381c5a4300ef8", "sequence_str": "RA -> RA -> THOL -> IL -> SHA"}