{"sequence": ["VAL", "IL", "THOL", "REMESH"], "coherence_change": 0.012554019118166448, "sense_index_change": 0.009922547194948894, "phi_s_change": 0.03805889410287133, "grad_phi_change": 0.0, "k_phi_change": 0.0, "xi_c_change": 0.0, "phase_sync_change": 0.0, "epi_magnitude_change": 0.016438377145101435, "hash_signature": "9b0648c28ce9fd46", "sequence_str": "VAL -> IL -> THOL -> REMESH"}