{"sequence": ["AL", "THOL", "UM", "EN", "OZ"], "coherence_change": -0.007302176915557568, "sense_index_change": 0.028817460147701923, "phi_s_change": -0.06247819029971313, "grad_phi_change": -0.15564383258136472, "k_phi_change": 0.3316131050637091, "xi_c_change": 0.0, "phase_sync_change": 0.05782567945189443, "epi_magnitude_change": 0.0032625735622426877, "hash_signature": "21946f68adddd9df", "sequence_str": "AL -> THOL -> UM -> EN -> OZ"}