{"sequence": ["IL", "AL", "ZHIR", "NAV"], "coherence_change": 0.005728017311022682, "sense_index_change": -0.009423940986780788, "phi_s_change": 0.07232600355549879, "grad_phi_change": -0.011226618505377095, "k_phi_change": -0.14346252445681618, "xi_c_change": 0.0, "phase_sync_change": 0.006240210325341944, "epi_magnitude_change": 0.0009556506027045275, "hash_signature": "73abcc17d549c548", "sequence_str": "IL -> AL -> ZHIR -> NAV"}