{"sequence": ["IL", "AL", "OZ", "IL", "OZ"], "coherence_change": -0.005046358020980524, "sense_index_change": 0.021165847115516945, "phi_s_change": 0.10926333447048808, "grad_phi_change": 0.0, "k_phi_change": 0.0, "xi_c_change": 0.0, "phase_sync_change": 0.0, "epi_magnitude_change": 0.0013118952194003386, "hash_signature": "58e1f7c870f5d355", "sequence_str": "IL -> AL -> OZ -> IL -> OZ"}