{"sequence": ["REMESH", "RA", "UM", "OZ", "SHA"], "coherence_change": -0.019942242725257908, "sense_index_change": 0.04744210077643485, "phi_s_change": -0.20579602467733615, "grad_phi_change": -0.1616692532243762, "k_phi_change": 0.5663531592682639, "xi_c_change": 0.0, "phase_sync_change": 0.060017653129306736, "epi_magnitude_change": 0.001350186665463049, "hash_signature": "787328fd77182eca", "sequence_str": "REMESH -> RA -> UM -> OZ -> SHA"}