{"sequence": ["NUL", "UM", "SHA", "EN", "NAV"], "coherence_change": 0.0, "sense_index_change": 0.02282434550586454, "phi_s_change": 0.0, "grad_phi_change": -0.15421062055289547, "k_phi_change": 0.22775988091309127, "xi_c_change": 0.0, "phase_sync_change": 0.0381575538613842, "epi_magnitude_change": -0.015935841773088155, "hash_signature": "51bea4e4aff5d392", "sequence_str": "NUL -> UM -> SHA -> EN -> NAV"}