{"sequence": ["NUL", "THOL", "OZ", "AL", "ZHIR", "REMESH"], "coherence_change": -0.005623949012020124, "sense_index_change": -0.023302529108620018, "phi_s_change": 0.02244359363859394, "grad_phi_change": 0.0818751254093788, "k_phi_change": 0.0904611107032612, "xi_c_change": 0.0, "phase_sync_change": -0.026573209395887143, "epi_magnitude_change": -0.007409767175265092, "hash_signature": "e1d47beef06f7e6a", "sequence_str": "NUL -> THOL -> OZ -> AL -> ZHIR -> REMESH"}