{"sequence": ["AL", "RA", "ZHIR", "NAV", "VAL", "REMESH"], "coherence_change": 0.0, "sense_index_change": 0.019970982047814334, "phi_s_change": 0.0, "grad_phi_change": -0.08967884057233788, "k_phi_change": -0.030892347436659695, "xi_c_change": 0.0, "phase_sync_change": 0.023988238971224596, "epi_magnitude_change": 0.01221791107740211, "hash_signature": "3d8ea214827bd0a6", "sequence_str": "AL -> RA -> ZHIR -> NAV -> VAL -> REMESH"}