{"sequence": ["REMESH", "VAL", "UM", "EN", "OZ"], "coherence_change": -0.007709291349746739, "sense_index_change": 0.03856695255238374, "phi_s_change": -0.008692864462609307, "grad_phi_change": -0.19503067148604258, "k_phi_change": 0.14995662684932168, "xi_c_change": 0.0, "phase_sync_change": 0.07359898597460435, "epi_magnitude_change": 0.011131955161354679, "hash_signature": "568d0a2a5cc2d24b", "sequence_str": "REMESH -> VAL -> UM -> EN -> OZ"}