{"sequence": ["UM", "REMESH", "RA", "NUL", "AL", "OZ"], "coherence_change": -0.008363547635886093, "sense_index_change": 0.05724125556777282, "phi_s_change": -0.031060726374236847, "grad_phi_change": -0.18262260119842533, "k_phi_change": 0.33859740474562583, "xi_c_change": 0.0, "phase_sync_change": 0.06698918767644002, "epi_magnitude_change": -0.018502437931601667, "hash_signature": "42d5e47529846aba", "sequence_str": "UM -> REMESH -> RA -> NUL -> AL -> OZ"}