{"sequence": ["EN", "UM", "EN", "SHA"], "coherence_change": 0.0, "sense_index_change": -0.033003096823063516, "phi_s_change": 0.0, "grad_phi_change": 0.1113499936840332, "k_phi_change": -0.21901959134043708, "xi_c_change": 0.0, "phase_sync_change": -0.04594601478440652, "epi_magnitude_change": 0.0, "hash_signature": "15650b0919519fa3", "sequence_str": "EN -> UM -> EN -> SHA"}