{"sequence": ["NAV", "REMESH", "NUL", "ZHIR", "SHA"], "coherence_change": 0.0, "sense_index_change": 0.001716619990136392, "phi_s_change": 0.0, "grad_phi_change": 0.020964123391014056, "k_phi_change": -0.07061933630504763, "xi_c_change": 0.0, "phase_sync_change": -0.006057665064514883, "epi_magnitude_change": -0.019772072094325632, "hash_signature": "0a03242271e8a8cb", "sequence_str": "NAV -> REMESH -> NUL -> ZHIR -> SHA"}