{"sequence": ["EN", "NAV", "UM", "REMESH", "RA", "REMESH"], "coherence_change": 0.0, "sense_index_change": 0.03995232984659569, "phi_s_change": 0.0, "grad_phi_change": -0.20628011316500938, "k_phi_change": 0.23092758115032763, "xi_c_change": 0.0, "phase_sync_change": 0.06707851682277877, "epi_magnitude_change": 0.002768897241041679, "hash_signature": "c6a6f4cdcbaba0c2", "sequence_str": "EN -> NAV -> UM -> REMESH -> RA -> REMESH"}