{"sequence": ["EN", "NAV", "AL", "OZ"], "coherence_change": -0.01354274933414401, "sense_index_change": 0.020790003887670938, "phi_s_change": -0.0062475145770330975, "grad_phi_change": 0.0, "k_phi_change": 0.0, "xi_c_change": 0.0, "phase_sync_change": 0.0, "epi_magnitude_change": -0.005467699772471857, "hash_signature": "8bbd24af317c3c05", "sequence_str": "EN -> NAV -> AL -> OZ"}