{"sequence": ["REMESH", "ZHIR", "OZ"], "coherence_change": -0.013800894149817111, "sense_index_change": -0.012141891429165608, "phi_s_change": -0.15840452338394884, "grad_phi_change": 0.08029469784203402, "k_phi_change": -0.08180235856390256, "xi_c_change": 0.0, "phase_sync_change": -0.025362075965961184, "epi_magnitude_change": 0.0015788008379721274, "hash_signature": "a33445123003adee", "sequence_str": "REMESH -> ZHIR -> OZ"}