{"sequence": ["IL", "RA", "VAL", "NAV"], "coherence_change": 0.006064790257727881, "sense_index_change": -0.002106290781046294, "phi_s_change": -0.06431945774745673, "grad_phi_change": 0.002755609320183261, "k_phi_change": 0.2237453438673621, "xi_c_change": 0.0, "phase_sync_change": -0.008507085137841153, "epi_magnitude_change": 0.028523516496378742, "hash_signature": "1628fb5ac199e67a", "sequence_str": "IL -> RA -> VAL -> NAV"}