{"sequence": ["SHA", "UM", "OZ"], "coherence_change": -0.014375956560642278, "sense_index_change": 0.033041846317115375, "phi_s_change": -0.12395467844381458, "grad_phi_change": -0.11830171686992785, "k_phi_change": 0.3416543977154187, "xi_c_change": 0.0, "phase_sync_change": 0.040647608111020195, "epi_magnitude_change": 0.0, "hash_signature": "f51f2d09d20360d4", "sequence_str": "SHA -> UM -> OZ"}