{"sequence": ["REMESH", "IL", "RA", "RA", "REMESH"], "coherence_change": 0.008587213329928733, "sense_index_change": -0.0019356927582403483, "phi_s_change": 0.09397320709301094, "grad_phi_change": -0.15173715239890995, "k_phi_change": 0.0633089558318568, "xi_c_change": 0.0, "phase_sync_change": 0.045999573659984416, "epi_magnitude_change": 0.002783511924067894, "hash_signature": "119c97244995abc6", "sequence_str": "REMESH -> IL -> RA -> RA -> REMESH"}