{"sequence": ["VAL", "SHA", "EN", "THOL", "OZ"], "coherence_change": -0.01282849729092761, "sense_index_change": -0.010226235597271205, "phi_s_change": 0.05447147810875186, "grad_phi_change": 0.0, "k_phi_change": 0.0, "xi_c_change": 0.0, "phase_sync_change": 0.0, "epi_magnitude_change": 0.014666131379170944, "hash_signature": "085e1335051cc293", "sequence_str": "VAL -> SHA -> EN -> THOL -> OZ"}