{"sequence": ["EN", "THOL", "THOL", "RA", "REMESH"], "coherence_change": 0.010513608904692218, "sense_index_change": 0.023321366517492392, "phi_s_change": 0.13072940216718665, "grad_phi_change": -0.08553119955637678, "k_phi_change": 0.14923599473242266, "xi_c_change": 0.0, "phase_sync_change": 0.024936539380081668, "epi_magnitude_change": 0.0015417233729088098, "hash_signature": "28e1b171e7ed3a98", "sequence_str": "EN -> THOL -> THOL -> RA -> REMESH"}