{"sequence": ["AL", "RA", "REMESH", "VAL", "NAV"], "coherence_change": 0.0, "sense_index_change": 0.016108126209393947, "phi_s_change": 0.0, "grad_phi_change": -0.023773088902917294, "k_phi_change": 0.23140261874640253, "xi_c_change": 0.0, "phase_sync_change": 0.0031475308082963283, "epi_magnitude_change": 0.012938436597674463, "hash_signature": "e812eac050dbb30d", "sequence_str": "AL -> RA -> REMESH -> VAL -> NAV"}