{"sequence": ["SHA", "NUL", "ZHIR", "EN", "SHA"], "coherence_change": 0.0, "sense_index_change": 0.0021257976584393434, "phi_s_change": 0.0, "grad_phi_change": -0.03496155008513413, "k_phi_change": 0.030029419052399864, "xi_c_change": 0.0, "phase_sync_change": 0.009772526327860631, "epi_magnitude_change": -0.015053405065380221, "hash_signature": "618de9dd66dfab65", "sequence_str": "SHA -> NUL -> ZHIR -> EN -> SHA"}