{"sequence": ["NAV", "UM", "EN", "IL", "SHA"], "coherence_change": 0.008623886584910201, "sense_index_change": 0.05856897137373773, "phi_s_change": 0.04121882916342279, "grad_phi_change": -0.23717126584766324, "k_phi_change": 0.615071984046458, "xi_c_change": 0.0, "phase_sync_change": 0.07410754544638343, "epi_magnitude_change": 0.0, "hash_signature": "420e59c7b6bf62c5", "sequence_str": "NAV -> UM -> EN -> IL -> SHA"}