{"sequence": ["ZHIR", "THOL", "RA", "REMESH", "THOL", "SHA"], "coherence_change": 0.011044495111079411, "sense_index_change": -0.02514697015838041, "phi_s_change": 0.03340883433018105, "grad_phi_change": 0.04371874324534741, "k_phi_change": 0.6546666722477957, "xi_c_change": 0.0, "phase_sync_change": -0.010672515047338793, "epi_magnitude_change": 0.0013934486782842814, "hash_signature": "e7283f67aea54304", "sequence_str": "ZHIR -> THOL -> RA -> REMESH -> THOL -> SHA"}