{"sequence": ["AL", "RA", "EN", "REMESH", "SHA"], "coherence_change": 0.0, "sense_index_change": -0.017861554175502115, "phi_s_change": 0.0, "grad_phi_change": 0.10933389419305728, "k_phi_change": -0.038749528138615236, "xi_c_change": 0.0, "phase_sync_change": -0.042692440214726846, "epi_magnitude_change": 0.0037652076223557707, "hash_signature": "305b8435becfc822", "sequence_str": "AL -> RA -> EN -> REMESH -> SHA"}