{"sequence": ["OZ", "VAL", "OZ", "SHA", "OZ"], "coherence_change": -0.04149451641595914, "sense_index_change": -0.004972749024036771, "phi_s_change": 0.13047282662200055, "grad_phi_change": 0.0, "k_phi_change": 0.0, "xi_c_change": 0.0, "phase_sync_change": 0.0, "epi_magnitude_change": 0.028218850334357226, "hash_signature": "b42a358f19d5fcbc", "sequence_str": "OZ -> VAL -> OZ -> SHA -> OZ"}