{"sequence": ["EN", "IL", "NUL", "ZHIR", "RA", "REMESH"], "coherence_change": 0.0040519068370655775, "sense_index_change": 0.017312756931390005, "phi_s_change": 0.015610674273706104, "grad_phi_change": -0.05551295579317683, "k_phi_change": 0.5144967228415935, "xi_c_change": 0.0, "phase_sync_change": 0.011020359482177056, "epi_magnitude_change": -0.009550301159215735, "hash_signature": "ef89f791aa4262d6", "sequence_str": "EN -> IL -> NUL -> ZHIR -> RA -> REMESH"}