{"sequence": ["REMESH", "RA", "THOL", "RA", "NAV"], "coherence_change": 0.003231382501977631, "sense_index_change": 0.026764556695817232, "phi_s_change": 0.028238501396211202, "grad_phi_change": -0.15979762914780582, "k_phi_change": 0.1816400118054607, "xi_c_change": 0.0, "phase_sync_change": 0.053368266361797034, "epi_magnitude_change": 0.0012137757866907961, "hash_signature": "ce42ff0f56f035e4", "sequence_str": "REMESH -> RA -> THOL -> RA -> NAV"}