{"sequence": ["UM", "RA", "ZHIR", "VAL", "SHA"], "coherence_change": 0.0, "sense_index_change": 0.014850778550577148, "phi_s_change": 0.0, "grad_phi_change": -0.1063052200745156, "k_phi_change": 0.6668963765770572, "xi_c_change": 0.0, "phase_sync_change": 0.027246963008409786, "epi_magnitude_change": 0.016900974341814035, "hash_signature": "76ee76825fb01712", "sequence_str": "UM -> RA -> ZHIR -> VAL -> SHA"}