{"sequence": ["NUL", "ZHIR", "EN", "EN", "SHA"], "coherence_change": 0.0, "sense_index_change": 0.0017128263046307657, "phi_s_change": 0.0, "grad_phi_change": -0.02621034381098508, "k_phi_change": 0.35593539505353483, "xi_c_change": 0.0, "phase_sync_change": 0.009275147271160855, "epi_magnitude_change": -0.01713391811186027, "hash_signature": "14cab7c6a528cbf9", "sequence_str": "NUL -> ZHIR -> EN -> EN -> SHA"}