{"sequence": ["NAV", "RA", "IL", "OZ", "SHA"], "coherence_change": -0.008841880074341835, "sense_index_change": 0.006523993318369947, "phi_s_change": -0.010470236737263772, "grad_phi_change": 0.027326108839605068, "k_phi_change": 0.10164562564688251, "xi_c_change": 0.0, "phase_sync_change": -0.01679699169736648, "epi_magnitude_change": 0.0, "hash_signature": "4488ede2b73caf81", "sequence_str": "NAV -> RA -> IL -> OZ -> SHA"}