{"sequence": ["UM", "RA", "ZHIR", "UM", "REMESH"], "coherence_change": 0.0, "sense_index_change": 0.05354891413831042, "phi_s_change": 0.0, "grad_phi_change": -0.2061914329027017, "k_phi_change": 0.24636914616191535, "xi_c_change": 0.0, "phase_sync_change": 0.057886651918509835, "epi_magnitude_change": 0.0014461915665402447, "hash_signature": "d2e065fcb7346a03", "sequence_str": "UM -> RA -> ZHIR -> UM -> REMESH"}