{"sequence": ["EN", "UM", "OZ", "UM", "REMESH"], "coherence_change": -0.01121584740637549, "sense_index_change": 0.06747136660988517, "phi_s_change": -0.031732706899622376, "grad_phi_change": -0.22433091770098756, "k_phi_change": 0.08971617133328616, "xi_c_change": 0.0, "phase_sync_change": 0.07340528529475743, "epi_magnitude_change": 0.0010816235220915127, "hash_signature": "3f78a484d6554631", "sequence_str": "EN -> UM -> OZ -> UM -> REMESH"}