{"sequence": ["ZHIR", "THOL", "SHA", "THOL", "IL", "OZ"], "coherence_change": -0.0007921673853695799, "sense_index_change": 0.036495739932455695, "phi_s_change": 0.21309691284342636, "grad_phi_change": -0.06218868641624531, "k_phi_change": 0.16700605454651102, "xi_c_change": 0.0, "phase_sync_change": 0.01643919299452723, "epi_magnitude_change": 0.0, "hash_signature": "d6595bf387509713", "sequence_str": "ZHIR -> THOL -> SHA -> THOL -> IL -> OZ"}