{"sequence": ["IL", "OZ", "IL", "ZHIR", "AL", "OZ"], "coherence_change": -0.011952282939533987, "sense_index_change": 0.008625483022459468, "phi_s_change": -0.2075702947777215, "grad_phi_change": -0.01872204400744404, "k_phi_change": 0.06106011246887719, "xi_c_change": 0.0, "phase_sync_change": 0.006308288677914442, "epi_magnitude_change": -0.003748985222296053, "hash_signature": "cceb68b2b6cac22b", "sequence_str": "IL -> OZ -> IL -> ZHIR -> AL -> OZ"}