{"sequence": ["REMESH", "IL", "ZHIR", "NUL", "NAV"], "coherence_change": 0.010211416231793446, "sense_index_change": 0.0037030167595194508, "phi_s_change": 0.0022421058554259465, "grad_phi_change": 0.005608940042776123, "k_phi_change": 0.598540569179904, "xi_c_change": 0.0, "phase_sync_change": -0.0014899295802037749, "epi_magnitude_change": -0.009605239985293834, "hash_signature": "6043275d2933a2d9", "sequence_str": "REMESH -> IL -> ZHIR -> NUL -> NAV"}