{"sequence": ["NAV", "IL", "NUL", "ZHIR", "THOL", "REMESH"], "coherence_change": 0.010577413821778237, "sense_index_change": 0.01812825744657065, "phi_s_change": -0.022829150163407363, "grad_phi_change": -0.02367064205635283, "k_phi_change": 0.06887022945879165, "xi_c_change": 0.0, "phase_sync_change": 0.009547549008631973, "epi_magnitude_change": -0.01512644231173621, "hash_signature": "5946681f47c416e6", "sequence_str": "NAV -> IL -> NUL -> ZHIR -> THOL -> REMESH"}