{"sequence": ["UM", "THOL", "RA", "OZ"], "coherence_change": -0.0028586892097677286, "sense_index_change": 0.04844112171726389, "phi_s_change": -0.02868091063047018, "grad_phi_change": -0.25444752423896344, "k_phi_change": 0.30594468891707277, "xi_c_change": 0.0, "phase_sync_change": 0.08247940034882639, "epi_magnitude_change": 0.0, "hash_signature": "478a241d831aa59e", "sequence_str": "UM -> THOL -> RA -> OZ"}