{"sequence": ["NUL", "IL", "AL", "NUL", "VAL", "SHA"], "coherence_change": 0.008132228487844118, "sense_index_change": 0.0055205878412483145, "phi_s_change": 0.08191755081678209, "grad_phi_change": 0.0, "k_phi_change": 0.0, "xi_c_change": 0.0, "phase_sync_change": 0.0, "epi_magnitude_change": -0.030945666091590662, "hash_signature": "0c03aa4570904594", "sequence_str": "NUL -> IL -> AL -> NUL -> VAL -> SHA"}