{"sequence": ["REMESH", "RA", "RA", "REMESH"], "coherence_change": 0.0, "sense_index_change": 0.0109537213775589, "phi_s_change": 0.0, "grad_phi_change": -0.0584876677108368, "k_phi_change": 0.19351507574721247, "xi_c_change": 0.0, "phase_sync_change": 0.012944425470003185, "epi_magnitude_change": 0.0021951433890786687, "hash_signature": "09c5ea2f42cb7e62", "sequence_str": "REMESH -> RA -> RA -> REMESH"}