{"sequence": ["NAV", "UM", "NUL", "ZHIR", "IL", "NAV"], "coherence_change": 0.009572941231787535, "sense_index_change": 0.03228206377187948, "phi_s_change": 0.11812994524209586, "grad_phi_change": -0.13816896260979838, "k_phi_change": -0.09663065155214273, "xi_c_change": 0.0, "phase_sync_change": 0.04654493284486072, "epi_magnitude_change": -0.012152490208953148, "hash_signature": "fb1cc3efddb8ccfe", "sequence_str": "NAV -> UM -> NUL -> ZHIR -> IL -> NAV"}