{"sequence": ["OZ", "UM", "SHA", "NUL", "SHA"], "coherence_change": -0.015084453179728396, "sense_index_change": 0.014575254419486816, "phi_s_change": -0.13261944210681753, "grad_phi_change": -0.014287846365995449, "k_phi_change": 0.1718335440700109, "xi_c_change": 0.0, "phase_sync_change": -0.006893217219984149, "epi_magnitude_change": -0.01368050180689706, "hash_signature": "66149a0623e8691e", "sequence_str": "OZ -> UM -> SHA -> NUL -> SHA"}