{"sequence": ["NAV", "RA", "THOL", "NAV"], "coherence_change": 0.007682348311793263, "sense_index_change": -0.049694811466232114, "phi_s_change": 0.08927316800312013, "grad_phi_change": 0.10430986331450565, "k_phi_change": 0.4869528647128567, "xi_c_change": 0.0, "phase_sync_change": -0.04421309134317042, "epi_magnitude_change": 0.0, "hash_signature": "1e668471ba5032a7", "sequence_str": "NAV -> RA -> THOL -> NAV"}