{"sequence": ["ZHIR", "REMESH", "THOL", "SHA"], "coherence_change": 0.005833370700911278, "sense_index_change": -0.012787453800101378, "phi_s_change": 0.03849879181954674, "grad_phi_change": 0.06929067573489567, "k_phi_change": -0.13927892720999818, "xi_c_change": 0.0, "phase_sync_change": -0.022656579579266145, "epi_magnitude_change": 0.0013956769772706101, "hash_signature": "b167dd18ad5a89f0", "sequence_str": "ZHIR -> REMESH -> THOL -> SHA"}