{"sequence": ["IL", "ZHIR", "NAV", "EN", "OZ"], "coherence_change": -0.0020200718444948196, "sense_index_change": 0.003078381234411287, "phi_s_change": -0.08550398383317948, "grad_phi_change": 0.043982297150257255, "k_phi_change": 0.056098060600125926, "xi_c_change": 0.0, "phase_sync_change": -0.01333333333333342, "epi_magnitude_change": 0.0, "hash_signature": "9d791c7117c43ad4", "sequence_str": "IL -> ZHIR -> NAV -> EN -> OZ"}