{"sequence": ["OZ", "NAV", "SHA", "RA", "REMESH"], "coherence_change": -0.009095638716268728, "sense_index_change": -0.022597914577027034, "phi_s_change": -0.09055827582889442, "grad_phi_change": 0.08204314223610942, "k_phi_change": 0.1950240164263164, "xi_c_change": 0.0, "phase_sync_change": -0.03630033184753323, "epi_magnitude_change": 0.0014801119676418617, "hash_signature": "1db64a1d16bc3e2e", "sequence_str": "OZ -> NAV -> SHA -> RA -> REMESH"}