{"sequence": ["REMESH", "VAL", "EN", "UM", "SHA"], "coherence_change": 0.0, "sense_index_change": 0.0034462692333279143, "phi_s_change": 0.0, "grad_phi_change": 0.011462187928253265, "k_phi_change": 0.0493190521683253, "xi_c_change": 0.0, "phase_sync_change": -0.004667094581687015, "epi_magnitude_change": 0.01833734050928737, "hash_signature": "ccb28893047a4cca", "sequence_str": "REMESH -> VAL -> EN -> UM -> SHA"}