{"sequence": ["REMESH", "UM", "UM", "RA", "IL", "REMESH"], "coherence_change": 0.004856066410885207, "sense_index_change": 0.08646379913713775, "phi_s_change": 0.021059495995092714, "grad_phi_change": -0.45336125184012555, "k_phi_change": 0.26952859087310665, "xi_c_change": 0.0, "phase_sync_change": 0.12637833641081475, "epi_magnitude_change": 0.0023836012419091723, "hash_signature": "7d1d9e76f453dfc5", "sequence_str": "REMESH -> UM -> UM -> RA -> IL -> REMESH"}