{"sequence": ["UM", "THOL", "THOL", "IL", "REMESH"], "coherence_change": 0.015256359919138984, "sense_index_change": 0.02889006558088303, "phi_s_change": 0.011370952329923911, "grad_phi_change": -0.1504557987944397, "k_phi_change": 0.41435753525985164, "xi_c_change": 0.0, "phase_sync_change": 0.039133654201744306, "epi_magnitude_change": 0.0014258164682713348, "hash_signature": "12aebede31483cab", "sequence_str": "UM -> THOL -> THOL -> IL -> REMESH"}