{"sequence": ["REMESH", "THOL", "SHA", "RA", "EN", "REMESH"], "coherence_change": 0.005121812228762401, "sense_index_change": -0.010108035279630723, "phi_s_change": 0.001473274559485649, "grad_phi_change": 0.023211344429823644, "k_phi_change": 0.42940544222354465, "xi_c_change": 0.0, "phase_sync_change": -0.015604374512787733, "epi_magnitude_change": 0.0031385657319660254, "hash_signature": "3b0ae281631c02c3", "sequence_str": "REMESH -> THOL -> SHA -> RA -> EN -> REMESH"}