{"sequence": ["NAV", "VAL", "ZHIR", "UM", "ZHIR", "REMESH"], "coherence_change": 0.0, "sense_index_change": 0.028927755211792472, "phi_s_change": 0.0, "grad_phi_change": -0.14817155744758415, "k_phi_change": 0.24832874562142504, "xi_c_change": 0.0, "phase_sync_change": 0.05662586919271562, "epi_magnitude_change": 0.01970871848894551, "hash_signature": "507a9cc4ff332b06", "sequence_str": "NAV -> VAL -> ZHIR -> UM -> ZHIR -> REMESH"}