{"sequence": ["VAL", "IL", "THOL", "NAV"], "coherence_change": 0.014434464529245683, "sense_index_change": -0.01551296176567113, "phi_s_change": 0.07737226595196955, "grad_phi_change": 0.0, "k_phi_change": 0.0, "xi_c_change": 0.0, "phase_sync_change": 0.0, "epi_magnitude_change": 0.013681643005231114, "hash_signature": "0056a23961a47d13", "sequence_str": "VAL -> IL -> THOL -> NAV"}