{"sequence": ["AL", "REMESH", "RA", "REMESH"], "coherence_change": 0.0, "sense_index_change": -0.002200060897198153, "phi_s_change": 0.0, "grad_phi_change": 0.035917632149234935, "k_phi_change": 0.17886409245538112, "xi_c_change": 0.0, "phase_sync_change": -0.011614277925092509, "epi_magnitude_change": 0.007561772230145869, "hash_signature": "9ac329bb3b0cfc08", "sequence_str": "AL -> REMESH -> RA -> REMESH"}