{"sequence": ["REMESH", "IL", "RA", "IL", "RA", "OZ"], "coherence_change": 0.006171700349883014, "sense_index_change": 0.048141187064736024, "phi_s_change": 0.05809134045775466, "grad_phi_change": -0.10259198236650491, "k_phi_change": 0.10379877208799823, "xi_c_change": 0.0, "phase_sync_change": 0.03449523515363895, "epi_magnitude_change": 0.0011476608484494166, "hash_signature": "89414c33ceb08db8", "sequence_str": "REMESH -> IL -> RA -> IL -> RA -> OZ"}