{"sequence": ["OZ", "ZHIR", "IL", "SHA"], "coherence_change": 0.006346841753562371, "sense_index_change": -0.003775025400731713, "phi_s_change": 0.14663856831170663, "grad_phi_change": -0.03742214336094718, "k_phi_change": 0.13330577959053078, "xi_c_change": 0.0, "phase_sync_change": 0.013041568882394272, "epi_magnitude_change": 0.0, "hash_signature": "986ca878363b8ea6", "sequence_str": "OZ -> ZHIR -> IL -> SHA"}