{"sequence": ["AL", "IL", "NUL", "RA", "AL", "SHA"], "coherence_change": 0.008224278280172581, "sense_index_change": -0.0063467703798304465, "phi_s_change": -0.00718392941094359, "grad_phi_change": 0.0922845864349453, "k_phi_change": -0.10879134033759696, "xi_c_change": 0.0, "phase_sync_change": -0.033438493234374755, "epi_magnitude_change": -0.02361160146039265, "hash_signature": "ee4a9ea435a61bc6", "sequence_str": "AL -> IL -> NUL -> RA -> AL -> SHA"}