{"sequence": ["NAV", "ZHIR", "ZHIR", "OZ"], "coherence_change": -0.014493783786764913, "sense_index_change": 0.0025794310684993382, "phi_s_change": -0.164602599064962, "grad_phi_change": 0.0474533747168735, "k_phi_change": -0.09780706104612791, "xi_c_change": 0.0, "phase_sync_change": -0.015041687313033347, "epi_magnitude_change": 0.0, "hash_signature": "2bbbc5fb0db3b353", "sequence_str": "NAV -> ZHIR -> ZHIR -> OZ"}