{"sequence": ["AL", "AL", "UM", "EN", "OZ"], "coherence_change": -0.01748185913303202, "sense_index_change": 0.020940616728464367, "phi_s_change": -0.04903147315691958, "grad_phi_change": -0.019354611920140208, "k_phi_change": 0.24776303151627022, "xi_c_change": 0.0, "phase_sync_change": 0.00474263197967828, "epi_magnitude_change": -0.01548964977011802, "hash_signature": "e50c391646f02717", "sequence_str": "AL -> AL -> UM -> EN -> OZ"}