{"sequence": ["NAV", "THOL", "REMESH", "RA", "REMESH"], "coherence_change": 0.007073167320144069, "sense_index_change": 0.02175253281876277, "phi_s_change": 0.01889973893671093, "grad_phi_change": -0.10939962810114867, "k_phi_change": 0.41571097656728667, "xi_c_change": 0.0, "phase_sync_change": 0.03340337074035904, "epi_magnitude_change": 0.002743664714529359, "hash_signature": "e737a94672bfe5a2", "sequence_str": "NAV -> THOL -> REMESH -> RA -> REMESH"}