{"sequence": ["OZ", "REMESH", "ZHIR", "REMESH"], "coherence_change": -0.016841199073408197, "sense_index_change": 0.013305825102353896, "phi_s_change": -0.05145003502927381, "grad_phi_change": -0.017829916385322164, "k_phi_change": -0.1035698431785319, "xi_c_change": 0.0, "phase_sync_change": 0.008747133501092241, "epi_magnitude_change": 0.002054302609491576, "hash_signature": "ceca2d2f6f528a57", "sequence_str": "OZ -> REMESH -> ZHIR -> REMESH"}