{"sequence": ["AL", "AL", "IL", "NAV"], "coherence_change": 0.009004614262626776, "sense_index_change": 0.011204984529241235, "phi_s_change": 0.006023200236326853, "grad_phi_change": 0.0, "k_phi_change": 0.0, "xi_c_change": 0.0, "phase_sync_change": 0.0, "epi_magnitude_change": 0.004894330331284502, "hash_signature": "cff4461b09775d8a", "sequence_str": "AL -> AL -> IL -> NAV"}