{"sequence": ["VAL", "REMESH", "IL", "UM", "EN", "OZ"], "coherence_change": -0.006999931558353656, "sense_index_change": 0.03212842630531876, "phi_s_change": -0.06665630211697593, "grad_phi_change": -0.2027488257720622, "k_phi_change": -0.22296397846104588, "xi_c_change": 0.0, "phase_sync_change": 0.06152022805562818, "epi_magnitude_change": 0.005621514220864654, "hash_signature": "43336a0a2d5ec8c2", "sequence_str": "VAL -> REMESH -> IL -> UM -> EN -> OZ"}