{"sequence": ["UM", "OZ", "VAL", "VAL", "NAV"], "coherence_change": -0.011613807919648167, "sense_index_change": 0.05822132946217917, "phi_s_change": -0.049978621296871806, "grad_phi_change": -0.26878123121546493, "k_phi_change": 0.014964972411289773, "xi_c_change": 0.0, "phase_sync_change": 0.08695195111705178, "epi_magnitude_change": 0.03339619990085274, "hash_signature": "cee501464cd28498", "sequence_str": "UM -> OZ -> VAL -> VAL -> NAV"}