{"sequence": ["NAV", "RA", "VAL", "VAL", "NAV"], "coherence_change": 0.0, "sense_index_change": -0.04243856419453118, "phi_s_change": 0.0, "grad_phi_change": 0.14966431767987065, "k_phi_change": -0.2990081322521269, "xi_c_change": 0.0, "phase_sync_change": -0.05580739141646074, "epi_magnitude_change": 0.03464843954504293, "hash_signature": "63f83c6ee8f20789", "sequence_str": "NAV -> RA -> VAL -> VAL -> NAV"}