{"sequence": ["NUL", "UM", "UM", "THOL", "NAV"], "coherence_change": 0.005366972399511005, "sense_index_change": 0.01623548190514945, "phi_s_change": 0.05648419554414541, "grad_phi_change": -0.05800829006770725, "k_phi_change": 0.35416716012858596, "xi_c_change": 0.0, "phase_sync_change": 0.016136838362500905, "epi_magnitude_change": -0.013357108226528802, "hash_signature": "2ebef4fc132f6f0e", "sequence_str": "NUL -> UM -> UM -> THOL -> NAV"}