{"sequence": ["NAV", "EN", "REMESH", "ZHIR", "OZ"], "coherence_change": -0.016678582304302303, "sense_index_change": 0.01099349699860075, "phi_s_change": 0.050906841599143715, "grad_phi_change": -0.02239243214899922, "k_phi_change": 0.07615978921327292, "xi_c_change": 0.0, "phase_sync_change": 0.010085827124873048, "epi_magnitude_change": 0.001433537162551346, "hash_signature": "5bd54f8cedabffa3", "sequence_str": "NAV -> EN -> REMESH -> ZHIR -> OZ"}