{"sequence": ["IL", "UM", "EN", "THOL", "NUL", "OZ"], "coherence_change": 0.004658069015800681, "sense_index_change": 0.014655963124565075, "phi_s_change": 0.05161061644710996, "grad_phi_change": -0.03962810093752345, "k_phi_change": 0.27509644453578286, "xi_c_change": 0.0, "phase_sync_change": 0.010885617661283264, "epi_magnitude_change": -0.01720086188335912, "hash_signature": "0a3c978f2a56248b", "sequence_str": "IL -> UM -> EN -> THOL -> NUL -> OZ"}