{"sequence": ["REMESH", "AL", "ZHIR", "NUL", "REMESH"], "coherence_change": 0.0, "sense_index_change": -0.005113156944234198, "phi_s_change": 0.0, "grad_phi_change": 0.05096361415823436, "k_phi_change": -0.07501222473305863, "xi_c_change": 0.0, "phase_sync_change": -0.01666666666666672, "epi_magnitude_change": -0.0011489962607025284, "hash_signature": "7c8be4232eea9d2d", "sequence_str": "REMESH -> AL -> ZHIR -> NUL -> REMESH"}