{"sequence": ["AL", "RA", "REMESH"], "coherence_change": 0.0, "sense_index_change": 0.03639043897818506, "phi_s_change": 0.0, "grad_phi_change": -0.12917234483421036, "k_phi_change": 0.46148029019247616, "xi_c_change": 0.0, "phase_sync_change": 0.03712203515159851, "epi_magnitude_change": 0.003980982982439651, "hash_signature": "5f75f64593f4dbbe", "sequence_str": "AL -> RA -> REMESH"}