{"sequence": ["OZ", "IL", "AL", "OZ"], "coherence_change": -0.013392918489589234, "sense_index_change": 0.02286746114012772, "phi_s_change": 0.06479932551718348, "grad_phi_change": 0.0, "k_phi_change": 0.0, "xi_c_change": 0.0, "phase_sync_change": 0.0, "epi_magnitude_change": 0.004515756288251738, "hash_signature": "6507b62949d57b02", "sequence_str": "OZ -> IL -> AL -> OZ"}