{"sequence": ["AL", "UM", "UM", "RA", "NAV"], "coherence_change": 0.0, "sense_index_change": 0.051087133302387566, "phi_s_change": 0.0, "grad_phi_change": -0.22207941056483937, "k_phi_change": -0.11865886058897973, "xi_c_change": 0.0, "phase_sync_change": 0.05956690533748088, "epi_magnitude_change": -0.00013866780638349674, "hash_signature": "37ad7647c027c546", "sequence_str": "AL -> UM -> UM -> RA -> NAV"}