{"sequence": ["SHA", "OZ", "RA", "OZ", "REMESH"], "coherence_change": -0.028325810554603148, "sense_index_change": 0.05134567803246881, "phi_s_change": -0.19434078337147653, "grad_phi_change": 0.001428762129725314, "k_phi_change": 0.2778452302197962, "xi_c_change": 0.0, "phase_sync_change": -0.007519474518585034, "epi_magnitude_change": 0.0015486316808686063, "hash_signature": "cb8eec7b5969f39b", "sequence_str": "SHA -> OZ -> RA -> OZ -> REMESH"}