{"sequence": ["REMESH", "OZ", "RA", "OZ"], "coherence_change": -0.033111816470414945, "sense_index_change": 0.01877070106175982, "phi_s_change": -0.43755261905252096, "grad_phi_change": 0.03571014770841163, "k_phi_change": 0.692209061539244, "xi_c_change": 0.0, "phase_sync_change": -0.013719045865232982, "epi_magnitude_change": 0.0014018451650034125, "hash_signature": "cb6274d0ce152707", "sequence_str": "REMESH -> OZ -> RA -> OZ"}