{"sequence": ["REMESH", "REMESH", "IL", "ZHIR", "EN", "OZ"], "coherence_change": -0.001989076702148429, "sense_index_change": -0.012382910201219344, "phi_s_change": -0.07950623887620467, "grad_phi_change": 0.06123859574807389, "k_phi_change": -0.05689030976611159, "xi_c_change": 0.0, "phase_sync_change": -0.014189090378785352, "epi_magnitude_change": 0.002624509410642517, "hash_signature": "cfbb544fb0ca929d", "sequence_str": "REMESH -> REMESH -> IL -> ZHIR -> EN -> OZ"}