{"sequence": ["NAV", "IL", "RA", "IL", "OZ"], "coherence_change": -0.0009990607031651333, "sense_index_change": 0.027086424271797083, "phi_s_change": -0.13198033437870937, "grad_phi_change": -0.07560211560590147, "k_phi_change": 0.43977552035729545, "xi_c_change": 0.0, "phase_sync_change": 0.01868942193490264, "epi_magnitude_change": 0.0, "hash_signature": "91093872cf02eb04", "sequence_str": "NAV -> IL -> RA -> IL -> OZ"}