{"sequence": ["RA", "RA", "IL", "VAL", "ZHIR", "REMESH"], "coherence_change": 0.010669576621342713, "sense_index_change": 0.03478226418061614, "phi_s_change": 0.038041196920774345, "grad_phi_change": -0.17170514939983517, "k_phi_change": 0.25382094897873075, "xi_c_change": 0.0, "phase_sync_change": 0.04293671546121869, "epi_magnitude_change": 0.016680074086706465, "hash_signature": "520f0e8273dce244", "sequence_str": "RA -> RA -> IL -> VAL -> ZHIR -> REMESH"}