{"sequence": ["OZ", "EN", "SHA", "IL", "REMESH"], "coherence_change": -0.005381317271660024, "sense_index_change": 0.0013277621273236617, "phi_s_change": -0.10789596556081582, "grad_phi_change": 0.0, "k_phi_change": 0.0, "xi_c_change": 0.0, "phase_sync_change": 0.0, "epi_magnitude_change": 0.001486340371428474, "hash_signature": "ed33767a59b8fa21", "sequence_str": "OZ -> EN -> SHA -> IL -> REMESH"}