{"sequence": ["NAV", "EN", "UM", "THOL", "REMESH"], "coherence_change": 0.006241494723085328, "sense_index_change": 0.02557627134393481, "phi_s_change": -0.00585171509687632, "grad_phi_change": -0.18003387670576965, "k_phi_change": -0.2441132310684534, "xi_c_change": 0.0, "phase_sync_change": 0.062176435719968226, "epi_magnitude_change": 0.0014969871712773308, "hash_signature": "9a0a9ec1f07ecc28", "sequence_str": "NAV -> EN -> UM -> THOL -> REMESH"}