{"sequence": ["AL", "VAL", "UM", "IL", "SHA"], "coherence_change": 0.006491974125837574, "sense_index_change": 0.0354980178018699, "phi_s_change": 0.017701484561223113, "grad_phi_change": -0.2167114511476651, "k_phi_change": 0.25315484510748915, "xi_c_change": 0.0, "phase_sync_change": 0.05888448267651103, "epi_magnitude_change": 0.012633697342946615, "hash_signature": "bf01cc51fd4e4621", "sequence_str": "AL -> VAL -> UM -> IL -> SHA"}