{"sequence": ["IL", "OZ", "NUL", "VAL", "OZ"], "coherence_change": -0.014413941014710163, "sense_index_change": -0.0014156276800598722, "phi_s_change": -0.03200538772055839, "grad_phi_change": 0.0, "k_phi_change": 0.0, "xi_c_change": 0.0, "phase_sync_change": 0.0, "epi_magnitude_change": 0.004389392347888266, "hash_signature": "2ba3de6f1fad0309", "sequence_str": "IL -> OZ -> NUL -> VAL -> OZ"}