{"sequence": ["IL", "RA", "THOL", "SHA"], "coherence_change": 0.010555780961706285, "sense_index_change": 0.016331466080404033, "phi_s_change": 0.028602288649002494, "grad_phi_change": 0.04317938560634804, "k_phi_change": 0.25837531654797086, "xi_c_change": 0.0, "phase_sync_change": -0.024304540738350533, "epi_magnitude_change": 0.0, "hash_signature": "f56ba5eecdb9fac2", "sequence_str": "IL -> RA -> THOL -> SHA"}