{"sequence": ["NUL", "REMESH", "UM", "RA", "OZ"], "coherence_change": -0.010372850770646647, "sense_index_change": 0.041285868331081055, "phi_s_change": -0.03706016886584118, "grad_phi_change": -0.3384111523775717, "k_phi_change": 0.2225729709437696, "xi_c_change": 0.0, "phase_sync_change": 0.10416020609863808, "epi_magnitude_change": -0.015559797170657141, "hash_signature": "e4295792699e5365", "sequence_str": "NUL -> REMESH -> UM -> RA -> OZ"}