{"sequence": ["REMESH", "AL", "THOL", "RA", "NAV"], "coherence_change": 0.004201110484049919, "sense_index_change": -0.02329443306285439, "phi_s_change": 0.052819468526396296, "grad_phi_change": 0.11049325160632129, "k_phi_change": 0.08426657651689431, "xi_c_change": 0.0, "phase_sync_change": -0.04485212418583473, "epi_magnitude_change": 0.004428059313142829, "hash_signature": "717c6ccdf21bd692", "sequence_str": "REMESH -> AL -> THOL -> RA -> NAV"}