{"sequence": ["NAV", "RA", "SHA", "IL", "NAV"], "coherence_change": 0.007242013946883841, "sense_index_change": -0.03491736164701659, "phi_s_change": 0.018776436344681624, "grad_phi_change": 0.13087163168185367, "k_phi_change": 0.24079495854886204, "xi_c_change": 0.0, "phase_sync_change": -0.051468232687759574, "epi_magnitude_change": 0.0, "hash_signature": "2fe07f97b8f17531", "sequence_str": "NAV -> RA -> SHA -> IL -> NAV"}