{"sequence": ["SHA", "RA", "AL", "NAV"], "coherence_change": 0.0, "sense_index_change": 0.034995207260049455, "phi_s_change": 0.0, "grad_phi_change": -0.10326598224879224, "k_phi_change": 0.3288906292187396, "xi_c_change": 0.0, "phase_sync_change": 0.034109623085415985, "epi_magnitude_change": 0.005756000304393938, "hash_signature": "adc26b6128f4228b", "sequence_str": "SHA -> RA -> AL -> NAV"}