{"sequence": ["IL", "NAV", "ZHIR", "THOL", "REMESH"], "coherence_change": 0.01494378404491381, "sense_index_change": -0.005591505593654511, "phi_s_change": 0.002656067419617991, "grad_phi_change": -0.0005706197867030305, "k_phi_change": 0.1712392084599816, "xi_c_change": 0.0, "phase_sync_change": -0.00035837798875226756, "epi_magnitude_change": 0.0019289825845311137, "hash_signature": "ce7237fcbe9f3980", "sequence_str": "IL -> NAV -> ZHIR -> THOL -> REMESH"}