{"sequence": ["REMESH", "NAV", "VAL", "THOL", "SHA"], "coherence_change": 0.004643725478602256, "sense_index_change": -0.0010085101040477884, "phi_s_change": 0.04013338809261413, "grad_phi_change": 0.0, "k_phi_change": 0.0, "xi_c_change": 0.0, "phase_sync_change": 0.0, "epi_magnitude_change": 0.012009715934228504, "hash_signature": "bf8d256382efd185", "sequence_str": "REMESH -> NAV -> VAL -> THOL -> SHA"}