{"sequence": ["NAV", "REMESH", "OZ", "ZHIR", "SHA"], "coherence_change": -0.00649294525662647, "sense_index_change": -0.01675922636756999, "phi_s_change": 0.013026105607583882, "grad_phi_change": 0.09321514449617574, "k_phi_change": -0.1700939101102204, "xi_c_change": 0.0, "phase_sync_change": -0.0323538452340113, "epi_magnitude_change": 0.0015462159220184235, "hash_signature": "ac128443d4889709", "sequence_str": "NAV -> REMESH -> OZ -> ZHIR -> SHA"}