{"sequence": ["AL", "VAL", "RA", "EN", "VAL", "SHA"], "coherence_change": 0.0, "sense_index_change": -0.014865617006304843, "phi_s_change": 0.0, "grad_phi_change": 0.05337460626737833, "k_phi_change": -0.07023699277365242, "xi_c_change": 0.0, "phase_sync_change": -0.025053890167509363, "epi_magnitude_change": 0.030792849632964137, "hash_signature": "72c00371f1ef2dd7", "sequence_str": "AL -> VAL -> RA -> EN -> VAL -> SHA"}