{"sequence": ["RA", "OZ", "EN", "REMESH"], "coherence_change": -0.012898061245476544, "sense_index_change": 0.010982303255392067, "phi_s_change": -0.19175090492743918, "grad_phi_change": 0.0009420830439654804, "k_phi_change": 0.38165043881741323, "xi_c_change": 0.0, "phase_sync_change": -0.004421142032494996, "epi_magnitude_change": 0.0017017525488941532, "hash_signature": "8faff5078515cf61", "sequence_str": "RA -> OZ -> EN -> REMESH"}