{"sequence": ["NUL", "AL", "UM", "REMESH"], "coherence_change": 0.0, "sense_index_change": 0.010325351192333798, "phi_s_change": 0.0, "grad_phi_change": -0.07585900776059495, "k_phi_change": 0.16539303332180125, "xi_c_change": 0.0, "phase_sync_change": 0.022431562924714488, "epi_magnitude_change": -0.01436942317114498, "hash_signature": "a6252064beff0607", "sequence_str": "NUL -> AL -> UM -> REMESH"}