{"sequence": ["VAL", "SHA", "IL", "THOL", "REMESH"], "coherence_change": 0.015635127251576675, "sense_index_change": -0.01636757831420016, "phi_s_change": 0.046265238927156616, "grad_phi_change": 0.0, "k_phi_change": 0.0, "xi_c_change": 0.0, "phase_sync_change": 0.0, "epi_magnitude_change": 0.019128918115045357, "hash_signature": "d26dc3489801d8f5", "sequence_str": "VAL -> SHA -> IL -> THOL -> REMESH"}