{"sequence": ["EN", "RA", "REMESH", "OZ"], "coherence_change": -0.017332074120229635, "sense_index_change": 0.01542031962795587, "phi_s_change": -0.26457787648617526, "grad_phi_change": 0.06423460617900822, "k_phi_change": 0.3153595232020454, "xi_c_change": 0.0, "phase_sync_change": -0.030136157699707344, "epi_magnitude_change": 0.0013048070896104491, "hash_signature": "12b6fd6b3b69e5da", "sequence_str": "EN -> RA -> REMESH -> OZ"}