{"sequence": ["AL", "EN", "UM", "UM", "OZ"], "coherence_change": -0.009663611672654393, "sense_index_change": 0.00011577177392219085, "phi_s_change": -0.016034824258862712, "grad_phi_change": -0.08051938262759784, "k_phi_change": 0.23949655988355673, "xi_c_change": 0.0, "phase_sync_change": 0.02053501812820191, "epi_magnitude_change": -0.0074522619691893555, "hash_signature": "aecddd65b21ccf98", "sequence_str": "AL -> EN -> UM -> UM -> OZ"}