{"sequence": ["OZ", "SHA", "AL", "OZ"], "coherence_change": -0.03439026178004079, "sense_index_change": 0.012451675458748479, "phi_s_change": -0.08027040623643678, "grad_phi_change": 0.0, "k_phi_change": 0.0, "xi_c_change": 0.0, "phase_sync_change": 0.0, "epi_magnitude_change": -0.002559501073827408, "hash_signature": "a4cf2cebe38eee02", "sequence_str": "OZ -> SHA -> AL -> OZ"}