{"sequence": ["NUL", "OZ", "UM", "AL", "NAV"], "coherence_change": -0.009261067203877205, "sense_index_change": 0.04112228767467563, "phi_s_change": -0.06117726215404096, "grad_phi_change": -0.21083911611409167, "k_phi_change": 0.3763067122409667, "xi_c_change": 0.0, "phase_sync_change": 0.07491460845219133, "epi_magnitude_change": -0.019753904802005118, "hash_signature": "6bf5f5795888854e", "sequence_str": "NUL -> OZ -> UM -> AL -> NAV"}