{"sequence": ["NAV", "VAL", "VAL", "ZHIR", "IL", "REMESH"], "coherence_change": 0.009517377609297717, "sense_index_change": 0.006020574936328571, "phi_s_change": -0.005473128357957657, "grad_phi_change": 0.03540667757125138, "k_phi_change": 0.3370737491654973, "xi_c_change": 0.0, "phase_sync_change": -0.011379383005897914, "epi_magnitude_change": 0.033241987810603835, "hash_signature": "a9c1e1febc46f9f3", "sequence_str": "NAV -> VAL -> VAL -> ZHIR -> IL -> REMESH"}