{"sequence": ["IL", "NUL", "NUL", "REMESH", "ZHIR", "SHA"], "coherence_change": 0.004978319612157334, "sense_index_change": 0.003467889059131757, "phi_s_change": 0.03789720558785914, "grad_phi_change": -0.010588489073896312, "k_phi_change": 0.037805708371374175, "xi_c_change": 0.0, "phase_sync_change": 0.00506507674731238, "epi_magnitude_change": -0.039120388593940625, "hash_signature": "087b327e84443f37", "sequence_str": "IL -> NUL -> NUL -> REMESH -> ZHIR -> SHA"}