{"sequence": ["OZ", "UM", "ZHIR", "SHA"], "coherence_change": -0.013683014132952365, "sense_index_change": 0.04346572452071029, "phi_s_change": -0.09017113213925909, "grad_phi_change": -0.11785752112157111, "k_phi_change": 0.08620816850154604, "xi_c_change": 0.0, "phase_sync_change": 0.05175226062886884, "epi_magnitude_change": 0.0, "hash_signature": "62158eb559ced3fa", "sequence_str": "OZ -> UM -> ZHIR -> SHA"}