{"sequence": ["OZ", "REMESH", "IL", "NAV", "OZ"], "coherence_change": -0.01077407900995453, "sense_index_change": 0.024914548778153245, "phi_s_change": -0.07702113291369672, "grad_phi_change": 0.0, "k_phi_change": 0.0, "xi_c_change": 0.0, "phase_sync_change": 0.0, "epi_magnitude_change": 0.001492023989231206, "hash_signature": "b89ce41533804f6f", "sequence_str": "OZ -> REMESH -> IL -> NAV -> OZ"}