{"sequence": ["ZHIR", "NAV", "VAL", "RA", "NAV"], "coherence_change": 0.0, "sense_index_change": 0.02183171136786033, "phi_s_change": 0.0, "grad_phi_change": -0.07398778935767836, "k_phi_change": 0.10964861593683925, "xi_c_change": 0.0, "phase_sync_change": 0.018167799694143727, "epi_magnitude_change": 0.01799328104891884, "hash_signature": "4128e4bb931b2b69", "sequence_str": "ZHIR -> NAV -> VAL -> RA -> NAV"}