{"sequence": ["RA", "REMESH", "NAV", "REMESH", "VAL", "OZ"], "coherence_change": -0.012329079691748901, "sense_index_change": -0.027856143759690755, "phi_s_change": -0.05098916828198086, "grad_phi_change": 0.02336869322838009, "k_phi_change": -0.1877632445513071, "xi_c_change": 0.0, "phase_sync_change": -0.01342716293502777, "epi_magnitude_change": 0.020153833410934907, "hash_signature": "8ee2c093a45a6478", "sequence_str": "RA -> REMESH -> NAV -> REMESH -> VAL -> OZ"}