{"sequence": ["RA", "EN", "ZHIR", "NAV"], "coherence_change": 0.0, "sense_index_change": -0.02726167464397905, "phi_s_change": 0.0, "grad_phi_change": 0.16739902748673519, "k_phi_change": 0.11786749819569523, "xi_c_change": 0.0, "phase_sync_change": -0.06120329558637627, "epi_magnitude_change": 0.0, "hash_signature": "d40b051147520d14", "sequence_str": "RA -> EN -> ZHIR -> NAV"}