{"sequence": ["RA", "SHA", "UM", "EN", "OZ"], "coherence_change": -0.013279770235736787, "sense_index_change": 0.07555311160090028, "phi_s_change": -0.08061673610224296, "grad_phi_change": -0.29299620472182397, "k_phi_change": 0.2190143034557404, "xi_c_change": 0.0, "phase_sync_change": 0.10685826924417319, "epi_magnitude_change": 0.0, "hash_signature": "3ce38f7ed93f7ca0", "sequence_str": "RA -> SHA -> UM -> EN -> OZ"}