{"sequence": ["REMESH", "VAL", "OZ"], "coherence_change": -0.013897711854257255, "sense_index_change": -0.004745866215707828, "phi_s_change": -0.016636869672003063, "grad_phi_change": 0.0, "k_phi_change": 0.0, "xi_c_change": 0.0, "phase_sync_change": 0.0, "epi_magnitude_change": 0.021426721876964483, "hash_signature": "7ebad540c3216ce6", "sequence_str": "REMESH -> VAL -> OZ"}