{"sequence": ["SHA", "NAV", "RA", "VAL", "NAV"], "coherence_change": 0.0, "sense_index_change": 0.0035978916431479435, "phi_s_change": 0.0, "grad_phi_change": -0.019714123413922202, "k_phi_change": 0.44064606321806893, "xi_c_change": 0.0, "phase_sync_change": -5.464089662954308e-05, "epi_magnitude_change": 0.021865180901143977, "hash_signature": "365bb464f6a354c2", "sequence_str": "SHA -> NAV -> RA -> VAL -> NAV"}