{"sequence": ["EN", "EN", "REMESH", "RA", "REMESH"], "coherence_change": 0.0, "sense_index_change": 0.031367747311759064, "phi_s_change": 0.0, "grad_phi_change": -0.13151924362427558, "k_phi_change": 0.07129665653583622, "xi_c_change": 0.0, "phase_sync_change": 0.03667003971746141, "epi_magnitude_change": 0.002324520820801035, "hash_signature": "24747cbb64268aa7", "sequence_str": "EN -> EN -> REMESH -> RA -> REMESH"}