{"sequence": ["IL", "VAL", "EN", "OZ"], "coherence_change": -0.004728622961703621, "sense_index_change": -0.0033757345263587535, "phi_s_change": 0.0551092134425758, "grad_phi_change": 0.0, "k_phi_change": 0.0, "xi_c_change": 0.0, "phase_sync_change": 0.0, "epi_magnitude_change": 0.011222749007670618, "hash_signature": "18184ea28a41a90f", "sequence_str": "IL -> VAL -> EN -> OZ"}