{"sequence": ["SHA", "NUL", "SHA", "IL", "UM", "REMESH"], "coherence_change": 0.0068415004060811135, "sense_index_change": 0.015257202214474574, "phi_s_change": 0.08345712119854065, "grad_phi_change": -0.05532971771906148, "k_phi_change": 0.3446371257512986, "xi_c_change": 0.0, "phase_sync_change": 0.023799906355835176, "epi_magnitude_change": -0.0129239912104534, "hash_signature": "3b52910aa50cc8e3", "sequence_str": "SHA -> NUL -> SHA -> IL -> UM -> REMESH"}