{"sequence": ["IL", "THOL", "UM", "REMESH"], "coherence_change": 0.0139316671423102, "sense_index_change": 0.060461889893658416, "phi_s_change": 0.009885346617582225, "grad_phi_change": -0.24216350925785202, "k_phi_change": -0.024703543278690232, "xi_c_change": 0.0, "phase_sync_change": 0.0875311799019235, "epi_magnitude_change": 0.001617202479365254, "hash_signature": "32791b809cf94eae", "sequence_str": "IL -> THOL -> UM -> REMESH"}