{"sequence": ["UM", "UM", "IL", "EN", "EN", "SHA"], "coherence_change": 0.01008849848472071, "sense_index_change": 0.056322454045751424, "phi_s_change": 0.02076113227425891, "grad_phi_change": -0.5066631581579133, "k_phi_change": 0.34989126818805705, "xi_c_change": 0.0, "phase_sync_change": 0.15467038513544085, "epi_magnitude_change": 0.0, "hash_signature": "5b9329710b5a129b", "sequence_str": "UM -> UM -> IL -> EN -> EN -> SHA"}