{"sequence": ["RA", "UM", "OZ", "UM", "OZ"], "coherence_change": -0.024716400799853933, "sense_index_change": 0.06844690262225317, "phi_s_change": -0.045807253945733706, "grad_phi_change": -0.638751322846379, "k_phi_change": 0.11522338387229081, "xi_c_change": 0.0, "phase_sync_change": 0.21048410931961592, "epi_magnitude_change": 0.0, "hash_signature": "05db661c1a3879b5", "sequence_str": "RA -> UM -> OZ -> UM -> OZ"}