{"sequence": ["VAL", "THOL", "RA", "SHA", "EN", "REMESH"], "coherence_change": 0.005051163637193601, "sense_index_change": -0.029751961509267122, "phi_s_change": -0.015085923414934532, "grad_phi_change": 0.1248676566141782, "k_phi_change": 0.06790066215505255, "xi_c_change": 0.0, "phase_sync_change": -0.046494695537113384, "epi_magnitude_change": 0.014398836406912419, "hash_signature": "740380d3593c2de0", "sequence_str": "VAL -> THOL -> RA -> SHA -> EN -> REMESH"}