{"sequence": ["IL", "ZHIR", "IL", "OZ", "VAL", "REMESH"], "coherence_change": 0.00329597197631315, "sense_index_change": -0.002483641484974486, "phi_s_change": 0.14307733200050932, "grad_phi_change": 0.04722102433728992, "k_phi_change": -0.032427903482955545, "xi_c_change": 0.0, "phase_sync_change": -0.014268335446710134, "epi_magnitude_change": 0.013907393528910905, "hash_signature": "08c7d72c0e659b6c", "sequence_str": "IL -> ZHIR -> IL -> OZ -> VAL -> REMESH"}