{"sequence": ["NUL", "EN", "AL", "NUL", "ZHIR", "OZ"], "coherence_change": -0.013507849615813194, "sense_index_change": 0.03126792442705317, "phi_s_change": -0.10825320566701657, "grad_phi_change": -0.008783157552584742, "k_phi_change": -0.04088184180301754, "xi_c_change": 0.0, "phase_sync_change": 0.006240210325341944, "epi_magnitude_change": -0.034992863442108946, "hash_signature": "3e209a60a353912a", "sequence_str": "NUL -> EN -> AL -> NUL -> ZHIR -> OZ"}