{"sequence": ["ZHIR", "NUL", "OZ"], "coherence_change": -0.009669407067252056, "sense_index_change": 0.0010097676473584949, "phi_s_change": 0.03174495845171199, "grad_phi_change": 0.008979911005984942, "k_phi_change": 0.09053677339149725, "xi_c_change": 0.0, "phase_sync_change": 0.0006803886841424411, "epi_magnitude_change": -0.016409257138763844, "hash_signature": "308571455df2cbbe", "sequence_str": "ZHIR -> NUL -> OZ"}