{"sequence": ["VAL", "SHA", "SHA", "RA", "REMESH"], "coherence_change": 0.0, "sense_index_change": 0.023975615504301162, "phi_s_change": 0.0, "grad_phi_change": -0.05129270652258411, "k_phi_change": -0.0877350001426121, "xi_c_change": 0.0, "phase_sync_change": 0.004118369876525363, "epi_magnitude_change": 0.028063207551024427, "hash_signature": "17df1b2c07f9f1b4", "sequence_str": "VAL -> SHA -> SHA -> RA -> REMESH"}