{"sequence": ["NAV", "UM", "ZHIR", "REMESH"], "coherence_change": 0.0, "sense_index_change": -0.01659645193225956, "phi_s_change": 0.0, "grad_phi_change": 0.08511978212347593, "k_phi_change": 0.33737665917233967, "xi_c_change": 0.0, "phase_sync_change": -0.03506880023101233, "epi_magnitude_change": 0.0013974127131568537, "hash_signature": "938f5553f6b51a25", "sequence_str": "NAV -> UM -> ZHIR -> REMESH"}