{"sequence": ["AL", "IL", "THOL", "SHA"], "coherence_change": 0.010154080937288423, "sense_index_change": -0.013032341030386196, "phi_s_change": 0.02002353361467124, "grad_phi_change": 0.0, "k_phi_change": 0.0, "xi_c_change": 0.0, "phase_sync_change": 0.0, "epi_magnitude_change": -0.0008351873307572699, "hash_signature": "500e205ee7df511d", "sequence_str": "AL -> IL -> THOL -> SHA"}