{"sequence": ["AL", "NAV", "IL", "NAV"], "coherence_change": 0.007483700682553551, "sense_index_change": 0.006897741437173366, "phi_s_change": 0.05980997373934216, "grad_phi_change": 0.0, "k_phi_change": 0.0, "xi_c_change": 0.0, "phase_sync_change": 0.0, "epi_magnitude_change": -0.0008678819857611542, "hash_signature": "219da9833f4bbdaa", "sequence_str": "AL -> NAV -> IL -> NAV"}