{"sequence": ["THOL", "OZ", "ZHIR", "NUL", "EN", "REMESH"], "coherence_change": -0.0028998115735822116, "sense_index_change": 0.003493765500894419, "phi_s_change": 0.053226743521984976, "grad_phi_change": -0.026227669161977163, "k_phi_change": 0.032991173889501235, "xi_c_change": 0.0, "phase_sync_change": 0.011471465232273825, "epi_magnitude_change": -0.010937558818410187, "hash_signature": "688611bf5fcf1c65", "sequence_str": "THOL -> OZ -> ZHIR -> NUL -> EN -> REMESH"}