{"sequence": ["REMESH", "SHA", "THOL", "OZ"], "coherence_change": -0.009467438482709145, "sense_index_change": -0.0021915532601073373, "phi_s_change": -0.11173405529088576, "grad_phi_change": 0.0, "k_phi_change": 0.0, "xi_c_change": 0.0, "phase_sync_change": 0.0, "epi_magnitude_change": 0.0012124831019456606, "hash_signature": "abb9413a28545bca", "sequence_str": "REMESH -> SHA -> THOL -> OZ"}