{"sequence": ["SHA", "UM", "NUL", "SHA", "OZ"], "coherence_change": -0.010957836982929736, "sense_index_change": 0.018112195882067916, "phi_s_change": 0.05572082488483654, "grad_phi_change": -0.11780483234323036, "k_phi_change": 0.3031931762744174, "xi_c_change": 0.0, "phase_sync_change": 0.04004679600374217, "epi_magnitude_change": -0.01647547344747613, "hash_signature": "c4e45816eab67be9", "sequence_str": "SHA -> UM -> NUL -> SHA -> OZ"}