{"sequence": ["IL", "REMESH", "EN", "OZ"], "coherence_change": -0.003286374339124154, "sense_index_change": -0.0023413262621234665, "phi_s_change": 0.08603516289733804, "grad_phi_change": 0.0, "k_phi_change": 0.0, "xi_c_change": 0.0, "phase_sync_change": 0.0, "epi_magnitude_change": 0.001640947695185302, "hash_signature": "1cc54bac6c9623ad", "sequence_str": "IL -> REMESH -> EN -> OZ"}