{"sequence": ["RA", "THOL", "NUL", "UM", "EN", "REMESH"], "coherence_change": 0.0037742524383095333, "sense_index_change": 0.0422260399037786, "phi_s_change": 0.015334416979016163, "grad_phi_change": -0.25173235209525235, "k_phi_change": -0.22332348816971925, "xi_c_change": 0.0, "phase_sync_change": 0.07810860310950063, "epi_magnitude_change": -0.019146282528304304, "hash_signature": "89f6150fa96555f9", "sequence_str": "RA -> THOL -> NUL -> UM -> EN -> REMESH"}