{"sequence": ["NAV", "IL", "EN", "NUL", "ZHIR", "NAV"], "coherence_change": 0.008584843914344109, "sense_index_change": -0.005265831216734185, "phi_s_change": 0.036508004174539366, "grad_phi_change": 0.049171666146464954, "k_phi_change": 0.05932462226612506, "xi_c_change": 0.0, "phase_sync_change": -0.013456018390185176, "epi_magnitude_change": -0.01967403348156216, "hash_signature": "b52eb769887d7259", "sequence_str": "NAV -> IL -> EN -> NUL -> ZHIR -> NAV"}