{"sequence": ["RA", "RA", "AL", "SHA"], "coherence_change": 0.0, "sense_index_change": 0.024246678981181824, "phi_s_change": 0.0, "grad_phi_change": -0.22917181971686484, "k_phi_change": 0.1386851557342089, "xi_c_change": 0.0, "phase_sync_change": 0.06825662417158018, "epi_magnitude_change": -0.004806994561541322, "hash_signature": "d224c8bcf686d9fe", "sequence_str": "RA -> RA -> AL -> SHA"}