{"sequence": ["VAL", "EN", "NUL", "ZHIR", "NAV"], "coherence_change": 0.0, "sense_index_change": -0.02063036367011145, "phi_s_change": 0.0, "grad_phi_change": 0.12131210756111388, "k_phi_change": 0.058736536927383204, "xi_c_change": 0.0, "phase_sync_change": -0.03668550201115317, "epi_magnitude_change": -8.622036022465362e-05, "hash_signature": "1618a44b1f19b440", "sequence_str": "VAL -> EN -> NUL -> ZHIR -> NAV"}