{"sequence": ["RA", "REMESH", "VAL", "UM", "ZHIR", "REMESH"], "coherence_change": 0.0, "sense_index_change": 0.020740975181929966, "phi_s_change": 0.0, "grad_phi_change": -0.05485741509409703, "k_phi_change": 0.5393152060673936, "xi_c_change": 0.0, "phase_sync_change": 0.015515439780224516, "epi_magnitude_change": 0.016739320450460116, "hash_signature": "052e278e853bde54", "sequence_str": "RA -> REMESH -> VAL -> UM -> ZHIR -> REMESH"}