{"sequence": ["AL", "AL", "ZHIR", "AL", "OZ"], "coherence_change": -0.013363532417115298, "sense_index_change": 0.014112945799993115, "phi_s_change": -0.08448879361455441, "grad_phi_change": -0.01954768762233683, "k_phi_change": -0.0799057954365564, "xi_c_change": 0.0, "phase_sync_change": 0.006666666666666599, "epi_magnitude_change": 0.011154595146809276, "hash_signature": "5c657325f02544ae", "sequence_str": "AL -> AL -> ZHIR -> AL -> OZ"}