{"sequence": ["AL", "SHA", "VAL", "OZ"], "coherence_change": -0.010861572957576615, "sense_index_change": 0.004217514652658294, "phi_s_change": 0.00870441467335581, "grad_phi_change": 0.0, "k_phi_change": 0.0, "xi_c_change": 0.0, "phase_sync_change": 0.0, "epi_magnitude_change": 0.00628490106171653, "hash_signature": "76f008dad7f3ecf9", "sequence_str": "AL -> SHA -> VAL -> OZ"}