{"sequence": ["UM", "RA", "NUL", "IL", "AL", "SHA"], "coherence_change": 0.00709389159966034, "sense_index_change": 0.03852577177091088, "phi_s_change": 0.022465391113285715, "grad_phi_change": -0.14241111076342405, "k_phi_change": 0.4452187895187221, "xi_c_change": 0.0, "phase_sync_change": 0.04336695570845939, "epi_magnitude_change": -0.017504635896218312, "hash_signature": "d9e6d8c59c63f6c2", "sequence_str": "UM -> RA -> NUL -> IL -> AL -> SHA"}