{"sequence": ["REMESH", "VAL", "ZHIR", "RA", "OZ"], "coherence_change": -0.012698961233358785, "sense_index_change": 0.011480532622943795, "phi_s_change": -0.06161739187381721, "grad_phi_change": -0.01580162894900905, "k_phi_change": 0.5627346638676707, "xi_c_change": 0.0, "phase_sync_change": 0.0006671099771391464, "epi_magnitude_change": 0.019547005989167143, "hash_signature": "04cab5a30abdb910", "sequence_str": "REMESH -> VAL -> ZHIR -> RA -> OZ"}