{"sequence": ["ZHIR", "ZHIR", "EN", "SHA"], "coherence_change": 0.0, "sense_index_change": -0.030526613339432518, "phi_s_change": 0.0, "grad_phi_change": 0.11900355626303671, "k_phi_change": 0.13590861694790224, "xi_c_change": 0.0, "phase_sync_change": -0.036611760015240025, "epi_magnitude_change": 0.0, "hash_signature": "3345f67a44691c3b", "sequence_str": "ZHIR -> ZHIR -> EN -> SHA"}