{"sequence": ["NAV", "AL", "IL", "OZ"], "coherence_change": -0.006761271930088131, "sense_index_change": 0.019416997341545228, "phi_s_change": -0.20641200071515342, "grad_phi_change": 0.0, "k_phi_change": 0.0, "xi_c_change": 0.0, "phase_sync_change": 0.0, "epi_magnitude_change": -0.004144918970054201, "hash_signature": "2ba22807bf572112", "sequence_str": "NAV -> AL -> IL -> OZ"}