{"sequence": ["AL", "SHA", "NUL", "UM", "OZ"], "coherence_change": -0.010873140889147925, "sense_index_change": 0.045391170518747304, "phi_s_change": 0.12160974153812143, "grad_phi_change": -0.2542900802254284, "k_phi_change": -0.031632861008919794, "xi_c_change": 0.0, "phase_sync_change": 0.07793069697312993, "epi_magnitude_change": -0.010596809350809422, "hash_signature": "0d191296faa432ea", "sequence_str": "AL -> SHA -> NUL -> UM -> OZ"}