{"sequence": ["SHA", "UM", "OZ", "VAL", "NAV"], "coherence_change": -0.008822847916198029, "sense_index_change": 0.011340937267539486, "phi_s_change": 0.11751799672313434, "grad_phi_change": -0.1259557419915236, "k_phi_change": -0.1949579673963608, "xi_c_change": 0.0, "phase_sync_change": 0.04790865891045437, "epi_magnitude_change": 0.0188648762421304, "hash_signature": "d825c78775cc0d9e", "sequence_str": "SHA -> UM -> OZ -> VAL -> NAV"}