{"sequence": ["IL", "AL", "ZHIR", "EN", "OZ"], "coherence_change": -0.008065679841372742, "sense_index_change": 0.024565489483037384, "phi_s_change": 0.016984840069294904, "grad_phi_change": -0.001811149657886979, "k_phi_change": -0.11144328561759659, "xi_c_change": 0.0, "phase_sync_change": 0.002216736031006805, "epi_magnitude_change": -0.0006243326483481582, "hash_signature": "9aaf2f06a928ba83", "sequence_str": "IL -> AL -> ZHIR -> EN -> OZ"}