{"sequence": ["AL", "UM", "AL", "ZHIR", "NAV"], "coherence_change": 0.0, "sense_index_change": 0.03448968644733286, "phi_s_change": 0.0, "grad_phi_change": -0.23891523229854572, "k_phi_change": 0.3232343522160318, "xi_c_change": 0.0, "phase_sync_change": 0.07421648177741436, "epi_magnitude_change": 0.003398812596263734, "hash_signature": "30aad38d5f6794e9", "sequence_str": "AL -> UM -> AL -> ZHIR -> NAV"}