{"sequence": ["RA", "AL", "UM", "SHA"], "coherence_change": 0.0, "sense_index_change": 0.00988465135391714, "phi_s_change": 0.0, "grad_phi_change": -0.04573822499293456, "k_phi_change": 0.5002273535040331, "xi_c_change": 0.0, "phase_sync_change": 0.023747918777833443, "epi_magnitude_change": -0.00783695643164839, "hash_signature": "c679604dd0af6492", "sequence_str": "RA -> AL -> UM -> SHA"}