{"sequence": ["IL", "RA", "THOL", "NAV"], "coherence_change": 0.008796027263133555, "sense_index_change": -0.0003354097555218205, "phi_s_change": -0.0014605555472393394, "grad_phi_change": 0.056300011847736586, "k_phi_change": -0.01740912718447249, "xi_c_change": 0.0, "phase_sync_change": -0.024759548620629124, "epi_magnitude_change": 0.0, "hash_signature": "274450bb5a1c36d1", "sequence_str": "IL -> RA -> THOL -> NAV"}