{"sequence": ["REMESH", "IL", "OZ", "ZHIR", "VAL", "SHA"], "coherence_change": -0.004124893955503306, "sense_index_change": -0.009098862165251465, "phi_s_change": -0.04915285247484624, "grad_phi_change": 0.0816241810804792, "k_phi_change": 0.16043379429224186, "xi_c_change": 0.0, "phase_sync_change": -0.02625573694041039, "epi_magnitude_change": 0.02416188793690799, "hash_signature": "a055e9e7293b3132", "sequence_str": "REMESH -> IL -> OZ -> ZHIR -> VAL -> SHA"}