{"sequence": ["RA", "UM", "UM", "VAL", "IL", "NAV"], "coherence_change": 0.007591087958109255, "sense_index_change": 0.08696729516198476, "phi_s_change": -0.0015855272582137037, "grad_phi_change": -0.4151309778301906, "k_phi_change": 0.03640930032710571, "xi_c_change": 0.0, "phase_sync_change": 0.13474107756975573, "epi_magnitude_change": 0.01108177848743419, "hash_signature": "a0b02a51bf14f276", "sequence_str": "RA -> UM -> UM -> VAL -> IL -> NAV"}