{"sequence": ["IL", "VAL", "ZHIR", "NAV"], "coherence_change": 0.005883180195034088, "sense_index_change": 0.0190844059401597, "phi_s_change": 0.07748984043219842, "grad_phi_change": -0.08683854526767631, "k_phi_change": 0.0012931295297982093, "xi_c_change": 0.0, "phase_sync_change": 0.02540421075860244, "epi_magnitude_change": 0.01373747822361382, "hash_signature": "93eae59eb8a0c7d1", "sequence_str": "IL -> VAL -> ZHIR -> NAV"}