{"sequence": ["REMESH", "RA", "AL", "RA", "NAV"], "coherence_change": 0.0, "sense_index_change": 0.029795956806560775, "phi_s_change": 0.0, "grad_phi_change": -0.1981530757831631, "k_phi_change": 0.13762019323700186, "xi_c_change": 0.0, "phase_sync_change": 0.04934193299795109, "epi_magnitude_change": 0.001760251200273566, "hash_signature": "4f97fd103d55dab7", "sequence_str": "REMESH -> RA -> AL -> RA -> NAV"}