{"sequence": ["NAV", "SHA", "NUL", "THOL", "REMESH"], "coherence_change": 0.006754482000359552, "sense_index_change": -0.015771495576495653, "phi_s_change": 0.052032026358590056, "grad_phi_change": 0.0, "k_phi_change": 0.0, "xi_c_change": 0.0, "phase_sync_change": 0.0, "epi_magnitude_change": -0.004290698408422444, "hash_signature": "adf2762f53963de1", "sequence_str": "NAV -> SHA -> NUL -> THOL -> REMESH"}