{"sequence": ["OZ", "IL", "VAL", "NAV"], "coherence_change": -0.0037469405711095805, "sense_index_change": -0.0026711932428480356, "phi_s_change": -0.000293666092328948, "grad_phi_change": 0.0, "k_phi_change": 0.0, "xi_c_change": 0.0, "phase_sync_change": 0.0, "epi_magnitude_change": 0.012303795738595857, "hash_signature": "3a82da5ae3a2e098", "sequence_str": "OZ -> IL -> VAL -> NAV"}