{"sequence": ["OZ", "SHA", "ZHIR", "REMESH"], "coherence_change": -0.008401482180230624, "sense_index_change": 0.0006989498473556344, "phi_s_change": 0.016601424240475504, "grad_phi_change": -0.004544565092630792, "k_phi_change": -0.07125002017605025, "xi_c_change": 0.0, "phase_sync_change": -0.002646826230482957, "epi_magnitude_change": 0.0017092359152887093, "hash_signature": "a7bb618eecd0b735", "sequence_str": "OZ -> SHA -> ZHIR -> REMESH"}