{"sequence": ["ZHIR", "NUL", "ZHIR", "NAV"], "coherence_change": 0.0, "sense_index_change": -0.016188400530551594, "phi_s_change": 0.0, "grad_phi_change": 0.07096951754602543, "k_phi_change": 0.1732074457889432, "xi_c_change": 0.0, "phase_sync_change": -0.02665216386070879, "epi_magnitude_change": -0.015296853160643331, "hash_signature": "47d816e0e01ff522", "sequence_str": "ZHIR -> NUL -> ZHIR -> NAV"}