{"sequence": ["SHA", "UM", "REMESH"], "coherence_change": 0.0, "sense_index_change": 0.027749968108175316, "phi_s_change": 0.0, "grad_phi_change": -0.13673499534754474, "k_phi_change": 0.12238279025095843, "xi_c_change": 0.0, "phase_sync_change": 0.03922906102448798, "epi_magnitude_change": 0.0013002956913329422, "hash_signature": "c2774a4e0d151268", "sequence_str": "SHA -> UM -> REMESH"}