{"sequence": ["AL", "OZ", "NUL", "AL", "RA", "SHA"], "coherence_change": -0.010650239196010491, "sense_index_change": 0.02404081894228116, "phi_s_change": 0.00059850317437804, "grad_phi_change": -0.13066371651505215, "k_phi_change": 0.013040618355938755, "xi_c_change": 0.0, "phase_sync_change": 0.04589147523385628, "epi_magnitude_change": -0.01017140252379689, "hash_signature": "8113c0c0579e10fe", "sequence_str": "AL -> OZ -> NUL -> AL -> RA -> SHA"}