{"sequence": ["EN", "THOL", "RA", "THOL", "OZ"], "coherence_change": 0.003635427176754913, "sense_index_change": -0.026694702216099264, "phi_s_change": 0.030443532494823566, "grad_phi_change": 0.01994212194473577, "k_phi_change": 0.034057918628217665, "xi_c_change": 0.0, "phase_sync_change": -0.01182268657666441, "epi_magnitude_change": 0.0, "hash_signature": "2cbe9af441175c31", "sequence_str": "EN -> THOL -> RA -> THOL -> OZ"}