{"sequence": ["REMESH", "AL", "OZ", "VAL", "REMESH"], "coherence_change": -0.009553383896377499, "sense_index_change": -0.012843716258117532, "phi_s_change": -0.0824513959555665, "grad_phi_change": 0.0, "k_phi_change": 0.0, "xi_c_change": 0.0, "phase_sync_change": 0.0, "epi_magnitude_change": 0.013869339468432607, "hash_signature": "62ef74c4657563f5", "sequence_str": "REMESH -> AL -> OZ -> VAL -> REMESH"}