{"sequence": ["ZHIR", "UM", "THOL", "SHA"], "coherence_change": 0.006797033216619619, "sense_index_change": 0.055569342834210333, "phi_s_change": -0.0056663807215182604, "grad_phi_change": -0.23069150533968807, "k_phi_change": 0.19372802214026763, "xi_c_change": 0.0, "phase_sync_change": 0.08204184068969089, "epi_magnitude_change": 0.0, "hash_signature": "80d24b280a5aa093", "sequence_str": "ZHIR -> UM -> THOL -> SHA"}