{"sequence": ["THOL", "EN", "RA", "ZHIR", "NAV"], "coherence_change": 0.00745546922956164, "sense_index_change": -0.053267190048341406, "phi_s_change": 0.09076290020326505, "grad_phi_change": 0.16708793169613534, "k_phi_change": -0.1324617829092456, "xi_c_change": 0.0, "phase_sync_change": -0.058523550266050384, "epi_magnitude_change": 0.0, "hash_signature": "128d25692e7f68b4", "sequence_str": "THOL -> EN -> RA -> ZHIR -> NAV"}