{"sequence": ["VAL", "EN", "THOL", "OZ"], "coherence_change": -0.005500312831808296, "sense_index_change": 0.012849488859000835, "phi_s_change": -0.07368151358305797, "grad_phi_change": 0.0, "k_phi_change": 0.0, "xi_c_change": 0.0, "phase_sync_change": 0.0, "epi_magnitude_change": 0.0071975236891284045, "hash_signature": "cc07dcccfade6b42", "sequence_str": "VAL -> EN -> THOL -> OZ"}