{"sequence": ["NUL", "RA", "OZ", "AL", "THOL", "SHA"], "coherence_change": -0.015897401232359498, "sense_index_change": 0.030549808152555924, "phi_s_change": 0.017388869086934156, "grad_phi_change": -0.034720156612481734, "k_phi_change": 0.45678621350063464, "xi_c_change": 0.0, "phase_sync_change": 0.006988918625463469, "epi_magnitude_change": -0.019501059410382604, "hash_signature": "4d84c6ae799d8fb5", "sequence_str": "NUL -> RA -> OZ -> AL -> THOL -> SHA"}