{"sequence": ["EN", "UM", "NUL", "NAV"], "coherence_change": 0.0, "sense_index_change": 0.019405317625281637, "phi_s_change": 0.0, "grad_phi_change": -0.09315783118064047, "k_phi_change": -0.040664873715427596, "xi_c_change": 0.0, "phase_sync_change": 0.029314014758160645, "epi_magnitude_change": -0.022626368537013164, "hash_signature": "f6d0c24d47ee00c0", "sequence_str": "EN -> UM -> NUL -> NAV"}