{"sequence": ["AL", "RA", "AL", "REMESH"], "coherence_change": 0.0, "sense_index_change": -0.011688768570245978, "phi_s_change": 0.0, "grad_phi_change": 0.032267155329116726, "k_phi_change": 0.12633153629911043, "xi_c_change": 0.0, "phase_sync_change": -0.010627666609041908, "epi_magnitude_change": -0.0043311518303772445, "hash_signature": "3cc093a7770c9377", "sequence_str": "AL -> RA -> AL -> REMESH"}