{"sequence": ["REMESH", "IL", "ZHIR", "VAL", "NAV"], "coherence_change": 0.006379868156405455, "sense_index_change": 0.010528241916302084, "phi_s_change": -0.001573297856745759, "grad_phi_change": -0.01482999761846382, "k_phi_change": 0.3738497620789247, "xi_c_change": 0.0, "phase_sync_change": 0.003976570995770867, "epi_magnitude_change": 0.019199092595770906, "hash_signature": "d846847d127cf147", "sequence_str": "REMESH -> IL -> ZHIR -> VAL -> NAV"}