{"sequence": ["AL", "ZHIR", "NAV", "IL", "OZ"], "coherence_change": -0.008136713413282592, "sense_index_change": 0.00612011897825171, "phi_s_change": -0.05742715012983546, "grad_phi_change": 0.04442592904978615, "k_phi_change": 0.015547822920601778, "xi_c_change": 0.0, "phase_sync_change": -0.012585656863891126, "epi_magnitude_change": -0.0030178954928360424, "hash_signature": "b1a4c02e2f43bae5", "sequence_str": "AL -> ZHIR -> NAV -> IL -> OZ"}