{"sequence": ["IL", "UM", "NAV", "ZHIR", "SHA"], "coherence_change": 0.006727476400894994, "sense_index_change": 0.014227824678038403, "phi_s_change": 0.06636871967970559, "grad_phi_change": -0.10620194668501237, "k_phi_change": 0.16487235025379923, "xi_c_change": 0.0, "phase_sync_change": 0.026617241471623143, "epi_magnitude_change": 0.0, "hash_signature": "96e5bf5c4abd8b47", "sequence_str": "IL -> UM -> NAV -> ZHIR -> SHA"}