{"sequence": ["UM", "THOL", "AL", "AL", "REMESH"], "coherence_change": 0.0041855675136521775, "sense_index_change": 0.013279736218483107, "phi_s_change": -0.00047599821754362726, "grad_phi_change": -0.06558677925048184, "k_phi_change": 0.19959059383859132, "xi_c_change": 0.0, "phase_sync_change": 0.00997367036403074, "epi_magnitude_change": -0.0004740402863084858, "hash_signature": "a2b5af67b3d5a82f", "sequence_str": "UM -> THOL -> AL -> AL -> REMESH"}