{"sequence": ["AL", "EN", "RA", "NAV", "RA", "NAV"], "coherence_change": 0.0, "sense_index_change": 0.0145566175928461, "phi_s_change": 0.0, "grad_phi_change": -0.06455144619136388, "k_phi_change": -0.16936295806189589, "xi_c_change": 0.0, "phase_sync_change": 0.013179809767731476, "epi_magnitude_change": 0.005420134810958932, "hash_signature": "85a5af5d474e55c0", "sequence_str": "AL -> EN -> RA -> NAV -> RA -> NAV"}