{"sequence": ["EN", "UM", "NAV"], "coherence_change": 0.0, "sense_index_change": 0.03494473384453867, "phi_s_change": 0.0, "grad_phi_change": -0.16997070547858883, "k_phi_change": 0.11991439915088908, "xi_c_change": 0.0, "phase_sync_change": 0.052859414415036166, "epi_magnitude_change": 0.0, "hash_signature": "c53f10dff6ec6622", "sequence_str": "EN -> UM -> NAV"}