{"sequence": ["UM", "AL", "REMESH", "ZHIR", "REMESH"], "coherence_change": 0.0, "sense_index_change": -0.01724200664133152, "phi_s_change": 0.0, "grad_phi_change": 0.04881142320897491, "k_phi_change": -0.06795416523143333, "xi_c_change": 0.0, "phase_sync_change": -0.007671747539466756, "epi_magnitude_change": -0.004511390686976924, "hash_signature": "28900d045a281585", "sequence_str": "UM -> AL -> REMESH -> ZHIR -> REMESH"}