{"sequence": ["OZ", "RA", "RA", "IL", "VAL", "REMESH"], "coherence_change": -0.003427258625604779, "sense_index_change": 0.05025299560509566, "phi_s_change": -0.03417670874137868, "grad_phi_change": -0.2844238144852529, "k_phi_change": 0.13715114319236976, "xi_c_change": 0.0, "phase_sync_change": 0.0968321624840115, "epi_magnitude_change": 0.016505061307437896, "hash_signature": "919ab0b6fc39275c", "sequence_str": "OZ -> RA -> RA -> IL -> VAL -> REMESH"}