{"sequence": ["THOL", "EN", "SHA", "UM", "IL", "REMESH"], "coherence_change": 0.010382450074348681, "sense_index_change": 0.03380571576310676, "phi_s_change": 0.047636023970664465, "grad_phi_change": -0.14997954264410662, "k_phi_change": 0.30361535361569625, "xi_c_change": 0.0, "phase_sync_change": 0.06405026088721455, "epi_magnitude_change": 0.001188437984952051, "hash_signature": "0df9a22221aa4376", "sequence_str": "THOL -> EN -> SHA -> UM -> IL -> REMESH"}