{"sequence": ["NAV", "RA", "NUL", "THOL", "OZ"], "coherence_change": -0.0016319847276984323, "sense_index_change": 0.003972583150203324, "phi_s_change": -0.033534839260885185, "grad_phi_change": -0.006895429196636549, "k_phi_change": 0.4152523405844943, "xi_c_change": 0.0, "phase_sync_change": -0.0014349527823311892, "epi_magnitude_change": -0.017141637226492312, "hash_signature": "358c723bded791a0", "sequence_str": "NAV -> RA -> NUL -> THOL -> OZ"}