{"sequence": ["VAL", "OZ", "RA", "NUL", "REMESH"], "coherence_change": -0.00999319047563152, "sense_index_change": 0.009422662241300617, "phi_s_change": -0.036357562952096356, "grad_phi_change": -0.03855650068163974, "k_phi_change": 0.007771055233911722, "xi_c_change": 0.0, "phase_sync_change": 0.003691169973308761, "epi_magnitude_change": 0.004940310602821296, "hash_signature": "a89b341f2664c6fb", "sequence_str": "VAL -> OZ -> RA -> NUL -> REMESH"}