{"sequence": ["NAV", "OZ", "IL", "REMESH"], "coherence_change": -0.006311326430359587, "sense_index_change": -0.004139100860671596, "phi_s_change": -0.1653738180107821, "grad_phi_change": 0.0, "k_phi_change": 0.0, "xi_c_change": 0.0, "phase_sync_change": 0.0, "epi_magnitude_change": 0.0013760290794345709, "hash_signature": "5fe9551e825a21d8", "sequence_str": "NAV -> OZ -> IL -> REMESH"}