{"sequence": ["REMESH", "EN", "VAL", "OZ"], "coherence_change": -0.013782960909194175, "sense_index_change": -0.006014451584835712, "phi_s_change": -0.13929368482272697, "grad_phi_change": 0.0, "k_phi_change": 0.0, "xi_c_change": 0.0, "phase_sync_change": 0.0, "epi_magnitude_change": 0.017718477821213496, "hash_signature": "03261893b7caf9b0", "sequence_str": "REMESH -> EN -> VAL -> OZ"}