{"sequence": ["EN", "OZ", "UM", "VAL", "SHA"], "coherence_change": -0.014791868944956321, "sense_index_change": -0.010921622017788069, "phi_s_change": -0.0358378757605049, "grad_phi_change": 0.04587450633115853, "k_phi_change": -0.033434578991935526, "xi_c_change": 0.0, "phase_sync_change": -0.020386959549905326, "epi_magnitude_change": 0.02067786986304665, "hash_signature": "d70684a716dbfaf2", "sequence_str": "EN -> OZ -> UM -> VAL -> SHA"}