{"sequence": ["REMESH", "SHA", "OZ", "EN", "UM", "SHA"], "coherence_change": -0.012836334895158896, "sense_index_change": 0.08476014645415919, "phi_s_change": -0.01480259756810165, "grad_phi_change": -0.4093149734129804, "k_phi_change": 0.21490456726830529, "xi_c_change": 0.0, "phase_sync_change": 0.1405294268020182, "epi_magnitude_change": 0.0010902319886045841, "hash_signature": "06519d740f3621a7", "sequence_str": "REMESH -> SHA -> OZ -> EN -> UM -> SHA"}