{"sequence": ["OZ", "AL", "NUL", "REMESH"], "coherence_change": -0.012452928848551648, "sense_index_change": 0.022884264580867564, "phi_s_change": -0.11342654221276527, "grad_phi_change": 0.0, "k_phi_change": 0.0, "xi_c_change": 0.0, "phase_sync_change": 0.0, "epi_magnitude_change": -0.022638190957833038, "hash_signature": "2b7922f820303620", "sequence_str": "OZ -> AL -> NUL -> REMESH"}