{"sequence": ["OZ", "SHA", "NAV", "RA", "REMESH"], "coherence_change": -0.009880610607574947, "sense_index_change": 0.0036755492887186048, "phi_s_change": 0.0309986985190831, "grad_phi_change": -0.09081465429737645, "k_phi_change": -0.034291128732545195, "xi_c_change": 0.0, "phase_sync_change": 0.02576739921009019, "epi_magnitude_change": 0.000853800547002681, "hash_signature": "540a8a7e522670b1", "sequence_str": "OZ -> SHA -> NAV -> RA -> REMESH"}