{"sequence": ["NAV", "THOL", "RA", "NAV"], "coherence_change": 0.007937021861668114, "sense_index_change": -0.002869951442353358, "phi_s_change": 0.029494240163153163, "grad_phi_change": -0.0038784203815775964, "k_phi_change": 0.4689163512764741, "xi_c_change": 0.0, "phase_sync_change": -0.0022121318005512425, "epi_magnitude_change": 0.0, "hash_signature": "ce7a323c90728523", "sequence_str": "NAV -> THOL -> RA -> NAV"}