{"sequence": ["UM", "VAL", "NAV", "ZHIR", "OZ"], "coherence_change": -0.005694382480909477, "sense_index_change": 0.007615689285435767, "phi_s_change": -0.045510846778639036, "grad_phi_change": 0.009160734876410004, "k_phi_change": 0.26053043222073646, "xi_c_change": 0.0, "phase_sync_change": -0.01078985858545134, "epi_magnitude_change": 0.008297635653652935, "hash_signature": "ad6d52a953b73d19", "sequence_str": "UM -> VAL -> NAV -> ZHIR -> OZ"}