{"sequence": ["SHA", "NUL", "UM", "OZ"], "coherence_change": -0.012539831945767688, "sense_index_change": 0.028900928518262425, "phi_s_change": -0.0008710748403196744, "grad_phi_change": -0.24779891134454068, "k_phi_change": 0.2768589670692657, "xi_c_change": 0.0, "phase_sync_change": 0.06799734912643962, "epi_magnitude_change": -0.02069447384476497, "hash_signature": "612d56fd45f76648", "sequence_str": "SHA -> NUL -> UM -> OZ"}