{"sequence": ["THOL", "EN", "RA", "REMESH"], "coherence_change": 0.004162453904532626, "sense_index_change": 0.026580726295162282, "phi_s_change": 0.04778140948253351, "grad_phi_change": -0.10067844766611311, "k_phi_change": 0.46108379877551064, "xi_c_change": 0.0, "phase_sync_change": 0.029086028184991952, "epi_magnitude_change": 0.0014174997831142289, "hash_signature": "0d40f74394e18db8", "sequence_str": "THOL -> EN -> RA -> REMESH"}