{"sequence": ["SHA", "IL", "ZHIR", "UM", "OZ"], "coherence_change": -0.009687972796850075, "sense_index_change": 0.04821310487481156, "phi_s_change": -0.09258376542034585, "grad_phi_change": -0.17061000718519082, "k_phi_change": 0.16630120911787322, "xi_c_change": 0.0, "phase_sync_change": 0.047765092945528886, "epi_magnitude_change": 0.0, "hash_signature": "41df1a1ec6b1ed3f", "sequence_str": "SHA -> IL -> ZHIR -> UM -> OZ"}