{"sequence": ["EN", "VAL", "THOL", "REMESH"], "coherence_change": 0.0049731045931122875, "sense_index_change": 0.001434367710021034, "phi_s_change": -0.03327665132370805, "grad_phi_change": 0.0, "k_phi_change": 0.0, "xi_c_change": 0.0, "phase_sync_change": 0.0, "epi_magnitude_change": 0.01517076866231526, "hash_signature": "399d5e57d0cbece8", "sequence_str": "EN -> VAL -> THOL -> REMESH"}