{"sequence": ["ZHIR", "UM", "SHA", "RA", "IL", "OZ"], "coherence_change": -0.003329263067931909, "sense_index_change": 0.042659817741099726, "phi_s_change": -0.015909928333819656, "grad_phi_change": -0.15351580337548398, "k_phi_change": -0.0025983618227963245, "xi_c_change": 0.0, "phase_sync_change": 0.05767505581567978, "epi_magnitude_change": 0.0, "hash_signature": "6b447057700ce4d6", "sequence_str": "ZHIR -> UM -> SHA -> RA -> IL -> OZ"}