{"sequence": ["UM", "ZHIR", "ZHIR", "REMESH"], "coherence_change": 0.0, "sense_index_change": 0.0015703878265437288, "phi_s_change": 0.0, "grad_phi_change": -0.07854854260346666, "k_phi_change": 0.2668601718442498, "xi_c_change": 0.0, "phase_sync_change": 0.02667691684151552, "epi_magnitude_change": 0.0014527471241781997, "hash_signature": "0fee94d13fd04ff5", "sequence_str": "UM -> ZHIR -> ZHIR -> REMESH"}