{"sequence": ["NAV", "IL", "NUL", "NUL", "VAL", "SHA"], "coherence_change": 0.004156655101728801, "sense_index_change": 0.0003817535365504554, "phi_s_change": -0.005476186243371095, "grad_phi_change": 0.0, "k_phi_change": 0.0, "xi_c_change": 0.0, "phase_sync_change": 0.0, "epi_magnitude_change": -0.013573695039817535, "hash_signature": "783eb9c3095615b8", "sequence_str": "NAV -> IL -> NUL -> NUL -> VAL -> SHA"}