{"sequence": ["ZHIR", "RA", "EN", "THOL", "REMESH"], "coherence_change": 0.005496809882342135, "sense_index_change": -0.010287207963402878, "phi_s_change": 0.04486585825388045, "grad_phi_change": 0.03334193545068209, "k_phi_change": 0.41082258872746635, "xi_c_change": 0.0, "phase_sync_change": -0.013150268406587728, "epi_magnitude_change": 0.0013795809917459545, "hash_signature": "d4f64fb5a85294d0", "sequence_str": "ZHIR -> RA -> EN -> THOL -> REMESH"}