{"sequence": ["SHA", "RA", "OZ"], "coherence_change": -0.012796510812097983, "sense_index_change": -0.03064486827763835, "phi_s_change": 0.042969225137250655, "grad_phi_change": 0.072173196142431, "k_phi_change": -0.20391809998612165, "xi_c_change": 0.0, "phase_sync_change": -0.031220184949681817, "epi_magnitude_change": 0.0, "hash_signature": "aa49ce4ce8db80d8", "sequence_str": "SHA -> RA -> OZ"}