{"sequence": ["ZHIR", "SHA", "NAV", "THOL", "SHA"], "coherence_change": 0.004350585390928363, "sense_index_change": 0.01968753377891519, "phi_s_change": -0.05513490509821295, "grad_phi_change": -0.009183234434068321, "k_phi_change": 0.05693527648670288, "xi_c_change": 0.0, "phase_sync_change": 0.007186197947930073, "epi_magnitude_change": 0.0, "hash_signature": "e32c5ce13b4230ac", "sequence_str": "ZHIR -> SHA -> NAV -> THOL -> SHA"}