{"sequence": ["SHA", "VAL", "IL", "SHA"], "coherence_change": 0.008264573466671754, "sense_index_change": 0.002125807371329058, "phi_s_change": 0.09065299641611979, "grad_phi_change": 0.0, "k_phi_change": 0.0, "xi_c_change": 0.0, "phase_sync_change": 0.0, "epi_magnitude_change": 0.023964055082704827, "hash_signature": "6260d39ae48b4a00", "sequence_str": "SHA -> VAL -> IL -> SHA"}