{"sequence": ["NUL", "ZHIR", "REMESH", "IL", "OZ"], "coherence_change": 0.0007940632711339601, "sense_index_change": -0.01413990126509218, "phi_s_change": -0.012215942307196581, "grad_phi_change": 0.04403133152972982, "k_phi_change": -0.06587462588411991, "xi_c_change": 0.0, "phase_sync_change": -0.011889004770643474, "epi_magnitude_change": -0.01668700521389277, "hash_signature": "15a9cd2b0571f0f6", "sequence_str": "NUL -> ZHIR -> REMESH -> IL -> OZ"}