{"sequence": ["AL", "ZHIR", "THOL", "REMESH"], "coherence_change": 0.0050923979556013466, "sense_index_change": 0.0016200687985016282, "phi_s_change": -0.03951821711091341, "grad_phi_change": -0.01641001917229512, "k_phi_change": -0.18147437823603535, "xi_c_change": 0.0, "phase_sync_change": 0.009525917763065661, "epi_magnitude_change": 0.00026745791177462674, "hash_signature": "eeda7e876081ac81", "sequence_str": "AL -> ZHIR -> THOL -> REMESH"}