{"sequence": ["SHA", "AL", "UM", "ZHIR", "NAV"], "coherence_change": 0.0, "sense_index_change": 0.018022235809052822, "phi_s_change": 0.0, "grad_phi_change": -0.16888593051655465, "k_phi_change": -0.15211301870740745, "xi_c_change": 0.0, "phase_sync_change": 0.053888470722395776, "epi_magnitude_change": 0.0018353886920685625, "hash_signature": "cc9d01286ae3afb8", "sequence_str": "SHA -> AL -> UM -> ZHIR -> NAV"}