{"sequence": ["OZ", "ZHIR", "EN", "RA", "NAV"], "coherence_change": -0.010019033728932092, "sense_index_change": -0.004185346763712516, "phi_s_change": 0.1671481455445385, "grad_phi_change": 0.04412462865601485, "k_phi_change": 0.4472362068156606, "xi_c_change": 0.0, "phase_sync_change": -0.012284136641471988, "epi_magnitude_change": 0.0, "hash_signature": "336659f6434230ef", "sequence_str": "OZ -> ZHIR -> EN -> RA -> NAV"}