{"sequence": ["UM", "OZ", "SHA", "RA", "OZ"], "coherence_change": -0.018825510243388854, "sense_index_change": 0.019543192802113474, "phi_s_change": 0.028421224366056763, "grad_phi_change": -0.14997258398099444, "k_phi_change": 0.05346344444587295, "xi_c_change": 0.0, "phase_sync_change": 0.03456754312221555, "epi_magnitude_change": 0.0, "hash_signature": "a65cc0d098a1a9cc", "sequence_str": "UM -> OZ -> SHA -> RA -> OZ"}