{"sequence": ["THOL", "SHA", "RA", "NAV"], "coherence_change": 0.005979933627330958, "sense_index_change": -0.007739597996472614, "phi_s_change": 0.08186209656933585, "grad_phi_change": 0.0763291402629378, "k_phi_change": 0.36727083168361957, "xi_c_change": 0.0, "phase_sync_change": -0.03204187573844186, "epi_magnitude_change": 0.0, "hash_signature": "69e19bc8c0efa769", "sequence_str": "THOL -> SHA -> RA -> NAV"}