{"sequence": ["AL", "UM", "AL", "SHA", "VAL", "REMESH"], "coherence_change": 0.0, "sense_index_change": 0.000740257084995144, "phi_s_change": 0.0, "grad_phi_change": 0.027195722605113826, "k_phi_change": 0.004077378658275788, "xi_c_change": 0.0, "phase_sync_change": -0.01878245640340126, "epi_magnitude_change": 0.025650687825475083, "hash_signature": "bc49f9d15b148653", "sequence_str": "AL -> UM -> AL -> SHA -> VAL -> REMESH"}