{"sequence": ["VAL", "RA", "THOL", "OZ"], "coherence_change": -0.0032510402391429105, "sense_index_change": 0.0027691844515913555, "phi_s_change": 0.036365967666459165, "grad_phi_change": -0.08709289475514392, "k_phi_change": 0.09974804902821698, "xi_c_change": 0.0, "phase_sync_change": 0.021685627798684437, "epi_magnitude_change": 0.017264582981671883, "hash_signature": "176c862033737726", "sequence_str": "VAL -> RA -> THOL -> OZ"}