{"sequence": ["AL", "IL", "IL", "OZ", "IL", "SHA"], "coherence_change": 0.003477855274627073, "sense_index_change": 0.012240629825048921, "phi_s_change": -0.05741349310553123, "grad_phi_change": 0.0, "k_phi_change": 0.0, "xi_c_change": 0.0, "phase_sync_change": 0.0, "epi_magnitude_change": 0.0073314877941975665, "hash_signature": "62d8f15638617835", "sequence_str": "AL -> IL -> IL -> OZ -> IL -> SHA"}