{"sequence": ["NAV", "NUL", "SHA", "UM", "NAV"], "coherence_change": 0.0, "sense_index_change": -0.008302472040455089, "phi_s_change": 0.0, "grad_phi_change": 0.0436238259858619, "k_phi_change": 0.04583644958247782, "xi_c_change": 0.0, "phase_sync_change": -0.011189324338425233, "epi_magnitude_change": -0.019164867176230116, "hash_signature": "d548183b64708c7a", "sequence_str": "NAV -> NUL -> SHA -> UM -> NAV"}