{"sequence": ["NAV", "AL", "ZHIR", "EN", "REMESH"], "coherence_change": 0.0, "sense_index_change": -0.01830034755636012, "phi_s_change": 0.0, "grad_phi_change": 0.054691145554519593, "k_phi_change": 0.058950112772245544, "xi_c_change": 0.0, "phase_sync_change": -0.019816543945882947, "epi_magnitude_change": -0.003923504930613664, "hash_signature": "beba6e8e8eca1f21", "sequence_str": "NAV -> AL -> ZHIR -> EN -> REMESH"}