{"sequence": ["NUL", "NAV", "THOL", "NAV", "ZHIR", "OZ"], "coherence_change": -0.005618293289271548, "sense_index_change": -0.007497200964359685, "phi_s_change": -0.18209970559187116, "grad_phi_change": 0.08015131810114307, "k_phi_change": -0.057795145388135016, "xi_c_change": 0.0, "phase_sync_change": -0.025469710115296418, "epi_magnitude_change": -0.012380341132987027, "hash_signature": "040e0f13773b48c1", "sequence_str": "NUL -> NAV -> THOL -> NAV -> ZHIR -> OZ"}