{"sequence": ["AL", "REMESH", "UM", "VAL", "OZ"], "coherence_change": -0.012535880413989675, "sense_index_change": 0.033017701104575914, "phi_s_change": -0.1117635385582102, "grad_phi_change": -0.061052746463165164, "k_phi_change": 0.21346293934599428, "xi_c_change": 0.0, "phase_sync_change": 0.01974587029986652, "epi_magnitude_change": 0.010004369158061577, "hash_signature": "d63ff2c7df8c2496", "sequence_str": "AL -> REMESH -> UM -> VAL -> OZ"}