{"sequence": ["AL", "UM", "VAL", "AL", "UM", "REMESH"], "coherence_change": 0.0, "sense_index_change": 0.04664518080427593, "phi_s_change": 0.0, "grad_phi_change": -0.27949651749397897, "k_phi_change": 0.11673178741201752, "xi_c_change": 0.0, "phase_sync_change": 0.09138584761820467, "epi_magnitude_change": 0.00926758864119992, "hash_signature": "a48f06bd22cedae0", "sequence_str": "AL -> UM -> VAL -> AL -> UM -> REMESH"}