{"sequence": ["REMESH", "NUL", "IL", "THOL", "SHA"], "coherence_change": 0.011032830289796847, "sense_index_change": 0.014873086875772379, "phi_s_change": -0.025754301918900824, "grad_phi_change": 0.0, "k_phi_change": 0.0, "xi_c_change": 0.0, "phase_sync_change": 0.0, "epi_magnitude_change": -0.025880350245983896, "hash_signature": "0baa3077698bb660", "sequence_str": "REMESH -> NUL -> IL -> THOL -> SHA"}