{"sequence": ["RA", "NAV", "RA", "REMESH", "THOL", "SHA"], "coherence_change": 0.004685406319169139, "sense_index_change": 0.023931039161351086, "phi_s_change": -0.004562656208501048, "grad_phi_change": -0.1298449131929793, "k_phi_change": 0.45305641767513827, "xi_c_change": 0.0, "phase_sync_change": 0.032308183749281905, "epi_magnitude_change": 0.0015086875371607134, "hash_signature": "4774b6900bd0b540", "sequence_str": "RA -> NAV -> RA -> REMESH -> THOL -> SHA"}