{"sequence": ["AL", "AL", "UM", "REMESH"], "coherence_change": 0.0, "sense_index_change": -0.005797035936474404, "phi_s_change": 0.0, "grad_phi_change": 0.03620472883553605, "k_phi_change": 0.13677469485815283, "xi_c_change": 0.0, "phase_sync_change": -0.011709455003738434, "epi_magnitude_change": -0.0012631745532692973, "hash_signature": "139dafe3a3b6fb30", "sequence_str": "AL -> AL -> UM -> REMESH"}