{"sequence": ["NAV", "EN", "IL", "NUL", "OZ"], "coherence_change": -0.004421233341151964, "sense_index_change": 0.013033755574263228, "phi_s_change": 0.07175655222765864, "grad_phi_change": 0.0, "k_phi_change": 0.0, "xi_c_change": 0.0, "phase_sync_change": 0.0, "epi_magnitude_change": -0.019936755905168968, "hash_signature": "9a920cb0c53ec630", "sequence_str": "NAV -> EN -> IL -> NUL -> OZ"}