{"sequence": ["VAL", "OZ", "NAV", "EN", "OZ"], "coherence_change": -0.03011740672036245, "sense_index_change": 0.028133919674298125, "phi_s_change": -0.1804492303133335, "grad_phi_change": 0.0, "k_phi_change": 0.0, "xi_c_change": 0.0, "phase_sync_change": 0.0, "epi_magnitude_change": 0.010017163751495639, "hash_signature": "15e88c50f40f0f1e", "sequence_str": "VAL -> OZ -> NAV -> EN -> OZ"}