{"sequence": ["THOL", "OZ", "SHA", "EN", "ZHIR", "REMESH"], "coherence_change": -0.00815510293469457, "sense_index_change": 0.0020327486063503875, "phi_s_change": -0.12023701902799522, "grad_phi_change": 0.11173841026391207, "k_phi_change": 0.15717703129791905, "xi_c_change": 0.0, "phase_sync_change": -0.032174727137634584, "epi_magnitude_change": 0.0015085259951299612, "hash_signature": "ffd17bbfb38becde", "sequence_str": "THOL -> OZ -> SHA -> EN -> ZHIR -> REMESH"}