{"sequence": ["IL", "VAL", "THOL", "SHA", "EN", "OZ"], "coherence_change": 0.001267576369364587, "sense_index_change": 0.007694859820694733, "phi_s_change": -0.06990798526581266, "grad_phi_change": 0.0, "k_phi_change": 0.0, "xi_c_change": 0.0, "phase_sync_change": 0.0, "epi_magnitude_change": 0.012469847572326609, "hash_signature": "10063732f225e5ea", "sequence_str": "IL -> VAL -> THOL -> SHA -> EN -> OZ"}