{"sequence": ["OZ", "ZHIR", "RA", "THOL", "EN", "OZ"], "coherence_change": -0.018653871197457095, "sense_index_change": -0.02737315022104886, "phi_s_change": 0.07818880437764275, "grad_phi_change": 0.0791029563071528, "k_phi_change": 0.27150298985665317, "xi_c_change": 0.0, "phase_sync_change": -0.030650875071795314, "epi_magnitude_change": 0.0, "hash_signature": "81a3ce7f63ff1779", "sequence_str": "OZ -> ZHIR -> RA -> THOL -> EN -> OZ"}