{"sequence": ["UM", "UM", "IL", "UM", "OZ"], "coherence_change": -0.004199970718614443, "sense_index_change": 0.06043141530584373, "phi_s_change": -0.10151825005812531, "grad_phi_change": -0.3595421373576384, "k_phi_change": 0.16193575947793576, "xi_c_change": 0.0, "phase_sync_change": 0.1075760529502372, "epi_magnitude_change": 0.0, "hash_signature": "d8f4cd1d2853bf29", "sequence_str": "UM -> UM -> IL -> UM -> OZ"}