{"sequence": ["EN", "REMESH", "ZHIR", "REMESH"], "coherence_change": 0.0, "sense_index_change": -0.010738187874760774, "phi_s_change": 0.0, "grad_phi_change": 0.0972265638835923, "k_phi_change": -0.1307877965462883, "xi_c_change": 0.0, "phase_sync_change": -0.03335216867781976, "epi_magnitude_change": 0.0029740713193706636, "hash_signature": "3aa835473fc8ba6f", "sequence_str": "EN -> REMESH -> ZHIR -> REMESH"}