{"sequence": ["NAV", "RA", "NAV", "EN", "NUL", "REMESH"], "coherence_change": 0.0, "sense_index_change": -0.01745515598460179, "phi_s_change": 0.0, "grad_phi_change": 0.07735056217123848, "k_phi_change": -0.10160137995863588, "xi_c_change": 0.0, "phase_sync_change": -0.032495795616348855, "epi_magnitude_change": -0.011043373524583955, "hash_signature": "7f2acbd3e3ac84a2", "sequence_str": "NAV -> RA -> NAV -> EN -> NUL -> REMESH"}