{"sequence": ["AL", "RA", "OZ", "THOL", "REMESH"], "coherence_change": -0.009044952397365802, "sense_index_change": 0.023497572974738312, "phi_s_change": 0.008007629940270378, "grad_phi_change": -0.05808950141174618, "k_phi_change": 0.1103796248450843, "xi_c_change": 0.0, "phase_sync_change": 0.01280451673934313, "epi_magnitude_change": -0.0022052714097653414, "hash_signature": "bddee4edb50391f4", "sequence_str": "AL -> RA -> OZ -> THOL -> REMESH"}