{"sequence": ["AL", "ZHIR", "UM", "EN", "UM", "NAV"], "coherence_change": 0.0, "sense_index_change": 0.03429831471291156, "phi_s_change": 0.0, "grad_phi_change": -0.20439335007553483, "k_phi_change": 0.3200308067647223, "xi_c_change": 0.0, "phase_sync_change": 0.0614007128359596, "epi_magnitude_change": 0.007700363234631302, "hash_signature": "3cc461199a29a4e1", "sequence_str": "AL -> ZHIR -> UM -> EN -> UM -> NAV"}