{"sequence": ["AL", "OZ", "SHA", "NAV"], "coherence_change": -0.009088221812638353, "sense_index_change": -0.0025630967941893124, "phi_s_change": -0.059726342941128996, "grad_phi_change": 0.0, "k_phi_change": 0.0, "xi_c_change": 0.0, "phase_sync_change": 0.0, "epi_magnitude_change": -0.0027589304264925563, "hash_signature": "bd54c89ed35ed8bc", "sequence_str": "AL -> OZ -> SHA -> NAV"}