{"sequence": ["ZHIR", "THOL", "THOL", "EN", "SHA"], "coherence_change": 0.009687112365730721, "sense_index_change": 0.018014021892394427, "phi_s_change": 0.058416932321545545, "grad_phi_change": -0.0885352140872171, "k_phi_change": 0.2362977540185717, "xi_c_change": 0.0, "phase_sync_change": 0.02630828867791446, "epi_magnitude_change": 0.0, "hash_signature": "e7a3d3dfaa922aee", "sequence_str": "ZHIR -> THOL -> THOL -> EN -> SHA"}