{"sequence": ["RA", "OZ", "IL", "NAV", "OZ"], "coherence_change": -0.018619577017071398, "sense_index_change": 0.02085380870994935, "phi_s_change": 0.028336095981784104, "grad_phi_change": 0.021683567451113994, "k_phi_change": 0.12997025993949463, "xi_c_change": 0.0, "phase_sync_change": -0.015518431575079594, "epi_magnitude_change": 0.0, "hash_signature": "af7b724705857a55", "sequence_str": "RA -> OZ -> IL -> NAV -> OZ"}