{"sequence": ["SHA", "OZ", "NUL", "THOL", "NAV"], "coherence_change": -0.01067531776541053, "sense_index_change": 0.016941321069536386, "phi_s_change": -0.1009613034690674, "grad_phi_change": 0.0, "k_phi_change": 0.0, "xi_c_change": 0.0, "phase_sync_change": 0.0, "epi_magnitude_change": -0.013019377740107085, "hash_signature": "f6f2eef574575765", "sequence_str": "SHA -> OZ -> NUL -> THOL -> NAV"}