{"sequence": ["SHA", "REMESH", "UM", "SHA"], "coherence_change": 0.0, "sense_index_change": -0.006656327362068559, "phi_s_change": 0.0, "grad_phi_change": 0.06100382537759841, "k_phi_change": 0.3339370326756681, "xi_c_change": 0.0, "phase_sync_change": -0.026655392312833315, "epi_magnitude_change": 0.001299567169832816, "hash_signature": "ba7ddb8a2ffcb3f7", "sequence_str": "SHA -> REMESH -> UM -> SHA"}