{"sequence": ["REMESH", "VAL", "NUL", "OZ"], "coherence_change": -0.011495657974964324, "sense_index_change": -0.008286318854173857, "phi_s_change": 0.013507376846680685, "grad_phi_change": 0.0, "k_phi_change": 0.0, "xi_c_change": 0.0, "phase_sync_change": 0.0, "epi_magnitude_change": -0.0066262128162039025, "hash_signature": "96e81a4415bf07dd", "sequence_str": "REMESH -> VAL -> NUL -> OZ"}