{"sequence": ["REMESH", "AL", "NUL", "ZHIR", "AL", "OZ"], "coherence_change": -0.015277051570121936, "sense_index_change": 0.0014146315583727365, "phi_s_change": -0.06320920878609904, "grad_phi_change": 0.10508899333714083, "k_phi_change": 0.12241523658054011, "xi_c_change": 0.0, "phase_sync_change": -0.03272433173118172, "epi_magnitude_change": -0.007276651289702785, "hash_signature": "584cd6c7754d1b22", "sequence_str": "REMESH -> AL -> NUL -> ZHIR -> AL -> OZ"}