{"sequence": ["REMESH", "ZHIR", "IL", "NUL", "NAV"], "coherence_change": 0.00856471785668067, "sense_index_change": -0.002507281181781007, "phi_s_change": 0.06363231586270979, "grad_phi_change": -0.05042225900151509, "k_phi_change": 0.15565798173636433, "xi_c_change": 0.0, "phase_sync_change": 0.018306187237257965, "epi_magnitude_change": -0.010158071674016167, "hash_signature": "db02789cdbade3ea", "sequence_str": "REMESH -> ZHIR -> IL -> NUL -> NAV"}