{"sequence": ["THOL", "REMESH", "SHA", "ZHIR", "OZ"], "coherence_change": -0.006519423587828976, "sense_index_change": 0.022313440065901746, "phi_s_change": -0.07802534900442637, "grad_phi_change": -0.04031879942727001, "k_phi_change": 0.03400028914780326, "xi_c_change": 0.0, "phase_sync_change": 0.014484609361025025, "epi_magnitude_change": 0.0016411113477684536, "hash_signature": "e807dbe435147d2d", "sequence_str": "THOL -> REMESH -> SHA -> ZHIR -> OZ"}