{"sequence": ["RA", "OZ", "OZ", "VAL", "REMESH"], "coherence_change": -0.02515534166360911, "sense_index_change": 0.04259810507810868, "phi_s_change": -0.2571918704958249, "grad_phi_change": -0.12116737984290804, "k_phi_change": 0.24024112647342238, "xi_c_change": 0.0, "phase_sync_change": 0.03508773766054307, "epi_magnitude_change": 0.016038658551117302, "hash_signature": "2f479f16d2235f70", "sequence_str": "RA -> OZ -> OZ -> VAL -> REMESH"}