{"sequence": ["AL", "THOL", "EN", "ZHIR", "REMESH"], "coherence_change": 0.005488679990487189, "sense_index_change": -0.01704901021785532, "phi_s_change": 0.027654243895189667, "grad_phi_change": 0.031104198821773732, "k_phi_change": 0.028073563265187562, "xi_c_change": 0.0, "phase_sync_change": -0.008841393804301267, "epi_magnitude_change": -0.00469298899008086, "hash_signature": "b2945d84d12bac87", "sequence_str": "AL -> THOL -> EN -> ZHIR -> REMESH"}