{"sequence": ["AL", "REMESH", "ZHIR", "REMESH"], "coherence_change": 0.0, "sense_index_change": -0.00966288676136079, "phi_s_change": 0.0, "grad_phi_change": 0.02298111821346982, "k_phi_change": 0.18284048620270366, "xi_c_change": 0.0, "phase_sync_change": -0.006255736940410372, "epi_magnitude_change": 0.0001513051504391516, "hash_signature": "bbf3d4b7240d9f10", "sequence_str": "AL -> REMESH -> ZHIR -> REMESH"}