{"sequence": ["RA", "OZ", "AL", "OZ"], "coherence_change": -0.015990361531246444, "sense_index_change": -0.001752716233603735, "phi_s_change": 0.08825994834469053, "grad_phi_change": -0.026479724982040098, "k_phi_change": 0.46356132441310083, "xi_c_change": 0.0, "phase_sync_change": 0.0042500749453074915, "epi_magnitude_change": -0.003147106226003782, "hash_signature": "3002870905f8b453", "sequence_str": "RA -> OZ -> AL -> OZ"}