{"sequence": ["SHA", "AL", "EN", "OZ"], "coherence_change": -0.011216846158543348, "sense_index_change": -0.009241055455733838, "phi_s_change": 0.08284356683922289, "grad_phi_change": 0.0, "k_phi_change": 0.0, "xi_c_change": 0.0, "phase_sync_change": 0.0, "epi_magnitude_change": 0.009957049905801929, "hash_signature": "17ddb88171e6ecbe", "sequence_str": "SHA -> AL -> EN -> OZ"}