{"sequence": ["NUL", "EN", "SHA", "OZ"], "coherence_change": -0.012682060220753577, "sense_index_change": 0.019415634351401256, "phi_s_change": -0.035638534538784516, "grad_phi_change": 0.0, "k_phi_change": 0.0, "xi_c_change": 0.0, "phase_sync_change": 0.0, "epi_magnitude_change": -0.012283771618855965, "hash_signature": "288e055cd1c8dcfc", "sequence_str": "NUL -> EN -> SHA -> OZ"}