{"sequence": ["NAV", "RA", "EN", "THOL", "RA", "NAV"], "coherence_change": 0.007415278796172875, "sense_index_change": 0.029988617557198616, "phi_s_change": 0.026080128919264922, "grad_phi_change": -0.20886130777526457, "k_phi_change": -0.11513179243853405, "xi_c_change": 0.0, "phase_sync_change": 0.06432056651509344, "epi_magnitude_change": 0.0, "hash_signature": "c505f0f3d445505d", "sequence_str": "NAV -> RA -> EN -> THOL -> RA -> NAV"}