{"sequence": ["VAL", "IL", "THOL", "EN", "THOL", "OZ"], "coherence_change": 0.010321396218178847, "sense_index_change": -0.0069219956778947545, "phi_s_change": 0.07007299519317534, "grad_phi_change": 0.0, "k_phi_change": 0.0, "xi_c_change": 0.0, "phase_sync_change": 0.0, "epi_magnitude_change": 0.016774646093369094, "hash_signature": "a052233aa463709b", "sequence_str": "VAL -> IL -> THOL -> EN -> THOL -> OZ"}