{"sequence": ["AL", "OZ", "EN", "THOL", "REMESH"], "coherence_change": -0.00269565749750722, "sense_index_change": 0.0005632919393165903, "phi_s_change": 0.02333835886463287, "grad_phi_change": 0.0, "k_phi_change": 0.0, "xi_c_change": 0.0, "phase_sync_change": 0.0, "epi_magnitude_change": 0.00872878727901849, "hash_signature": "9476fb2b592849f8", "sequence_str": "AL -> OZ -> EN -> THOL -> REMESH"}