{"sequence": ["AL", "IL", "EN", "OZ"], "coherence_change": -0.0025949499398985054, "sense_index_change": 0.00032777524104044, "phi_s_change": -0.002786221477522499, "grad_phi_change": 0.0, "k_phi_change": 0.0, "xi_c_change": 0.0, "phase_sync_change": 0.0, "epi_magnitude_change": -0.0015487784301008167, "hash_signature": "ca52827a6fa8d5bf", "sequence_str": "AL -> IL -> EN -> OZ"}