{"sequence": ["NAV", "THOL", "ZHIR", "ZHIR", "EN", "OZ"], "coherence_change": -0.005232109682485331, "sense_index_change": -0.011568831750003117, "phi_s_change": 0.01013120780179333, "grad_phi_change": -0.021282555686388704, "k_phi_change": -0.08791689205522885, "xi_c_change": 0.0, "phase_sync_change": 0.008380454187242536, "epi_magnitude_change": 0.0, "hash_signature": "ceb877706a56488b", "sequence_str": "NAV -> THOL -> ZHIR -> ZHIR -> EN -> OZ"}