{"sequence": ["EN", "EN", "NAV", "NAV", "VAL", "OZ"], "coherence_change": -0.010709318083255037, "sense_index_change": 0.010166722477709556, "phi_s_change": -0.13253724591546023, "grad_phi_change": 0.0, "k_phi_change": 0.0, "xi_c_change": 0.0, "phase_sync_change": 0.0, "epi_magnitude_change": 0.010592307774223375, "hash_signature": "bdd236f456874fe4", "sequence_str": "EN -> EN -> NAV -> NAV -> VAL -> OZ"}