{"sequence": ["ZHIR", "UM", "EN", "OZ"], "coherence_change": -0.014812777963749246, "sense_index_change": 0.05031301707850666, "phi_s_change": -0.10539886929759368, "grad_phi_change": -0.23620194763518776, "k_phi_change": 0.5003366945596708, "xi_c_change": 0.0, "phase_sync_change": 0.07346601915693607, "epi_magnitude_change": 0.0, "hash_signature": "b6a164b8e45a41e6", "sequence_str": "ZHIR -> UM -> EN -> OZ"}