{"sequence": ["AL", "OZ", "EN", "NAV", "AL", "OZ"], "coherence_change": -0.029314125363373078, "sense_index_change": 0.013636824801696812, "phi_s_change": -0.20406254530884882, "grad_phi_change": 0.0, "k_phi_change": 0.0, "xi_c_change": 0.0, "phase_sync_change": 0.0, "epi_magnitude_change": -0.0033561155845645008, "hash_signature": "3d892f46e297a76e", "sequence_str": "AL -> OZ -> EN -> NAV -> AL -> OZ"}