{"sequence": ["AL", "UM", "VAL", "RA", "NUL", "OZ"], "coherence_change": -0.010235903372765587, "sense_index_change": 0.05131312810476529, "phi_s_change": -0.049670549663145214, "grad_phi_change": -0.20328042725105644, "k_phi_change": 0.37516893175820176, "xi_c_change": 0.0, "phase_sync_change": 0.07118413962450598, "epi_magnitude_change": -0.0023858451738353326, "hash_signature": "d23c252008b77ed9", "sequence_str": "AL -> UM -> VAL -> RA -> NUL -> OZ"}