{"sequence": ["RA", "AL", "NAV"], "coherence_change": 0.0, "sense_index_change": 0.0001397595008247876, "phi_s_change": 0.0, "grad_phi_change": -0.042466253494657824, "k_phi_change": 0.18913313554684244, "xi_c_change": 0.0, "phase_sync_change": 0.007183323553391796, "epi_magnitude_change": 0.0016125749590324423, "hash_signature": "6a2ded560a7492c1", "sequence_str": "RA -> AL -> NAV"}