{"sequence": ["NAV", "IL", "ZHIR", "RA", "IL", "OZ"], "coherence_change": 0.002627864401796187, "sense_index_change": -0.011555239810899287, "phi_s_change": 0.07092000454462988, "grad_phi_change": 0.003886918728785993, "k_phi_change": 0.495474935257664, "xi_c_change": 0.0, "phase_sync_change": -0.004261311934074974, "epi_magnitude_change": 0.0, "hash_signature": "ce513d8fc0b2d437", "sequence_str": "NAV -> IL -> ZHIR -> RA -> IL -> OZ"}