{"sequence": ["AL", "AL", "OZ", "OZ", "NAV"], "coherence_change": -0.030073769590724053, "sense_index_change": 0.03308899530309073, "phi_s_change": -0.07477442670095236, "grad_phi_change": 0.0, "k_phi_change": 0.0, "xi_c_change": 0.0, "phase_sync_change": 0.0, "epi_magnitude_change": 0.0040862840150831525, "hash_signature": "8a083106c4c00e18", "sequence_str": "AL -> AL -> OZ -> OZ -> NAV"}