{"sequence": ["UM", "SHA", "REMESH", "UM", "SHA"], "coherence_change": 0.0, "sense_index_change": 0.04672665818857358, "phi_s_change": 0.0, "grad_phi_change": -0.4269529176373099, "k_phi_change": 0.34789979218344663, "xi_c_change": 0.0, "phase_sync_change": 0.132592191511963, "epi_magnitude_change": 0.0014309553823467214, "hash_signature": "5901b55e838a8344", "sequence_str": "UM -> SHA -> REMESH -> UM -> SHA"}