{"sequence": ["OZ", "AL", "AL", "EN", "OZ"], "coherence_change": -0.03026486036766496, "sense_index_change": 0.035154583713373655, "phi_s_change": -0.1205268477389091, "grad_phi_change": 0.0, "k_phi_change": 0.0, "xi_c_change": 0.0, "phase_sync_change": 0.0, "epi_magnitude_change": 0.002415438039337192, "hash_signature": "9af34c6af975497f", "sequence_str": "OZ -> AL -> AL -> EN -> OZ"}