{"sequence": ["THOL", "EN", "UM", "OZ"], "coherence_change": -0.008183379686412917, "sense_index_change": 0.06515943096634591, "phi_s_change": -0.13249459686668397, "grad_phi_change": -0.18625017962882784, "k_phi_change": 0.1647017910402769, "xi_c_change": 0.0, "phase_sync_change": 0.06924334013227973, "epi_magnitude_change": 0.0, "hash_signature": "a39c2796eaad0565", "sequence_str": "THOL -> EN -> UM -> OZ"}