{"sequence": ["NUL", "NAV", "THOL", "SHA"], "coherence_change": 0.004941905045491746, "sense_index_change": -0.011632063119198233, "phi_s_change": 0.02194858531853283, "grad_phi_change": 0.0, "k_phi_change": 0.0, "xi_c_change": 0.0, "phase_sync_change": 0.0, "epi_magnitude_change": -0.01876846422002132, "hash_signature": "35b79433cd9834db", "sequence_str": "NUL -> NAV -> THOL -> SHA"}