{"sequence": ["AL", "UM", "AL", "OZ"], "coherence_change": -0.0098988568372258, "sense_index_change": 0.029565900337717665, "phi_s_change": -0.03846588423888897, "grad_phi_change": -0.15165064517018223, "k_phi_change": 0.15274725059586855, "xi_c_change": 0.0, "phase_sync_change": 0.048481154506799684, "epi_magnitude_change": -0.0027800963147234237, "hash_signature": "58c94ff250e34ccc", "sequence_str": "AL -> UM -> AL -> OZ"}