{"sequence": ["SHA", "RA", "REMESH", "AL", "EN", "REMESH"], "coherence_change": 0.0, "sense_index_change": 0.0006236781370589917, "phi_s_change": 0.0, "grad_phi_change": -0.01670447743558401, "k_phi_change": 0.18938914873152368, "xi_c_change": 0.0, "phase_sync_change": 0.0001563725303471708, "epi_magnitude_change": 0.009261574403708672, "hash_signature": "2b1328fc18b84230", "sequence_str": "SHA -> RA -> REMESH -> AL -> EN -> REMESH"}