{"sequence": ["AL", "EN", "RA", "EN", "REMESH"], "coherence_change": 0.0, "sense_index_change": 0.00014174022361568284, "phi_s_change": 0.0, "grad_phi_change": 0.05332441158243495, "k_phi_change": 0.21186610974464454, "xi_c_change": 0.0, "phase_sync_change": -0.01985808671563183, "epi_magnitude_change": -0.005732841899478092, "hash_signature": "9a4282c3e490907b", "sequence_str": "AL -> EN -> RA -> EN -> REMESH"}