{"sequence": ["REMESH", "SHA", "SHA", "IL", "REMESH"], "coherence_change": 0.006155322197824109, "sense_index_change": 0.0013820947783300674, "phi_s_change": 0.018825514733631588, "grad_phi_change": 0.0, "k_phi_change": 0.0, "xi_c_change": 0.0, "phase_sync_change": 0.0, "epi_magnitude_change": 0.0026585508931583623, "hash_signature": "77b3d01f9dc269f2", "sequence_str": "REMESH -> SHA -> SHA -> IL -> REMESH"}