{"sequence": ["NAV", "ZHIR", "SHA", "RA", "REMESH"], "coherence_change": 0.0, "sense_index_change": -0.014574502389406496, "phi_s_change": 0.0, "grad_phi_change": -0.007109548921682585, "k_phi_change": 0.6269267548166889, "xi_c_change": 0.0, "phase_sync_change": 0.005405726276647038, "epi_magnitude_change": 0.0010630569171509174, "hash_signature": "70d41eee1c4cf61a", "sequence_str": "NAV -> ZHIR -> SHA -> RA -> REMESH"}