{"sequence": ["NAV", "OZ", "EN", "AL", "NAV"], "coherence_change": -0.009714644675313244, "sense_index_change": -0.005116392231232059, "phi_s_change": 0.061464674516654716, "grad_phi_change": 0.0, "k_phi_change": 0.0, "xi_c_change": 0.0, "phase_sync_change": 0.0, "epi_magnitude_change": -0.002937740845324832, "hash_signature": "63703ccc904c64e6", "sequence_str": "NAV -> OZ -> EN -> AL -> NAV"}