{"sequence": ["RA", "NAV", "ZHIR", "SHA"], "coherence_change": 0.0, "sense_index_change": 0.007298792199007975, "phi_s_change": 0.0, "grad_phi_change": -0.02120817901780092, "k_phi_change": 0.20064055079255838, "xi_c_change": 0.0, "phase_sync_change": -0.0002902579822653406, "epi_magnitude_change": 0.0, "hash_signature": "99f67924afe4fc20", "sequence_str": "RA -> NAV -> ZHIR -> SHA"}