{"sequence": ["OZ", "AL", "REMESH"], "coherence_change": -0.01629003839344645, "sense_index_change": -0.004928870180880063, "phi_s_change": 0.09491079374390443, "grad_phi_change": 0.0, "k_phi_change": 0.0, "xi_c_change": 0.0, "phase_sync_change": 0.0, "epi_magnitude_change": -0.000740165900867007, "hash_signature": "0e7808ac61c4ff89", "sequence_str": "OZ -> AL -> REMESH"}