{"sequence": ["AL", "NAV", "IL", "IL", "REMESH"], "coherence_change": 0.013561494793700501, "sense_index_change": 0.010858648936644233, "phi_s_change": -0.011035480661478858, "grad_phi_change": 0.0, "k_phi_change": 0.0, "xi_c_change": 0.0, "phase_sync_change": 0.0, "epi_magnitude_change": 0.0023615975467554673, "hash_signature": "60ae10b8b800cedc", "sequence_str": "AL -> NAV -> IL -> IL -> REMESH"}