{"sequence": ["REMESH", "NAV", "RA", "RA", "AL", "SHA"], "coherence_change": 0.0, "sense_index_change": 0.023801401949263834, "phi_s_change": 0.0, "grad_phi_change": -0.20531997799012336, "k_phi_change": 0.3374125087099354, "xi_c_change": 0.0, "phase_sync_change": 0.06263733659825255, "epi_magnitude_change": -0.0012892331050712302, "hash_signature": "6666edd53af05e32", "sequence_str": "REMESH -> NAV -> RA -> RA -> AL -> SHA"}