{"sequence": ["THOL", "IL", "VAL", "OZ"], "coherence_change": 0.002736689562397032, "sense_index_change": 0.02219732801786589, "phi_s_change": -0.014191068540255314, "grad_phi_change": 0.0, "k_phi_change": 0.0, "xi_c_change": 0.0, "phase_sync_change": 0.0, "epi_magnitude_change": 0.008123457021359415, "hash_signature": "3fc8e59b5e4c6d32", "sequence_str": "THOL -> IL -> VAL -> OZ"}