{"sequence": ["REMESH", "ZHIR", "THOL", "SHA"], "coherence_change": 0.0033785722129776596, "sense_index_change": 0.027229078298326326, "phi_s_change": -0.005889587804259633, "grad_phi_change": -0.03556511573680177, "k_phi_change": 0.09781164210193204, "xi_c_change": 0.0, "phase_sync_change": 0.007186869463969625, "epi_magnitude_change": 0.001589832891984444, "hash_signature": "3a4714f26ba4440e", "sequence_str": "REMESH -> ZHIR -> THOL -> SHA"}