{"sequence": ["RA", "SHA", "SHA", "THOL", "SHA"], "coherence_change": 0.0065427827623179, "sense_index_change": -0.003157372093744004, "phi_s_change": 0.010721999163952556, "grad_phi_change": -0.07570172188586066, "k_phi_change": 0.3192384273947587, "xi_c_change": 0.0, "phase_sync_change": 0.0226929423635841, "epi_magnitude_change": 0.0, "hash_signature": "7caa23bad5d95cc7", "sequence_str": "RA -> SHA -> SHA -> THOL -> SHA"}