{"sequence": ["RA", "UM", "IL", "ZHIR", "NUL", "NAV"], "coherence_change": 0.010711142352293535, "sense_index_change": 0.043387669460983935, "phi_s_change": 0.03162412945833448, "grad_phi_change": -0.2723369888748035, "k_phi_change": 0.424457897780415, "xi_c_change": 0.0, "phase_sync_change": 0.08641558344706046, "epi_magnitude_change": -0.011190213531743098, "hash_signature": "6f94da1dabfbdb6b", "sequence_str": "RA -> UM -> IL -> ZHIR -> NUL -> NAV"}