{"sequence": ["AL", "NAV", "VAL", "UM", "OZ"], "coherence_change": -0.0128975573801563, "sense_index_change": 0.02603696959439339, "phi_s_change": -0.04242114377163009, "grad_phi_change": -0.1160547768839506, "k_phi_change": 0.24791487193654493, "xi_c_change": 0.0, "phase_sync_change": 0.048724721248963765, "epi_magnitude_change": 0.007971925146481262, "hash_signature": "dca8b25618de9080", "sequence_str": "AL -> NAV -> VAL -> UM -> OZ"}