{"sequence": ["IL", "ZHIR", "VAL", "REMESH", "EN", "REMESH"], "coherence_change": 0.00672115745746138, "sense_index_change": -0.002799516723494544, "phi_s_change": -0.008955905577713974, "grad_phi_change": 0.02215826149310618, "k_phi_change": 0.10097648705007124, "xi_c_change": 0.0, "phase_sync_change": -0.006504841858115951, "epi_magnitude_change": 0.01832929210219636, "hash_signature": "700fb907bc5bead7", "sequence_str": "IL -> ZHIR -> VAL -> REMESH -> EN -> REMESH"}