{"sequence": ["THOL", "IL", "REMESH", "ZHIR", "REMESH"], "coherence_change": 0.011481525717516261, "sense_index_change": -0.0011535528524037053, "phi_s_change": 0.03206828351387003, "grad_phi_change": -0.04988104419518957, "k_phi_change": -0.23117851306297948, "xi_c_change": 0.0, "phase_sync_change": 0.013752881760601299, "epi_magnitude_change": 0.002517225617951202, "hash_signature": "719bc9c335e41b55", "sequence_str": "THOL -> IL -> REMESH -> ZHIR -> REMESH"}