{"sequence": ["REMESH", "NUL", "SHA", "THOL", "NAV"], "coherence_change": 0.006482751049828761, "sense_index_change": -0.00040500708062762847, "phi_s_change": 0.01765005940089026, "grad_phi_change": 0.0, "k_phi_change": 0.0, "xi_c_change": 0.0, "phase_sync_change": 0.0, "epi_magnitude_change": -0.011179474501651687, "hash_signature": "be3958884825f2d0", "sequence_str": "REMESH -> NUL -> SHA -> THOL -> NAV"}