{"sequence": ["RA", "VAL", "SHA", "THOL", "REMESH"], "coherence_change": 0.0050225276926135765, "sense_index_change": -0.015016560274704827, "phi_s_change": 0.018427557773524894, "grad_phi_change": 0.07268692508522179, "k_phi_change": 0.018578067756388317, "xi_c_change": 0.0, "phase_sync_change": -0.029217935712478882, "epi_magnitude_change": 0.014676924558180593, "hash_signature": "d51183880c9cd032", "sequence_str": "RA -> VAL -> SHA -> THOL -> REMESH"}