{"sequence": ["VAL", "OZ", "UM", "NAV"], "coherence_change": -0.016819181939503713, "sense_index_change": 0.00383815086041972, "phi_s_change": -0.003142517786154153, "grad_phi_change": 0.058693194682051475, "k_phi_change": -0.07478076611300616, "xi_c_change": 0.0, "phase_sync_change": -0.02900952975533877, "epi_magnitude_change": 0.02705044671019352, "hash_signature": "255289b3ddde6cb2", "sequence_str": "VAL -> OZ -> UM -> NAV"}