{"sequence": ["ZHIR", "AL", "NAV", "IL", "NAV"], "coherence_change": 0.007985155293953383, "sense_index_change": 0.0002553839515018197, "phi_s_change": 0.07749730432872226, "grad_phi_change": 0.01351067133176942, "k_phi_change": 0.04144290470141468, "xi_c_change": 0.0, "phase_sync_change": -0.005692744712527009, "epi_magnitude_change": -0.0025803969267051974, "hash_signature": "45236ec0359739a4", "sequence_str": "ZHIR -> AL -> NAV -> IL -> NAV"}