{"sequence": ["REMESH", "RA", "RA", "ZHIR", "SHA"], "coherence_change": 0.0, "sense_index_change": 0.051945166422020406, "phi_s_change": 0.0, "grad_phi_change": -0.23765976294415792, "k_phi_change": 0.05205111857830194, "xi_c_change": 0.0, "phase_sync_change": 0.07518166222445866, "epi_magnitude_change": 0.001549983823171286, "hash_signature": "616e8f9231332fa6", "sequence_str": "REMESH -> RA -> RA -> ZHIR -> SHA"}