{"sequence": ["AL", "UM", "OZ", "IL", "REMESH"], "coherence_change": -0.0053030329586223335, "sense_index_change": 0.028130265232960472, "phi_s_change": 0.006870684833759744, "grad_phi_change": -0.11068497428257795, "k_phi_change": -0.5471993743834471, "xi_c_change": 0.0, "phase_sync_change": 0.0393307931364405, "epi_magnitude_change": 0.00502658437942527, "hash_signature": "d723f10231da2d2d", "sequence_str": "AL -> UM -> OZ -> IL -> REMESH"}