{"sequence": ["AL", "EN", "NUL", "NUL", "RA", "REMESH"], "coherence_change": 0.0, "sense_index_change": -0.0006189851426203763, "phi_s_change": 0.0, "grad_phi_change": -0.013916811855866573, "k_phi_change": 0.26173832975112243, "xi_c_change": 0.0, "phase_sync_change": -0.005416819197261669, "epi_magnitude_change": -0.021572373505957865, "hash_signature": "427b1e44c0912288", "sequence_str": "AL -> EN -> NUL -> NUL -> RA -> REMESH"}