{"sequence": ["VAL", "RA", "REMESH", "OZ", "OZ"], "coherence_change": -0.022394973236590676, "sense_index_change": -0.0076173840767197465, "phi_s_change": -0.007736487185461716, "grad_phi_change": -0.026899357264074775, "k_phi_change": 0.027191377505794395, "xi_c_change": 0.0, "phase_sync_change": 0.00830513031671365, "epi_magnitude_change": 0.020311344537869314, "hash_signature": "a206a10325e1c113", "sequence_str": "VAL -> RA -> REMESH -> OZ -> OZ"}