{"sequence": ["OZ", "REMESH", "UM", "REMESH"], "coherence_change": -0.010592829885895494, "sense_index_change": -0.051808345522889265, "phi_s_change": 0.028213935394438616, "grad_phi_change": 0.1488448435845522, "k_phi_change": -0.1501023188903372, "xi_c_change": 0.0, "phase_sync_change": -0.06177859245213624, "epi_magnitude_change": 0.0028353448803882797, "hash_signature": "70a74483c2df669c", "sequence_str": "OZ -> REMESH -> UM -> REMESH"}