{"sequence": ["AL", "UM", "IL", "VAL", "UM", "REMESH"], "coherence_change": 0.009204769609468255, "sense_index_change": -0.01067198532670427, "phi_s_change": 0.02769436520650259, "grad_phi_change": 0.04029528371388058, "k_phi_change": 0.19396552288496735, "xi_c_change": 0.0, "phase_sync_change": -0.023833808737782514, "epi_magnitude_change": 0.01454145918253158, "hash_signature": "9c9bf95bb27af829", "sequence_str": "AL -> UM -> IL -> VAL -> UM -> REMESH"}