{"sequence": ["NAV", "EN", "ZHIR", "OZ", "THOL", "OZ"], "coherence_change": -0.010830854490581965, "sense_index_change": 0.009051761724082952, "phi_s_change": -0.10325587614541809, "grad_phi_change": 0.06589458328003683, "k_phi_change": -0.1554017000249328, "xi_c_change": 0.0, "phase_sync_change": -0.02190890310982374, "epi_magnitude_change": 0.0, "hash_signature": "1d690b2e68feeddf", "sequence_str": "NAV -> EN -> ZHIR -> OZ -> THOL -> OZ"}