{"sequence": ["ZHIR", "ZHIR", "UM", "REMESH"], "coherence_change": 0.0, "sense_index_change": 0.024736216221529772, "phi_s_change": 0.0, "grad_phi_change": -0.17264628539130067, "k_phi_change": 0.4822799207742872, "xi_c_change": 0.0, "phase_sync_change": 0.048827287019373444, "epi_magnitude_change": 0.0013570161906046874, "hash_signature": "41f63b197512c25d", "sequence_str": "ZHIR -> ZHIR -> UM -> REMESH"}