{"sequence": ["RA", "VAL", "REMESH", "THOL", "NAV"], "coherence_change": 0.006563975658131049, "sense_index_change": -0.016553365361674732, "phi_s_change": 0.046640024911824285, "grad_phi_change": 0.08171715404086188, "k_phi_change": 0.14470094560001617, "xi_c_change": 0.0, "phase_sync_change": -0.034488232327295254, "epi_magnitude_change": 0.02040538723943197, "hash_signature": "ca83ba00b63b0232", "sequence_str": "RA -> VAL -> REMESH -> THOL -> NAV"}