{"sequence": ["VAL", "NAV", "UM", "AL", "RA", "REMESH"], "coherence_change": 0.0, "sense_index_change": 0.05344634894076916, "phi_s_change": 0.0, "grad_phi_change": -0.24885913229382584, "k_phi_change": 0.38686757832118357, "xi_c_change": 0.0, "phase_sync_change": 0.08900001301258731, "epi_magnitude_change": 0.0199400873984662, "hash_signature": "fceecf17b0082e22", "sequence_str": "VAL -> NAV -> UM -> AL -> RA -> REMESH"}