{"sequence": ["OZ", "OZ", "NUL", "IL", "SHA"], "coherence_change": -0.022904785466625555, "sense_index_change": 0.021946369511116726, "phi_s_change": -0.11590674325405248, "grad_phi_change": 0.0, "k_phi_change": 0.0, "xi_c_change": 0.0, "phase_sync_change": 0.0, "epi_magnitude_change": -0.017051668905639472, "hash_signature": "ec649954b86b7de8", "sequence_str": "OZ -> OZ -> NUL -> IL -> SHA"}