{"sequence": ["AL", "UM", "IL", "OZ"], "coherence_change": -0.0038560128988178732, "sense_index_change": 0.05108428988378444, "phi_s_change": -0.07772486050229788, "grad_phi_change": -0.09094160633007609, "k_phi_change": 0.32734765166112745, "xi_c_change": 0.0, "phase_sync_change": 0.019607225009145246, "epi_magnitude_change": -0.0028467514489329826, "hash_signature": "dbb66f7f6d509be1", "sequence_str": "AL -> UM -> IL -> OZ"}