{"sequence": ["VAL", "REMESH", "OZ", "UM", "OZ"], "coherence_change": -0.030689536549646457, "sense_index_change": -0.0014522447484166534, "phi_s_change": -0.12349084140304956, "grad_phi_change": -0.032469176876251504, "k_phi_change": 0.023379792355982754, "xi_c_change": 0.0, "phase_sync_change": 0.018292670083191687, "epi_magnitude_change": 0.022469911846855317, "hash_signature": "b7371f6052cb0910", "sequence_str": "VAL -> REMESH -> OZ -> UM -> OZ"}