{"sequence": ["NAV", "NAV", "NUL", "ZHIR", "OZ"], "coherence_change": -0.00912195839176122, "sense_index_change": -0.0035757136309773063, "phi_s_change": -0.0702466356020035, "grad_phi_change": -0.0388321556056046, "k_phi_change": 0.1791301767230255, "xi_c_change": 0.0, "phase_sync_change": 0.011770494273318333, "epi_magnitude_change": -0.01604572242907687, "hash_signature": "92f8a58cec186c30", "sequence_str": "NAV -> NAV -> NUL -> ZHIR -> OZ"}