{"sequence": ["IL", "ZHIR", "OZ", "RA", "REMESH"], "coherence_change": -0.0024169680160357476, "sense_index_change": 0.0013550275208151774, "phi_s_change": 0.028160844703398524, "grad_phi_change": -0.041512642606983174, "k_phi_change": 0.048636174888688544, "xi_c_change": 0.0, "phase_sync_change": 0.022504568755517207, "epi_magnitude_change": 0.001394049268451436, "hash_signature": "3278da6dce9f8a82", "sequence_str": "IL -> ZHIR -> OZ -> RA -> REMESH"}