{"sequence": ["RA", "NUL", "IL", "IL", "VAL", "NAV"], "coherence_change": 0.014052784063997126, "sense_index_change": 0.0058505950804649265, "phi_s_change": 0.04629065363661522, "grad_phi_change": -0.03683573393339157, "k_phi_change": -0.02972256984609903, "xi_c_change": 0.0, "phase_sync_change": 0.0037834953167881213, "epi_magnitude_change": -0.0009636435944373467, "hash_signature": "de31ce58b9129540", "sequence_str": "RA -> NUL -> IL -> IL -> VAL -> NAV"}