{"sequence": ["REMESH", "UM", "VAL", "THOL", "REMESH"], "coherence_change": 0.006091418522482295, "sense_index_change": 0.0117346780511004, "phi_s_change": 0.025148839263069767, "grad_phi_change": -0.04079701613769027, "k_phi_change": 0.3798882157545821, "xi_c_change": 0.0, "phase_sync_change": 0.01214098665691099, "epi_magnitude_change": 0.021339154434095287, "hash_signature": "01f7da27a24fbd55", "sequence_str": "REMESH -> UM -> VAL -> THOL -> REMESH"}