{"sequence": ["OZ", "ZHIR", "IL", "EN", "NAV"], "coherence_change": 0.0007370336402080513, "sense_index_change": 0.013914446395617897, "phi_s_change": -0.013442753747109126, "grad_phi_change": -0.03972136450127506, "k_phi_change": -0.07184651745385356, "xi_c_change": 0.0, "phase_sync_change": 0.012757384528119475, "epi_magnitude_change": 0.0, "hash_signature": "02baebf0b841cffa", "sequence_str": "OZ -> ZHIR -> IL -> EN -> NAV"}