{"sequence": ["OZ", "VAL", "SHA", "NUL", "REMESH"], "coherence_change": -0.01130813750348314, "sense_index_change": -0.009375668000547066, "phi_s_change": -0.15736136930633127, "grad_phi_change": 0.0, "k_phi_change": 0.0, "xi_c_change": 0.0, "phase_sync_change": 0.0, "epi_magnitude_change": 0.006927580425499236, "hash_signature": "8e40cfe382013b31", "sequence_str": "OZ -> VAL -> SHA -> NUL -> REMESH"}