{"sequence": ["AL", "ZHIR", "AL", "NUL", "SHA"], "coherence_change": 0.0, "sense_index_change": -0.0008584602227059701, "phi_s_change": 0.0, "grad_phi_change": 0.05577167361847035, "k_phi_change": 0.4993053909298849, "xi_c_change": 0.0, "phase_sync_change": -0.01857556977649044, "epi_magnitude_change": -0.029523970627345797, "hash_signature": "13228d13aad8cd44", "sequence_str": "AL -> ZHIR -> AL -> NUL -> SHA"}