{"sequence": ["SHA", "RA", "OZ", "RA", "NAV"], "coherence_change": -0.011386069700619728, "sense_index_change": 0.05627504567456143, "phi_s_change": -0.18967364535635511, "grad_phi_change": -0.17333957962404423, "k_phi_change": 0.21406820343497507, "xi_c_change": 0.0, "phase_sync_change": 0.05211068284575193, "epi_magnitude_change": 0.0, "hash_signature": "e26ca3b2223cf7f8", "sequence_str": "SHA -> RA -> OZ -> RA -> NAV"}