{"sequence": ["REMESH", "THOL", "OZ", "NUL", "NAV"], "coherence_change": -0.0005169024719490212, "sense_index_change": 0.0004233996667317719, "phi_s_change": -0.06731911202548468, "grad_phi_change": 0.0, "k_phi_change": 0.0, "xi_c_change": 0.0, "phase_sync_change": 0.0, "epi_magnitude_change": -0.012248821930938458, "hash_signature": "6d72b17b7713552c", "sequence_str": "REMESH -> THOL -> OZ -> NUL -> NAV"}