{"sequence": ["VAL", "VAL", "OZ", "REMESH"], "coherence_change": -0.010430078737787674, "sense_index_change": -0.007506755225151207, "phi_s_change": 0.06273507146600266, "grad_phi_change": 0.0, "k_phi_change": 0.0, "xi_c_change": 0.0, "phase_sync_change": 0.0, "epi_magnitude_change": 0.030378433176767805, "hash_signature": "39178acd8de8e105", "sequence_str": "VAL -> VAL -> OZ -> REMESH"}