{"sequence": ["IL", "REMESH", "VAL", "UM", "REMESH"], "coherence_change": 0.005859095932588709, "sense_index_change": 0.02528017420268891, "phi_s_change": 0.00209479277639002, "grad_phi_change": -0.13131591659734498, "k_phi_change": 0.043931521660040385, "xi_c_change": 0.0, "phase_sync_change": 0.038310187239585125, "epi_magnitude_change": 0.01833883440813311, "hash_signature": "d5cfe9bf656b94ea", "sequence_str": "IL -> REMESH -> VAL -> UM -> REMESH"}