{"sequence": ["REMESH", "VAL", "UM", "REMESH"], "coherence_change": 0.0, "sense_index_change": -0.0035806495506612857, "phi_s_change": 0.0, "grad_phi_change": -0.0340710126589594, "k_phi_change": 0.5344066117662954, "xi_c_change": 0.0, "phase_sync_change": 0.01101484140430431, "epi_magnitude_change": 0.019103854724915714, "hash_signature": "ee4a88d2262f393f", "sequence_str": "REMESH -> VAL -> UM -> REMESH"}