{"sequence": ["NAV", "UM", "SHA", "THOL", "THOL", "REMESH"], "coherence_change": 0.011828053599851396, "sense_index_change": -0.010593574898960512, "phi_s_change": 0.10485436848552843, "grad_phi_change": -0.014898536898549919, "k_phi_change": 0.22793846127590894, "xi_c_change": 0.0, "phase_sync_change": -0.009086544471112123, "epi_magnitude_change": 0.0012816704637896859, "hash_signature": "6741dd4c3c7914ad", "sequence_str": "NAV -> UM -> SHA -> THOL -> THOL -> REMESH"}