{"sequence": ["NUL", "THOL", "NUL", "OZ"], "coherence_change": -0.010446623160622726, "sense_index_change": 0.025086881743866862, "phi_s_change": -0.09323975811918239, "grad_phi_change": 0.0, "k_phi_change": 0.0, "xi_c_change": 0.0, "phase_sync_change": 0.0, "epi_magnitude_change": -0.024733567462361217, "hash_signature": "7163a11698958560", "sequence_str": "NUL -> THOL -> NUL -> OZ"}