{"sequence": ["REMESH", "OZ", "ZHIR", "EN", "REMESH"], "coherence_change": -0.015667744397639627, "sense_index_change": 0.032704131852093754, "phi_s_change": -0.040574886431827384, "grad_phi_change": -0.061459155097848495, "k_phi_change": 0.32553569480563604, "xi_c_change": 0.0, "phase_sync_change": 0.0218008225338141, "epi_magnitude_change": 0.0028102161501470935, "hash_signature": "c995ad6ca5233128", "sequence_str": "REMESH -> OZ -> ZHIR -> EN -> REMESH"}