{"sequence": ["EN", "ZHIR", "THOL", "AL", "OZ"], "coherence_change": -0.008999223902848796, "sense_index_change": 0.002818263254119935, "phi_s_change": 0.013154075260997877, "grad_phi_change": 0.010651809460653139, "k_phi_change": -0.04747228951213173, "xi_c_change": 0.0, "phase_sync_change": -0.009356762337562441, "epi_magnitude_change": -0.005077296984666413, "hash_signature": "100d545b589ab5ee", "sequence_str": "EN -> ZHIR -> THOL -> AL -> OZ"}