{"sequence": ["ZHIR", "UM", "NUL", "VAL", "NAV"], "coherence_change": 0.0, "sense_index_change": 0.01214764630449583, "phi_s_change": 0.0, "grad_phi_change": -0.030820858475871793, "k_phi_change": 0.1720013009533946, "xi_c_change": 0.0, "phase_sync_change": -0.0016658880731041936, "epi_magnitude_change": 0.004391684331484513, "hash_signature": "482b5ed6185c676e", "sequence_str": "ZHIR -> UM -> NUL -> VAL -> NAV"}