{"sequence": ["OZ", "RA", "VAL", "REMESH", "EN", "NAV"], "coherence_change": -0.010775920384067272, "sense_index_change": 0.008233845253890038, "phi_s_change": -0.08057854345323678, "grad_phi_change": 0.01983689827260071, "k_phi_change": 0.48443239014738704, "xi_c_change": 0.0, "phase_sync_change": -0.013611082491361004, "epi_magnitude_change": 0.015350611203394426, "hash_signature": "d415d5fc0d2ca474", "sequence_str": "OZ -> RA -> VAL -> REMESH -> EN -> NAV"}