{"sequence": ["OZ", "OZ", "IL", "IL", "RA", "SHA"], "coherence_change": -0.008813315254437848, "sense_index_change": 0.0040750194992768, "phi_s_change": 0.24929812281326613, "grad_phi_change": -0.05291087813706796, "k_phi_change": 0.566255986870539, "xi_c_change": 0.0, "phase_sync_change": 0.013100302925066365, "epi_magnitude_change": 0.0, "hash_signature": "34de83c059491dc4", "sequence_str": "OZ -> OZ -> IL -> IL -> RA -> SHA"}