{"sequence": ["REMESH", "ZHIR", "REMESH"], "coherence_change": 0.0, "sense_index_change": -0.023184241990411192, "phi_s_change": 0.0, "grad_phi_change": 0.024649960476457844, "k_phi_change": -0.03371945776647839, "xi_c_change": 0.0, "phase_sync_change": -0.007586709893140364, "epi_magnitude_change": 0.0028999583860237488, "hash_signature": "3825ecdaec21e182", "sequence_str": "REMESH -> ZHIR -> REMESH"}