{"sequence": ["IL", "IL", "SHA", "UM", "SHA"], "coherence_change": 0.014666347813352854, "sense_index_change": 0.015078221304358874, "phi_s_change": 0.044301998194651415, "grad_phi_change": -0.0586800223740882, "k_phi_change": -0.087441448932229, "xi_c_change": 0.0, "phase_sync_change": 0.024970498734385393, "epi_magnitude_change": 0.0, "hash_signature": "2237b6cb8e6fe7e7", "sequence_str": "IL -> IL -> SHA -> UM -> SHA"}