{"sequence": ["NAV", "THOL", "UM", "EN", "SHA"], "coherence_change": 0.008478579729757962, "sense_index_change": 0.03930386960464394, "phi_s_change": 0.07957599184048714, "grad_phi_change": -0.33742036081028326, "k_phi_change": 0.31667371342247796, "xi_c_change": 0.0, "phase_sync_change": 0.10614414870488942, "epi_magnitude_change": 0.0, "hash_signature": "b3d1b5a735e9ad26", "sequence_str": "NAV -> THOL -> UM -> EN -> SHA"}