{"sequence": ["RA", "VAL", "EN", "NAV"], "coherence_change": 0.0, "sense_index_change": -0.02466582607000717, "phi_s_change": 0.0, "grad_phi_change": 0.15430451716459181, "k_phi_change": 0.4896946500148583, "xi_c_change": 0.0, "phase_sync_change": -0.055891543244274144, "epi_magnitude_change": 0.0233587497194625, "hash_signature": "6cfa7a331f0729cd", "sequence_str": "RA -> VAL -> EN -> NAV"}