{"sequence": ["THOL", "SHA", "ZHIR", "NAV"], "coherence_change": 0.006425218605658478, "sense_index_change": -0.011879953220789552, "phi_s_change": -0.013142334386350929, "grad_phi_change": -0.03803442885041464, "k_phi_change": -0.30170007487108913, "xi_c_change": 0.0, "phase_sync_change": 0.007937741275742427, "epi_magnitude_change": 0.0, "hash_signature": "6e3f68b78f75ae57", "sequence_str": "THOL -> SHA -> ZHIR -> NAV"}