{"sequence": ["ZHIR", "OZ", "NAV", "THOL", "OZ"], "coherence_change": -0.01619385036491694, "sense_index_change": -0.027201228101623565, "phi_s_change": 0.191454050766923, "grad_phi_change": -0.01357396716167325, "k_phi_change": 0.23698436727555156, "xi_c_change": 0.0, "phase_sync_change": 0.003853536130636326, "epi_magnitude_change": 0.0, "hash_signature": "d57b9fdc0edc865a", "sequence_str": "ZHIR -> OZ -> NAV -> THOL -> OZ"}