{"sequence": ["NAV", "ZHIR", "NUL", "VAL", "OZ"], "coherence_change": -0.005162060366101118, "sense_index_change": -0.014408687381333274, "phi_s_change": -0.07179598485691474, "grad_phi_change": 0.07074185352096163, "k_phi_change": 0.0034332093758730475, "xi_c_change": 0.0, "phase_sync_change": -0.01831595505712491, "epi_magnitude_change": 0.00019329805772982933, "hash_signature": "c7d2f060b29a776f", "sequence_str": "NAV -> ZHIR -> NUL -> VAL -> OZ"}