{"sequence": ["VAL", "IL", "SHA", "RA", "OZ"], "coherence_change": -0.008709931705743523, "sense_index_change": 0.020383106341879897, "phi_s_change": -0.21609427274601845, "grad_phi_change": -0.0753778847906803, "k_phi_change": 0.015112410556712641, "xi_c_change": 0.0, "phase_sync_change": 0.02044117536301726, "epi_magnitude_change": 0.013397821776858887, "hash_signature": "813def12f8620dad", "sequence_str": "VAL -> IL -> SHA -> RA -> OZ"}