{"sequence": ["IL", "IL", "RA", "REMESH"], "coherence_change": 0.01764420898312946, "sense_index_change": 0.02673088186579964, "phi_s_change": 0.087692488251092, "grad_phi_change": -0.03599989398224279, "k_phi_change": 0.19191312146729914, "xi_c_change": 0.0, "phase_sync_change": 0.004517650398140671, "epi_magnitude_change": 0.0013169400586344748, "hash_signature": "b44cd96b476f6195", "sequence_str": "IL -> IL -> RA -> REMESH"}