{"sequence": ["SHA", "AL", "OZ", "RA", "SHA"], "coherence_change": -0.01184174125395665, "sense_index_change": 0.019035439932418297, "phi_s_change": -0.14485887538008602, "grad_phi_change": 0.03108420648327903, "k_phi_change": 0.022091594720155316, "xi_c_change": 0.0, "phase_sync_change": -0.01592152918074108, "epi_magnitude_change": 0.001112224759627134, "hash_signature": "3c1af27ebf9b0297", "sequence_str": "SHA -> AL -> OZ -> RA -> SHA"}