{"sequence": ["VAL", "THOL", "NUL", "NAV"], "coherence_change": 0.003856747525584736, "sense_index_change": 0.0035255133554601414, "phi_s_change": 0.008529600526891112, "grad_phi_change": 0.0, "k_phi_change": 0.0, "xi_c_change": 0.0, "phase_sync_change": 0.0, "epi_magnitude_change": 0.0016625280464460657, "hash_signature": "f03238ca8feb8935", "sequence_str": "VAL -> THOL -> NUL -> NAV"}