{"sequence": ["NAV", "EN", "UM", "NAV", "AL", "NAV"], "coherence_change": 0.0, "sense_index_change": 0.02957161774467687, "phi_s_change": 0.0, "grad_phi_change": -0.08922656742644586, "k_phi_change": 0.142512658635315, "xi_c_change": 0.0, "phase_sync_change": 0.030226981859220126, "epi_magnitude_change": 0.001935698001866104, "hash_signature": "05d0d1a960e5ac0b", "sequence_str": "NAV -> EN -> UM -> NAV -> AL -> NAV"}