{"sequence": ["REMESH", "NUL", "IL", "OZ"], "coherence_change": -0.0021486580799291444, "sense_index_change": -0.015544953847855258, "phi_s_change": 0.009068441639608182, "grad_phi_change": 0.0, "k_phi_change": 0.0, "xi_c_change": 0.0, "phase_sync_change": 0.0, "epi_magnitude_change": -0.012134487171480357, "hash_signature": "0f708dbbcf8372ee", "sequence_str": "REMESH -> NUL -> IL -> OZ"}