{"sequence": ["OZ", "UM", "OZ", "UM", "OZ"], "coherence_change": -0.036915537417941846, "sense_index_change": 0.015847929196657673, "phi_s_change": -0.023431317525499096, "grad_phi_change": -0.16115878445001397, "k_phi_change": 0.570458924393442, "xi_c_change": 0.0, "phase_sync_change": 0.03665585428289242, "epi_magnitude_change": 0.0, "hash_signature": "d0daedb0b8b60962", "sequence_str": "OZ -> UM -> OZ -> UM -> OZ"}