{"sequence": ["VAL", "THOL", "EN", "IL", "UM", "REMESH"], "coherence_change": 0.012932184927883061, "sense_index_change": 0.005538071464921135, "phi_s_change": 0.03265274205078694, "grad_phi_change": 0.03552682295059362, "k_phi_change": 0.5688544903992857, "xi_c_change": 0.0, "phase_sync_change": -0.008809699711050167, "epi_magnitude_change": 0.01679517413520082, "hash_signature": "c94ed61bc10a6121", "sequence_str": "VAL -> THOL -> EN -> IL -> UM -> REMESH"}