{"sequence": ["OZ", "AL", "EN", "OZ"], "coherence_change": -0.023735093282062025, "sense_index_change": -0.002681958093378234, "phi_s_change": -0.11812832684744201, "grad_phi_change": 0.0, "k_phi_change": 0.0, "xi_c_change": 0.0, "phase_sync_change": 0.0, "epi_magnitude_change": -0.004783482700541186, "hash_signature": "69d3a281fe0c581f", "sequence_str": "OZ -> AL -> EN -> OZ"}