{"sequence": ["VAL", "OZ", "AL", "SHA"], "coherence_change": -0.011053547429345167, "sense_index_change": 0.014144920964753172, "phi_s_change": -0.14570258188756247, "grad_phi_change": 0.0, "k_phi_change": 0.0, "xi_c_change": 0.0, "phase_sync_change": 0.0, "epi_magnitude_change": 0.009609728130075768, "hash_signature": "89bc772ef5beaa47", "sequence_str": "VAL -> OZ -> AL -> SHA"}