{"sequence": ["REMESH", "IL", "EN", "EN", "EN", "OZ"], "coherence_change": 0.0030410713179601645, "sense_index_change": -0.01152096656824475, "phi_s_change": 0.009322599366993645, "grad_phi_change": 0.0, "k_phi_change": 0.0, "xi_c_change": 0.0, "phase_sync_change": 0.0, "epi_magnitude_change": 0.0014936703766591508, "hash_signature": "195ad07dd301de1d", "sequence_str": "REMESH -> IL -> EN -> EN -> EN -> OZ"}