{"sequence": ["AL", "NUL", "ZHIR", "OZ", "SHA"], "coherence_change": -0.007600481482440302, "sense_index_change": -0.006362381434315667, "phi_s_change": -0.0017727270656232585, "grad_phi_change": 0.015662550472996584, "k_phi_change": -0.12348558102460577, "xi_c_change": 0.0, "phase_sync_change": -0.005589549638100544, "epi_magnitude_change": -0.025291532443454723, "hash_signature": "36b468dae0463595", "sequence_str": "AL -> NUL -> ZHIR -> OZ -> SHA"}