{"sequence": ["RA", "THOL", "SHA"], "coherence_change": 0.005394860342438967, "sense_index_change": 0.0039593499353276496, "phi_s_change": 0.022469502276321607, "grad_phi_change": -0.029160982412175906, "k_phi_change": 0.1387497444384963, "xi_c_change": 0.0, "phase_sync_change": 0.008884149400593122, "epi_magnitude_change": 0.0, "hash_signature": "1d8cd563f22ab2c0", "sequence_str": "RA -> THOL -> SHA"}