{"sequence": ["VAL", "UM", "REMESH", "OZ", "RA", "SHA"], "coherence_change": -0.011290858776587531, "sense_index_change": 0.054249171947171826, "phi_s_change": 0.0002035604833978688, "grad_phi_change": -0.16308917172153592, "k_phi_change": 0.22823667989415633, "xi_c_change": 0.0, "phase_sync_change": 0.060500695640895996, "epi_magnitude_change": 0.020173734369629215, "hash_signature": "8a8ab330fbe69a1f", "sequence_str": "VAL -> UM -> REMESH -> OZ -> RA -> SHA"}