{"sequence": ["UM", "UM", "REMESH"], "coherence_change": 0.0, "sense_index_change": 0.021041153447800887, "phi_s_change": 0.0, "grad_phi_change": -0.11616812343831828, "k_phi_change": 0.1824973619349713, "xi_c_change": 0.0, "phase_sync_change": 0.016367777979638953, "epi_magnitude_change": 0.0009381454726942184, "hash_signature": "e2f54d98b9473df7", "sequence_str": "UM -> UM -> REMESH"}