{"sequence": ["RA", "IL", "REMESH", "REMESH", "UM", "NAV"], "coherence_change": 0.007504286244777947, "sense_index_change": 0.049661189314864074, "phi_s_change": 0.09655511125112237, "grad_phi_change": -0.2433578559480991, "k_phi_change": 0.21413341406165481, "xi_c_change": 0.0, "phase_sync_change": 0.07957649002119682, "epi_magnitude_change": 0.003241876853516179, "hash_signature": "c81b7cdea69fce63", "sequence_str": "RA -> IL -> REMESH -> REMESH -> UM -> NAV"}