{"sequence": ["VAL", "NAV", "ZHIR", "OZ"], "coherence_change": -0.013643748005203293, "sense_index_change": 0.01549766852486667, "phi_s_change": -0.06060614478220794, "grad_phi_change": -0.04826688845942906, "k_phi_change": -0.08498717886606783, "xi_c_change": 0.0, "phase_sync_change": 0.01401372201747586, "epi_magnitude_change": 0.01124912963972824, "hash_signature": "5eaf28addc53f20a", "sequence_str": "VAL -> NAV -> ZHIR -> OZ"}