{"sequence": ["RA", "OZ", "UM", "UM", "UM", "SHA"], "coherence_change": -0.014355424572492947, "sense_index_change": 0.091951221081223, "phi_s_change": 0.0031947786705280867, "grad_phi_change": -0.6141809969546608, "k_phi_change": 0.28205377202417026, "xi_c_change": 0.0, "phase_sync_change": 0.20280587333864486, "epi_magnitude_change": 0.0, "hash_signature": "a3a1b4783ff8fc83", "sequence_str": "RA -> OZ -> UM -> UM -> UM -> SHA"}