{"sequence": ["NUL", "RA", "NAV", "EN", "SHA"], "coherence_change": 0.0, "sense_index_change": 0.0035571639816532885, "phi_s_change": 0.0, "grad_phi_change": -0.020713898111547335, "k_phi_change": 0.10869105729564157, "xi_c_change": 0.0, "phase_sync_change": -0.00059814651555401, "epi_magnitude_change": -0.007616905993213852, "hash_signature": "b3ff932c47431bbb", "sequence_str": "NUL -> RA -> NAV -> EN -> SHA"}