{"sequence": ["EN", "VAL", "NAV", "VAL", "RA", "NAV"], "coherence_change": 0.0, "sense_index_change": -0.011433346423136204, "phi_s_change": 0.0, "grad_phi_change": 0.057731496696014295, "k_phi_change": 0.08005882469739879, "xi_c_change": 0.0, "phase_sync_change": -0.028694165092258528, "epi_magnitude_change": 0.03654086902404785, "hash_signature": "afaadb293c541515", "sequence_str": "EN -> VAL -> NAV -> VAL -> RA -> NAV"}