{"sequence": ["NAV", "SHA", "RA", "OZ"], "coherence_change": -0.011050007671757234, "sense_index_change": -0.007016815513753993, "phi_s_change": -0.11131765471092969, "grad_phi_change": 0.12016613314076885, "k_phi_change": 0.47114772730585375, "xi_c_change": 0.0, "phase_sync_change": -0.044457915857295194, "epi_magnitude_change": 0.0, "hash_signature": "8e17a8cb2e319f86", "sequence_str": "NAV -> SHA -> RA -> OZ"}