{"sequence": ["AL", "NAV", "THOL", "THOL", "OZ"], "coherence_change": -0.004992499067226874, "sense_index_change": 0.018256417755733834, "phi_s_change": 0.0023812708503394564, "grad_phi_change": 0.0, "k_phi_change": 0.0, "xi_c_change": 0.0, "phase_sync_change": 0.0, "epi_magnitude_change": -0.00011733017769155474, "hash_signature": "f89ce583da87a773", "sequence_str": "AL -> NAV -> THOL -> THOL -> OZ"}