{"sequence": ["REMESH", "REMESH", "UM", "AL", "EN", "NAV"], "coherence_change": 0.0, "sense_index_change": 0.003090030981981906, "phi_s_change": 0.0, "grad_phi_change": 0.04991839893403882, "k_phi_change": 0.1955587884229926, "xi_c_change": 0.0, "phase_sync_change": -0.01832679885661126, "epi_magnitude_change": -0.0038835640272510963, "hash_signature": "07e4ef3a7264cc41", "sequence_str": "REMESH -> REMESH -> UM -> AL -> EN -> NAV"}