{"sequence": ["REMESH", "UM", "RA", "VAL", "NUL", "NAV"], "coherence_change": 0.0, "sense_index_change": 0.03168523019936231, "phi_s_change": 0.0, "grad_phi_change": -0.18697927149982196, "k_phi_change": 0.14916110223536538, "xi_c_change": 0.0, "phase_sync_change": 0.061736013753196706, "epi_magnitude_change": 0.00851311761735929, "hash_signature": "66f104863529bf58", "sequence_str": "REMESH -> UM -> RA -> VAL -> NUL -> NAV"}