{"sequence": ["EN", "THOL", "SHA", "ZHIR", "REMESH"], "coherence_change": 0.00381529050192575, "sense_index_change": 0.007478366121462909, "phi_s_change": 0.025571195724120588, "grad_phi_change": 0.024538021023739587, "k_phi_change": -0.12424314075229065, "xi_c_change": 0.0, "phase_sync_change": -0.005093168298097361, "epi_magnitude_change": 0.001453192624789268, "hash_signature": "518093496777fbdc", "sequence_str": "EN -> THOL -> SHA -> ZHIR -> REMESH"}