{"sequence": ["AL", "ZHIR", "SHA", "SHA", "UM", "NAV"], "coherence_change": 0.0, "sense_index_change": 0.019440594362477026, "phi_s_change": 0.0, "grad_phi_change": -0.17422266843704493, "k_phi_change": 0.17750120240721928, "xi_c_change": 0.0, "phase_sync_change": 0.04784937013451185, "epi_magnitude_change": -0.0031071111400219342, "hash_signature": "00df3a4f15aa2858", "sequence_str": "AL -> ZHIR -> SHA -> SHA -> UM -> NAV"}