{"sequence": ["NAV", "IL", "OZ", "RA", "ZHIR", "SHA"], "coherence_change": -0.007469425586403955, "sense_index_change": 0.019112432544524438, "phi_s_change": 0.12956498545472928, "grad_phi_change": -0.02337443956736296, "k_phi_change": 0.3280473923028068, "xi_c_change": 0.0, "phase_sync_change": 0.005463616896336232, "epi_magnitude_change": 0.0, "hash_signature": "7aa74c2c4afb66a5", "sequence_str": "NAV -> IL -> OZ -> RA -> ZHIR -> SHA"}