{"sequence": ["UM", "OZ", "VAL", "REMESH"], "coherence_change": -0.012093173395437251, "sense_index_change": -0.04506680355343834, "phi_s_change": -0.0986307659293405, "grad_phi_change": 0.11152403322050541, "k_phi_change": 0.2686803856033265, "xi_c_change": 0.0, "phase_sync_change": -0.03965241561718169, "epi_magnitude_change": 0.018069445281741703, "hash_signature": "4872466e7eb284f2", "sequence_str": "UM -> OZ -> VAL -> REMESH"}