{"sequence": ["OZ", "RA", "AL", "REMESH"], "coherence_change": -0.01317771750355945, "sense_index_change": -0.009243792065629475, "phi_s_change": 0.017112653910361653, "grad_phi_change": 0.08798328090958663, "k_phi_change": 0.274294882201378, "xi_c_change": 0.0, "phase_sync_change": -0.03585130047751939, "epi_magnitude_change": -0.0012496440033226142, "hash_signature": "b9db42abc4a44b03", "sequence_str": "OZ -> RA -> AL -> REMESH"}