{"sequence": ["NAV", "VAL", "RA", "RA", "EN", "NAV"], "coherence_change": 0.0, "sense_index_change": 0.030587681822159762, "phi_s_change": 0.0, "grad_phi_change": -0.14528048915316116, "k_phi_change": -0.2193367542600363, "xi_c_change": 0.0, "phase_sync_change": 0.035818604179650326, "epi_magnitude_change": 0.0226516387227631, "hash_signature": "226b313421369141", "sequence_str": "NAV -> VAL -> RA -> RA -> EN -> NAV"}