{"sequence": ["ZHIR", "NAV", "EN", "NAV", "UM", "REMESH"], "coherence_change": 0.0, "sense_index_change": 0.04574550221414864, "phi_s_change": 0.0, "grad_phi_change": -0.1312078054066912, "k_phi_change": 0.15106859347190804, "xi_c_change": 0.0, "phase_sync_change": 0.054151242506403574, "epi_magnitude_change": 0.0013502518961662213, "hash_signature": "89140a81102dd471", "sequence_str": "ZHIR -> NAV -> EN -> NAV -> UM -> REMESH"}