{"sequence": ["NUL", "OZ", "NAV", "RA", "THOL", "REMESH"], "coherence_change": -0.006637892710183779, "sense_index_change": -0.013921585184161755, "phi_s_change": -0.06424197486597605, "grad_phi_change": 0.009376037089149358, "k_phi_change": 0.6682702182134634, "xi_c_change": 0.0, "phase_sync_change": -0.006538466473863025, "epi_magnitude_change": -0.008601048375738718, "hash_signature": "999375b1369ca7da", "sequence_str": "NUL -> OZ -> NAV -> RA -> THOL -> REMESH"}