{"sequence": ["OZ", "VAL", "RA", "IL", "REMESH"], "coherence_change": -0.0033842465218021367, "sense_index_change": -0.032770655759205736, "phi_s_change": -0.021166687146366603, "grad_phi_change": 0.09333626537511153, "k_phi_change": 0.5517207176130483, "xi_c_change": 0.0, "phase_sync_change": -0.03811114995794962, "epi_magnitude_change": 0.010897451244238132, "hash_signature": "a67d994df71c212c", "sequence_str": "OZ -> VAL -> RA -> IL -> REMESH"}