{"sequence": ["EN", "OZ", "AL", "SHA"], "coherence_change": -0.00732991158901708, "sense_index_change": -0.012970624406999531, "phi_s_change": -0.019406675959357522, "grad_phi_change": 0.0, "k_phi_change": 0.0, "xi_c_change": 0.0, "phase_sync_change": 0.0, "epi_magnitude_change": 0.0015647649093109006, "hash_signature": "5f94f84d8222b51e", "sequence_str": "EN -> OZ -> AL -> SHA"}