{"sequence": ["AL", "RA", "AL", "SHA"], "coherence_change": 0.0, "sense_index_change": -0.017703858299600195, "phi_s_change": 0.0, "grad_phi_change": 0.06327709960331407, "k_phi_change": 0.7017001655801212, "xi_c_change": 0.0, "phase_sync_change": -0.027969814998980547, "epi_magnitude_change": 0.0012778917146444302, "hash_signature": "d386541b1573c177", "sequence_str": "AL -> RA -> AL -> SHA"}