{"sequence": ["AL", "IL", "VAL", "SHA"], "coherence_change": 0.009719048255222518, "sense_index_change": -0.0006429082962641219, "phi_s_change": -0.011058985129385523, "grad_phi_change": 0.0, "k_phi_change": 0.0, "xi_c_change": 0.0, "phase_sync_change": 0.0, "epi_magnitude_change": 0.01838797496850364, "hash_signature": "3f54f9a1a5546eef", "sequence_str": "AL -> IL -> VAL -> SHA"}