{"sequence": ["THOL", "NUL", "EN", "UM", "NAV"], "coherence_change": 0.005599335280034201, "sense_index_change": 0.01548258436148775, "phi_s_change": 0.051661856708860365, "grad_phi_change": -0.07645610228989552, "k_phi_change": -0.05442833810911743, "xi_c_change": 0.0, "phase_sync_change": 0.027931261187728595, "epi_magnitude_change": -0.011945410316985039, "hash_signature": "7dbf4108b4f5695e", "sequence_str": "THOL -> NUL -> EN -> UM -> NAV"}