{"sequence": ["IL", "UM", "ZHIR", "RA", "THOL", "OZ"], "coherence_change": -0.00247062835005063, "sense_index_change": 0.04711155301108061, "phi_s_change": -0.13728677448011795, "grad_phi_change": -0.10370268357039092, "k_phi_change": 0.04785730385825665, "xi_c_change": 0.0, "phase_sync_change": 0.019739793688842266, "epi_magnitude_change": 0.0, "hash_signature": "f7881f2e76f718e1", "sequence_str": "IL -> UM -> ZHIR -> RA -> THOL -> OZ"}