{"sequence": ["AL", "IL", "IL", "REMESH"], "coherence_change": 0.01464128214163729, "sense_index_change": 0.011758646089596758, "phi_s_change": -0.05915361495194249, "grad_phi_change": 0.0, "k_phi_change": 0.0, "xi_c_change": 0.0, "phase_sync_change": 0.0, "epi_magnitude_change": 0.006312014108577402, "hash_signature": "77186dff133507f8", "sequence_str": "AL -> IL -> IL -> REMESH"}