{"sequence": ["NAV", "NAV", "VAL", "OZ"], "coherence_change": -0.01574340703483801, "sense_index_change": 0.0031336834102048128, "phi_s_change": 0.12211517782532111, "grad_phi_change": 0.0, "k_phi_change": 0.0, "xi_c_change": 0.0, "phase_sync_change": 0.0, "epi_magnitude_change": 0.011417862731532225, "hash_signature": "40da7ad65160e37e", "sequence_str": "NAV -> NAV -> VAL -> OZ"}