{"sequence": ["NAV", "ZHIR", "IL", "SHA", "SHA"], "coherence_change": 0.005851562327818027, "sense_index_change": 0.0010671311178640508, "phi_s_change": -0.010398310845182834, "grad_phi_change": -0.008520654533757943, "k_phi_change": 0.30882713044897947, "xi_c_change": 0.0, "phase_sync_change": 0.002181423999574772, "epi_magnitude_change": 0.0, "hash_signature": "fa5e30ef67f9f47e", "sequence_str": "NAV -> ZHIR -> IL -> SHA -> SHA"}