{"sequence": ["REMESH", "NAV", "OZ", "NUL", "OZ"], "coherence_change": -0.023334902131978974, "sense_index_change": 0.0021890060640612496, "phi_s_change": -0.09207134867290223, "grad_phi_change": 0.0, "k_phi_change": 0.0, "xi_c_change": 0.0, "phase_sync_change": 0.0, "epi_magnitude_change": -0.009009436369389112, "hash_signature": "1a8c82ec65ac7933", "sequence_str": "REMESH -> NAV -> OZ -> NUL -> OZ"}