{"sequence": ["SHA", "REMESH", "UM", "NUL", "ZHIR", "SHA"], "coherence_change": 0.0, "sense_index_change": 0.004531483625617949, "phi_s_change": 0.0, "grad_phi_change": -0.07644063991634908, "k_phi_change": -0.1758886868242202, "xi_c_change": 0.0, "phase_sync_change": 0.020288042437842102, "epi_magnitude_change": -0.00818538115481815, "hash_signature": "a1a734b048436611", "sequence_str": "SHA -> REMESH -> UM -> NUL -> ZHIR -> SHA"}