{"sequence": ["NAV", "UM", "NAV", "RA", "EN", "REMESH"], "coherence_change": 0.0, "sense_index_change": 0.048468503611473146, "phi_s_change": 0.0, "grad_phi_change": -0.22704034520340555, "k_phi_change": 0.2354440636511437, "xi_c_change": 0.0, "phase_sync_change": 0.06553296486876137, "epi_magnitude_change": 0.0018276219599764332, "hash_signature": "8b5cc74e82f8a821", "sequence_str": "NAV -> UM -> NAV -> RA -> EN -> REMESH"}