{"sequence": ["EN", "UM", "AL", "IL", "VAL", "NAV"], "coherence_change": 0.009082155829744254, "sense_index_change": 0.025746368951306775, "phi_s_change": 0.04035187993435707, "grad_phi_change": -0.13015361654664526, "k_phi_change": 0.11669593537947924, "xi_c_change": 0.0, "phase_sync_change": 0.04053667176034259, "epi_magnitude_change": 0.017321262107198754, "hash_signature": "1e51a73069adc803", "sequence_str": "EN -> UM -> AL -> IL -> VAL -> NAV"}