{"sequence": ["THOL", "VAL", "UM", "NUL", "REMESH"], "coherence_change": 0.0036683531434136274, "sense_index_change": 0.0011727285057948622, "phi_s_change": 0.026092590477877042, "grad_phi_change": -0.05844314096840275, "k_phi_change": -0.15004743418160654, "xi_c_change": 0.0, "phase_sync_change": 0.02615865518041638, "epi_magnitude_change": -0.002473245432775273, "hash_signature": "a10e7edd6bde212c", "sequence_str": "THOL -> VAL -> UM -> NUL -> REMESH"}