{"sequence": ["NAV", "RA", "THOL", "OZ"], "coherence_change": -0.0053292320854402275, "sense_index_change": -0.015804311303147023, "phi_s_change": -0.026902546884965517, "grad_phi_change": 0.04546655530725707, "k_phi_change": 0.3457841951805226, "xi_c_change": 0.0, "phase_sync_change": -0.017285119955967487, "epi_magnitude_change": 0.0, "hash_signature": "c8161eb507245941", "sequence_str": "NAV -> RA -> THOL -> OZ"}