{"sequence": ["NAV", "ZHIR", "THOL", "ZHIR", "THOL", "SHA"], "coherence_change": 0.010380313033893529, "sense_index_change": -0.0313272878572286, "phi_s_change": 0.055443257279798264, "grad_phi_change": 0.14633205236017988, "k_phi_change": -0.25425426221002057, "xi_c_change": 0.0, "phase_sync_change": -0.04668038476820213, "epi_magnitude_change": 0.0, "hash_signature": "7190ced2a047b07c", "sequence_str": "NAV -> ZHIR -> THOL -> ZHIR -> THOL -> SHA"}