{"sequence": ["REMESH", "NAV", "VAL", "RA", "SHA"], "coherence_change": 0.0, "sense_index_change": -0.04283110310375793, "phi_s_change": 0.0, "grad_phi_change": 0.1626838498327301, "k_phi_change": 0.04152945979943151, "xi_c_change": 0.0, "phase_sync_change": -0.06136982424585491, "epi_magnitude_change": 0.018006198030394494, "hash_signature": "b3ade5c37556d1f9", "sequence_str": "REMESH -> NAV -> VAL -> RA -> SHA"}