{"sequence": ["OZ", "AL", "SHA"], "coherence_change": -0.019423348290270148, "sense_index_change": 0.018407487195219563, "phi_s_change": -0.28131150586996423, "grad_phi_change": 0.0, "k_phi_change": 0.0, "xi_c_change": 0.0, "phase_sync_change": 0.0, "epi_magnitude_change": -0.0014185186664881222, "hash_signature": "f46121cacc0dbffa", "sequence_str": "OZ -> AL -> SHA"}