{"sequence": ["IL", "NAV", "OZ", "RA", "REMESH"], "coherence_change": -0.003552010316682619, "sense_index_change": 0.027593305560305148, "phi_s_change": -0.10749820255895359, "grad_phi_change": -0.06866487204508642, "k_phi_change": 0.11438306426718839, "xi_c_change": 0.0, "phase_sync_change": 0.022837856513340693, "epi_magnitude_change": 0.001346123930351606, "hash_signature": "da1026055c34a8b0", "sequence_str": "IL -> NAV -> OZ -> RA -> REMESH"}