{"sequence": ["SHA", "VAL", "RA", "NUL", "NAV"], "coherence_change": 0.0, "sense_index_change": 0.038526771592747644, "phi_s_change": 0.0, "grad_phi_change": -0.06759093835385599, "k_phi_change": 0.21296487326694982, "xi_c_change": 0.0, "phase_sync_change": 0.014276037009690268, "epi_magnitude_change": -0.0008414145210410284, "hash_signature": "630e6e549a1e4b21", "sequence_str": "SHA -> VAL -> RA -> NUL -> NAV"}