{"sequence": ["NUL", "VAL", "RA", "IL", "SHA"], "coherence_change": 0.007004861325585976, "sense_index_change": 0.013877997069166925, "phi_s_change": -0.012488714782682986, "grad_phi_change": -0.024032120881925412, "k_phi_change": 0.08423128755002326, "xi_c_change": 0.0, "phase_sync_change": -0.0029954515713245256, "epi_magnitude_change": -0.003713217941493152, "hash_signature": "f0a43d8f624b3d96", "sequence_str": "NUL -> VAL -> RA -> IL -> SHA"}