{"sequence": ["AL", "SHA", "NUL", "ZHIR", "SHA"], "coherence_change": 0.0, "sense_index_change": -0.0004340509062281672, "phi_s_change": 0.0, "grad_phi_change": 0.0010119010876004086, "k_phi_change": 0.11016010969092686, "xi_c_change": 0.0, "phase_sync_change": -0.00037721333323859074, "epi_magnitude_change": -0.023881839224460855, "hash_signature": "45c5c38bd1fc62ba", "sequence_str": "AL -> SHA -> NUL -> ZHIR -> SHA"}