{"sequence": ["SHA", "THOL", "ZHIR", "AL", "VAL", "SHA"], "coherence_change": 0.006495090204981624, "sense_index_change": -0.005494062017095014, "phi_s_change": 0.01771208200804386, "grad_phi_change": 0.01717451067078435, "k_phi_change": 0.31140442534478674, "xi_c_change": 0.0, "phase_sync_change": -0.0032807815958290076, "epi_magnitude_change": 0.014932767162669114, "hash_signature": "60e43b6118749e85", "sequence_str": "SHA -> THOL -> ZHIR -> AL -> VAL -> SHA"}