{"sequence": ["NUL", "NUL", "UM", "NAV"], "coherence_change": 0.0, "sense_index_change": 0.020651134549934502, "phi_s_change": 0.0, "grad_phi_change": -0.10732829566564028, "k_phi_change": 0.31344516877651185, "xi_c_change": 0.0, "phase_sync_change": 0.022877966461018695, "epi_magnitude_change": -0.03982612338182734, "hash_signature": "b829d1cca3544e15", "sequence_str": "NUL -> NUL -> UM -> NAV"}