{"sequence": ["IL", "UM", "NUL", "REMESH"], "coherence_change": 0.007545067271405359, "sense_index_change": 0.034286745641844085, "phi_s_change": 0.03881466016783108, "grad_phi_change": -0.21554113855032475, "k_phi_change": 0.10754379611379968, "xi_c_change": 0.0, "phase_sync_change": 0.06716357002617956, "epi_magnitude_change": -0.015737834364851544, "hash_signature": "ee58f0a54c4d66db", "sequence_str": "IL -> UM -> NUL -> REMESH"}