{"sequence": ["NAV", "REMESH", "NAV", "NAV", "RA", "REMESH"], "coherence_change": 0.0, "sense_index_change": 0.0025097034455000555, "phi_s_change": 0.0, "grad_phi_change": -0.04499500970636716, "k_phi_change": 0.2465076470096211, "xi_c_change": 0.0, "phase_sync_change": 0.007867765349538702, "epi_magnitude_change": 0.002638157826966858, "hash_signature": "3ce21383db6d2b07", "sequence_str": "NAV -> REMESH -> NAV -> NAV -> RA -> REMESH"}