{"sequence": ["RA", "REMESH", "ZHIR", "REMESH"], "coherence_change": 0.0, "sense_index_change": -0.005588398148070217, "phi_s_change": 0.0, "grad_phi_change": 0.06127645738618104, "k_phi_change": 0.1597217569251144, "xi_c_change": 0.0, "phase_sync_change": -0.02175772726842362, "epi_magnitude_change": 0.0027775411651798088, "hash_signature": "36a580f449bedf62", "sequence_str": "RA -> REMESH -> ZHIR -> REMESH"}