{"sequence": ["IL", "ZHIR", "UM", "AL", "NUL", "REMESH"], "coherence_change": 0.00910703535380053, "sense_index_change": 0.03265660502985701, "phi_s_change": 0.09767391528241931, "grad_phi_change": -0.10497278405109411, "k_phi_change": 0.2500745566305796, "xi_c_change": 0.0, "phase_sync_change": 0.0466947736637241, "epi_magnitude_change": -0.011832513895962293, "hash_signature": "a7219352883f9944", "sequence_str": "IL -> ZHIR -> UM -> AL -> NUL -> REMESH"}