{"sequence": ["ZHIR", "RA", "NAV", "NAV", "UM", "OZ"], "coherence_change": -0.012866595117832946, "sense_index_change": 0.050443882772252424, "phi_s_change": -0.07780108376557293, "grad_phi_change": -0.21607279230360876, "k_phi_change": 0.09312725001417121, "xi_c_change": 0.0, "phase_sync_change": 0.05836171156044123, "epi_magnitude_change": 0.0, "hash_signature": "1e88d318812f871a", "sequence_str": "ZHIR -> RA -> NAV -> NAV -> UM -> OZ"}