{"sequence": ["UM", "OZ", "THOL", "NUL", "SHA"], "coherence_change": -0.00438126003865269, "sense_index_change": -0.0071183969256602975, "phi_s_change": 0.07070450519970828, "grad_phi_change": 0.020724563724111356, "k_phi_change": 0.22599666953349526, "xi_c_change": 0.0, "phase_sync_change": -0.009045000756799926, "epi_magnitude_change": -0.013409836125210517, "hash_signature": "26cb89a09096f45a", "sequence_str": "UM -> OZ -> THOL -> NUL -> SHA"}