{"sequence": ["UM", "ZHIR", "AL", "OZ", "NUL", "NAV"], "coherence_change": -0.011265596533829303, "sense_index_change": 0.00268671600295467, "phi_s_change": -0.06065904611246953, "grad_phi_change": 0.15124451103100256, "k_phi_change": 0.028737471266923248, "xi_c_change": 0.0, "phase_sync_change": -0.05329150079376599, "epi_magnitude_change": -0.016590009455972, "hash_signature": "5e4c7ee84dbd2790", "sequence_str": "UM -> ZHIR -> AL -> OZ -> NUL -> NAV"}