{"sequence": ["IL", "NAV", "UM", "OZ"], "coherence_change": -0.004810958943374244, "sense_index_change": -0.0131736700788751, "phi_s_change": 0.0799567498481647, "grad_phi_change": 0.05632768671354582, "k_phi_change": 0.1900779014401709, "xi_c_change": 0.0, "phase_sync_change": -0.01912783835028109, "epi_magnitude_change": 0.0, "hash_signature": "5f2b9b4629f249e4", "sequence_str": "IL -> NAV -> UM -> OZ"}