{"sequence": ["REMESH", "IL", "THOL", "ZHIR", "UM", "OZ"], "coherence_change": -0.0022867043934983178, "sense_index_change": 0.04666322377719323, "phi_s_change": -0.048119511677409466, "grad_phi_change": -0.29854888730371365, "k_phi_change": 0.3109598482094708, "xi_c_change": 0.0, "phase_sync_change": 0.09418171385547702, "epi_magnitude_change": 0.001720556145855312, "hash_signature": "be24e8495c81366d", "sequence_str": "REMESH -> IL -> THOL -> ZHIR -> UM -> OZ"}