{"sequence": ["AL", "NAV", "EN", "OZ"], "coherence_change": -0.015322220232192096, "sense_index_change": 0.0008375661283873681, "phi_s_change": 0.012779799148874726, "grad_phi_change": 0.0, "k_phi_change": 0.0, "xi_c_change": 0.0, "phase_sync_change": 0.0, "epi_magnitude_change": -0.0031900007105413186, "hash_signature": "08884dbd4c4e8aff", "sequence_str": "AL -> NAV -> EN -> OZ"}