{"sequence": ["RA", "REMESH", "EN", "RA", "OZ"], "coherence_change": -0.014615949279319196, "sense_index_change": 0.06986195393667327, "phi_s_change": -0.07057834911437144, "grad_phi_change": -0.37696877410253804, "k_phi_change": 0.06259812808556128, "xi_c_change": 0.0, "phase_sync_change": 0.1268343136564637, "epi_magnitude_change": 0.001409855140323879, "hash_signature": "44e619b5dfa68c67", "sequence_str": "RA -> REMESH -> EN -> RA -> OZ"}