{"sequence": ["UM", "SHA", "IL", "ZHIR", "SHA"], "coherence_change": 0.005962264374839044, "sense_index_change": 0.02675858871078829, "phi_s_change": 0.0004271912992690474, "grad_phi_change": -0.0949983678997357, "k_phi_change": 0.49900960736361394, "xi_c_change": 0.0, "phase_sync_change": 0.04234869975301858, "epi_magnitude_change": 0.0, "hash_signature": "baea3452d1953078", "sequence_str": "UM -> SHA -> IL -> ZHIR -> SHA"}