{"sequence": ["NAV", "RA", "AL", "NAV"], "coherence_change": 0.0, "sense_index_change": 0.014632031407103452, "phi_s_change": 0.0, "grad_phi_change": -0.0056039439740578345, "k_phi_change": 0.36527565470978995, "xi_c_change": 0.0, "phase_sync_change": 0.002415275012479068, "epi_magnitude_change": -0.0020208284075241556, "hash_signature": "35584fede41fc346", "sequence_str": "NAV -> RA -> AL -> NAV"}