{"sequence": ["AL", "EN", "AL", "NUL", "NUL", "OZ"], "coherence_change": -0.010561357830866536, "sense_index_change": 0.0072121339722840405, "phi_s_change": 0.07873241429008004, "grad_phi_change": 0.0, "k_phi_change": 0.0, "xi_c_change": 0.0, "phase_sync_change": 0.0, "epi_magnitude_change": -0.02275340119022906, "hash_signature": "b3938a8c6870204c", "sequence_str": "AL -> EN -> AL -> NUL -> NUL -> OZ"}