{"sequence": ["AL", "NAV", "UM", "REMESH"], "coherence_change": 0.0, "sense_index_change": 0.0011216639038577059, "phi_s_change": 0.0, "grad_phi_change": -0.04382908866214441, "k_phi_change": 0.020361125524914814, "xi_c_change": 0.0, "phase_sync_change": -0.001759267320239677, "epi_magnitude_change": 0.009140907395303377, "hash_signature": "b54c5948f1d1ee98", "sequence_str": "AL -> NAV -> UM -> REMESH"}