{"sequence": ["NAV", "VAL", "ZHIR", "ZHIR", "SHA"], "coherence_change": 0.0, "sense_index_change": -0.013186019415583394, "phi_s_change": 0.0, "grad_phi_change": 0.07959987767847232, "k_phi_change": 0.20182414786427036, "xi_c_change": 0.0, "phase_sync_change": -0.023876593655917877, "epi_magnitude_change": 0.01458941490669774, "hash_signature": "0b03cec690ef22c9", "sequence_str": "NAV -> VAL -> ZHIR -> ZHIR -> SHA"}