{"sequence": ["IL", "VAL", "VAL", "EN", "SHA"], "coherence_change": 0.006890766538058202, "sense_index_change": 0.0030456677966449464, "phi_s_change": 0.04086011588010774, "grad_phi_change": 0.0, "k_phi_change": 0.0, "xi_c_change": 0.0, "phase_sync_change": 0.0, "epi_magnitude_change": 0.03054447459478571, "hash_signature": "172b58efa3cea8e2", "sequence_str": "IL -> VAL -> VAL -> EN -> SHA"}