{"sequence": ["THOL", "NUL", "ZHIR", "AL", "SHA"], "coherence_change": 0.005594105958350526, "sense_index_change": -0.006151073812799668, "phi_s_change": -0.00875662701738067, "grad_phi_change": 0.05646922700749468, "k_phi_change": -0.010993204354528469, "xi_c_change": 0.0, "phase_sync_change": -0.016909514310176732, "epi_magnitude_change": -0.016122892158915825, "hash_signature": "6799bbc4e7b48683", "sequence_str": "THOL -> NUL -> ZHIR -> AL -> SHA"}