{"sequence": ["IL", "AL", "NUL", "IL", "ZHIR", "OZ"], "coherence_change": -0.00342283110960806, "sense_index_change": 0.031239818059735414, "phi_s_change": -0.20779441182629932, "grad_phi_change": -0.043503354893128066, "k_phi_change": -0.04945833306452169, "xi_c_change": 0.0, "phase_sync_change": 0.010381526483786652, "epi_magnitude_change": -0.021427574484590095, "hash_signature": "66536fc6a3371f10", "sequence_str": "IL -> AL -> NUL -> IL -> ZHIR -> OZ"}