{"sequence": ["REMESH", "OZ", "IL", "IL", "UM", "NAV"], "coherence_change": -0.0015028688156133452, "sense_index_change": 0.015026952555884154, "phi_s_change": -0.052588259754040245, "grad_phi_change": -0.06492832395169001, "k_phi_change": 0.2713001707921601, "xi_c_change": 0.0, "phase_sync_change": 0.005102674204349289, "epi_magnitude_change": 0.0015887994297587582, "hash_signature": "40c9a4beceaba77e", "sequence_str": "REMESH -> OZ -> IL -> IL -> UM -> NAV"}