{"sequence": ["VAL", "VAL", "NAV", "VAL", "OZ"], "coherence_change": -0.012030269185175246, "sense_index_change": 0.002849690851876696, "phi_s_change": 0.04023647966869648, "grad_phi_change": 0.0, "k_phi_change": 0.0, "xi_c_change": 0.0, "phase_sync_change": 0.0, "epi_magnitude_change": 0.048163611507185955, "hash_signature": "090025d3811547f1", "sequence_str": "VAL -> VAL -> NAV -> VAL -> OZ"}