{"sequence": ["EN", "NUL", "EN", "THOL", "EN", "OZ"], "coherence_change": -0.010685299563639727, "sense_index_change": 0.011243815344058716, "phi_s_change": -0.10061672790211817, "grad_phi_change": 0.0, "k_phi_change": 0.0, "xi_c_change": 0.0, "phase_sync_change": 0.0, "epi_magnitude_change": -0.018785458984267867, "hash_signature": "911d934db354785a", "sequence_str": "EN -> NUL -> EN -> THOL -> EN -> OZ"}