{"sequence": ["IL", "EN", "NUL", "OZ"], "coherence_change": 0.001976663355576891, "sense_index_change": -0.01234149209101204, "phi_s_change": 0.13480463966520695, "grad_phi_change": 0.0, "k_phi_change": 0.0, "xi_c_change": 0.0, "phase_sync_change": 0.0, "epi_magnitude_change": -0.014180337711053204, "hash_signature": "4bf28427176c5a94", "sequence_str": "IL -> EN -> NUL -> OZ"}