{"sequence": ["RA", "NAV", "UM", "REMESH"], "coherence_change": 0.0, "sense_index_change": 0.020552019955825673, "phi_s_change": 0.0, "grad_phi_change": -0.0905545266365404, "k_phi_change": -0.1882657358149818, "xi_c_change": 0.0, "phase_sync_change": 0.01698103233039061, "epi_magnitude_change": 0.001521447017263644, "hash_signature": "6b570ea51a9eb056", "sequence_str": "RA -> NAV -> UM -> REMESH"}