{"sequence": ["OZ", "VAL", "RA", "THOL", "THOL", "SHA"], "coherence_change": -0.001011770128047762, "sense_index_change": 0.02669713389609596, "phi_s_change": -0.09103790608527351, "grad_phi_change": 0.014774375348112878, "k_phi_change": 0.35659782362148174, "xi_c_change": 0.0, "phase_sync_change": -0.014662507026695248, "epi_magnitude_change": 0.018010960296352074, "hash_signature": "0a622b1475ae0f6e", "sequence_str": "OZ -> VAL -> RA -> THOL -> THOL -> SHA"}