{"sequence": ["UM", "OZ", "REMESH", "ZHIR", "THOL", "OZ"], "coherence_change": -0.02077474295087034, "sense_index_change": -0.011161315713429765, "phi_s_change": -0.13459357963406704, "grad_phi_change": -0.09944998438919495, "k_phi_change": 0.08012974336675037, "xi_c_change": 0.0, "phase_sync_change": 0.024443410242850017, "epi_magnitude_change": 0.0013538261246056615, "hash_signature": "476bcf9500d5c28b", "sequence_str": "UM -> OZ -> REMESH -> ZHIR -> THOL -> OZ"}