{"sequence": ["SHA", "RA", "VAL", "EN", "SHA"], "coherence_change": 0.0, "sense_index_change": 0.03389050193972731, "phi_s_change": 0.0, "grad_phi_change": -0.13723967863158748, "k_phi_change": -0.19884510686975576, "xi_c_change": 0.0, "phase_sync_change": 0.04008844968762415, "epi_magnitude_change": 0.015142429845058758, "hash_signature": "19358f40572f1e4a", "sequence_str": "SHA -> RA -> VAL -> EN -> SHA"}