{"sequence": ["AL", "UM", "ZHIR", "VAL", "NAV"], "coherence_change": 0.0, "sense_index_change": 0.038954238956068976, "phi_s_change": 0.0, "grad_phi_change": -0.12422859562031174, "k_phi_change": 0.03195073678445742, "xi_c_change": 0.0, "phase_sync_change": 0.03941670725794233, "epi_magnitude_change": 0.0264191476808997, "hash_signature": "af7070e605af8275", "sequence_str": "AL -> UM -> ZHIR -> VAL -> NAV"}