{"sequence": ["OZ", "REMESH", "OZ", "RA", "OZ"], "coherence_change": -0.03689487732275043, "sense_index_change": 0.05190411555655228, "phi_s_change": -0.179486900475881, "grad_phi_change": -0.04025580511382354, "k_phi_change": -0.10713762425544787, "xi_c_change": 0.0, "phase_sync_change": 0.015309151405774046, "epi_magnitude_change": 0.0014293740126049004, "hash_signature": "8c04e81d6b968fc9", "sequence_str": "OZ -> REMESH -> OZ -> RA -> OZ"}