{"sequence": ["SHA", "REMESH", "NUL", "OZ"], "coherence_change": -0.013416838187326974, "sense_index_change": 0.01914459861161666, "phi_s_change": -0.0775979733539055, "grad_phi_change": 0.0, "k_phi_change": 0.0, "xi_c_change": 0.0, "phase_sync_change": 0.0, "epi_magnitude_change": -0.018375719524319933, "hash_signature": "d3c480d85cb4264e", "sequence_str": "SHA -> REMESH -> NUL -> OZ"}