{"sequence": ["THOL", "AL", "REMESH", "SHA"], "coherence_change": 0.004660593302958871, "sense_index_change": -0.0068893664811645605, "phi_s_change": -0.009201303108670955, "grad_phi_change": 0.0, "k_phi_change": 0.0, "xi_c_change": 0.0, "phase_sync_change": 0.0, "epi_magnitude_change": 0.002963259371285498, "hash_signature": "d2d436bcd3a7890d", "sequence_str": "THOL -> AL -> REMESH -> SHA"}