{"sequence": ["OZ", "RA", "NUL", "OZ"], "coherence_change": -0.01935139487751114, "sense_index_change": -0.006152723666037807, "phi_s_change": -0.08609820480853636, "grad_phi_change": 0.06438500385000068, "k_phi_change": -0.035522719756856724, "xi_c_change": 0.0, "phase_sync_change": -0.02717537383151214, "epi_magnitude_change": -0.016341019867330164, "hash_signature": "c0535610fd0c838f", "sequence_str": "OZ -> RA -> NUL -> OZ"}