{"sequence": ["RA", "VAL", "NAV", "AL", "OZ"], "coherence_change": -0.009899639381125591, "sense_index_change": 0.020189403976837883, "phi_s_change": -0.117529403589969, "grad_phi_change": -0.021447657938229447, "k_phi_change": 0.4338483415015463, "xi_c_change": 0.0, "phase_sync_change": 0.0013152130638525161, "epi_magnitude_change": 0.02181483759788938, "hash_signature": "b9134c2a93a1d76d", "sequence_str": "RA -> VAL -> NAV -> AL -> OZ"}