{"sequence": ["VAL", "REMESH", "REMESH", "ZHIR", "NAV"], "coherence_change": 0.0, "sense_index_change": -0.009685008252127869, "phi_s_change": 0.0, "grad_phi_change": 0.034404263062091545, "k_phi_change": -0.15987517545964802, "xi_c_change": 0.0, "phase_sync_change": -0.0087142446437809, "epi_magnitude_change": 0.02016951144428447, "hash_signature": "6339ef98f3b43c45", "sequence_str": "VAL -> REMESH -> REMESH -> ZHIR -> NAV"}