{"sequence": ["AL", "OZ", "RA", "NAV", "NUL", "SHA"], "coherence_change": -0.009181131710790158, "sense_index_change": 0.0008626952872134996, "phi_s_change": 0.08876830970432958, "grad_phi_change": 0.10219333920929774, "k_phi_change": 0.18741297572122917, "xi_c_change": 0.0, "phase_sync_change": -0.03895895184627729, "epi_magnitude_change": -0.014238802358499392, "hash_signature": "794e8aaca5704ba9", "sequence_str": "AL -> OZ -> RA -> NAV -> NUL -> SHA"}