{"sequence": ["REMESH", "OZ", "EN", "NAV"], "coherence_change": -0.008837694767815374, "sense_index_change": 0.0006352399139043508, "phi_s_change": -0.0769786840886596, "grad_phi_change": 0.0, "k_phi_change": 0.0, "xi_c_change": 0.0, "phase_sync_change": 0.0, "epi_magnitude_change": 0.0016873395564149796, "hash_signature": "a060c574f9b54fc5", "sequence_str": "REMESH -> OZ -> EN -> NAV"}