{"sequence": ["NAV", "UM", "THOL", "VAL", "REMESH"], "coherence_change": 0.004217134540498102, "sense_index_change": -0.0011224789431875104, "phi_s_change": 0.023591097901295877, "grad_phi_change": -0.0017998105257457375, "k_phi_change": -0.24502867895476127, "xi_c_change": 0.0, "phase_sync_change": 0.0007057656571063387, "epi_magnitude_change": 0.025732144817979363, "hash_signature": "a4f1db9db9155d23", "sequence_str": "NAV -> UM -> THOL -> VAL -> REMESH"}