{"sequence": ["AL", "NAV", "RA", "UM", "NUL", "SHA"], "coherence_change": 0.0, "sense_index_change": 0.038955272748953274, "phi_s_change": 0.0, "grad_phi_change": -0.1742058241001745, "k_phi_change": 0.08748158675646579, "xi_c_change": 0.0, "phase_sync_change": 0.06088435004189752, "epi_magnitude_change": -0.020852609582718507, "hash_signature": "5f215280ae0706b8", "sequence_str": "AL -> NAV -> RA -> UM -> NUL -> SHA"}