{"sequence": ["EN", "THOL", "UM", "VAL", "NAV"], "coherence_change": 0.005223207985121214, "sense_index_change": 0.027252398837626757, "phi_s_change": 0.008288336266524365, "grad_phi_change": -0.1303436757382257, "k_phi_change": 0.14717595270284028, "xi_c_change": 0.0, "phase_sync_change": 0.04139537148018413, "epi_magnitude_change": 0.022089121409456403, "hash_signature": "0779a68c6d3154c1", "sequence_str": "EN -> THOL -> UM -> VAL -> NAV"}