{"sequence": ["AL", "OZ", "NUL", "IL", "UM", "NAV"], "coherence_change": -0.005541497962356701, "sense_index_change": 0.051114805383635886, "phi_s_change": -0.09436471261473556, "grad_phi_change": -0.14031893368183823, "k_phi_change": 0.017336687975187004, "xi_c_change": 0.0, "phase_sync_change": 0.04565131367460118, "epi_magnitude_change": -0.017512992227477042, "hash_signature": "e84a302f7ca86e2e", "sequence_str": "AL -> OZ -> NUL -> IL -> UM -> NAV"}