{"sequence": ["REMESH", "RA", "UM", "VAL", "NAV"], "coherence_change": 0.0, "sense_index_change": 0.059526347850900274, "phi_s_change": 0.0, "grad_phi_change": -0.3803285003588672, "k_phi_change": 0.11403671337370005, "xi_c_change": 0.0, "phase_sync_change": 0.11840123119921897, "epi_magnitude_change": 0.00520587218266344, "hash_signature": "0d99250edab23875", "sequence_str": "REMESH -> RA -> UM -> VAL -> NAV"}