{"sequence": ["VAL", "UM", "OZ"], "coherence_change": -0.011209719754237346, "sense_index_change": -0.007856080276622213, "phi_s_change": -0.047441131709295536, "grad_phi_change": -0.006829229614196741, "k_phi_change": 0.31916437740779785, "xi_c_change": 0.0, "phase_sync_change": 0.005803379144734833, "epi_magnitude_change": 0.012997432455133406, "hash_signature": "a0e2551648eb38b1", "sequence_str": "VAL -> UM -> OZ"}