{"sequence": ["REMESH", "RA", "NUL", "ZHIR", "IL", "NAV"], "coherence_change": 0.0067381850653259745, "sense_index_change": -0.006511111925778246, "phi_s_change": 0.02411254501913218, "grad_phi_change": 0.049104694431569174, "k_phi_change": -0.05005312120941749, "xi_c_change": 0.0, "phase_sync_change": -0.02199714933336039, "epi_magnitude_change": -0.017273266471412696, "hash_signature": "d407d68cfdfcf973", "sequence_str": "REMESH -> RA -> NUL -> ZHIR -> IL -> NAV"}