{"sequence": ["AL", "IL", "ZHIR", "AL", "VAL", "SHA"], "coherence_change": 0.008725811693371943, "sense_index_change": 0.020853099105737516, "phi_s_change": 0.10256459118557337, "grad_phi_change": -0.041757680690414745, "k_phi_change": -0.045419318582161944, "xi_c_change": 0.0, "phase_sync_change": 0.016679731645930174, "epi_magnitude_change": 0.023622718021306444, "hash_signature": "1bd57a8cece5d27f", "sequence_str": "AL -> IL -> ZHIR -> AL -> VAL -> SHA"}