{"sequence": ["ZHIR", "THOL", "EN", "REMESH"], "coherence_change": 0.004783662353091689, "sense_index_change": 0.01926810934649914, "phi_s_change": 0.05864678782328936, "grad_phi_change": -0.06488634155360118, "k_phi_change": 0.335360422296997, "xi_c_change": 0.0, "phase_sync_change": 0.01947592761287975, "epi_magnitude_change": 0.0012825276589689683, "hash_signature": "6b138f5c09b78027", "sequence_str": "ZHIR -> THOL -> EN -> REMESH"}