{"sequence": ["AL", "VAL", "ZHIR", "OZ"], "coherence_change": -0.008785377942415518, "sense_index_change": -0.004916476671421033, "phi_s_change": -0.058838921646967246, "grad_phi_change": -0.018926042910544894, "k_phi_change": 0.15859145762660212, "xi_c_change": 0.0, "phase_sync_change": 0.005335693713936496, "epi_magnitude_change": 0.015288329530685929, "hash_signature": "8021fc78ab5468f3", "sequence_str": "AL -> VAL -> ZHIR -> OZ"}