{"sequence": ["RA", "SHA", "OZ"], "coherence_change": -0.015054961462579008, "sense_index_change": 0.01730548644301433, "phi_s_change": -0.07838874017331221, "grad_phi_change": 0.017867650298583282, "k_phi_change": 0.3374618150736809, "xi_c_change": 0.0, "phase_sync_change": -0.01170570062577303, "epi_magnitude_change": 0.0, "hash_signature": "aa9972d53f1b9c1b", "sequence_str": "RA -> SHA -> OZ"}