{"sequence": ["NAV", "REMESH", "ZHIR", "IL", "OZ"], "coherence_change": -0.006170454149883264, "sense_index_change": -0.009472679230969228, "phi_s_change": -0.1353020560873297, "grad_phi_change": 0.0882371621982001, "k_phi_change": -0.06888747091718023, "xi_c_change": 0.0, "phase_sync_change": -0.02783566530395143, "epi_magnitude_change": 0.0014121024306419372, "hash_signature": "14149a8a9b1d0570", "sequence_str": "NAV -> REMESH -> ZHIR -> IL -> OZ"}