{"sequence": ["EN", "ZHIR", "EN", "REMESH"], "coherence_change": 0.0, "sense_index_change": 0.008995150039202593, "phi_s_change": 0.0, "grad_phi_change": -0.01866972197285177, "k_phi_change": 0.2162922248883864, "xi_c_change": 0.0, "phase_sync_change": 0.003976570995770978, "epi_magnitude_change": 0.0016637434077380053, "hash_signature": "709b86dec5128f95", "sequence_str": "EN -> ZHIR -> EN -> REMESH"}