{"sequence": ["VAL", "THOL", "OZ"], "coherence_change": -0.004617616302963756, "sense_index_change": 0.004389992223537309, "phi_s_change": -0.05504421111140467, "grad_phi_change": 0.0, "k_phi_change": 0.0, "xi_c_change": 0.0, "phase_sync_change": 0.0, "epi_magnitude_change": 0.010519446253686948, "hash_signature": "842496061e09ec18", "sequence_str": "VAL -> THOL -> OZ"}