{"sequence": ["AL", "AL", "OZ", "OZ", "THOL", "SHA"], "coherence_change": -0.02337281853076001, "sense_index_change": 0.015312850733287364, "phi_s_change": -0.16845322407657948, "grad_phi_change": 0.0, "k_phi_change": 0.0, "xi_c_change": 0.0, "phase_sync_change": 0.0, "epi_magnitude_change": -0.005942733884972795, "hash_signature": "751815b3f1179d79", "sequence_str": "AL -> AL -> OZ -> OZ -> THOL -> SHA"}