{"sequence": ["ZHIR", "EN", "IL", "OZ"], "coherence_change": -0.0017840343362249822, "sense_index_change": -0.014509265626186263, "phi_s_change": -0.044191183525003064, "grad_phi_change": 0.045106171355052016, "k_phi_change": -0.13329261957353766, "xi_c_change": 0.0, "phase_sync_change": -0.014663018202004552, "epi_magnitude_change": 0.0, "hash_signature": "722726ee25ad55c9", "sequence_str": "ZHIR -> EN -> IL -> OZ"}