{"sequence": ["NAV", "RA", "NUL", "SHA", "SHA"], "coherence_change": 0.0, "sense_index_change": -0.017942683643876745, "phi_s_change": 0.0, "grad_phi_change": 0.0003618578266029182, "k_phi_change": 0.6456792636017802, "xi_c_change": 0.0, "phase_sync_change": -0.002133959692809495, "epi_magnitude_change": -0.01663598686146983, "hash_signature": "d75e1c454d8ffbee", "sequence_str": "NAV -> RA -> NUL -> SHA -> SHA"}