{"sequence": ["NAV", "RA", "EN", "REMESH"], "coherence_change": 0.0, "sense_index_change": -0.0013604450354224307, "phi_s_change": 0.0, "grad_phi_change": -0.005605105244665731, "k_phi_change": 0.20447690414850098, "xi_c_change": 0.0, "phase_sync_change": -0.006121805623749865, "epi_magnitude_change": 0.0012990752214671053, "hash_signature": "2a79924336a9ea42", "sequence_str": "NAV -> RA -> EN -> REMESH"}