{"sequence": ["NAV", "UM", "AL", "IL", "OZ"], "coherence_change": -0.0028110016050871822, "sense_index_change": 0.03840566465816808, "phi_s_change": -0.07663974979261756, "grad_phi_change": -0.08998697216457763, "k_phi_change": 0.2004442514064148, "xi_c_change": 0.0, "phase_sync_change": 0.028601060058657146, "epi_magnitude_change": -0.00206018982215439, "hash_signature": "93b51d611ed7cdf7", "sequence_str": "NAV -> UM -> AL -> IL -> OZ"}