{"sequence": ["ZHIR", "EN", "NUL", "SHA"], "coherence_change": 0.0, "sense_index_change": 0.005619036518475395, "phi_s_change": 0.0, "grad_phi_change": -0.03322645522488665, "k_phi_change": -0.09022577680120886, "xi_c_change": 0.0, "phase_sync_change": 0.01730372533090574, "epi_magnitude_change": -0.021412317720879037, "hash_signature": "e3a2f3f92d19cf11", "sequence_str": "ZHIR -> EN -> NUL -> SHA"}