{"sequence": ["REMESH", "ZHIR", "REMESH", "UM", "OZ"], "coherence_change": -0.012298769812285393, "sense_index_change": 0.044299872728169265, "phi_s_change": 0.06622387812272179, "grad_phi_change": -0.18212936182941641, "k_phi_change": 0.37314661382471764, "xi_c_change": 0.0, "phase_sync_change": 0.05798099613270857, "epi_magnitude_change": 0.0023716693036617276, "hash_signature": "81c99c7d274de8ab", "sequence_str": "REMESH -> ZHIR -> REMESH -> UM -> OZ"}