{"sequence": ["AL", "RA", "RA", "AL", "UM", "NAV"], "coherence_change": 0.0, "sense_index_change": 0.0941364354943327, "phi_s_change": 0.0, "grad_phi_change": -0.4936386632677825, "k_phi_change": 0.003129856139438697, "xi_c_change": 0.0, "phase_sync_change": 0.16486625604922722, "epi_magnitude_change": 0.005743256440027489, "hash_signature": "dcfc016cf5b6a5f3", "sequence_str": "AL -> RA -> RA -> AL -> UM -> NAV"}