{"sequence": ["AL", "REMESH", "IL", "REMESH"], "coherence_change": 0.007425362365452548, "sense_index_change": -0.00593464019364609, "phi_s_change": 0.007895989113656965, "grad_phi_change": 0.0, "k_phi_change": 0.0, "xi_c_change": 0.0, "phase_sync_change": 0.0, "epi_magnitude_change": -0.007321030509140125, "hash_signature": "520d720abf38333d", "sequence_str": "AL -> REMESH -> IL -> REMESH"}