{"sequence": ["SHA", "THOL", "VAL", "IL", "NAV"], "coherence_change": 0.011126579388723634, "sense_index_change": 0.005761139033568896, "phi_s_change": 0.07210462718840627, "grad_phi_change": 0.0, "k_phi_change": 0.0, "xi_c_change": 0.0, "phase_sync_change": 0.0, "epi_magnitude_change": 0.019238516189871824, "hash_signature": "f6219caa82c134b7", "sequence_str": "SHA -> THOL -> VAL -> IL -> NAV"}