{"sequence": ["EN", "RA", "IL", "ZHIR", "UM", "SHA"], "coherence_change": 0.008049617188593428, "sense_index_change": 0.03686370865168487, "phi_s_change": 0.10332764005941675, "grad_phi_change": -0.15841992766739632, "k_phi_change": 0.5539637864618208, "xi_c_change": 0.0, "phase_sync_change": 0.04096218660080253, "epi_magnitude_change": 0.0, "hash_signature": "398fee429d717936", "sequence_str": "EN -> RA -> IL -> ZHIR -> UM -> SHA"}