{"sequence": ["SHA", "ZHIR", "SHA", "RA", "REMESH"], "coherence_change": 0.0, "sense_index_change": 0.002621171639490605, "phi_s_change": 0.0, "grad_phi_change": 0.08684652756401912, "k_phi_change": 0.5414212325767273, "xi_c_change": 0.0, "phase_sync_change": -0.02811092655040104, "epi_magnitude_change": 0.0013716497512473724, "hash_signature": "bba055d85d865e84", "sequence_str": "SHA -> ZHIR -> SHA -> RA -> REMESH"}