{"sequence": ["REMESH", "UM", "RA", "ZHIR", "REMESH"], "coherence_change": 0.0, "sense_index_change": 0.01722792962764541, "phi_s_change": 0.0, "grad_phi_change": -0.14148529593681092, "k_phi_change": 0.6618882671433994, "xi_c_change": 0.0, "phase_sync_change": 0.04773544376541683, "epi_magnitude_change": 0.003402835873140053, "hash_signature": "bdb18e2595e7746c", "sequence_str": "REMESH -> UM -> RA -> ZHIR -> REMESH"}