{"sequence": ["UM", "REMESH", "NUL", "NAV"], "coherence_change": 0.0, "sense_index_change": 0.03891848610819659, "phi_s_change": 0.0, "grad_phi_change": -0.18850239086585807, "k_phi_change": 0.31582218221567815, "xi_c_change": 0.0, "phase_sync_change": 0.05518762170214564, "epi_magnitude_change": -0.01133258042620311, "hash_signature": "8eb6838855094f7c", "sequence_str": "UM -> REMESH -> NUL -> NAV"}