{"sequence": ["NAV", "OZ", "ZHIR", "SHA"], "coherence_change": -0.00680158072733783, "sense_index_change": 0.018909935600350813, "phi_s_change": -0.08833757195778524, "grad_phi_change": -0.0300101108840074, "k_phi_change": 0.4737319769275331, "xi_c_change": 0.0, "phase_sync_change": 0.011304590700705441, "epi_magnitude_change": 0.0, "hash_signature": "421f1b88fa071f67", "sequence_str": "NAV -> OZ -> ZHIR -> SHA"}