{"sequence": ["UM", "THOL", "REMESH", "ZHIR", "NAV"], "coherence_change": 0.007193646589253033, "sense_index_change": -0.021934670855840388, "phi_s_change": 0.09236695503653591, "grad_phi_change": 0.043768273768328925, "k_phi_change": 0.19211176171943448, "xi_c_change": 0.0, "phase_sync_change": -0.022068212391203046, "epi_magnitude_change": 0.0014972700949797968, "hash_signature": "23f063507e3772aa", "sequence_str": "UM -> THOL -> REMESH -> ZHIR -> NAV"}