{"sequence": ["UM", "UM", "AL", "OZ"], "coherence_change": -0.016002893422664366, "sense_index_change": 0.03808943850633362, "phi_s_change": -0.03760841577615592, "grad_phi_change": -0.1973509377295728, "k_phi_change": 0.3773606544745961, "xi_c_change": 0.0, "phase_sync_change": 0.06089291170831823, "epi_magnitude_change": -0.0002853484704959941, "hash_signature": "5c418fb39f2705a8", "sequence_str": "UM -> UM -> AL -> OZ"}