{"sequence": ["SHA", "RA", "UM", "RA", "OZ"], "coherence_change": -0.013225765963842728, "sense_index_change": 0.10561656453191592, "phi_s_change": -0.07478099923560633, "grad_phi_change": -0.4981241255006057, "k_phi_change": 0.11825952460063201, "xi_c_change": 0.0, "phase_sync_change": 0.15586137010416246, "epi_magnitude_change": 0.0, "hash_signature": "4b6b70fa5c57c48d", "sequence_str": "SHA -> RA -> UM -> RA -> OZ"}