{"sequence": ["AL", "IL", "AL", "RA", "ZHIR", "REMESH"], "coherence_change": 0.006456408561378968, "sense_index_change": 0.017440193702225493, "phi_s_change": -0.020438958944876906, "grad_phi_change": -0.054678498511250284, "k_phi_change": 0.36419501105259927, "xi_c_change": 0.0, "phase_sync_change": 0.017418235547521754, "epi_magnitude_change": 0.005508901055523596, "hash_signature": "863d65f54acecda1", "sequence_str": "AL -> IL -> AL -> RA -> ZHIR -> REMESH"}