{"sequence": ["OZ", "ZHIR", "NAV", "EN", "REMESH"], "coherence_change": -0.00970077227363686, "sense_index_change": -0.01988431203550589, "phi_s_change": 0.060995602554611006, "grad_phi_change": 0.07227182450342928, "k_phi_change": -0.20951339600952612, "xi_c_change": 0.0, "phase_sync_change": -0.028602177117880156, "epi_magnitude_change": 0.001613715719175568, "hash_signature": "a123246e1d8ff0a9", "sequence_str": "OZ -> ZHIR -> NAV -> EN -> REMESH"}