{"sequence": ["AL", "THOL", "ZHIR", "NAV"], "coherence_change": 0.0049229531389256564, "sense_index_change": 0.02704315556923287, "phi_s_change": 0.07959678477216314, "grad_phi_change": -0.08609175313442474, "k_phi_change": 0.28587311667066934, "xi_c_change": 0.0, "phase_sync_change": 0.02630828867791446, "epi_magnitude_change": 0.0013205803536237015, "hash_signature": "4323dbefb53638d3", "sequence_str": "AL -> THOL -> ZHIR -> NAV"}