{"sequence": ["AL", "IL", "RA", "NAV"], "coherence_change": 0.007235971219912818, "sense_index_change": -0.023151228357225773, "phi_s_change": 0.03931626279931799, "grad_phi_change": 0.13318366130726167, "k_phi_change": 0.3156675678545787, "xi_c_change": 0.0, "phase_sync_change": -0.05013899815437639, "epi_magnitude_change": -0.004336510732530385, "hash_signature": "fea51d39108c9cc1", "sequence_str": "AL -> IL -> RA -> NAV"}