{"sequence": ["AL", "UM", "ZHIR", "NAV", "AL", "SHA"], "coherence_change": 0.0, "sense_index_change": 0.02704585431907236, "phi_s_change": 0.0, "grad_phi_change": -0.18964495699138006, "k_phi_change": 0.053311501079543994, "xi_c_change": 0.0, "phase_sync_change": 0.06535702948810174, "epi_magnitude_change": -0.005682629748741785, "hash_signature": "d20594c9c85906b7", "sequence_str": "AL -> UM -> ZHIR -> NAV -> AL -> SHA"}