{"sequence": ["AL", "ZHIR", "ZHIR", "SHA", "NUL", "OZ"], "coherence_change": -0.01035107113274747, "sense_index_change": -0.0024937557053238413, "phi_s_change": -0.04621395132776884, "grad_phi_change": -0.036129888558504186, "k_phi_change": 0.2808253874543879, "xi_c_change": 0.0, "phase_sync_change": 0.014736102001029816, "epi_magnitude_change": -0.002528270520343767, "hash_signature": "5cfd25de19201ac8", "sequence_str": "AL -> ZHIR -> ZHIR -> SHA -> NUL -> OZ"}