{"sequence": ["SHA", "UM", "NAV", "OZ", "VAL", "REMESH"], "coherence_change": -0.010121249392073373, "sense_index_change": 0.032756747294804156, "phi_s_change": -0.02072884036997269, "grad_phi_change": -0.20467741174921783, "k_phi_change": -0.16578352883049552, "xi_c_change": 0.0, "phase_sync_change": 0.06879805419159946, "epi_magnitude_change": 0.01512285715758599, "hash_signature": "55bb29fb65cfac7c", "sequence_str": "SHA -> UM -> NAV -> OZ -> VAL -> REMESH"}