{"sequence": ["REMESH", "THOL", "AL", "OZ"], "coherence_change": -0.005234575834196509, "sense_index_change": 0.02778465417983178, "phi_s_change": -0.1531206714082861, "grad_phi_change": 0.0, "k_phi_change": 0.0, "xi_c_change": 0.0, "phase_sync_change": 0.0, "epi_magnitude_change": 0.0027730559740435368, "hash_signature": "847f82d87be29903", "sequence_str": "REMESH -> THOL -> AL -> OZ"}