{"sequence": ["AL", "REMESH", "RA", "EN", "REMESH"], "coherence_change": 0.0, "sense_index_change": 0.001982325844037014, "phi_s_change": 0.0, "grad_phi_change": 0.03117543813917889, "k_phi_change": 0.035770520928832705, "xi_c_change": 0.0, "phase_sync_change": -0.013273133692191519, "epi_magnitude_change": 0.004699522762277586, "hash_signature": "f8586dbfaddadbb6", "sequence_str": "AL -> REMESH -> RA -> EN -> REMESH"}