{"sequence": ["NUL", "ZHIR", "ZHIR", "NAV"], "coherence_change": 0.0, "sense_index_change": -0.005677737118828907, "phi_s_change": 0.0, "grad_phi_change": 0.004737903705824165, "k_phi_change": -0.004818911921696256, "xi_c_change": 0.0, "phase_sync_change": 0.005211132425902099, "epi_magnitude_change": -0.016155510688914076, "hash_signature": "283f80a7afac59a6", "sequence_str": "NUL -> ZHIR -> ZHIR -> NAV"}