{"sequence": ["OZ", "VAL", "AL", "EN", "REMESH"], "coherence_change": -0.01329856980358024, "sense_index_change": -0.007548274760873386, "phi_s_change": -0.12603466011154574, "grad_phi_change": 0.0, "k_phi_change": 0.0, "xi_c_change": 0.0, "phase_sync_change": 0.0, "epi_magnitude_change": 0.020007425829916103, "hash_signature": "bc4f32705d40bf02", "sequence_str": "OZ -> VAL -> AL -> EN -> REMESH"}