{"sequence": ["NAV", "ZHIR", "VAL", "SHA"], "coherence_change": 0.0, "sense_index_change": -0.021143247464424086, "phi_s_change": 0.0, "grad_phi_change": 0.0725571888079084, "k_phi_change": -0.048908886831118575, "xi_c_change": 0.0, "phase_sync_change": -0.02040423286431614, "epi_magnitude_change": 0.019245863526374918, "hash_signature": "5a8aac80973cc0fb", "sequence_str": "NAV -> ZHIR -> VAL -> SHA"}