{"sequence": ["RA", "AL", "IL", "NAV"], "coherence_change": 0.005991892689149125, "sense_index_change": -0.0014856834513273798, "phi_s_change": 0.0005302134272722192, "grad_phi_change": 0.044031203472891356, "k_phi_change": 0.3461998879703051, "xi_c_change": 0.0, "phase_sync_change": -0.01465337616339224, "epi_magnitude_change": -0.00034597417586235135, "hash_signature": "21c852eeecf9cc70", "sequence_str": "RA -> AL -> IL -> NAV"}