{"sequence": ["IL", "EN", "RA", "IL", "OZ"], "coherence_change": 0.007147254116099844, "sense_index_change": 0.023220775698334695, "phi_s_change": 0.006348981438894952, "grad_phi_change": 0.021778220947226812, "k_phi_change": 0.2342637422964853, "xi_c_change": 0.0, "phase_sync_change": -0.014164090503008042, "epi_magnitude_change": 0.0, "hash_signature": "c26807e93948d66c", "sequence_str": "IL -> EN -> RA -> IL -> OZ"}