{"sequence": ["AL", "RA", "RA", "ZHIR", "NUL", "SHA"], "coherence_change": 0.0, "sense_index_change": 0.04376101291516832, "phi_s_change": 0.0, "grad_phi_change": -0.2891649891803052, "k_phi_change": 0.06793385559403833, "xi_c_change": 0.0, "phase_sync_change": 0.0911072163826846, "epi_magnitude_change": -0.022362653843013724, "hash_signature": "b5a66d66e05bac4e", "sequence_str": "AL -> RA -> RA -> ZHIR -> NUL -> SHA"}