{"sequence": ["THOL", "SHA", "NAV", "AL", "OZ"], "coherence_change": -0.008354751245533643, "sense_index_change": 0.012102576618768901, "phi_s_change": -0.12323015236912938, "grad_phi_change": 0.0, "k_phi_change": 0.0, "xi_c_change": 0.0, "phase_sync_change": 0.0, "epi_magnitude_change": -0.017583630592226118, "hash_signature": "57256832fbbc6879", "sequence_str": "THOL -> SHA -> NAV -> AL -> OZ"}