{"sequence": ["IL", "THOL", "VAL", "THOL", "SHA"], "coherence_change": 0.017152551160600105, "sense_index_change": 0.01688380314528415, "phi_s_change": 0.09202123391322004, "grad_phi_change": 0.0, "k_phi_change": 0.0, "xi_c_change": 0.0, "phase_sync_change": 0.0, "epi_magnitude_change": 0.015282071596126157, "hash_signature": "386842a2aa444a47", "sequence_str": "IL -> THOL -> VAL -> THOL -> SHA"}