{"sequence": ["VAL", "THOL", "SHA", "AL", "OZ"], "coherence_change": -0.008397765229440468, "sense_index_change": 0.0014992599278040863, "phi_s_change": -0.008782724676688392, "grad_phi_change": 0.0, "k_phi_change": 0.0, "xi_c_change": 0.0, "phase_sync_change": 0.0, "epi_magnitude_change": 0.012968595448416886, "hash_signature": "f24d5c5dbc5e3164", "sequence_str": "VAL -> THOL -> SHA -> AL -> OZ"}