{"sequence": ["SHA", "NUL", "IL", "REMESH", "OZ"], "coherence_change": -0.005456037208840692, "sense_index_change": 0.0005841158933345136, "phi_s_change": 0.038063127570879596, "grad_phi_change": 0.0, "k_phi_change": 0.0, "xi_c_change": 0.0, "phase_sync_change": 0.0, "epi_magnitude_change": -0.021593405349985884, "hash_signature": "cba8b0678f6ca548", "sequence_str": "SHA -> NUL -> IL -> REMESH -> OZ"}