{"sequence": ["REMESH", "IL", "NAV", "RA", "UM", "NAV"], "coherence_change": 0.0065339566019313455, "sense_index_change": 0.027074397093954983, "phi_s_change": 0.10165517079236708, "grad_phi_change": -0.19367465968375086, "k_phi_change": 0.13030607843713898, "xi_c_change": 0.0, "phase_sync_change": 0.056958211779598034, "epi_magnitude_change": 0.0014506769775143313, "hash_signature": "17756cc9a69527dc", "sequence_str": "REMESH -> IL -> NAV -> RA -> UM -> NAV"}