{"sequence": ["AL", "OZ", "SHA", "THOL", "SHA"], "coherence_change": -0.0098305622894993, "sense_index_change": -0.0005303290313832809, "phi_s_change": 0.022885393833924295, "grad_phi_change": 0.0, "k_phi_change": 0.0, "xi_c_change": 0.0, "phase_sync_change": 0.0, "epi_magnitude_change": -0.004753138446787153, "hash_signature": "099799bbb4f5c960", "sequence_str": "AL -> OZ -> SHA -> THOL -> SHA"}