{"sequence": ["THOL", "ZHIR", "NUL", "RA", "NAV"], "coherence_change": 0.004881152127379829, "sense_index_change": 0.0002695680332268635, "phi_s_change": -0.03397234738015231, "grad_phi_change": -0.03288757584479374, "k_phi_change": 0.29084854446365066, "xi_c_change": 0.0, "phase_sync_change": -0.0008390308817279868, "epi_magnitude_change": -0.01694110988666009, "hash_signature": "bd90a4b19c1e7b03", "sequence_str": "THOL -> ZHIR -> NUL -> RA -> NAV"}