{"sequence": ["AL", "ZHIR", "REMESH"], "coherence_change": 0.0, "sense_index_change": -0.002168596711136339, "phi_s_change": 0.0, "grad_phi_change": 0.011219902461833797, "k_phi_change": -0.17573981270252864, "xi_c_change": 0.0, "phase_sync_change": -0.007918846034639215, "epi_magnitude_change": 0.013900378839673766, "hash_signature": "35e3cd447179b000", "sequence_str": "AL -> ZHIR -> REMESH"}