{"sequence": ["RA", "NUL", "VAL", "REMESH"], "coherence_change": 0.0, "sense_index_change": -0.0023850732152107534, "phi_s_change": 0.0, "grad_phi_change": -0.03872978118102299, "k_phi_change": 0.19580743050943486, "xi_c_change": 0.0, "phase_sync_change": 0.007638460534100999, "epi_magnitude_change": 0.0058418888971935035, "hash_signature": "e6bd13cbc1fa8a37", "sequence_str": "RA -> NUL -> VAL -> REMESH"}