{"sequence": ["UM", "SHA", "SHA"], "coherence_change": 0.0, "sense_index_change": 0.03063677579569113, "phi_s_change": 0.0, "grad_phi_change": -0.13419560414913145, "k_phi_change": 0.441490761623869, "xi_c_change": 0.0, "phase_sync_change": 0.0542107031077711, "epi_magnitude_change": 0.0, "hash_signature": "432ab2e716802fce", "sequence_str": "UM -> SHA -> SHA"}