{"sequence": ["ZHIR", "RA", "IL", "ZHIR", "OZ"], "coherence_change": -0.0040513162639249645, "sense_index_change": 0.018414740249696693, "phi_s_change": 0.0535590284845191, "grad_phi_change": -0.08417078038890335, "k_phi_change": -0.20313098887180858, "xi_c_change": 0.0, "phase_sync_change": 0.02627553411688066, "epi_magnitude_change": 0.0, "hash_signature": "6cadbc4a0a6d66b1", "sequence_str": "ZHIR -> RA -> IL -> ZHIR -> OZ"}