{"sequence": ["VAL", "REMESH", "REMESH", "RA", "OZ"], "coherence_change": -0.007605573135253119, "sense_index_change": -0.0027622571694675413, "phi_s_change": -0.031357715125969965, "grad_phi_change": 0.007392547717741449, "k_phi_change": 0.30122115174926567, "xi_c_change": 0.0, "phase_sync_change": -0.008281185774996924, "epi_magnitude_change": 0.020849735942436, "hash_signature": "5a861253144df126", "sequence_str": "VAL -> REMESH -> REMESH -> RA -> OZ"}