{"sequence": ["NAV", "OZ", "UM", "UM", "IL", "NAV"], "coherence_change": 0.0008958273278107942, "sense_index_change": -0.0016287873900622252, "phi_s_change": 0.06819706417304161, "grad_phi_change": -0.12749542905768485, "k_phi_change": 0.34004886799620926, "xi_c_change": 0.0, "phase_sync_change": 0.027220039384745487, "epi_magnitude_change": 0.0, "hash_signature": "b5554af5c0fd841c", "sequence_str": "NAV -> OZ -> UM -> UM -> IL -> NAV"}