{"sequence": ["AL", "THOL", "OZ", "VAL", "REMESH"], "coherence_change": -0.006592482274544231, "sense_index_change": 0.016025973360347945, "phi_s_change": -0.035134488910587236, "grad_phi_change": 0.0, "k_phi_change": 0.0, "xi_c_change": 0.0, "phase_sync_change": 0.0, "epi_magnitude_change": 0.005862945340423753, "hash_signature": "185e9f6fea9e977b", "sequence_str": "AL -> THOL -> OZ -> VAL -> REMESH"}