{"sequence": ["REMESH", "ZHIR", "REMESH", "AL", "SHA"], "coherence_change": 0.0, "sense_index_change": 0.0030043039946631156, "phi_s_change": 0.0, "grad_phi_change": -0.039682752060798965, "k_phi_change": -0.16033525052488778, "xi_c_change": 0.0, "phase_sync_change": 0.014857914894473523, "epi_magnitude_change": 0.00753582158746291, "hash_signature": "541f60185e5b1a8c", "sequence_str": "REMESH -> ZHIR -> REMESH -> AL -> SHA"}