{"sequence": ["RA", "OZ", "OZ", "UM", "IL", "OZ"], "coherence_change": -0.033058634988214375, "sense_index_change": 0.0825631627638509, "phi_s_change": -0.24993378703403968, "grad_phi_change": -0.39401013082386704, "k_phi_change": 0.11010026051766302, "xi_c_change": 0.0, "phase_sync_change": 0.12349175795500911, "epi_magnitude_change": 0.0, "hash_signature": "c3aac8f8a44a324d", "sequence_str": "RA -> OZ -> OZ -> UM -> IL -> OZ"}