{"sequence": ["ZHIR", "SHA", "ZHIR", "VAL", "IL", "OZ"], "coherence_change": -0.002067501449303455, "sense_index_change": 0.0333962877737648, "phi_s_change": -0.07285812366646127, "grad_phi_change": -0.09561213960625903, "k_phi_change": -0.08664437219934606, "xi_c_change": 0.0, "phase_sync_change": 0.029453704135871228, "epi_magnitude_change": 0.026524529094364757, "hash_signature": "3d8792333c537c1c", "sequence_str": "ZHIR -> SHA -> ZHIR -> VAL -> IL -> OZ"}