{"sequence": ["UM", "UM", "NUL", "NUL", "ZHIR", "NAV"], "coherence_change": 0.0, "sense_index_change": 0.04545519543544774, "phi_s_change": 0.0, "grad_phi_change": -0.27687239395025154, "k_phi_change": 0.5190853612842574, "xi_c_change": 0.0, "phase_sync_change": 0.0890539392741011, "epi_magnitude_change": -0.02468908900265776, "hash_signature": "90c26e1dacac043e", "sequence_str": "UM -> UM -> NUL -> NUL -> ZHIR -> NAV"}