{"sequence": ["OZ", "NAV", "NUL", "OZ"], "coherence_change": -0.025181255780092227, "sense_index_change": 0.01331931821238963, "phi_s_change": -0.21736405423734528, "grad_phi_change": 0.0, "k_phi_change": 0.0, "xi_c_change": 0.0, "phase_sync_change": 0.0, "epi_magnitude_change": -0.019682415735372327, "hash_signature": "2525416d44b78d4e", "sequence_str": "OZ -> NAV -> NUL -> OZ"}