{"sequence": ["VAL", "UM", "NAV"], "coherence_change": 0.0, "sense_index_change": 0.022378499251580197, "phi_s_change": 0.0, "grad_phi_change": -0.09689372756109416, "k_phi_change": -0.19525524805477762, "xi_c_change": 0.0, "phase_sync_change": 0.03905789377831226, "epi_magnitude_change": 0.022924329551068823, "hash_signature": "a79fbfa82fea5a3a", "sequence_str": "VAL -> UM -> NAV"}