{"sequence": ["EN", "EN", "RA", "SHA"], "coherence_change": 0.0, "sense_index_change": 0.006980996724453736, "phi_s_change": 0.0, "grad_phi_change": -0.02154550382262954, "k_phi_change": 0.13615257987733956, "xi_c_change": 0.0, "phase_sync_change": 0.0032554107631201923, "epi_magnitude_change": 0.0, "hash_signature": "2de06db7c7051909", "sequence_str": "EN -> EN -> RA -> SHA"}