{"sequence": ["IL", "REMESH", "ZHIR", "REMESH"], "coherence_change": 0.006997293468800403, "sense_index_change": -0.001240841163032691, "phi_s_change": 0.03776366693394562, "grad_phi_change": 0.04745847351610322, "k_phi_change": -0.04261016022754993, "xi_c_change": 0.0, "phase_sync_change": -0.015812584235331162, "epi_magnitude_change": 0.002752249339039392, "hash_signature": "d88883459388f5d3", "sequence_str": "IL -> REMESH -> ZHIR -> REMESH"}