{"sequence": ["AL", "OZ", "NAV", "THOL", "SHA"], "coherence_change": -0.0057798025021560395, "sense_index_change": 0.026276650489063247, "phi_s_change": 0.08325948361843383, "grad_phi_change": 0.0, "k_phi_change": 0.0, "xi_c_change": 0.0, "phase_sync_change": 0.0, "epi_magnitude_change": -0.0007274483528737496, "hash_signature": "a23c3ee3f433314a", "sequence_str": "AL -> OZ -> NAV -> THOL -> SHA"}