{"sequence": ["AL", "NAV", "THOL", "SHA"], "coherence_change": 0.006049230721489107, "sense_index_change": -0.010854252330560976, "phi_s_change": 0.08491878488691962, "grad_phi_change": 0.0, "k_phi_change": 0.0, "xi_c_change": 0.0, "phase_sync_change": 0.0, "epi_magnitude_change": 0.004747131945298411, "hash_signature": "f366821ccba90e9a", "sequence_str": "AL -> NAV -> THOL -> SHA"}