{"sequence": ["EN", "IL", "AL", "AL", "OZ"], "coherence_change": 0.0008319357135774252, "sense_index_change": -0.0032988570874393774, "phi_s_change": -0.010518305697711616, "grad_phi_change": 0.0, "k_phi_change": 0.0, "xi_c_change": 0.0, "phase_sync_change": 0.0, "epi_magnitude_change": -0.004613640963893717, "hash_signature": "7ce0fca6cbf322ff", "sequence_str": "EN -> IL -> AL -> AL -> OZ"}