{"sequence": ["THOL", "UM", "RA", "UM", "IL", "SHA"], "coherence_change": 0.011177343763256742, "sense_index_change": 0.024305681878131202, "phi_s_change": -0.07071970898003654, "grad_phi_change": -0.08708825744533288, "k_phi_change": 0.29500567719895876, "xi_c_change": 0.0, "phase_sync_change": 0.024530768432436068, "epi_magnitude_change": 0.0, "hash_signature": "15abc63aed129382", "sequence_str": "THOL -> UM -> RA -> UM -> IL -> SHA"}