{"sequence": ["NAV", "EN", "UM", "RA", "AL", "REMESH"], "coherence_change": 0.0, "sense_index_change": 0.023441796033505935, "phi_s_change": 0.0, "grad_phi_change": -0.14609675664397415, "k_phi_change": 0.2729636891999269, "xi_c_change": 0.0, "phase_sync_change": 0.04467550984693314, "epi_magnitude_change": 0.01289362281640416, "hash_signature": "1bc1f23ed36a0455", "sequence_str": "NAV -> EN -> UM -> RA -> AL -> REMESH"}