{"sequence": ["NUL", "EN", "RA", "RA", "SHA"], "coherence_change": 0.0, "sense_index_change": 0.03354168562344284, "phi_s_change": 0.0, "grad_phi_change": -0.16725431819832748, "k_phi_change": 0.41122681641896985, "xi_c_change": 0.0, "phase_sync_change": 0.055849243479110355, "epi_magnitude_change": -0.007015274362842883, "hash_signature": "ef2c3376112134da", "sequence_str": "NUL -> EN -> RA -> RA -> SHA"}