{"sequence": ["SHA", "ZHIR", "REMESH"], "coherence_change": 0.0, "sense_index_change": 0.002583997828490503, "phi_s_change": 0.0, "grad_phi_change": -0.034371261716779955, "k_phi_change": 0.16070061782588532, "xi_c_change": 0.0, "phase_sync_change": 0.009981164655513575, "epi_magnitude_change": 0.0013902799030263147, "hash_signature": "e080920fc97154f0", "sequence_str": "SHA -> ZHIR -> REMESH"}