{"sequence": ["THOL", "RA", "SHA", "UM", "NUL", "NAV"], "coherence_change": 0.0019545716060397345, "sense_index_change": 0.025548569135770083, "phi_s_change": 0.006855203913610053, "grad_phi_change": -0.1310886976270944, "k_phi_change": 0.42051958793981414, "xi_c_change": 0.0, "phase_sync_change": 0.034831723086391375, "epi_magnitude_change": -0.015018051038483304, "hash_signature": "4af3dd4b11523feb", "sequence_str": "THOL -> RA -> SHA -> UM -> NUL -> NAV"}