{"sequence": ["VAL", "THOL", "OZ", "AL", "ZHIR", "SHA"], "coherence_change": -0.007994326363731652, "sense_index_change": 0.01608507656421354, "phi_s_change": 0.08949032308607852, "grad_phi_change": -0.0019998290532634577, "k_phi_change": -0.026131464485009553, "xi_c_change": 0.0, "phase_sync_change": 0.0007476764694422933, "epi_magnitude_change": 0.008125803221296968, "hash_signature": "5fc33d2a1dc9445e", "sequence_str": "VAL -> THOL -> OZ -> AL -> ZHIR -> SHA"}