{"sequence": ["NAV", "IL", "ZHIR", "NUL", "OZ"], "coherence_change": -0.005033000794900655, "sense_index_change": -0.0012022575760314291, "phi_s_change": 0.15596997859287753, "grad_phi_change": -0.00916826735914622, "k_phi_change": 0.27403470520070516, "xi_c_change": 0.0, "phase_sync_change": 0.002457001376168777, "epi_magnitude_change": -0.013240270078694105, "hash_signature": "e563b75cc7d0ae03", "sequence_str": "NAV -> IL -> ZHIR -> NUL -> OZ"}