{"sequence": ["RA", "ZHIR", "THOL", "OZ"], "coherence_change": -0.0031545240098314054, "sense_index_change": -0.0061653901273088785, "phi_s_change": -0.03388808041429903, "grad_phi_change": -0.05980966775570162, "k_phi_change": 0.3939046167951289, "xi_c_change": 0.0, "phase_sync_change": 0.019575201453701285, "epi_magnitude_change": 0.0, "hash_signature": "9484baba89871ab1", "sequence_str": "RA -> ZHIR -> THOL -> OZ"}