{"sequence": ["EN", "AL", "IL", "OZ"], "coherence_change": -0.005136107744587948, "sense_index_change": 0.018575700235964332, "phi_s_change": -0.16724532162055172, "grad_phi_change": 0.0, "k_phi_change": 0.0, "xi_c_change": 0.0, "phase_sync_change": 0.0, "epi_magnitude_change": 0.004819692307774348, "hash_signature": "67b4fee38d60922a", "sequence_str": "EN -> AL -> IL -> OZ"}