{"sequence": ["REMESH", "ZHIR", "OZ", "REMESH", "ZHIR", "REMESH"], "coherence_change": -0.010026519796548117, "sense_index_change": -0.009488558106106548, "phi_s_change": -0.08724632948025979, "grad_phi_change": 0.031065156307099384, "k_phi_change": 0.3309652963878954, "xi_c_change": 0.0, "phase_sync_change": -0.01261588237757838, "epi_magnitude_change": 0.003973068626455856, "hash_signature": "43c047c4936feada", "sequence_str": "REMESH -> ZHIR -> OZ -> REMESH -> ZHIR -> REMESH"}