{"sequence": ["ZHIR", "EN", "SHA"], "coherence_change": 0.0, "sense_index_change": 0.010508924799373376, "phi_s_change": 0.0, "grad_phi_change": -0.04809223587340217, "k_phi_change": 0.1211325338559694, "xi_c_change": 0.0, "phase_sync_change": 0.012070877425268911, "epi_magnitude_change": 0.0, "hash_signature": "ac27f834fa9c9426", "sequence_str": "ZHIR -> EN -> SHA"}