{"sequence": ["VAL", "AL", "EN", "RA", "NUL", "OZ"], "coherence_change": -0.016009714560447086, "sense_index_change": 0.046621028319588254, "phi_s_change": -0.10443486551596681, "grad_phi_change": -0.10697863386701512, "k_phi_change": 0.005071290177842552, "xi_c_change": 0.0, "phase_sync_change": 0.0328747105520959, "epi_magnitude_change": 0.00310570900106677, "hash_signature": "edd79ac78705cc18", "sequence_str": "VAL -> AL -> EN -> RA -> NUL -> OZ"}