{"sequence": ["NUL", "RA", "AL", "SHA", "UM", "NAV"], "coherence_change": 0.0, "sense_index_change": 0.02683411012180692, "phi_s_change": 0.0, "grad_phi_change": -0.14772396700276014, "k_phi_change": 0.22649758892290728, "xi_c_change": 0.0, "phase_sync_change": 0.046842917544093754, "epi_magnitude_change": -0.017733668420860327, "hash_signature": "1dbfe31bb93dcda0", "sequence_str": "NUL -> RA -> AL -> SHA -> UM -> NAV"}