{"sequence": ["AL", "NAV", "OZ", "VAL", "REMESH"], "coherence_change": -0.01765152124286873, "sense_index_change": 0.020123383857853283, "phi_s_change": -0.17057833759058516, "grad_phi_change": 0.0, "k_phi_change": 0.0, "xi_c_change": 0.0, "phase_sync_change": 0.0, "epi_magnitude_change": 0.033654638604134646, "hash_signature": "e929cf8b753b1c23", "sequence_str": "AL -> NAV -> OZ -> VAL -> REMESH"}