{"sequence": ["VAL", "AL", "OZ"], "coherence_change": -0.014374302617376822, "sense_index_change": 0.02444173714435871, "phi_s_change": -0.08565112512887962, "grad_phi_change": 0.0, "k_phi_change": 0.0, "xi_c_change": 0.0, "phase_sync_change": 0.0, "epi_magnitude_change": 0.005727804077331977, "hash_signature": "3d3eda702728c46a", "sequence_str": "VAL -> AL -> OZ"}