{"sequence": ["NAV", "VAL", "NUL", "ZHIR", "UM", "OZ"], "coherence_change": -0.009810272141695608, "sense_index_change": 0.013627223487022389, "phi_s_change": 0.037226479639295706, "grad_phi_change": -0.11943580957698652, "k_phi_change": -0.113244428569787, "xi_c_change": 0.0, "phase_sync_change": 0.04368025832499722, "epi_magnitude_change": 0.0056054858734914115, "hash_signature": "697ac9a1728c8d4f", "sequence_str": "NAV -> VAL -> NUL -> ZHIR -> UM -> OZ"}