{"sequence": ["VAL", "VAL", "ZHIR", "THOL", "ZHIR", "SHA"], "coherence_change": 0.005717486436957464, "sense_index_change": 0.02032731236609453, "phi_s_change": -0.0038567800309866618, "grad_phi_change": -0.12812151767999036, "k_phi_change": 0.2794104202979343, "xi_c_change": 0.0, "phase_sync_change": 0.044525172641752486, "epi_magnitude_change": 0.03432664086659454, "hash_signature": "6bf0dc5732fad056", "sequence_str": "VAL -> VAL -> ZHIR -> THOL -> ZHIR -> SHA"}