{"sequence": ["IL", "VAL", "IL", "REMESH"], "coherence_change": 0.014809854170130476, "sense_index_change": 0.010287193481458345, "phi_s_change": 0.1281439286650693, "grad_phi_change": 0.0, "k_phi_change": 0.0, "xi_c_change": 0.0, "phase_sync_change": 0.0, "epi_magnitude_change": 0.013150962563028279, "hash_signature": "2c04a071875e46af", "sequence_str": "IL -> VAL -> IL -> REMESH"}