{"sequence": ["IL", "EN", "ZHIR", "NAV", "NUL", "SHA"], "coherence_change": 0.010215267014077711, "sense_index_change": -0.01983105047556344, "phi_s_change": 0.09287926644153921, "grad_phi_change": 0.03355637656154076, "k_phi_change": -0.18295787980525186, "xi_c_change": 0.0, "phase_sync_change": -0.010666642283382655, "epi_magnitude_change": -0.01891433568997547, "hash_signature": "8fda4c9c25a33b79", "sequence_str": "IL -> EN -> ZHIR -> NAV -> NUL -> SHA"}