{"sequence": ["NAV", "IL", "SHA", "RA", "AL", "NAV"], "coherence_change": 0.004818537825549751, "sense_index_change": -0.009936308170945207, "phi_s_change": 0.005261162564407673, "grad_phi_change": 0.05054654574449624, "k_phi_change": -0.01650835525710928, "xi_c_change": 0.0, "phase_sync_change": -0.02888858246128867, "epi_magnitude_change": 0.0016013458001992165, "hash_signature": "06f14e4c05b444d2", "sequence_str": "NAV -> IL -> SHA -> RA -> AL -> NAV"}