{"sequence": ["NUL", "EN", "REMESH", "ZHIR", "REMESH"], "coherence_change": 0.0, "sense_index_change": 0.01931556825504921, "phi_s_change": 0.0, "grad_phi_change": -0.06635297493470671, "k_phi_change": 0.08210592681492265, "xi_c_change": 0.0, "phase_sync_change": 0.017538666085302634, "epi_magnitude_change": -0.016337650990002506, "hash_signature": "d7897f831d1edc3c", "sequence_str": "NUL -> EN -> REMESH -> ZHIR -> REMESH"}