{"sequence": ["RA", "REMESH", "NUL", "NAV"], "coherence_change": 0.0, "sense_index_change": 0.00782246097132, "phi_s_change": 0.0, "grad_phi_change": -0.025398939008069554, "k_phi_change": 0.3452354915620009, "xi_c_change": 0.0, "phase_sync_change": 0.002110065504865588, "epi_magnitude_change": -0.012067704249195121, "hash_signature": "9136d582a19196fb", "sequence_str": "RA -> REMESH -> NUL -> NAV"}