{"sequence": ["VAL", "NAV", "OZ"], "coherence_change": -0.013846164470959987, "sense_index_change": 0.014753961309094676, "phi_s_change": -0.07291852603104676, "grad_phi_change": 0.0, "k_phi_change": 0.0, "xi_c_change": 0.0, "phase_sync_change": 0.0, "epi_magnitude_change": 0.008492099316940283, "hash_signature": "e386d74fd1ef6529", "sequence_str": "VAL -> NAV -> OZ"}