{"sequence": ["NUL", "NUL", "VAL", "OZ"], "coherence_change": -0.011063405847559271, "sense_index_change": 0.001513858631678855, "phi_s_change": 0.035122366663261406, "grad_phi_change": 0.0, "k_phi_change": 0.0, "xi_c_change": 0.0, "phase_sync_change": 0.0, "epi_magnitude_change": -0.015070352018339062, "hash_signature": "af098250d9e7defe", "sequence_str": "NUL -> NUL -> VAL -> OZ"}