{"sequence": ["EN", "THOL", "ZHIR", "SHA"], "coherence_change": 0.004703298290948732, "sense_index_change": -0.01388851703933952, "phi_s_change": 0.04490140578934643, "grad_phi_change": 0.06921097410872479, "k_phi_change": -0.09335647012642423, "xi_c_change": 0.0, "phase_sync_change": -0.0195877821896846, "epi_magnitude_change": 0.0, "hash_signature": "fbeeac682ee9f60f", "sequence_str": "EN -> THOL -> ZHIR -> SHA"}