{"sequence": ["NUL", "VAL", "NUL", "OZ"], "coherence_change": -0.009403065462654125, "sense_index_change": 0.014498374631739197, "phi_s_change": -0.11917210971399717, "grad_phi_change": 0.0, "k_phi_change": 0.0, "xi_c_change": 0.0, "phase_sync_change": 0.0, "epi_magnitude_change": -0.007144798977411271, "hash_signature": "b767d486bbf5b5bf", "sequence_str": "NUL -> VAL -> NUL -> OZ"}