{"sequence": ["REMESH", "OZ", "VAL", "NUL", "RA", "NAV"], "coherence_change": -0.007114912754983993, "sense_index_change": -0.0114954498745522, "phi_s_change": 0.026026526298805863, "grad_phi_change": 0.026590555049137876, "k_phi_change": 0.20043532959982385, "xi_c_change": 0.0, "phase_sync_change": -0.021296285715213914, "epi_magnitude_change": 0.004165775803225413, "hash_signature": "992ec93c710b7612", "sequence_str": "REMESH -> OZ -> VAL -> NUL -> RA -> NAV"}