{"sequence": ["EN", "EN", "AL", "OZ"], "coherence_change": -0.012539797369731653, "sense_index_change": -0.007472421924763051, "phi_s_change": 0.009058768433415798, "grad_phi_change": 0.0, "k_phi_change": 0.0, "xi_c_change": 0.0, "phase_sync_change": 0.0, "epi_magnitude_change": 0.00013074302914062308, "hash_signature": "9ad65711524614aa", "sequence_str": "EN -> EN -> AL -> OZ"}