{"sequence": ["RA", "IL", "REMESH", "NUL", "REMESH"], "coherence_change": 0.010354555974146473, "sense_index_change": -0.016831696195806267, "phi_s_change": 0.11312619889766873, "grad_phi_change": 0.009608011120355586, "k_phi_change": 0.2664576273254857, "xi_c_change": 0.0, "phase_sync_change": -0.004031764994206988, "epi_magnitude_change": -0.014248621978215303, "hash_signature": "667ec097c75d8b77", "sequence_str": "RA -> IL -> REMESH -> NUL -> REMESH"}