{"sequence": ["AL", "EN", "VAL", "UM", "SHA"], "coherence_change": 0.0, "sense_index_change": 0.04310943617267593, "phi_s_change": 0.0, "grad_phi_change": -0.3533967512666656, "k_phi_change": 0.2556900682674086, "xi_c_change": 0.0, "phase_sync_change": 0.10266285760397087, "epi_magnitude_change": 0.017064521317786352, "hash_signature": "1ed2acf3bf9163cb", "sequence_str": "AL -> EN -> VAL -> UM -> SHA"}