{"sequence": ["REMESH", "NUL", "NUL", "IL", "UM", "REMESH"], "coherence_change": 0.008462386074030603, "sense_index_change": -0.013562643233610672, "phi_s_change": 0.06097228852207237, "grad_phi_change": -0.011585377149486265, "k_phi_change": 0.3283991347672434, "xi_c_change": 0.0, "phase_sync_change": 0.002281615779786028, "epi_magnitude_change": -0.027124422889251987, "hash_signature": "22616ef8b0da6dd0", "sequence_str": "REMESH -> NUL -> NUL -> IL -> UM -> REMESH"}