{"sequence": ["IL", "AL", "THOL", "AL", "ZHIR", "SHA"], "coherence_change": 0.010815336916383145, "sense_index_change": -0.021272049973428797, "phi_s_change": 0.12035324644013679, "grad_phi_change": 0.09770577021300464, "k_phi_change": -0.07548148332312293, "xi_c_change": 0.0, "phase_sync_change": -0.026753115997110055, "epi_magnitude_change": -0.001227560555675744, "hash_signature": "a45a426429438b5a", "sequence_str": "IL -> AL -> THOL -> AL -> ZHIR -> SHA"}