{"sequence": ["SHA", "NUL", "UM", "ZHIR", "OZ"], "coherence_change": -0.01609771629903367, "sense_index_change": 0.040037810577521094, "phi_s_change": -0.11188707716271806, "grad_phi_change": -0.05816781058390741, "k_phi_change": 0.32744414090373014, "xi_c_change": 0.0, "phase_sync_change": 0.014263210166029383, "epi_magnitude_change": -0.013288689132101794, "hash_signature": "5fac2d0a30f168fe", "sequence_str": "SHA -> NUL -> UM -> ZHIR -> OZ"}