{"sequence": ["ZHIR", "VAL", "SHA"], "coherence_change": 0.0, "sense_index_change": 0.005252096501917158, "phi_s_change": 0.0, "grad_phi_change": -0.06967240948397269, "k_phi_change": 0.1330010586246772, "xi_c_change": 0.0, "phase_sync_change": 0.025903463582156006, "epi_magnitude_change": 0.008058366019374597, "hash_signature": "6e1e1ec42afc3367", "sequence_str": "ZHIR -> VAL -> SHA"}