{"sequence": ["SHA", "AL", "SHA", "SHA", "THOL", "REMESH"], "coherence_change": 0.00518811380876405, "sense_index_change": -0.0043661295163519576, "phi_s_change": 0.027147407708345894, "grad_phi_change": 0.0, "k_phi_change": 0.0, "xi_c_change": 0.0, "phase_sync_change": 0.0, "epi_magnitude_change": 0.009822754049000681, "hash_signature": "1e596b64e026e720", "sequence_str": "SHA -> AL -> SHA -> SHA -> THOL -> REMESH"}