{"sequence": ["OZ", "UM", "UM", "NAV"], "coherence_change": -0.015441470055486572, "sense_index_change": 0.04699883106373637, "phi_s_change": 0.0012383823614616762, "grad_phi_change": -0.1174933735189958, "k_phi_change": 0.1488449112111046, "xi_c_change": 0.0, "phase_sync_change": 0.03227281203807009, "epi_magnitude_change": 0.0, "hash_signature": "1112f03a0b4d05b9", "sequence_str": "OZ -> UM -> UM -> NAV"}