{"sequence": ["EN", "OZ", "THOL", "ZHIR", "VAL", "SHA"], "coherence_change": -0.007395815849164489, "sense_index_change": 0.005498017494169449, "phi_s_change": -0.026401351982791588, "grad_phi_change": 0.0721777685872167, "k_phi_change": -0.024375024901387515, "xi_c_change": 0.0, "phase_sync_change": -0.02524223644315704, "epi_magnitude_change": 0.0035245934329338757, "hash_signature": "6a421c2f3f5926c0", "sequence_str": "EN -> OZ -> THOL -> ZHIR -> VAL -> SHA"}