{"sequence": ["OZ", "EN", "RA", "AL", "SHA"], "coherence_change": -0.007809464712076553, "sense_index_change": -0.004847692669781245, "phi_s_change": -0.005209549324803442, "grad_phi_change": 0.017268795015223937, "k_phi_change": 0.04991010757447112, "xi_c_change": 0.0, "phase_sync_change": -0.013009294864098853, "epi_magnitude_change": 0.004835139063826932, "hash_signature": "53ce0793819891b9", "sequence_str": "OZ -> EN -> RA -> AL -> SHA"}