{"sequence": ["UM", "NUL", "AL", "VAL", "REMESH"], "coherence_change": 0.0, "sense_index_change": 0.026113971929759616, "phi_s_change": 0.0, "grad_phi_change": -0.12474557121217256, "k_phi_change": -0.1238230030419244, "xi_c_change": 0.0, "phase_sync_change": 0.04426455400789242, "epi_magnitude_change": 0.015991636794908226, "hash_signature": "aca8912acec9eea1", "sequence_str": "UM -> NUL -> AL -> VAL -> REMESH"}