{"sequence": ["UM", "ZHIR", "NAV"], "coherence_change": 0.0, "sense_index_change": 0.047863894999675693, "phi_s_change": 0.0, "grad_phi_change": -0.2346134277479841, "k_phi_change": 0.1306953740810592, "xi_c_change": 0.0, "phase_sync_change": 0.07165695218127477, "epi_magnitude_change": 0.0, "hash_signature": "102bb87ace2ead96", "sequence_str": "UM -> ZHIR -> NAV"}