{"sequence": ["SHA", "SHA", "VAL", "AL", "NUL", "OZ"], "coherence_change": -0.014307899221790321, "sense_index_change": -0.004748656370196724, "phi_s_change": 0.02659592942513256, "grad_phi_change": 0.0, "k_phi_change": 0.0, "xi_c_change": 0.0, "phase_sync_change": 0.0, "epi_magnitude_change": -0.015847724459457146, "hash_signature": "0a26796b1da72a86", "sequence_str": "SHA -> SHA -> VAL -> AL -> NUL -> OZ"}