{"sequence": ["IL", "AL", "VAL", "OZ"], "coherence_change": -0.002668141696556603, "sense_index_change": 0.00030640042431417935, "phi_s_change": 0.008493602749932605, "grad_phi_change": 0.0, "k_phi_change": 0.0, "xi_c_change": 0.0, "phase_sync_change": 0.0, "epi_magnitude_change": 0.027393238330496117, "hash_signature": "29744330d91d7844", "sequence_str": "IL -> AL -> VAL -> OZ"}