{"sequence": ["AL", "REMESH", "ZHIR", "VAL", "THOL", "NAV"], "coherence_change": 0.005917973993656789, "sense_index_change": 0.0022225278094800682, "phi_s_change": 0.06515034242243722, "grad_phi_change": 0.024612611376476412, "k_phi_change": -0.2047770029466769, "xi_c_change": 0.0, "phase_sync_change": -0.008583341773393927, "epi_magnitude_change": -8.592811046359561e-05, "hash_signature": "502b0cef949039dd", "sequence_str": "AL -> REMESH -> ZHIR -> VAL -> THOL -> NAV"}