{"sequence": ["THOL", "UM", "AL", "ZHIR", "NAV"], "coherence_change": 0.003507503944512047, "sense_index_change": 0.02628571207630792, "phi_s_change": 0.016510303767090284, "grad_phi_change": -0.12514876173135514, "k_phi_change": 0.5192191706595676, "xi_c_change": 0.0, "phase_sync_change": 0.033843437220402506, "epi_magnitude_change": 0.0019700764888080924, "hash_signature": "3e86d298b9f88c30", "sequence_str": "THOL -> UM -> AL -> ZHIR -> NAV"}