{"sequence": ["OZ", "ZHIR", "OZ"], "coherence_change": -0.02725356936767842, "sense_index_change": 0.0246441142523961, "phi_s_change": -0.2192396840894948, "grad_phi_change": 0.03214362844025631, "k_phi_change": -0.17555397723846455, "xi_c_change": 0.0, "phase_sync_change": -0.007489148324749895, "epi_magnitude_change": 0.0, "hash_signature": "23596d9ab4b02906", "sequence_str": "OZ -> ZHIR -> OZ"}