{"sequence": ["AL", "ZHIR", "NUL", "NUL", "AL", "NAV"], "coherence_change": 0.0, "sense_index_change": -0.0031612830550443727, "phi_s_change": 0.0, "grad_phi_change": 0.03761326563174738, "k_phi_change": -0.00786457785771677, "xi_c_change": 0.0, "phase_sync_change": -0.011562839060015095, "epi_magnitude_change": -0.0365150736289418, "hash_signature": "8f909ccdcfa9da57", "sequence_str": "AL -> ZHIR -> NUL -> NUL -> AL -> NAV"}