{"sequence": ["SHA", "REMESH", "OZ", "NUL", "REMESH"], "coherence_change": -0.017344594688862625, "sense_index_change": 0.0045902083344241396, "phi_s_change": -0.09221389057411533, "grad_phi_change": 0.0, "k_phi_change": 0.0, "xi_c_change": 0.0, "phase_sync_change": 0.0, "epi_magnitude_change": -0.011009711434019631, "hash_signature": "e008fd6007707466", "sequence_str": "SHA -> REMESH -> OZ -> NUL -> REMESH"}