{"sequence": ["VAL", "UM", "RA", "OZ"], "coherence_change": -0.008661592724800382, "sense_index_change": 0.041880544688944976, "phi_s_change": -0.03003796281456017, "grad_phi_change": -0.23670930890532405, "k_phi_change": 0.4870079244804692, "xi_c_change": 0.0, "phase_sync_change": 0.0707942591658125, "epi_magnitude_change": 0.010657763888848315, "hash_signature": "27c16a2a9e3b2e67", "sequence_str": "VAL -> UM -> RA -> OZ"}