{"sequence": ["NUL", "RA", "ZHIR", "IL", "REMESH"], "coherence_change": 0.0083388199341623, "sense_index_change": -0.019655977328764618, "phi_s_change": 0.015279107180667939, "grad_phi_change": 0.07566508356225654, "k_phi_change": 0.5710697787045766, "xi_c_change": 0.0, "phase_sync_change": -0.02686187779325444, "epi_magnitude_change": -0.007786487142994569, "hash_signature": "f8f184de3d72b0aa", "sequence_str": "NUL -> RA -> ZHIR -> IL -> REMESH"}