{"sequence": ["NAV", "IL", "VAL", "SHA"], "coherence_change": 0.008062316742007303, "sense_index_change": -0.009486045673464838, "phi_s_change": 0.041933483249832704, "grad_phi_change": 0.0, "k_phi_change": 0.0, "xi_c_change": 0.0, "phase_sync_change": 0.0, "epi_magnitude_change": 0.022223825082649862, "hash_signature": "77fea71679b414af", "sequence_str": "NAV -> IL -> VAL -> SHA"}