{"sequence": ["RA", "AL", "RA", "SHA"], "coherence_change": 0.0, "sense_index_change": 0.03503570581156745, "phi_s_change": 0.0, "grad_phi_change": -0.21013594068072194, "k_phi_change": -0.026506098111006543, "xi_c_change": 0.0, "phase_sync_change": 0.06781673293944901, "epi_magnitude_change": -0.006854901551845316, "hash_signature": "29b26982bac782b9", "sequence_str": "RA -> AL -> RA -> SHA"}