{"sequence": ["RA", "THOL", "OZ", "SHA", "RA", "REMESH"], "coherence_change": -0.0033394262143709996, "sense_index_change": 0.0354239879828091, "phi_s_change": -0.002358118758836736, "grad_phi_change": -0.21049686616100383, "k_phi_change": 0.045735914162541635, "xi_c_change": 0.0, "phase_sync_change": 0.06839553630037998, "epi_magnitude_change": 0.0017089617178879246, "hash_signature": "27e6d281b37cb3a9", "sequence_str": "RA -> THOL -> OZ -> SHA -> RA -> REMESH"}