{"sequence": ["ZHIR", "UM", "UM", "ZHIR", "THOL", "OZ"], "coherence_change": -0.009209973358412449, "sense_index_change": 0.07569069530927763, "phi_s_change": -0.041760896195138675, "grad_phi_change": -0.2440387924518319, "k_phi_change": 0.15300021306832767, "xi_c_change": 0.0, "phase_sync_change": 0.0902683120649378, "epi_magnitude_change": 0.0, "hash_signature": "15b48f383c21cfc2", "sequence_str": "ZHIR -> UM -> UM -> ZHIR -> THOL -> OZ"}