{"sequence": ["REMESH", "IL", "VAL", "REMESH"], "coherence_change": 0.009637759359668485, "sense_index_change": 0.0067427560380102225, "phi_s_change": 0.019579816316027454, "grad_phi_change": 0.0, "k_phi_change": 0.0, "xi_c_change": 0.0, "phase_sync_change": 0.0, "epi_magnitude_change": 0.007101933123489834, "hash_signature": "219074baafcca834", "sequence_str": "REMESH -> IL -> VAL -> REMESH"}