{"sequence": ["EN", "SHA", "EN", "SHA", "RA", "SHA"], "coherence_change": 0.0, "sense_index_change": -0.018234593853241277, "phi_s_change": 0.0, "grad_phi_change": 0.011486455125885753, "k_phi_change": -0.03212173016942624, "xi_c_change": 0.0, "phase_sync_change": -0.010938612064754771, "epi_magnitude_change": 0.0, "hash_signature": "2bd24a7744f549e5", "sequence_str": "EN -> SHA -> EN -> SHA -> RA -> SHA"}