{"sequence": ["AL", "UM", "OZ", "ZHIR", "SHA"], "coherence_change": -0.013119206578927178, "sense_index_change": 0.051610410577991095, "phi_s_change": -0.029071205633805164, "grad_phi_change": -0.22184759488249384, "k_phi_change": 0.19053710822778322, "xi_c_change": 0.0, "phase_sync_change": 0.07855123611746573, "epi_magnitude_change": -0.0018930487514391414, "hash_signature": "54d8e2d7aa689eda", "sequence_str": "AL -> UM -> OZ -> ZHIR -> SHA"}