{"sequence": ["NAV", "OZ", "NUL", "UM", "NAV"], "coherence_change": -0.01357001591462681, "sense_index_change": 0.06679239450452934, "phi_s_change": -0.07447496346146443, "grad_phi_change": -0.27189906891948556, "k_phi_change": 0.14327569745182403, "xi_c_change": 0.0, "phase_sync_change": 0.0754056850462298, "epi_magnitude_change": -0.013450605641264546, "hash_signature": "035f1d5ac7736114", "sequence_str": "NAV -> OZ -> NUL -> UM -> NAV"}