{"sequence": ["EN", "OZ", "OZ", "ZHIR", "RA", "NAV"], "coherence_change": -0.023126829418519956, "sense_index_change": -0.03708972263229904, "phi_s_change": 0.1434900744602603, "grad_phi_change": 0.17029948034543985, "k_phi_change": 0.25058919535588536, "xi_c_change": 0.0, "phase_sync_change": -0.06014068089146096, "epi_magnitude_change": 0.0, "hash_signature": "ac7bbdb97debe6b8", "sequence_str": "EN -> OZ -> OZ -> ZHIR -> RA -> NAV"}