{"sequence": ["OZ", "VAL", "EN", "NAV"], "coherence_change": -0.014386005355017772, "sense_index_change": 0.016120761620469604, "phi_s_change": -0.15360978868103592, "grad_phi_change": 0.0, "k_phi_change": 0.0, "xi_c_change": 0.0, "phase_sync_change": 0.0, "epi_magnitude_change": 0.025230201201585256, "hash_signature": "0f5ecc9b7ba9e2fc", "sequence_str": "OZ -> VAL -> EN -> NAV"}