{"sequence": ["RA", "THOL", "EN", "OZ"], "coherence_change": -0.015133094036255512, "sense_index_change": 0.021652338166723628, "phi_s_change": -0.1530367096995846, "grad_phi_change": 0.0390156721346655, "k_phi_change": 0.3704996050894698, "xi_c_change": 0.0, "phase_sync_change": -0.01773319607342483, "epi_magnitude_change": 0.0, "hash_signature": "b0e699dd54d6db3e", "sequence_str": "RA -> THOL -> EN -> OZ"}