{"sequence": ["AL", "OZ", "NAV", "EN", "EN", "REMESH"], "coherence_change": -0.013678841667860153, "sense_index_change": -0.0009590804598516023, "phi_s_change": -0.020034108549804586, "grad_phi_change": 0.0, "k_phi_change": 0.0, "xi_c_change": 0.0, "phase_sync_change": 0.0, "epi_magnitude_change": 0.00046627064603066426, "hash_signature": "edf9882676cd0f5c", "sequence_str": "AL -> OZ -> NAV -> EN -> EN -> REMESH"}