{"sequence": ["NAV", "RA", "NUL", "ZHIR", "AL", "SHA"], "coherence_change": 0.0, "sense_index_change": -0.0061835717091831555, "phi_s_change": 0.0, "grad_phi_change": 0.04116969283823391, "k_phi_change": 0.00977396117909668, "xi_c_change": 0.0, "phase_sync_change": -0.014229744654653098, "epi_magnitude_change": -0.0044916941615242845, "hash_signature": "36a65b3075d035cb", "sequence_str": "NAV -> RA -> NUL -> ZHIR -> AL -> SHA"}