{"sequence": ["REMESH", "EN", "SHA", "REMESH", "THOL", "OZ"], "coherence_change": -0.003876518141556873, "sense_index_change": -0.00022656594809222774, "phi_s_change": -0.05437478805161233, "grad_phi_change": 0.0, "k_phi_change": 0.0, "xi_c_change": 0.0, "phase_sync_change": 0.0, "epi_magnitude_change": 0.0026726310831443056, "hash_signature": "2d593666d2040695", "sequence_str": "REMESH -> EN -> SHA -> REMESH -> THOL -> OZ"}