{"sequence": ["AL", "AL", "EN", "EN", "UM", "NAV"], "coherence_change": 0.0, "sense_index_change": 0.059934477412481035, "phi_s_change": 0.0, "grad_phi_change": -0.2790951487081912, "k_phi_change": 0.29516900719883443, "xi_c_change": 0.0, "phase_sync_change": 0.09570828472153314, "epi_magnitude_change": 0.005643074243158797, "hash_signature": "9f1e655c6554575a", "sequence_str": "AL -> AL -> EN -> EN -> UM -> NAV"}