{"sequence": ["REMESH", "ZHIR", "REMESH", "ZHIR", "IL", "OZ"], "coherence_change": -0.005801383618502798, "sense_index_change": -0.025626938017332068, "phi_s_change": -0.009706635767738003, "grad_phi_change": 0.14556044865261986, "k_phi_change": -0.1535022452321375, "xi_c_change": 0.0, "phase_sync_change": -0.043171359017888045, "epi_magnitude_change": 0.0022146417465820356, "hash_signature": "223e728b238811f4", "sequence_str": "REMESH -> ZHIR -> REMESH -> ZHIR -> IL -> OZ"}