{"sequence": ["THOL", "ZHIR", "IL", "NAV"], "coherence_change": 0.014053423295974365, "sense_index_change": 0.0025006441620094577, "phi_s_change": -0.02820037095771044, "grad_phi_change": -0.009224424959478172, "k_phi_change": 0.20428268217019668, "xi_c_change": 0.0, "phase_sync_change": 0.0028991049951052617, "epi_magnitude_change": 0.0, "hash_signature": "dbf72beb6b3c6026", "sequence_str": "THOL -> ZHIR -> IL -> NAV"}