{"sequence": ["THOL", "IL", "ZHIR", "REMESH"], "coherence_change": 0.01127466981775549, "sense_index_change": 0.01231159733412146, "phi_s_change": 0.03402544552212328, "grad_phi_change": -0.031022648483515436, "k_phi_change": -0.1855295586128486, "xi_c_change": 0.0, "phase_sync_change": 0.01039907519043981, "epi_magnitude_change": 0.0016109097175960319, "hash_signature": "9c8d54f487bc5fee", "sequence_str": "THOL -> IL -> ZHIR -> REMESH"}