{"sequence": ["SHA", "IL", "RA", "NUL", "REMESH"], "coherence_change": 0.005223781109909398, "sense_index_change": -0.005671232677697202, "phi_s_change": -0.019946191540673675, "grad_phi_change": -0.03338556460212816, "k_phi_change": 0.024871330178024342, "xi_c_change": 0.0, "phase_sync_change": 0.002839092581431446, "epi_magnitude_change": -0.017987707698326916, "hash_signature": "d859412679fdef6d", "sequence_str": "SHA -> IL -> RA -> NUL -> REMESH"}