{"sequence": ["RA", "IL", "VAL", "NUL", "SHA"], "coherence_change": 0.006185609183659957, "sense_index_change": -0.018087612754150884, "phi_s_change": -0.0031558395372210946, "grad_phi_change": 0.12439703274483094, "k_phi_change": 0.17025469512080155, "xi_c_change": 0.0, "phase_sync_change": -0.0497811188007814, "epi_magnitude_change": 0.004984923281376008, "hash_signature": "892a3b52a59e07bf", "sequence_str": "RA -> IL -> VAL -> NUL -> SHA"}