{"sequence": ["IL", "NUL", "UM", "SHA"], "coherence_change": 0.006829419043314799, "sense_index_change": 0.03167834878336373, "phi_s_change": -0.075987471405075, "grad_phi_change": -0.12549099428015675, "k_phi_change": 0.17201265190960424, "xi_c_change": 0.0, "phase_sync_change": 0.04556621480834033, "epi_magnitude_change": -0.020792007186723582, "hash_signature": "2dbe2ed49e6a3137", "sequence_str": "IL -> NUL -> UM -> SHA"}