{"sequence": ["AL", "SHA", "REMESH", "ZHIR", "REMESH"], "coherence_change": 0.0, "sense_index_change": -0.0028746503392667044, "phi_s_change": 0.0, "grad_phi_change": -0.010407701905171374, "k_phi_change": -0.013819282572160113, "xi_c_change": 0.0, "phase_sync_change": 0.004572490629425885, "epi_magnitude_change": -0.004569589475394431, "hash_signature": "321bca9460c53de5", "sequence_str": "AL -> SHA -> REMESH -> ZHIR -> REMESH"}