{"sequence": ["NAV", "AL", "VAL", "EN", "OZ"], "coherence_change": -0.014290565915479392, "sense_index_change": -0.0007755917123012379, "phi_s_change": 0.030596122765042977, "grad_phi_change": 0.0, "k_phi_change": 0.0, "xi_c_change": 0.0, "phase_sync_change": 0.0, "epi_magnitude_change": 0.02211375710525032, "hash_signature": "36c8f181db983f7c", "sequence_str": "NAV -> AL -> VAL -> EN -> OZ"}