{"sequence": ["NAV", "REMESH", "VAL", "RA", "THOL", "SHA"], "coherence_change": 0.005203030367778916, "sense_index_change": -0.014444137083028774, "phi_s_change": -0.019597372548685765, "grad_phi_change": 0.08909275827703578, "k_phi_change": 0.743167054218578, "xi_c_change": 0.0, "phase_sync_change": -0.037328850021569604, "epi_magnitude_change": 0.016283199754976496, "hash_signature": "ebc293af58a35c16", "sequence_str": "NAV -> REMESH -> VAL -> RA -> THOL -> SHA"}