{"sequence": ["AL", "AL", "ZHIR", "NAV", "NUL", "SHA"], "coherence_change": 0.0, "sense_index_change": -0.0179649118704589, "phi_s_change": 0.0, "grad_phi_change": 0.06705546937592488, "k_phi_change": 0.2742091000173492, "xi_c_change": 0.0, "phase_sync_change": -0.0211135589780872, "epi_magnitude_change": -0.0077725637144111515, "hash_signature": "bff35dd7904977e4", "sequence_str": "AL -> AL -> ZHIR -> NAV -> NUL -> SHA"}