{"sequence": ["UM", "NUL", "ZHIR", "EN", "NUL", "SHA"], "coherence_change": 0.0, "sense_index_change": 0.025361930426929247, "phi_s_change": 0.0, "grad_phi_change": -0.19688665484405465, "k_phi_change": 0.06504474972447341, "xi_c_change": 0.0, "phase_sync_change": 0.05661785582505663, "epi_magnitude_change": -0.03331643766054093, "hash_signature": "f3ffc1246f17fbc7", "sequence_str": "UM -> NUL -> ZHIR -> EN -> NUL -> SHA"}