{"sequence": ["RA", "SHA", "THOL", "SHA"], "coherence_change": 0.003018586353961239, "sense_index_change": 0.030086591291562104, "phi_s_change": 0.04145536159407803, "grad_phi_change": -0.11364146437402423, "k_phi_change": 0.30408806765887386, "xi_c_change": 0.0, "phase_sync_change": 0.03163876926442588, "epi_magnitude_change": 0.0, "hash_signature": "ea03b003d5603e08", "sequence_str": "RA -> SHA -> THOL -> SHA"}