{"sequence": ["AL", "NAV", "ZHIR", "ZHIR", "SHA"], "coherence_change": 0.0, "sense_index_change": 0.00983864236028631, "phi_s_change": 0.0, "grad_phi_change": -0.008768748880818134, "k_phi_change": 0.13097139317395312, "xi_c_change": 0.0, "phase_sync_change": 0.004249091885522027, "epi_magnitude_change": -0.0010380048991223134, "hash_signature": "8c56464ef43fcbc7", "sequence_str": "AL -> NAV -> ZHIR -> ZHIR -> SHA"}