{"sequence": ["NAV", "OZ", "ZHIR", "RA", "NAV"], "coherence_change": -0.008395323501173557, "sense_index_change": 0.024982246968925703, "phi_s_change": -0.08513598421008495, "grad_phi_change": -0.05418197839042871, "k_phi_change": 0.12937303190086175, "xi_c_change": 0.0, "phase_sync_change": 0.023218141881912624, "epi_magnitude_change": 0.0, "hash_signature": "bb5028bfa48bebdf", "sequence_str": "NAV -> OZ -> ZHIR -> RA -> NAV"}