{"sequence": ["THOL", "NUL", "IL", "AL", "NAV"], "coherence_change": 0.011559319479394259, "sense_index_change": 0.01011276998750743, "phi_s_change": -0.05091839430106271, "grad_phi_change": 0.0, "k_phi_change": 0.0, "xi_c_change": 0.0, "phase_sync_change": 0.0, "epi_magnitude_change": -0.01084617171911717, "hash_signature": "e30a74da807b3f04", "sequence_str": "THOL -> NUL -> IL -> AL -> NAV"}