{"sequence": ["RA", "EN", "REMESH", "THOL", "EN", "NAV"], "coherence_change": 0.005388184929866702, "sense_index_change": -0.003876749519185041, "phi_s_change": 0.0039258395305783456, "grad_phi_change": 0.05342727807058911, "k_phi_change": 0.38854948176766335, "xi_c_change": 0.0, "phase_sync_change": -0.02725869728111363, "epi_magnitude_change": 0.0013346944344186928, "hash_signature": "332b6980558ac743", "sequence_str": "RA -> EN -> REMESH -> THOL -> EN -> NAV"}