{"sequence": ["UM", "EN", "THOL", "REMESH"], "coherence_change": 0.00450784428348705, "sense_index_change": 0.022913665226809155, "phi_s_change": 0.048785132176544455, "grad_phi_change": -0.15469754821764292, "k_phi_change": -0.0795947538138082, "xi_c_change": 0.0, "phase_sync_change": 0.03404524488828431, "epi_magnitude_change": 0.0011306229660255074, "hash_signature": "6ac4d57bc2a6bf71", "sequence_str": "UM -> EN -> THOL -> REMESH"}