{"sequence": ["NAV", "THOL", "AL", "NAV"], "coherence_change": 0.0039462464694602906, "sense_index_change": 0.005194360472769222, "phi_s_change": -0.001228121809166871, "grad_phi_change": 0.0, "k_phi_change": 0.0, "xi_c_change": 0.0, "phase_sync_change": 0.0, "epi_magnitude_change": -0.002251020840354112, "hash_signature": "6f11ae88e5b4e244", "sequence_str": "NAV -> THOL -> AL -> NAV"}