{"sequence": ["ZHIR", "VAL", "AL", "EN", "SHA"], "coherence_change": 0.0, "sense_index_change": -0.0077398991595331035, "phi_s_change": 0.0, "grad_phi_change": 0.07594685116484512, "k_phi_change": -0.10533176028061297, "xi_c_change": 0.0, "phase_sync_change": -0.025569226936497547, "epi_magnitude_change": 0.020567865779077876, "hash_signature": "ff1a248ca9542787", "sequence_str": "ZHIR -> VAL -> AL -> EN -> SHA"}