{"sequence": ["THOL", "ZHIR", "AL", "IL", "SHA"], "coherence_change": 0.011824444085417607, "sense_index_change": 0.007420642440665093, "phi_s_change": -0.04474257146901739, "grad_phi_change": 0.006704798026425873, "k_phi_change": 0.07742953198252912, "xi_c_change": 0.0, "phase_sync_change": -0.0005858516608916453, "epi_magnitude_change": -0.005590662717199768, "hash_signature": "e87411b8479dbee5", "sequence_str": "THOL -> ZHIR -> AL -> IL -> SHA"}