{"sequence": ["ZHIR", "RA", "EN", "NAV"], "coherence_change": 0.0, "sense_index_change": -0.013515950680200062, "phi_s_change": 0.0, "grad_phi_change": 0.0031819617441193326, "k_phi_change": -0.3249803875696739, "xi_c_change": 0.0, "phase_sync_change": 0.0031274587349757743, "epi_magnitude_change": 0.0, "hash_signature": "ce647e48e2b86a04", "sequence_str": "ZHIR -> RA -> EN -> NAV"}