{"sequence": ["VAL", "OZ", "REMESH", "ZHIR", "THOL", "OZ"], "coherence_change": -0.01817936278277066, "sense_index_change": 0.013050740497612567, "phi_s_change": -0.046981724491074184, "grad_phi_change": -0.03833070706947295, "k_phi_change": 0.22868219110910729, "xi_c_change": 0.0, "phase_sync_change": 0.013934087231030068, "epi_magnitude_change": 0.024595765883400622, "hash_signature": "8f473f1b73071e1c", "sequence_str": "VAL -> OZ -> REMESH -> ZHIR -> THOL -> OZ"}