{"sequence": ["IL", "THOL", "EN", "REMESH"], "coherence_change": 0.011007132196683478, "sense_index_change": 0.008239187592131603, "phi_s_change": 0.017683012247218688, "grad_phi_change": 0.0, "k_phi_change": 0.0, "xi_c_change": 0.0, "phase_sync_change": 0.0, "epi_magnitude_change": 0.0012664292702841973, "hash_signature": "d39df4b1587d3b2b", "sequence_str": "IL -> THOL -> EN -> REMESH"}