{"sequence": ["UM", "IL", "NUL", "IL", "SHA"], "coherence_change": 0.009575152806661769, "sense_index_change": 0.03457521457506063, "phi_s_change": 0.004708098015067108, "grad_phi_change": -0.06813410707972722, "k_phi_change": 0.06061714268519608, "xi_c_change": 0.0, "phase_sync_change": 0.01482329548646899, "epi_magnitude_change": -0.014890989058624182, "hash_signature": "f48df138e932b6b2", "sequence_str": "UM -> IL -> NUL -> IL -> SHA"}