{"sequence": ["NUL", "VAL", "AL", "ZHIR", "EN", "REMESH"], "coherence_change": 0.0, "sense_index_change": 0.02317378044989804, "phi_s_change": 0.0, "grad_phi_change": -0.06847187172342495, "k_phi_change": 0.11997913605970847, "xi_c_change": 0.0, "phase_sync_change": 0.01977252632786064, "epi_magnitude_change": 0.007650003509124592, "hash_signature": "3e776f31172d12b2", "sequence_str": "NUL -> VAL -> AL -> ZHIR -> EN -> REMESH"}