{"sequence": ["NAV", "AL", "ZHIR", "EN", "SHA"], "coherence_change": 0.0, "sense_index_change": -0.003480601426037788, "phi_s_change": 0.0, "grad_phi_change": 0.03989265731238478, "k_phi_change": 0.12301745435701211, "xi_c_change": 0.0, "phase_sync_change": -0.013987552531996239, "epi_magnitude_change": 0.0007879681959169771, "hash_signature": "e90d5208e0fe9c90", "sequence_str": "NAV -> AL -> ZHIR -> EN -> SHA"}