{"sequence": ["REMESH", "REMESH", "NAV", "RA", "THOL", "OZ"], "coherence_change": -0.003397389997268574, "sense_index_change": 0.015088589282724052, "phi_s_change": -0.0082202178234968, "grad_phi_change": -0.07202688440589311, "k_phi_change": 0.07524328740982456, "xi_c_change": 0.0, "phase_sync_change": 0.024433638620153242, "epi_magnitude_change": 0.0020884565615747475, "hash_signature": "df720a09b3090cb7", "sequence_str": "REMESH -> REMESH -> NAV -> RA -> THOL -> OZ"}