{"sequence": ["AL", "THOL", "REMESH"], "coherence_change": 0.0030438284965611517, "sense_index_change": 0.004621098574261739, "phi_s_change": -0.036630582753055085, "grad_phi_change": 0.0, "k_phi_change": 0.0, "xi_c_change": 0.0, "phase_sync_change": 0.0, "epi_magnitude_change": 0.0005135903053808955, "hash_signature": "8c066ecd69e4e14e", "sequence_str": "AL -> THOL -> REMESH"}