{"sequence": ["RA", "VAL", "UM", "THOL", "NAV"], "coherence_change": 0.004266711943476498, "sense_index_change": 0.014714798437039267, "phi_s_change": -0.013422572772698982, "grad_phi_change": -0.08975738468648498, "k_phi_change": 0.3959410086300791, "xi_c_change": 0.0, "phase_sync_change": 0.021398908356004664, "epi_magnitude_change": 0.014207085716307133, "hash_signature": "1159137f23bcf568", "sequence_str": "RA -> VAL -> UM -> THOL -> NAV"}