{"sequence": ["AL", "RA", "SHA"], "coherence_change": 0.0, "sense_index_change": 0.030378477219728195, "phi_s_change": 0.0, "grad_phi_change": -0.09754156476894438, "k_phi_change": 0.05102016591602199, "xi_c_change": 0.0, "phase_sync_change": 0.029339217132410722, "epi_magnitude_change": -0.0013342406313089361, "hash_signature": "e71a4dfa0a4fe330", "sequence_str": "AL -> RA -> SHA"}