{"sequence": ["THOL", "OZ", "RA", "REMESH"], "coherence_change": -0.008370443789442628, "sense_index_change": 0.012666155483092911, "phi_s_change": 0.02936296747385081, "grad_phi_change": -0.07541594354908843, "k_phi_change": 0.3593380587881433, "xi_c_change": 0.0, "phase_sync_change": 0.02387563219746036, "epi_magnitude_change": 0.0017009174695076235, "hash_signature": "7cec53a1ce68876d", "sequence_str": "THOL -> OZ -> RA -> REMESH"}