{"sequence": ["SHA", "RA", "THOL", "REMESH", "NUL", "SHA"], "coherence_change": 0.005094685612441308, "sense_index_change": -0.0038410703458208184, "phi_s_change": -0.030874871335300313, "grad_phi_change": -0.03798971103799942, "k_phi_change": -0.1805356888661132, "xi_c_change": 0.0, "phase_sync_change": 0.00369697164411642, "epi_magnitude_change": -0.018579853900789423, "hash_signature": "3ef5dbae9557d9d9", "sequence_str": "SHA -> RA -> THOL -> REMESH -> NUL -> SHA"}