{"sequence": ["NAV", "SHA", "THOL", "THOL", "RA", "REMESH"], "coherence_change": 0.011913064249311933, "sense_index_change": 0.024007873135324376, "phi_s_change": 0.11099297256943663, "grad_phi_change": -0.13687292776146798, "k_phi_change": 0.0901521163578423, "xi_c_change": 0.0, "phase_sync_change": 0.040695687340001285, "epi_magnitude_change": 0.0010074261138374174, "hash_signature": "7d3e5ab96d64bfc9", "sequence_str": "NAV -> SHA -> THOL -> THOL -> RA -> REMESH"}