{"sequence": ["THOL", "AL", "RA", "UM", "REMESH"], "coherence_change": 0.0038191911308936843, "sense_index_change": 0.041214485555774005, "phi_s_change": 0.019994008609868663, "grad_phi_change": -0.19173537531221196, "k_phi_change": 0.2816326013690516, "xi_c_change": 0.0, "phase_sync_change": 0.061091758897558024, "epi_magnitude_change": 0.007474657514608074, "hash_signature": "0f54dbf7df9cacdc", "sequence_str": "THOL -> AL -> RA -> UM -> REMESH"}