{"sequence": ["THOL", "ZHIR", "UM", "VAL", "NUL", "NAV"], "coherence_change": 0.0039785739201229076, "sense_index_change": 0.059019575381181855, "phi_s_change": 0.01866694403087532, "grad_phi_change": -0.19221282158369246, "k_phi_change": 0.2077985430285131, "xi_c_change": 0.0, "phase_sync_change": 0.06768979885258608, "epi_magnitude_change": 0.0017317011382844694, "hash_signature": "5b24418c6eec37d8", "sequence_str": "THOL -> ZHIR -> UM -> VAL -> NUL -> NAV"}