{"sequence": ["REMESH", "RA", "THOL", "OZ", "AL", "REMESH"], "coherence_change": -0.01005463699885012, "sense_index_change": 0.010649795715499955, "phi_s_change": -0.019782479940057218, "grad_phi_change": -0.020550240154600052, "k_phi_change": 0.05399409397748081, "xi_c_change": 0.0, "phase_sync_change": 0.0033506280214387063, "epi_magnitude_change": -0.001381117235848217, "hash_signature": "76d72b6759411785", "sequence_str": "REMESH -> RA -> THOL -> OZ -> AL -> REMESH"}