{"sequence": ["NUL", "OZ", "VAL", "REMESH"], "coherence_change": -0.014242338844063118, "sense_index_change": 0.02044144935913872, "phi_s_change": -0.08378638983616582, "grad_phi_change": 0.0, "k_phi_change": 0.0, "xi_c_change": 0.0, "phase_sync_change": 0.0, "epi_magnitude_change": -0.0005950002129568865, "hash_signature": "2c3904834255dda2", "sequence_str": "NUL -> OZ -> VAL -> REMESH"}