{"sequence": ["VAL", "UM", "NUL", "SHA"], "coherence_change": 0.0, "sense_index_change": -0.01166106904849118, "phi_s_change": 0.0, "grad_phi_change": 0.04194912623725999, "k_phi_change": 0.17848034008824368, "xi_c_change": 0.0, "phase_sync_change": -0.024123036588414637, "epi_magnitude_change": -0.0067921481584612975, "hash_signature": "6754751c4055d939", "sequence_str": "VAL -> UM -> NUL -> SHA"}