{"sequence": ["OZ", "THOL", "RA", "NAV"], "coherence_change": -0.0049888043430867945, "sense_index_change": -0.02764048996584767, "phi_s_change": 0.0970969422964798, "grad_phi_change": 0.0514355069665724, "k_phi_change": -0.24747093464339115, "xi_c_change": 0.0, "phase_sync_change": -0.02570693242464639, "epi_magnitude_change": 0.0, "hash_signature": "212f715c1971899e", "sequence_str": "OZ -> THOL -> RA -> NAV"}