{"sequence": ["NUL", "ZHIR", "NAV", "THOL", "NUL", "SHA"], "coherence_change": 0.003445481392326588, "sense_index_change": 0.027414292235372173, "phi_s_change": -0.020376182533127007, "grad_phi_change": -0.022906578521510568, "k_phi_change": -0.11974660661683639, "xi_c_change": 0.0, "phase_sync_change": 0.006878714315115442, "epi_magnitude_change": -0.02707760609505483, "hash_signature": "6aa91ebadf91c13e", "sequence_str": "NUL -> ZHIR -> NAV -> THOL -> NUL -> SHA"}