{"sequence": ["NAV", "SHA", "REMESH", "UM", "REMESH"], "coherence_change": 0.0, "sense_index_change": 0.023662619450322886, "phi_s_change": 0.0, "grad_phi_change": -0.08951937483270211, "k_phi_change": 0.1193104455530073, "xi_c_change": 0.0, "phase_sync_change": 0.027631110101527745, "epi_magnitude_change": 0.002893085706187737, "hash_signature": "830357cbd02e9b75", "sequence_str": "NAV -> SHA -> REMESH -> UM -> REMESH"}