{"sequence": ["NUL", "THOL", "EN", "OZ"], "coherence_change": -0.009049073379220673, "sense_index_change": 0.0002897253057330129, "phi_s_change": -0.019609223517536245, "grad_phi_change": 0.0, "k_phi_change": 0.0, "xi_c_change": 0.0, "phase_sync_change": 0.0, "epi_magnitude_change": -0.015329654241090784, "hash_signature": "ea4ba5bbbb374531", "sequence_str": "NUL -> THOL -> EN -> OZ"}