{"sequence": ["NAV", "REMESH", "IL", "REMESH"], "coherence_change": 0.009844250397481824, "sense_index_change": -0.006333978934237594, "phi_s_change": 0.10106803090526939, "grad_phi_change": 0.0, "k_phi_change": 0.0, "xi_c_change": 0.0, "phase_sync_change": 0.0, "epi_magnitude_change": 0.0027135021503956747, "hash_signature": "5b236f827779ffaa", "sequence_str": "NAV -> REMESH -> IL -> REMESH"}