{"sequence": ["IL", "OZ", "ZHIR", "NAV"], "coherence_change": -0.008898787385003493, "sense_index_change": -0.0011959225691769992, "phi_s_change": 0.019058052120833224, "grad_phi_change": 0.02887042262083539, "k_phi_change": -0.2018329107941877, "xi_c_change": 0.0, "phase_sync_change": -0.006396470914743935, "epi_magnitude_change": 0.0, "hash_signature": "64f2e2632784ac85", "sequence_str": "IL -> OZ -> ZHIR -> NAV"}