{"sequence": ["ZHIR", "VAL", "ZHIR", "VAL", "OZ"], "coherence_change": -0.013748384859323726, "sense_index_change": -0.028844125236223817, "phi_s_change": 0.029255122045266813, "grad_phi_change": 0.11372958939410416, "k_phi_change": -0.016640935262867973, "xi_c_change": 0.0, "phase_sync_change": -0.028531254402505146, "epi_magnitude_change": 0.03893173250809656, "hash_signature": "b20245890a727c3a", "sequence_str": "ZHIR -> VAL -> ZHIR -> VAL -> OZ"}