{"sequence": ["AL", "IL", "UM", "SHA"], "coherence_change": 0.004593199959890271, "sense_index_change": 0.01389403592163485, "phi_s_change": 0.0503480113389182, "grad_phi_change": -0.012226663026135176, "k_phi_change": -0.06489078701192591, "xi_c_change": 0.0, "phase_sync_change": -0.009649406779393632, "epi_magnitude_change": 0.0017161370394846998, "hash_signature": "72eb47fbde5416ef", "sequence_str": "AL -> IL -> UM -> SHA"}