{"sequence": ["REMESH", "VAL", "VAL", "OZ"], "coherence_change": -0.016916260165483643, "sense_index_change": 0.017499902013384472, "phi_s_change": -0.08244375079435784, "grad_phi_change": 0.0, "k_phi_change": 0.0, "xi_c_change": 0.0, "phase_sync_change": 0.0, "epi_magnitude_change": 0.031969092916159014, "hash_signature": "28d586689937aa22", "sequence_str": "REMESH -> VAL -> VAL -> OZ"}