{"sequence": ["OZ", "NAV", "RA", "RA", "SHA"], "coherence_change": -0.008582900343439448, "sense_index_change": 0.0655302653866845, "phi_s_change": -0.1101948439623388, "grad_phi_change": -0.36682300562982095, "k_phi_change": 0.09871379052231104, "xi_c_change": 0.0, "phase_sync_change": 0.12208003024021485, "epi_magnitude_change": 0.0, "hash_signature": "117b38a51ae39c47", "sequence_str": "OZ -> NAV -> RA -> RA -> SHA"}