{"sequence": ["NAV", "EN", "REMESH", "THOL", "VAL", "OZ"], "coherence_change": -0.0062219499100611975, "sense_index_change": 0.00992747676865191, "phi_s_change": -0.028315303183498397, "grad_phi_change": 0.0, "k_phi_change": 0.0, "xi_c_change": 0.0, "phase_sync_change": 0.0, "epi_magnitude_change": 0.017979701664434966, "hash_signature": "f5bf6d7730266309", "sequence_str": "NAV -> EN -> REMESH -> THOL -> VAL -> OZ"}