{"sequence": ["EN", "IL", "EN", "REMESH"], "coherence_change": 0.004954365014616879, "sense_index_change": 0.00348890920020295, "phi_s_change": -0.05271951048218049, "grad_phi_change": 0.0, "k_phi_change": 0.0, "xi_c_change": 0.0, "phase_sync_change": 0.0, "epi_magnitude_change": 0.0018082085131819747, "hash_signature": "390468ac548f78ef", "sequence_str": "EN -> IL -> EN -> REMESH"}