{"sequence": ["IL", "REMESH", "ZHIR", "THOL", "RA", "REMESH"], "coherence_change": 0.009215466604021172, "sense_index_change": 0.016336841821342873, "phi_s_change": 0.006427198739107354, "grad_phi_change": -0.09254672751036552, "k_phi_change": 0.5063532694733014, "xi_c_change": 0.0, "phase_sync_change": 0.030149193403081198, "epi_magnitude_change": 0.0027418734187882876, "hash_signature": "b2f85914dcced301", "sequence_str": "IL -> REMESH -> ZHIR -> THOL -> RA -> REMESH"}