{"sequence": ["AL", "IL", "OZ", "ZHIR", "OZ"], "coherence_change": -0.019606757282299325, "sense_index_change": 0.019189219064716823, "phi_s_change": -0.30489232783460873, "grad_phi_change": 0.009442343245257945, "k_phi_change": 0.024393619684264206, "xi_c_change": 0.0, "phase_sync_change": 1.065930855426167e-05, "epi_magnitude_change": -0.0014817386130596688, "hash_signature": "e6aba437cb77a0ef", "sequence_str": "AL -> IL -> OZ -> ZHIR -> OZ"}