{"sequence": ["EN", "SHA", "UM", "ZHIR", "THOL", "OZ"], "coherence_change": -0.0044997541979020506, "sense_index_change": -0.01924932987980532, "phi_s_change": -0.029308200415221752, "grad_phi_change": 0.004924244369947539, "k_phi_change": 0.26384476242714516, "xi_c_change": 0.0, "phase_sync_change": 0.004990928281344953, "epi_magnitude_change": 0.0, "hash_signature": "a2e628f985f525cc", "sequence_str": "EN -> SHA -> UM -> ZHIR -> THOL -> OZ"}