{"sequence": ["OZ", "NUL", "NUL", "SHA", "SHA"], "coherence_change": -0.013391860758620977, "sense_index_change": 0.020262202810959806, "phi_s_change": -0.10841365896400434, "grad_phi_change": 0.0, "k_phi_change": 0.0, "xi_c_change": 0.0, "phase_sync_change": 0.0, "epi_magnitude_change": -0.028484684190311027, "hash_signature": "e1b62167eade449c", "sequence_str": "OZ -> NUL -> NUL -> SHA -> SHA"}