{"sequence": ["IL", "OZ", "VAL", "SHA"], "coherence_change": -0.007041806141156237, "sense_index_change": 0.004565632915314866, "phi_s_change": -0.010502333852008161, "grad_phi_change": 0.0, "k_phi_change": 0.0, "xi_c_change": 0.0, "phase_sync_change": 0.0, "epi_magnitude_change": 0.012019572160562486, "hash_signature": "843a486805d5a6e6", "sequence_str": "IL -> OZ -> VAL -> SHA"}