{"sequence": ["ZHIR", "UM", "NAV", "IL", "OZ"], "coherence_change": -0.009752671013497527, "sense_index_change": 0.034826950304671866, "phi_s_change": -0.09825640578789696, "grad_phi_change": -0.04289223832344069, "k_phi_change": 0.2116860899755393, "xi_c_change": 0.0, "phase_sync_change": 0.014850966666025589, "epi_magnitude_change": 0.0, "hash_signature": "81bb842a422cd376", "sequence_str": "ZHIR -> UM -> NAV -> IL -> OZ"}