{"sequence": ["NUL", "NAV", "UM", "SHA"], "coherence_change": 0.0, "sense_index_change": -0.011161815495398408, "phi_s_change": 0.0, "grad_phi_change": 0.010199066731500395, "k_phi_change": 0.16920681219254313, "xi_c_change": 0.0, "phase_sync_change": -0.010806879161758931, "epi_magnitude_change": -0.019017682420431337, "hash_signature": "42b7b23cf6458a4e", "sequence_str": "NUL -> NAV -> UM -> SHA"}