{"sequence": ["EN", "THOL", "ZHIR", "OZ"], "coherence_change": -0.007491619476560407, "sense_index_change": -0.004063052222176289, "phi_s_change": 0.006818810570662581, "grad_phi_change": -0.023180544795556424, "k_phi_change": 0.2484305179525713, "xi_c_change": 0.0, "phase_sync_change": 0.005804574033101195, "epi_magnitude_change": 0.0, "hash_signature": "6571ac4506848d35", "sequence_str": "EN -> THOL -> ZHIR -> OZ"}