{"sequence": ["REMESH", "IL", "UM", "ZHIR", "SHA"], "coherence_change": 0.007808557411249528, "sense_index_change": 0.018414418211284422, "phi_s_change": -0.011886472227881528, "grad_phi_change": -0.048721086930308743, "k_phi_change": 0.3671119564457568, "xi_c_change": 0.0, "phase_sync_change": 0.009827934813754768, "epi_magnitude_change": 0.0015933732115006594, "hash_signature": "20b17bb0423eeb6b", "sequence_str": "REMESH -> IL -> UM -> ZHIR -> SHA"}