{"sequence": ["AL", "AL", "VAL", "IL", "SHA"], "coherence_change": 0.008304337401842332, "sense_index_change": 0.008363562922177104, "phi_s_change": 0.060865169783654194, "grad_phi_change": 0.0, "k_phi_change": 0.0, "xi_c_change": 0.0, "phase_sync_change": 0.0, "epi_magnitude_change": 0.016514101916370483, "hash_signature": "8ddc33ee79c66ef8", "sequence_str": "AL -> AL -> VAL -> IL -> SHA"}