{"sequence": ["NAV", "AL", "RA", "NAV"], "coherence_change": 0.0, "sense_index_change": 0.036833190895650625, "phi_s_change": 0.0, "grad_phi_change": -0.08786404769358414, "k_phi_change": 0.12053351832032594, "xi_c_change": 0.0, "phase_sync_change": 0.02701732001310131, "epi_magnitude_change": 0.00350753717554797, "hash_signature": "3f663ec8156a87e3", "sequence_str": "NAV -> AL -> RA -> NAV"}