{"sequence": ["VAL", "NUL", "THOL", "ZHIR", "NAV"], "coherence_change": 0.005617616135893733, "sense_index_change": 0.0026898845244965885, "phi_s_change": 0.05936008802602133, "grad_phi_change": -0.016619539072442402, "k_phi_change": 0.3923311821181712, "xi_c_change": 0.0, "phase_sync_change": 0.0035774958053310657, "epi_magnitude_change": -0.0020350227405839805, "hash_signature": "3dfa608257bbbe88", "sequence_str": "VAL -> NUL -> THOL -> ZHIR -> NAV"}