{"sequence": ["REMESH", "NAV", "OZ", "VAL", "NAV"], "coherence_change": -0.008360690054662001, "sense_index_change": -0.005999593700728223, "phi_s_change": -0.11396698106215741, "grad_phi_change": 0.0, "k_phi_change": 0.0, "xi_c_change": 0.0, "phase_sync_change": 0.0, "epi_magnitude_change": 0.018859542908368998, "hash_signature": "dfd360993ab557e2", "sequence_str": "REMESH -> NAV -> OZ -> VAL -> NAV"}