{"sequence": ["REMESH", "UM", "NAV", "OZ"], "coherence_change": -0.013722225285107692, "sense_index_change": 0.07258669075443158, "phi_s_change": -0.09053847945915094, "grad_phi_change": -0.2664143137135613, "k_phi_change": 0.4100967753408421, "xi_c_change": 0.0, "phase_sync_change": 0.08989774400252704, "epi_magnitude_change": 0.0011425832049398732, "hash_signature": "927bda6b7dbbffc2", "sequence_str": "REMESH -> UM -> NAV -> OZ"}