{"sequence": ["SHA", "NUL", "UM", "IL", "NAV"], "coherence_change": 0.009147950577473751, "sense_index_change": 0.039497363520717754, "phi_s_change": 0.017932594774076938, "grad_phi_change": -0.10502647187578495, "k_phi_change": 0.01112082649792534, "xi_c_change": 0.0, "phase_sync_change": 0.035868983093122586, "epi_magnitude_change": -0.016934363895014792, "hash_signature": "341ab4daa2104036", "sequence_str": "SHA -> NUL -> UM -> IL -> NAV"}