{"sequence": ["VAL", "ZHIR", "THOL", "OZ"], "coherence_change": -0.007456090601501764, "sense_index_change": 0.00646917165966765, "phi_s_change": -0.06485878356190711, "grad_phi_change": -0.010623052853709236, "k_phi_change": -0.04477741748362801, "xi_c_change": 0.0, "phase_sync_change": 0.008825867189232839, "epi_magnitude_change": 0.011561113098947695, "hash_signature": "04f20197ef84cf91", "sequence_str": "VAL -> ZHIR -> THOL -> OZ"}