{"sequence": ["NUL", "IL", "EN", "NAV"], "coherence_change": 0.006854850407811197, "sense_index_change": 0.0048144295574699125, "phi_s_change": -0.018957349517549238, "grad_phi_change": 0.0, "k_phi_change": 0.0, "xi_c_change": 0.0, "phase_sync_change": 0.0, "epi_magnitude_change": -0.012635711181125497, "hash_signature": "681429800e712f6c", "sequence_str": "NUL -> IL -> EN -> NAV"}