{"sequence": ["NAV", "UM", "SHA", "RA", "RA", "OZ"], "coherence_change": -0.01482493937552265, "sense_index_change": 0.07579711782199527, "phi_s_change": -0.03813577940543611, "grad_phi_change": -0.3837792593932676, "k_phi_change": 0.36614028276302013, "xi_c_change": 0.0, "phase_sync_change": 0.125080792051397, "epi_magnitude_change": 0.0, "hash_signature": "6f5875e9dade89c0", "sequence_str": "NAV -> UM -> SHA -> RA -> RA -> OZ"}