{"sequence": ["UM", "RA", "ZHIR", "ZHIR", "REMESH"], "coherence_change": 0.0, "sense_index_change": 0.028423866536778752, "phi_s_change": 0.0, "grad_phi_change": -0.2803429890132396, "k_phi_change": 0.36932200088020456, "xi_c_change": 0.0, "phase_sync_change": 0.10727079746717305, "epi_magnitude_change": 0.0014816265405128703, "hash_signature": "a21dbacf59a90bc1", "sequence_str": "UM -> RA -> ZHIR -> ZHIR -> REMESH"}