{"sequence": ["AL", "VAL", "REMESH", "RA", "UM", "REMESH"], "coherence_change": 0.0, "sense_index_change": 0.023063172267259846, "phi_s_change": 0.0, "grad_phi_change": -0.1833199547365021, "k_phi_change": 0.44035406302243907, "xi_c_change": 0.0, "phase_sync_change": 0.04178719615228643, "epi_magnitude_change": 0.005488605251848577, "hash_signature": "d34bcf2defb6429e", "sequence_str": "AL -> VAL -> REMESH -> RA -> UM -> REMESH"}