{"sequence": ["RA", "ZHIR", "VAL", "NAV"], "coherence_change": 0.0, "sense_index_change": -0.010166145696075435, "phi_s_change": 0.0, "grad_phi_change": 0.02659706010295948, "k_phi_change": 0.32017273024659565, "xi_c_change": 0.0, "phase_sync_change": -0.006352802369361976, "epi_magnitude_change": 0.01552631407210292, "hash_signature": "a2a8233073e785ed", "sequence_str": "RA -> ZHIR -> VAL -> NAV"}