{"sequence": ["ZHIR", "EN", "OZ"], "coherence_change": -0.006154399885137551, "sense_index_change": -0.008194212563922276, "phi_s_change": -0.057409213591081754, "grad_phi_change": -0.005129494000216228, "k_phi_change": -0.16082269681757005, "xi_c_change": 0.0, "phase_sync_change": -0.0007031360060918423, "epi_magnitude_change": 0.0, "hash_signature": "d3387dc7ed95622f", "sequence_str": "ZHIR -> EN -> OZ"}