{"sequence": ["THOL", "THOL", "RA", "REMESH", "NAV"], "coherence_change": 0.006374990311195816, "sense_index_change": -0.001255940470984207, "phi_s_change": 0.02066747463800167, "grad_phi_change": 0.050365870626715825, "k_phi_change": 0.21422612327348367, "xi_c_change": 0.0, "phase_sync_change": -0.020567238101374508, "epi_magnitude_change": 0.0016779317852905207, "hash_signature": "7747af38a0e50df4", "sequence_str": "THOL -> THOL -> RA -> REMESH -> NAV"}