{"sequence": ["AL", "VAL", "NAV", "UM", "OZ"], "coherence_change": -0.010373529428977957, "sense_index_change": -9.251291249845472e-05, "phi_s_change": -0.09352176840459592, "grad_phi_change": -0.05101418560457116, "k_phi_change": 0.011774390077523539, "xi_c_change": 0.0, "phase_sync_change": 0.009112298912609562, "epi_magnitude_change": 0.00681503525335414, "hash_signature": "63f8bab9b143ec9e", "sequence_str": "AL -> VAL -> NAV -> UM -> OZ"}