{"sequence": ["AL", "SHA", "SHA", "SHA", "ZHIR", "SHA"], "coherence_change": 0.0, "sense_index_change": 0.0013499457445890206, "phi_s_change": 0.0, "grad_phi_change": 0.016641292953963216, "k_phi_change": -0.0709793694857081, "xi_c_change": 0.0, "phase_sync_change": -0.0026665969932765377, "epi_magnitude_change": -0.008748355045823053, "hash_signature": "1db9c10fe1c0a68f", "sequence_str": "AL -> SHA -> SHA -> SHA -> ZHIR -> SHA"}