{"sequence": ["REMESH", "NAV", "THOL", "NAV"], "coherence_change": 0.004252569628212077, "sense_index_change": 0.00047557771992090547, "phi_s_change": -0.021665568737722407, "grad_phi_change": 0.0, "k_phi_change": 0.0, "xi_c_change": 0.0, "phase_sync_change": 0.0, "epi_magnitude_change": 0.00132209980563458, "hash_signature": "932bfecece084a3d", "sequence_str": "REMESH -> NAV -> THOL -> NAV"}