{"sequence": ["ZHIR", "AL", "NUL", "UM", "OZ"], "coherence_change": -0.011508922992428006, "sense_index_change": 0.020829028240769265, "phi_s_change": -0.00735235048699201, "grad_phi_change": -0.1052883595545937, "k_phi_change": 0.07396848228383338, "xi_c_change": 0.0, "phase_sync_change": 0.03155105775576539, "epi_magnitude_change": -0.00801674582322165, "hash_signature": "2e1ea8454b741b1f", "sequence_str": "ZHIR -> AL -> NUL -> UM -> OZ"}