{"sequence": ["SHA", "OZ", "THOL", "ZHIR", "NAV"], "coherence_change": -0.008989313997844084, "sense_index_change": -0.02511316459042251, "phi_s_change": -0.008748009105604027, "grad_phi_change": 0.07112547658531909, "k_phi_change": -0.030310610521058656, "xi_c_change": 0.0, "phase_sync_change": -0.021281291252550627, "epi_magnitude_change": 0.0, "hash_signature": "98bb96fc4c0b1557", "sequence_str": "SHA -> OZ -> THOL -> ZHIR -> NAV"}