{"sequence": ["AL", "NAV", "OZ", "VAL", "NAV"], "coherence_change": -0.011553473929117541, "sense_index_change": -0.006103563324555306, "phi_s_change": 0.04346450818804226, "grad_phi_change": 0.0, "k_phi_change": 0.0, "xi_c_change": 0.0, "phase_sync_change": 0.0, "epi_magnitude_change": 0.032214722744607016, "hash_signature": "481f062461d741b1", "sequence_str": "AL -> NAV -> OZ -> VAL -> NAV"}