{"sequence": ["NAV", "REMESH", "SHA", "EN", "EN", "OZ"], "coherence_change": -0.011943820154680984, "sense_index_change": 0.01836430030067704, "phi_s_change": -0.09358153789908641, "grad_phi_change": 0.0, "k_phi_change": 0.0, "xi_c_change": 0.0, "phase_sync_change": 0.0, "epi_magnitude_change": 0.0017433301222503639, "hash_signature": "dd26e47545020008", "sequence_str": "NAV -> REMESH -> SHA -> EN -> EN -> OZ"}