{"sequence": ["RA", "REMESH", "EN", "EN", "SHA"], "coherence_change": 0.0, "sense_index_change": 0.00806348959466785, "phi_s_change": 0.0, "grad_phi_change": -0.05466860266939033, "k_phi_change": 0.07702955855692104, "xi_c_change": 0.0, "phase_sync_change": 0.014261754989421616, "epi_magnitude_change": 0.0015405004752300222, "hash_signature": "6cc9cd34b74ed739", "sequence_str": "RA -> REMESH -> EN -> EN -> SHA"}