{"sequence": ["NAV", "UM", "NUL", "OZ", "NUL", "OZ"], "coherence_change": -0.01692683427322439, "sense_index_change": 0.012771086722547786, "phi_s_change": 0.08123261768777168, "grad_phi_change": -0.11777360778914514, "k_phi_change": 0.46483158989937556, "xi_c_change": 0.0, "phase_sync_change": 0.04189851448333359, "epi_magnitude_change": -0.0314058402240297, "hash_signature": "8a97ec4a4ffd4d2b", "sequence_str": "NAV -> UM -> NUL -> OZ -> NUL -> OZ"}