{"sequence": ["AL", "OZ", "ZHIR", "OZ", "AL", "SHA"], "coherence_change": -0.023804457033210435, "sense_index_change": 0.003534090395686307, "phi_s_change": -0.16221503669163795, "grad_phi_change": 0.01041893322817078, "k_phi_change": 0.180871281386429, "xi_c_change": 0.0, "phase_sync_change": -0.002793945383261165, "epi_magnitude_change": -0.0002198657363491341, "hash_signature": "249bfb6e6a5b56a0", "sequence_str": "AL -> OZ -> ZHIR -> OZ -> AL -> SHA"}