{"sequence": ["SHA", "REMESH", "OZ", "VAL", "OZ"], "coherence_change": -0.02280025744676273, "sense_index_change": 0.021868581612220495, "phi_s_change": 0.11002717281669161, "grad_phi_change": 0.0, "k_phi_change": 0.0, "xi_c_change": 0.0, "phase_sync_change": 0.0, "epi_magnitude_change": 0.018176807865335487, "hash_signature": "39e97332916a4f84", "sequence_str": "SHA -> REMESH -> OZ -> VAL -> OZ"}