{"sequence": ["NUL", "THOL", "EN", "SHA"], "coherence_change": 0.006384736918116807, "sense_index_change": 0.0033965956549749654, "phi_s_change": -0.03995846184665175, "grad_phi_change": 0.0, "k_phi_change": 0.0, "xi_c_change": 0.0, "phase_sync_change": 0.0, "epi_magnitude_change": -0.009809732483208378, "hash_signature": "40920c30eae7c0ca", "sequence_str": "NUL -> THOL -> EN -> SHA"}