{"sequence": ["NAV", "NAV", "ZHIR", "IL", "THOL", "SHA"], "coherence_change": 0.01274832145342375, "sense_index_change": 0.0008419225477506176, "phi_s_change": -0.011148637859620503, "grad_phi_change": 0.03816059471933797, "k_phi_change": -0.010153899969577745, "xi_c_change": 0.0, "phase_sync_change": -0.009063195484406927, "epi_magnitude_change": 0.0, "hash_signature": "28c08abd2cd71081", "sequence_str": "NAV -> NAV -> ZHIR -> IL -> THOL -> SHA"}