{"sequence": ["ZHIR", "OZ", "AL", "OZ"], "coherence_change": -0.017993818163198894, "sense_index_change": -0.035921075816739645, "phi_s_change": -0.05472895870898331, "grad_phi_change": 0.06077938042346154, "k_phi_change": -0.06908971963876304, "xi_c_change": 0.0, "phase_sync_change": -0.01690995613907309, "epi_magnitude_change": 0.0023245955587831713, "hash_signature": "74db74d5651929e4", "sequence_str": "ZHIR -> OZ -> AL -> OZ"}