{"sequence": ["THOL", "IL", "UM", "OZ", "NUL", "OZ"], "coherence_change": -0.018729874050211426, "sense_index_change": 0.019614746001706762, "phi_s_change": 0.07663247233728043, "grad_phi_change": -0.05191760617535124, "k_phi_change": 0.1626078335807718, "xi_c_change": 0.0, "phase_sync_change": 0.01926885194767325, "epi_magnitude_change": -0.022031982460077426, "hash_signature": "a7bdf16df57b0f2e", "sequence_str": "THOL -> IL -> UM -> OZ -> NUL -> OZ"}