{"sequence": ["IL", "UM", "NUL", "NUL", "OZ"], "coherence_change": -0.006396545446172075, "sense_index_change": 0.005362095038189185, "phi_s_change": 0.04145637486219611, "grad_phi_change": -0.09758289896087735, "k_phi_change": 0.1656217348383352, "xi_c_change": 0.0, "phase_sync_change": 0.033567406842286984, "epi_magnitude_change": -0.031173218993569285, "hash_signature": "bc113c4d6211c2bb", "sequence_str": "IL -> UM -> NUL -> NUL -> OZ"}