{"sequence": ["AL", "IL", "REMESH", "SHA", "RA", "OZ"], "coherence_change": 0.0019060037552930398, "sense_index_change": -0.021225065155066447, "phi_s_change": 0.0352428014005578, "grad_phi_change": 0.0036730099978448116, "k_phi_change": 0.29125326236779747, "xi_c_change": 0.0, "phase_sync_change": -0.004010271434283119, "epi_magnitude_change": 0.0027573110512788546, "hash_signature": "497d025238fb6e7c", "sequence_str": "AL -> IL -> REMESH -> SHA -> RA -> OZ"}