{"sequence": ["VAL", "OZ", "REMESH", "UM", "NAV"], "coherence_change": -0.012268271239683437, "sense_index_change": -0.025246008607956394, "phi_s_change": 0.001370795392702906, "grad_phi_change": 0.1345897390853401, "k_phi_change": 0.13857231674440693, "xi_c_change": 0.0, "phase_sync_change": -0.05366462164509611, "epi_magnitude_change": 0.011389271035241677, "hash_signature": "6e846d5ec5782045", "sequence_str": "VAL -> OZ -> REMESH -> UM -> NAV"}