{"sequence": ["OZ", "UM", "THOL", "NUL", "NAV"], "coherence_change": 7.785801755633148e-05, "sense_index_change": 0.01233388749584341, "phi_s_change": 0.0447827831546912, "grad_phi_change": -0.13143170671929028, "k_phi_change": 0.04104393392690345, "xi_c_change": 0.0, "phase_sync_change": 0.03263623052330944, "epi_magnitude_change": -0.012765948799944637, "hash_signature": "711d1574e437f322", "sequence_str": "OZ -> UM -> THOL -> NUL -> NAV"}