{"sequence": ["IL", "IL", "UM", "EN", "EN", "SHA"], "coherence_change": 0.01695239640826851, "sense_index_change": 0.007901900441692034, "phi_s_change": 0.070786904215843, "grad_phi_change": -0.04650568261159971, "k_phi_change": 0.3406215632159934, "xi_c_change": 0.0, "phase_sync_change": 0.012252268408631695, "epi_magnitude_change": 0.0, "hash_signature": "d8d2f36d924f3bfd", "sequence_str": "IL -> IL -> UM -> EN -> EN -> SHA"}