{"sequence": ["NUL", "THOL", "IL", "THOL", "NAV"], "coherence_change": 0.01134110201392402, "sense_index_change": 0.006294005501817801, "phi_s_change": 0.061009896670321195, "grad_phi_change": 0.0, "k_phi_change": 0.0, "xi_c_change": 0.0, "phase_sync_change": 0.0, "epi_magnitude_change": -0.011722668977158346, "hash_signature": "29c8639b74ce0a8a", "sequence_str": "NUL -> THOL -> IL -> THOL -> NAV"}