{"sequence": ["VAL", "EN", "NAV", "OZ"], "coherence_change": -0.016354595647927517, "sense_index_change": 0.01653149610255833, "phi_s_change": -0.0065020114818022945, "grad_phi_change": 0.0, "k_phi_change": 0.0, "xi_c_change": 0.0, "phase_sync_change": 0.0, "epi_magnitude_change": 0.02135835074624115, "hash_signature": "286cb6969c680551", "sequence_str": "VAL -> EN -> NAV -> OZ"}