{"sequence": ["AL", "SHA", "IL", "OZ"], "coherence_change": -0.00705599997147921, "sense_index_change": -0.0030097558585741035, "phi_s_change": -0.14835455763416006, "grad_phi_change": 0.0, "k_phi_change": 0.0, "xi_c_change": 0.0, "phase_sync_change": 0.0, "epi_magnitude_change": 0.0007406130921222553, "hash_signature": "10e79ed7c509e2e1", "sequence_str": "AL -> SHA -> IL -> OZ"}