{"sequence": ["ZHIR", "EN", "SHA", "IL", "UM", "OZ"], "coherence_change": -0.0026505361085517043, "sense_index_change": 0.049690331774377317, "phi_s_change": -0.027611350536750345, "grad_phi_change": -0.10172836056067647, "k_phi_change": 0.03699209261454087, "xi_c_change": 0.0, "phase_sync_change": 0.04809730524427169, "epi_magnitude_change": 0.0, "hash_signature": "a44f8a5d6850c20c", "sequence_str": "ZHIR -> EN -> SHA -> IL -> UM -> OZ"}