{"sequence": ["NAV", "UM", "REMESH", "OZ"], "coherence_change": -0.008641028229025682, "sense_index_change": 0.00871313809444918, "phi_s_change": -0.04252972592650872, "grad_phi_change": -0.0849334604080445, "k_phi_change": 0.0553773788561088, "xi_c_change": 0.0, "phase_sync_change": 0.014679365030806801, "epi_magnitude_change": 0.0010878638310447553, "hash_signature": "7502b50a430a4ff9", "sequence_str": "NAV -> UM -> REMESH -> OZ"}