{"sequence": ["VAL", "SHA", "OZ", "REMESH"], "coherence_change": -0.012055991318109305, "sense_index_change": -0.005469900298220698, "phi_s_change": 0.044169304302492884, "grad_phi_change": 0.0, "k_phi_change": 0.0, "xi_c_change": 0.0, "phase_sync_change": 0.0, "epi_magnitude_change": 0.01986327884489869, "hash_signature": "969d4d35fa9b8a4f", "sequence_str": "VAL -> SHA -> OZ -> REMESH"}