{"sequence": ["AL", "OZ", "AL", "IL", "REMESH"], "coherence_change": -0.0009004940703269959, "sense_index_change": 0.0029907022504945813, "phi_s_change": 0.06278494010946856, "grad_phi_change": 0.0, "k_phi_change": 0.0, "xi_c_change": 0.0, "phase_sync_change": 0.0, "epi_magnitude_change": -0.004632538273936393, "hash_signature": "440f1c933f8116dd", "sequence_str": "AL -> OZ -> AL -> IL -> REMESH"}