{"sequence": ["RA", "NUL", "NUL", "THOL", "EN", "NAV"], "coherence_change": 0.006625350259997997, "sense_index_change": 0.00016479386229040216, "phi_s_change": -0.004731023358050868, "grad_phi_change": 0.11604274799792536, "k_phi_change": -0.09889930765061317, "xi_c_change": 0.0, "phase_sync_change": -0.04156920184651358, "epi_magnitude_change": -0.032398063761232776, "hash_signature": "9d52b6fc4b0c9a1c", "sequence_str": "RA -> NUL -> NUL -> THOL -> EN -> NAV"}