{"sequence": ["UM", "NAV", "RA", "OZ"], "coherence_change": -0.00912412654098227, "sense_index_change": 0.02652631526730953, "phi_s_change": -0.0829935446093174, "grad_phi_change": -0.1456880825166733, "k_phi_change": 0.20497364282421757, "xi_c_change": 0.0, "phase_sync_change": 0.03750543623873337, "epi_magnitude_change": 0.0, "hash_signature": "fce6551d22752ee9", "sequence_str": "UM -> NAV -> RA -> OZ"}