{"sequence": ["IL", "UM", "IL", "REMESH"], "coherence_change": 0.011378106427132995, "sense_index_change": 0.014208527604022803, "phi_s_change": 0.02261459432005164, "grad_phi_change": -0.01450943979814534, "k_phi_change": 0.33738867359212577, "xi_c_change": 0.0, "phase_sync_change": -0.0016089744164798914, "epi_magnitude_change": 0.00108033011155384, "hash_signature": "867355756eb075c1", "sequence_str": "IL -> UM -> IL -> REMESH"}