{"sequence": ["NAV", "UM", "THOL", "NUL", "OZ"], "coherence_change": 0.0001798588980144178, "sense_index_change": 0.008563771213620397, "phi_s_change": 0.008457749312908547, "grad_phi_change": -0.049179247996393505, "k_phi_change": 0.10678813194251233, "xi_c_change": 0.0, "phase_sync_change": 0.00977854744907436, "epi_magnitude_change": -0.009824938003599626, "hash_signature": "c2599f5175f8d8a9", "sequence_str": "NAV -> UM -> THOL -> NUL -> OZ"}