{"sequence": ["RA", "OZ", "THOL", "ZHIR", "SHA"], "coherence_change": -0.0014048996248903212, "sense_index_change": 0.008280498772396894, "phi_s_change": 0.01846140268868013, "grad_phi_change": -0.04395069652732264, "k_phi_change": 0.22161414665387308, "xi_c_change": 0.0, "phase_sync_change": 0.005346728467113815, "epi_magnitude_change": 0.0, "hash_signature": "fb43db2c7894a59b", "sequence_str": "RA -> OZ -> THOL -> ZHIR -> SHA"}