{"sequence": ["NAV", "EN", "OZ", "UM", "OZ"], "coherence_change": -0.019337391296758155, "sense_index_change": 0.022721396281404682, "phi_s_change": -0.0987340376342064, "grad_phi_change": -0.03418325692916624, "k_phi_change": 0.26009840054106725, "xi_c_change": 0.0, "phase_sync_change": 0.012097312552883266, "epi_magnitude_change": 0.0, "hash_signature": "db76ddbbb9f24f69", "sequence_str": "NAV -> EN -> OZ -> UM -> OZ"}