{"sequence": ["NAV", "UM", "IL", "ZHIR", "THOL", "NAV"], "coherence_change": 0.014024662692154855, "sense_index_change": -0.0009799486399723056, "phi_s_change": 0.03187847021257584, "grad_phi_change": -0.046348126534919265, "k_phi_change": 0.2025888847481609, "xi_c_change": 0.0, "phase_sync_change": 0.0017669703573388595, "epi_magnitude_change": 0.0, "hash_signature": "cc714640f02bec94", "sequence_str": "NAV -> UM -> IL -> ZHIR -> THOL -> NAV"}