{"sequence": ["RA", "AL", "UM", "AL", "THOL", "OZ"], "coherence_change": -0.004685861992053786, "sense_index_change": 0.03493136564544019, "phi_s_change": 0.03956520072375058, "grad_phi_change": -0.17234624760477324, "k_phi_change": 0.17837964746029505, "xi_c_change": 0.0, "phase_sync_change": 0.04568219424631492, "epi_magnitude_change": 0.007712242392029167, "hash_signature": "df23b2784c8f4210", "sequence_str": "RA -> AL -> UM -> AL -> THOL -> OZ"}