{"sequence": ["NAV", "OZ", "RA", "ZHIR", "EN", "REMESH"], "coherence_change": -0.015634244517756635, "sense_index_change": -0.03814454126266292, "phi_s_change": -0.014181043156287987, "grad_phi_change": 0.08608876991004943, "k_phi_change": 0.27764307669491084, "xi_c_change": 0.0, "phase_sync_change": -0.03589969826643813, "epi_magnitude_change": 0.0012541284311498035, "hash_signature": "31c0bc01a204ff40", "sequence_str": "NAV -> OZ -> RA -> ZHIR -> EN -> REMESH"}