{"sequence": ["AL", "THOL", "OZ", "AL", "NAV"], "coherence_change": -0.009608182915644137, "sense_index_change": -0.008419900241790956, "phi_s_change": -0.03425520745023625, "grad_phi_change": 0.0, "k_phi_change": 0.0, "xi_c_change": 0.0, "phase_sync_change": 0.0, "epi_magnitude_change": 0.0074053104564512084, "hash_signature": "9201092a8c40af08", "sequence_str": "AL -> THOL -> OZ -> AL -> NAV"}