{"sequence": ["AL", "NAV", "ZHIR", "SHA", "SHA"], "coherence_change": 0.0, "sense_index_change": -0.0036014915734082775, "phi_s_change": 0.0, "grad_phi_change": 0.02221831464156865, "k_phi_change": -0.0957175925683118, "xi_c_change": 0.0, "phase_sync_change": -0.010253855924164057, "epi_magnitude_change": 0.015436189521633836, "hash_signature": "7d74b3fc9b537063", "sequence_str": "AL -> NAV -> ZHIR -> SHA -> SHA"}