{"sequence": ["THOL", "VAL", "UM", "NUL", "OZ"], "coherence_change": -0.008280388265158423, "sense_index_change": 0.018892526393171072, "phi_s_change": -0.10187763450539344, "grad_phi_change": -0.014757196889785273, "k_phi_change": 0.11461725791082414, "xi_c_change": 0.0, "phase_sync_change": -0.0022843154206287908, "epi_magnitude_change": -0.011243948514874202, "hash_signature": "e761a357fa5c977d", "sequence_str": "THOL -> VAL -> UM -> NUL -> OZ"}