{"sequence": ["NAV", "AL", "NUL", "UM", "OZ"], "coherence_change": -0.012289841036273508, "sense_index_change": -0.005657988723245744, "phi_s_change": 0.13914410099020214, "grad_phi_change": -0.007551422709722644, "k_phi_change": 0.30820038400555994, "xi_c_change": 0.0, "phase_sync_change": 0.007058476769110422, "epi_magnitude_change": -0.011910557282893919, "hash_signature": "591171f65bc437d0", "sequence_str": "NAV -> AL -> NUL -> UM -> OZ"}