{"sequence": ["THOL", "ZHIR", "NUL", "VAL", "ZHIR", "SHA"], "coherence_change": 0.005153534012268368, "sense_index_change": -0.008847593665500586, "phi_s_change": 0.01981479408437259, "grad_phi_change": 0.08879022695170002, "k_phi_change": -0.1687125050734341, "xi_c_change": 0.0, "phase_sync_change": -0.030196403673306893, "epi_magnitude_change": 0.0025142828510245074, "hash_signature": "dec302f8a5e8c9e0", "sequence_str": "THOL -> ZHIR -> NUL -> VAL -> ZHIR -> SHA"}