{"sequence": ["RA", "NUL", "VAL", "ZHIR", "NAV"], "coherence_change": 0.0, "sense_index_change": 0.0003238149348457897, "phi_s_change": 0.0, "grad_phi_change": 0.05121730090155108, "k_phi_change": 0.1957380171970668, "xi_c_change": 0.0, "phase_sync_change": -0.03027137565031468, "epi_magnitude_change": -0.01142949833825646, "hash_signature": "dbf5584776a3dc88", "sequence_str": "RA -> NUL -> VAL -> ZHIR -> NAV"}