{"sequence": ["AL", "REMESH", "RA", "SHA"], "coherence_change": 0.0, "sense_index_change": -0.02453060070665125, "phi_s_change": 0.0, "grad_phi_change": 0.10899506850173624, "k_phi_change": 0.5718298175134031, "xi_c_change": 0.0, "phase_sync_change": -0.04010923187132487, "epi_magnitude_change": 5.475280886546585e-05, "hash_signature": "f5861a80fe35939a", "sequence_str": "AL -> REMESH -> RA -> SHA"}