{"sequence": ["REMESH", "IL", "SHA", "EN", "RA", "NAV"], "coherence_change": 0.008923688315294998, "sense_index_change": 0.015435788148415286, "phi_s_change": 0.008468896734297404, "grad_phi_change": -0.019486028809158062, "k_phi_change": 0.452439672984647, "xi_c_change": 0.0, "phase_sync_change": 0.0031924872317945496, "epi_magnitude_change": 0.0014741527105534002, "hash_signature": "c51ada530f5a1287", "sequence_str": "REMESH -> IL -> SHA -> EN -> RA -> NAV"}