{"sequence": ["VAL", "OZ", "NAV"], "coherence_change": -0.009971088664831207, "sense_index_change": -0.007171696723057064, "phi_s_change": -0.1140302370130013, "grad_phi_change": 0.0, "k_phi_change": 0.0, "xi_c_change": 0.0, "phase_sync_change": 0.0, "epi_magnitude_change": 0.014533852839592631, "hash_signature": "de2abf990dc84d22", "sequence_str": "VAL -> OZ -> NAV"}