{"sequence": ["THOL", "REMESH", "EN", "REMESH"], "coherence_change": 0.006358147746756582, "sense_index_change": 0.005247802352011943, "phi_s_change": -0.006093822803354576, "grad_phi_change": 0.0, "k_phi_change": 0.0, "xi_c_change": 0.0, "phase_sync_change": 0.0, "epi_magnitude_change": 0.0024035768308050542, "hash_signature": "11f7b04f2083ad8e", "sequence_str": "THOL -> REMESH -> EN -> REMESH"}