{"sequence": ["IL", "SHA", "AL", "NAV"], "coherence_change": 0.009950890496460918, "sense_index_change": 0.015579447286541703, "phi_s_change": 0.04434663753547863, "grad_phi_change": 0.0, "k_phi_change": 0.0, "xi_c_change": 0.0, "phase_sync_change": 0.0, "epi_magnitude_change": -0.003445064768379913, "hash_signature": "4056fb04b242d5f9", "sequence_str": "IL -> SHA -> AL -> NAV"}