{"sequence": ["EN", "THOL", "ZHIR", "REMESH", "OZ"], "coherence_change": -0.004988336812227656, "sense_index_change": -0.006581478533461471, "phi_s_change": -0.11555244917595353, "grad_phi_change": 0.03971657647252802, "k_phi_change": -0.12389820571338289, "xi_c_change": 0.0, "phase_sync_change": -0.008207643869480363, "epi_magnitude_change": 0.0016527464856302965, "hash_signature": "c7afdd25b5dd0202", "sequence_str": "EN -> THOL -> ZHIR -> REMESH -> OZ"}