{"sequence": ["NUL", "ZHIR", "EN", "NAV", "RA", "NAV"], "coherence_change": 0.0, "sense_index_change": 0.01732977367343158, "phi_s_change": 0.0, "grad_phi_change": -0.11765083979410385, "k_phi_change": 0.7389215276596841, "xi_c_change": 0.0, "phase_sync_change": 0.03754201235160193, "epi_magnitude_change": -0.010933787632363967, "hash_signature": "faaf029d4a222b57", "sequence_str": "NUL -> ZHIR -> EN -> NAV -> RA -> NAV"}