{"sequence": ["RA", "RA", "IL", "RA", "REMESH"], "coherence_change": 0.009769484993545352, "sense_index_change": 0.060886137972070764, "phi_s_change": 0.07675582154417493, "grad_phi_change": -0.32969676730897124, "k_phi_change": -0.049001143942561165, "xi_c_change": 0.0, "phase_sync_change": 0.0976756402638318, "epi_magnitude_change": 0.0007888700382918667, "hash_signature": "a4000ceb88090048", "sequence_str": "RA -> RA -> IL -> RA -> REMESH"}