{"sequence": ["NUL", "OZ", "ZHIR", "THOL", "VAL", "OZ"], "coherence_change": -0.014486374479601327, "sense_index_change": 0.004379618536277441, "phi_s_change": -0.02492661429457499, "grad_phi_change": 0.012967979035604094, "k_phi_change": 0.08671514830542083, "xi_c_change": 0.0, "phase_sync_change": -0.0076055452376266874, "epi_magnitude_change": 0.004202683629659254, "hash_signature": "74cb2f5aee66f0d1", "sequence_str": "NUL -> OZ -> ZHIR -> THOL -> VAL -> OZ"}