{"sequence": ["REMESH", "THOL", "IL", "REMESH"], "coherence_change": 0.0118922212691005, "sense_index_change": -0.01512583739767992, "phi_s_change": 0.027461238191437753, "grad_phi_change": 0.0, "k_phi_change": 0.0, "xi_c_change": 0.0, "phase_sync_change": 0.0, "epi_magnitude_change": 0.0021477705195827035, "hash_signature": "c38db1e88e618578", "sequence_str": "REMESH -> THOL -> IL -> REMESH"}