{"sequence": ["AL", "NAV", "REMESH", "NAV", "OZ"], "coherence_change": -0.01704992710502684, "sense_index_change": -0.0019000641202499002, "phi_s_change": -0.018695581443307407, "grad_phi_change": 0.0, "k_phi_change": 0.0, "xi_c_change": 0.0, "phase_sync_change": 0.0, "epi_magnitude_change": 0.0015951471890119917, "hash_signature": "7b49890f1ff3d616", "sequence_str": "AL -> NAV -> REMESH -> NAV -> OZ"}