{"sequence": ["UM", "REMESH", "VAL", "NUL", "NAV"], "coherence_change": 0.0, "sense_index_change": -0.0017169737099590465, "phi_s_change": 0.0, "grad_phi_change": -0.07717565212248378, "k_phi_change": -0.09028801104014128, "xi_c_change": 0.0, "phase_sync_change": 0.015351222880895077, "epi_magnitude_change": -0.009726390010484587, "hash_signature": "a48626b4e0eb9ce4", "sequence_str": "UM -> REMESH -> VAL -> NUL -> NAV"}