{"sequence": ["IL", "THOL", "AL", "REMESH"], "coherence_change": 0.011952792579563942, "sense_index_change": 0.0035419827233499346, "phi_s_change": 0.06467695528786122, "grad_phi_change": 0.0, "k_phi_change": 0.0, "xi_c_change": 0.0, "phase_sync_change": 0.0, "epi_magnitude_change": 0.007486856721299118, "hash_signature": "117d8ce229831b09", "sequence_str": "IL -> THOL -> AL -> REMESH"}