{"sequence": ["EN", "UM", "NUL", "NUL", "REMESH"], "coherence_change": 0.0, "sense_index_change": 0.026202344326294313, "phi_s_change": 0.0, "grad_phi_change": -0.08213965118998501, "k_phi_change": 0.3887870814639198, "xi_c_change": 0.0, "phase_sync_change": 0.034628932605260565, "epi_magnitude_change": -0.03769068181036361, "hash_signature": "b8932cc936526766", "sequence_str": "EN -> UM -> NUL -> NUL -> REMESH"}