{"sequence": ["NAV", "NUL", "NUL", "ZHIR", "SHA"], "coherence_change": 0.0, "sense_index_change": 0.0026634257463713507, "phi_s_change": 0.0, "grad_phi_change": 0.02142052878842593, "k_phi_change": 0.21339803720484618, "xi_c_change": 0.0, "phase_sync_change": -0.003691711322085678, "epi_magnitude_change": -0.02774303234245412, "hash_signature": "8c9f45818fdc7fe8", "sequence_str": "NAV -> NUL -> NUL -> ZHIR -> SHA"}