{"sequence": ["OZ", "RA", "AL", "UM", "IL", "REMESH"], "coherence_change": -0.004436966351644478, "sense_index_change": 0.05106239490662934, "phi_s_change": 0.0741099363659623, "grad_phi_change": -0.27145272444661583, "k_phi_change": 0.04354662491593214, "xi_c_change": 0.0, "phase_sync_change": 0.0878207399039791, "epi_magnitude_change": -0.0019152687866789142, "hash_signature": "6370cb2b8e7f5b87", "sequence_str": "OZ -> RA -> AL -> UM -> IL -> REMESH"}