{"sequence": ["AL", "SHA", "THOL", "EN", "EN", "NAV"], "coherence_change": 0.0036693496560811223, "sense_index_change": 0.004201829230120024, "phi_s_change": -0.01055687271410577, "grad_phi_change": 0.0, "k_phi_change": 0.0, "xi_c_change": 0.0, "phase_sync_change": 0.0, "epi_magnitude_change": -0.008033339311276144, "hash_signature": "32845f2366835b69", "sequence_str": "AL -> SHA -> THOL -> EN -> EN -> NAV"}