{"sequence": ["NUL", "OZ", "REMESH"], "coherence_change": -0.011589307007691008, "sense_index_change": 0.026859954616351045, "phi_s_change": -0.1669572154607919, "grad_phi_change": 0.0, "k_phi_change": 0.0, "xi_c_change": 0.0, "phase_sync_change": 0.0, "epi_magnitude_change": -0.016725972377253706, "hash_signature": "758caa553735ee6b", "sequence_str": "NUL -> OZ -> REMESH"}