{"sequence": ["REMESH", "THOL", "AL", "REMESH"], "coherence_change": 0.0038026011288735395, "sense_index_change": -0.002640491994491012, "phi_s_change": -0.0003707845004747856, "grad_phi_change": 0.0, "k_phi_change": 0.0, "xi_c_change": 0.0, "phase_sync_change": 0.0, "epi_magnitude_change": -0.003794131778653953, "hash_signature": "2c0793767141a447", "sequence_str": "REMESH -> THOL -> AL -> REMESH"}