{"sequence": ["IL", "RA", "RA", "NAV"], "coherence_change": 0.0056898174345969554, "sense_index_change": 0.028126085423169966, "phi_s_change": 0.05539655586636605, "grad_phi_change": -0.1952184544593616, "k_phi_change": -0.13888905644978744, "xi_c_change": 0.0, "phase_sync_change": 0.05852010905777416, "epi_magnitude_change": 0.0, "hash_signature": "9891e45c5b05375b", "sequence_str": "IL -> RA -> RA -> NAV"}