{"sequence": ["THOL", "RA", "NUL", "SHA"], "coherence_change": 0.0028843437958603335, "sense_index_change": -0.009162000523994351, "phi_s_change": -0.008935402576125018, "grad_phi_change": 0.06876698680248383, "k_phi_change": 0.6155537317180713, "xi_c_change": 0.0, "phase_sync_change": -0.020586861160440062, "epi_magnitude_change": -0.01513331962171749, "hash_signature": "04f38cdfff4de59a", "sequence_str": "THOL -> RA -> NUL -> SHA"}