{"sequence": ["NAV", "THOL", "VAL", "OZ", "NAV"], "coherence_change": -0.008602131735844787, "sense_index_change": -0.008493493576391953, "phi_s_change": 0.08692166945068192, "grad_phi_change": 0.0, "k_phi_change": 0.0, "xi_c_change": 0.0, "phase_sync_change": 0.0, "epi_magnitude_change": 0.019042028269130262, "hash_signature": "0264519d17ffeee9", "sequence_str": "NAV -> THOL -> VAL -> OZ -> NAV"}