{"sequence": ["RA", "RA", "SHA", "REMESH", "AL", "NAV"], "coherence_change": 0.0, "sense_index_change": 0.04119370738898742, "phi_s_change": 0.0, "grad_phi_change": -0.2301812306919251, "k_phi_change": 0.13830577225481339, "xi_c_change": 0.0, "phase_sync_change": 0.07305160762455687, "epi_magnitude_change": -0.0013830109117034528, "hash_signature": "4711eb3a08091dca", "sequence_str": "RA -> RA -> SHA -> REMESH -> AL -> NAV"}