{"sequence": ["AL", "IL", "VAL", "EN", "THOL", "NAV"], "coherence_change": 0.015164733718089352, "sense_index_change": 0.005825195861491661, "phi_s_change": 0.1008012137726143, "grad_phi_change": 0.0, "k_phi_change": 0.0, "xi_c_change": 0.0, "phase_sync_change": 0.0, "epi_magnitude_change": 0.016924569838810855, "hash_signature": "b660977865c834dc", "sequence_str": "AL -> IL -> VAL -> EN -> THOL -> NAV"}