{"sequence": ["NUL", "VAL", "OZ", "SHA", "UM", "REMESH"], "coherence_change": -0.009758439569833355, "sense_index_change": 0.030986333176601377, "phi_s_change": -0.1296420346121424, "grad_phi_change": -0.2368441143160389, "k_phi_change": 0.45931400961788055, "xi_c_change": 0.0, "phase_sync_change": 0.07121065503351953, "epi_magnitude_change": -0.005679441322569478, "hash_signature": "d00fb3abb21cdc35", "sequence_str": "NUL -> VAL -> OZ -> SHA -> UM -> REMESH"}