{"sequence": ["UM", "ZHIR", "IL", "OZ", "ZHIR", "OZ"], "coherence_change": -0.01433723632725692, "sense_index_change": 0.059435516423488544, "phi_s_change": -0.2285967258721111, "grad_phi_change": -0.1269832087798768, "k_phi_change": 0.19272620151232828, "xi_c_change": 0.0, "phase_sync_change": 0.03310330041383547, "epi_magnitude_change": 0.0, "hash_signature": "3bd0201911d9e0ac", "sequence_str": "UM -> ZHIR -> IL -> OZ -> ZHIR -> OZ"}