{"sequence": ["REMESH", "IL", "RA", "RA", "THOL", "NAV"], "coherence_change": 0.012533535408811636, "sense_index_change": 0.05374488929695398, "phi_s_change": 0.039063799724070924, "grad_phi_change": -0.20096978941349608, "k_phi_change": 0.21245337890452404, "xi_c_change": 0.0, "phase_sync_change": 0.058740339680693254, "epi_magnitude_change": 0.0011851090271461917, "hash_signature": "9116827c4e133885", "sequence_str": "REMESH -> IL -> RA -> RA -> THOL -> NAV"}