{"sequence": ["OZ", "ZHIR", "THOL", "SHA", "NAV"], "coherence_change": -0.005412977919804662, "sense_index_change": 0.002239942765666969, "phi_s_change": -0.006673457420052875, "grad_phi_change": 0.021345559445176798, "k_phi_change": 0.37109897764801125, "xi_c_change": 0.0, "phase_sync_change": -0.0076055452376266874, "epi_magnitude_change": 0.0, "hash_signature": "526ad4cc4d4618e0", "sequence_str": "OZ -> ZHIR -> THOL -> SHA -> NAV"}