{"sequence": ["REMESH", "REMESH", "NUL", "UM", "SHA"], "coherence_change": 0.0, "sense_index_change": 0.008460480737544351, "phi_s_change": 0.0, "grad_phi_change": -0.024918036940032806, "k_phi_change": 0.1418825725416387, "xi_c_change": 0.0, "phase_sync_change": 0.007046537917983486, "epi_magnitude_change": -0.010691956990718343, "hash_signature": "9bb6c3ec693efb2c", "sequence_str": "REMESH -> REMESH -> NUL -> UM -> SHA"}