{"sequence": ["THOL", "UM", "NAV", "ZHIR", "NAV"], "coherence_change": 0.003958199449422661, "sense_index_change": 0.015323900922787459, "phi_s_change": 0.04564157609983688, "grad_phi_change": -0.1109065070294939, "k_phi_change": 0.11602589826703977, "xi_c_change": 0.0, "phase_sync_change": 0.024555172808439774, "epi_magnitude_change": 0.0, "hash_signature": "dab3f41f542f13dc", "sequence_str": "THOL -> UM -> NAV -> ZHIR -> NAV"}