{"sequence": ["REMESH", "OZ", "ZHIR", "UM", "REMESH"], "coherence_change": -0.015310727306856231, "sense_index_change": 0.03749954815014933, "phi_s_change": -0.12295789249754396, "grad_phi_change": -0.1327764736178263, "k_phi_change": 0.07165741232335261, "xi_c_change": 0.0, "phase_sync_change": 0.03333384714529786, "epi_magnitude_change": 0.002825554044178835, "hash_signature": "7ae5d6c989e2be43", "sequence_str": "REMESH -> OZ -> ZHIR -> UM -> REMESH"}