{"sequence": ["UM", "UM", "NUL", "NUL", "SHA"], "coherence_change": 0.0, "sense_index_change": 0.0693185257253568, "phi_s_change": 0.0, "grad_phi_change": -0.3737248793658843, "k_phi_change": 0.23349811515955066, "xi_c_change": 0.0, "phase_sync_change": 0.11133822091926326, "epi_magnitude_change": -0.024258781293813758, "hash_signature": "30f805107b7045a7", "sequence_str": "UM -> UM -> NUL -> NUL -> SHA"}