{"sequence": ["AL", "VAL", "REMESH", "ZHIR", "SHA"], "coherence_change": 0.0, "sense_index_change": 0.007306465529478001, "phi_s_change": 0.0, "grad_phi_change": -0.002067000474625713, "k_phi_change": 0.31399839024818554, "xi_c_change": 0.0, "phase_sync_change": -0.0005398033805202873, "epi_magnitude_change": 0.01133265276830464, "hash_signature": "a85fc9c5dd1d830c", "sequence_str": "AL -> VAL -> REMESH -> ZHIR -> SHA"}