{"sequence": ["UM", "EN", "OZ", "AL", "NAV"], "coherence_change": -0.01718489589961636, "sense_index_change": 0.0369693148845317, "phi_s_change": -0.07546531557070124, "grad_phi_change": -0.08087957902097087, "k_phi_change": 0.2510133271528729, "xi_c_change": 0.0, "phase_sync_change": 0.02995396181191501, "epi_magnitude_change": 0.002349218982447332, "hash_signature": "9fcc43882083fe57", "sequence_str": "UM -> EN -> OZ -> AL -> NAV"}