{"sequence": ["IL", "ZHIR", "THOL", "OZ"], "coherence_change": 0.0008347589558002078, "sense_index_change": 0.02473397693907131, "phi_s_change": -0.08002973240910427, "grad_phi_change": -0.06300919480611578, "k_phi_change": 0.23483666072125392, "xi_c_change": 0.0, "phase_sync_change": 0.02670736386835426, "epi_magnitude_change": 0.0, "hash_signature": "fb0b62f6ac096c36", "sequence_str": "IL -> ZHIR -> THOL -> OZ"}