{"sequence": ["NAV", "THOL", "ZHIR", "VAL", "OZ"], "coherence_change": -0.0038952901600876055, "sense_index_change": 0.012551023417470275, "phi_s_change": 0.05697551652254984, "grad_phi_change": -0.048045196214656194, "k_phi_change": 0.2013119749348477, "xi_c_change": 0.0, "phase_sync_change": 0.015200769404960512, "epi_magnitude_change": 0.009874953379427898, "hash_signature": "661208204bb0994d", "sequence_str": "NAV -> THOL -> ZHIR -> VAL -> OZ"}