{"sequence": ["SHA", "UM", "THOL", "REMESH"], "coherence_change": 0.006836615444542282, "sense_index_change": -0.002743802397005446, "phi_s_change": 0.041642577302001826, "grad_phi_change": 0.011128576344100694, "k_phi_change": 0.006812180689176717, "xi_c_change": 0.0, "phase_sync_change": -0.002485980492442752, "epi_magnitude_change": 0.0015319932436873573, "hash_signature": "df32342a0d1056bb", "sequence_str": "SHA -> UM -> THOL -> REMESH"}