{"sequence": ["EN", "REMESH", "OZ"], "coherence_change": -0.011692197440826946, "sense_index_change": 0.006049545339367857, "phi_s_change": -0.019020422220691002, "grad_phi_change": 0.0, "k_phi_change": 0.0, "xi_c_change": 0.0, "phase_sync_change": 0.0, "epi_magnitude_change": 0.0017210855351935672, "hash_signature": "5f13d3df45df6b64", "sequence_str": "EN -> REMESH -> OZ"}