{"sequence": ["NUL", "AL", "OZ", "UM", "OZ"], "coherence_change": -0.025971832470305323, "sense_index_change": 0.006925365283627416, "phi_s_change": 0.07778544454326386, "grad_phi_change": -0.08144403541493062, "k_phi_change": -0.27103884180938037, "xi_c_change": 0.0, "phase_sync_change": 0.02324070005564538, "epi_magnitude_change": -0.018314980471156872, "hash_signature": "2160ea3d0f685dda", "sequence_str": "NUL -> AL -> OZ -> UM -> OZ"}