{"sequence": ["NAV", "NAV", "VAL", "UM", "SHA"], "coherence_change": 0.0, "sense_index_change": -0.010158033509783893, "phi_s_change": 0.0, "grad_phi_change": 0.05036235439112091, "k_phi_change": 0.29953029855615737, "xi_c_change": 0.0, "phase_sync_change": -0.01611245763695157, "epi_magnitude_change": 0.019896947905417295, "hash_signature": "fa27c6505262bc82", "sequence_str": "NAV -> NAV -> VAL -> UM -> SHA"}