{"sequence": ["ZHIR", "SHA", "THOL", "NUL", "SHA"], "coherence_change": 0.006332980482510409, "sense_index_change": 0.01924107206288972, "phi_s_change": 0.0038089014235457297, "grad_phi_change": -0.02595786081669016, "k_phi_change": 0.2710661893054371, "xi_c_change": 0.0, "phase_sync_change": 0.007055965147356735, "epi_magnitude_change": -0.00805078583351082, "hash_signature": "c69c501e917aa85f", "sequence_str": "ZHIR -> SHA -> THOL -> NUL -> SHA"}