{"sequence": ["AL", "OZ", "IL", "SHA"], "coherence_change": -0.004799447262584078, "sense_index_change": -0.01783094532798457, "phi_s_change": 0.021279918098404793, "grad_phi_change": 0.0, "k_phi_change": 0.0, "xi_c_change": 0.0, "phase_sync_change": 0.0, "epi_magnitude_change": -0.006081390592394209, "hash_signature": "c93c118abab59cf8", "sequence_str": "AL -> OZ -> IL -> SHA"}