{"sequence": ["REMESH", "AL", "THOL", "REMESH"], "coherence_change": 0.007615674651060278, "sense_index_change": -0.007652248100710857, "phi_s_change": 0.08967244495408644, "grad_phi_change": 0.0, "k_phi_change": 0.0, "xi_c_change": 0.0, "phase_sync_change": 0.0, "epi_magnitude_change": -0.002925156544814733, "hash_signature": "7d5b8e235f2b68af", "sequence_str": "REMESH -> AL -> THOL -> REMESH"}