{"sequence": ["OZ", "AL", "RA", "VAL", "NUL", "REMESH"], "coherence_change": -0.008663755384951899, "sense_index_change": -0.009963241477116525, "phi_s_change": 0.014961092325913361, "grad_phi_change": -0.00550288172048452, "k_phi_change": 0.1418004900542376, "xi_c_change": 0.0, "phase_sync_change": -0.004616262296751827, "epi_magnitude_change": -0.009802012052314235, "hash_signature": "0e0341338f1563d0", "sequence_str": "OZ -> AL -> RA -> VAL -> NUL -> REMESH"}