{"sequence": ["NUL", "NAV", "THOL", "AL", "OZ"], "coherence_change": -0.005134771700401108, "sense_index_change": -0.009480113996510775, "phi_s_change": 0.09594170290302728, "grad_phi_change": 0.0, "k_phi_change": 0.0, "xi_c_change": 0.0, "phase_sync_change": 0.0, "epi_magnitude_change": -0.020620191831250745, "hash_signature": "e9d2c1e945895da4", "sequence_str": "NUL -> NAV -> THOL -> AL -> OZ"}