{"sequence": ["NAV", "REMESH", "NUL", "IL", "ZHIR", "NAV"], "coherence_change": 0.007847652952111872, "sense_index_change": 0.01603695119640114, "phi_s_change": 0.024261637202923292, "grad_phi_change": -0.0098420861397297, "k_phi_change": -0.023467719487532568, "xi_c_change": 0.0, "phase_sync_change": 0.0007288411249558591, "epi_magnitude_change": -0.015900324278116273, "hash_signature": "3c95ae7f0d061837", "sequence_str": "NAV -> REMESH -> NUL -> IL -> ZHIR -> NAV"}