{"sequence": ["SHA", "UM", "THOL", "ZHIR", "RA", "NAV"], "coherence_change": 0.004906975354685428, "sense_index_change": 0.05160378567400303, "phi_s_change": 0.04307122334648428, "grad_phi_change": -0.2695724310856573, "k_phi_change": 0.1690522566884529, "xi_c_change": 0.0, "phase_sync_change": 0.08408851309067311, "epi_magnitude_change": 0.0, "hash_signature": "b060f3ef99145eae", "sequence_str": "SHA -> UM -> THOL -> ZHIR -> RA -> NAV"}