{"sequence": ["AL", "RA", "THOL", "NUL", "NAV"], "coherence_change": 0.005774037943824806, "sense_index_change": 0.007810435445996022, "phi_s_change": 0.003109431155532527, "grad_phi_change": -0.11117454513059544, "k_phi_change": -0.0077645628770522945, "xi_c_change": 0.0, "phase_sync_change": 0.037849430813179485, "epi_magnitude_change": -0.019872952133573207, "hash_signature": "9da67e0e8cf61866", "sequence_str": "AL -> RA -> THOL -> NUL -> NAV"}