{"sequence": ["REMESH", "EN", "REMESH", "THOL", "RA", "REMESH"], "coherence_change": 0.006454406622270814, "sense_index_change": -0.014151530161518933, "phi_s_change": 0.039596176581529474, "grad_phi_change": 0.056401936886138815, "k_phi_change": 0.18208586816471023, "xi_c_change": 0.0, "phase_sync_change": -0.02705877928152034, "epi_magnitude_change": 0.004053730892503049, "hash_signature": "a0b6a33364162768", "sequence_str": "REMESH -> EN -> REMESH -> THOL -> RA -> REMESH"}