{"sequence": ["AL", "THOL", "RA", "NUL", "SHA"], "coherence_change": 0.004461987017550628, "sense_index_change": 0.008600341583614113, "phi_s_change": 0.004216516281812632, "grad_phi_change": -0.04695713584232575, "k_phi_change": 0.12756118177070214, "xi_c_change": 0.0, "phase_sync_change": 0.006490176786959068, "epi_magnitude_change": -0.010824600355398672, "hash_signature": "3712642e0537b191", "sequence_str": "AL -> THOL -> RA -> NUL -> SHA"}