{"sequence": ["EN", "ZHIR", "NUL", "EN", "IL", "OZ"], "coherence_change": -0.0026692947767327224, "sense_index_change": 0.010515538906131328, "phi_s_change": 0.05107912471868481, "grad_phi_change": 0.008377580409572927, "k_phi_change": 0.27110520470391913, "xi_c_change": 0.0, "phase_sync_change": -0.0033333333333334103, "epi_magnitude_change": -0.01767440305661183, "hash_signature": "4ecb24defff1b98f", "sequence_str": "EN -> ZHIR -> NUL -> EN -> IL -> OZ"}