{"sequence": ["AL", "REMESH", "ZHIR", "OZ"], "coherence_change": -0.010612721424541838, "sense_index_change": 0.006556362649124181, "phi_s_change": 0.03311229598743026, "grad_phi_change": -0.07398821144149781, "k_phi_change": 0.020530780588483788, "xi_c_change": 0.0, "phase_sync_change": 0.027937741275742556, "epi_magnitude_change": 0.0017339398498010805, "hash_signature": "f0e20a50853b4141", "sequence_str": "AL -> REMESH -> ZHIR -> OZ"}