{"sequence": ["THOL", "NUL", "AL", "VAL", "REMESH"], "coherence_change": 0.006983618742668063, "sense_index_change": -0.010823413372122115, "phi_s_change": 0.051172816628799245, "grad_phi_change": 0.0, "k_phi_change": 0.0, "xi_c_change": 0.0, "phase_sync_change": 0.0, "epi_magnitude_change": 0.002057181085156401, "hash_signature": "0b90b3837856956f", "sequence_str": "THOL -> NUL -> AL -> VAL -> REMESH"}