{"sequence": ["UM", "SHA", "OZ"], "coherence_change": -0.00941234597497942, "sense_index_change": 0.04028759853471209, "phi_s_change": -0.07674610244566205, "grad_phi_change": -0.25760709347157773, "k_phi_change": -0.3481468910814836, "xi_c_change": 0.0, "phase_sync_change": 0.08767693552081302, "epi_magnitude_change": 0.0, "hash_signature": "4d93a0342c199fbe", "sequence_str": "UM -> SHA -> OZ"}