{"sequence": ["EN", "SHA", "EN", "AL", "IL", "SHA"], "coherence_change": 0.008690825765958143, "sense_index_change": 0.00419165605746219, "phi_s_change": 0.04691965196675296, "grad_phi_change": 0.0, "k_phi_change": 0.0, "xi_c_change": 0.0, "phase_sync_change": 0.0, "epi_magnitude_change": -0.004615832851827872, "hash_signature": "d568ff3385997873", "sequence_str": "EN -> SHA -> EN -> AL -> IL -> SHA"}