{"sequence": ["NAV", "EN", "ZHIR", "REMESH"], "coherence_change": 0.0, "sense_index_change": -0.01093546190875444, "phi_s_change": 0.0, "grad_phi_change": 0.02252319517030066, "k_phi_change": -0.19292910978887912, "xi_c_change": 0.0, "phase_sync_change": -0.009372163053361748, "epi_magnitude_change": 0.0012697570604779385, "hash_signature": "12a9871d2dc1f70c", "sequence_str": "NAV -> EN -> ZHIR -> REMESH"}