{"sequence": ["THOL", "REMESH", "ZHIR", "NAV", "RA", "OZ"], "coherence_change": -0.008255486794426115, "sense_index_change": 0.02480860569212351, "phi_s_change": -0.0052107053552984395, "grad_phi_change": -0.03354012884433666, "k_phi_change": 0.2423679345643586, "xi_c_change": 0.0, "phase_sync_change": 0.009962923801023371, "epi_magnitude_change": 0.0011539001846535557, "hash_signature": "ceefa7213e0304cd", "sequence_str": "THOL -> REMESH -> ZHIR -> NAV -> RA -> OZ"}