{"sequence": ["NAV", "AL", "EN", "IL", "OZ"], "coherence_change": -0.004833802789623309, "sense_index_change": 0.007965737088635572, "phi_s_change": 0.07293527536445987, "grad_phi_change": 0.0, "k_phi_change": 0.0, "xi_c_change": 0.0, "phase_sync_change": 0.0, "epi_magnitude_change": -0.0040130072781432435, "hash_signature": "f5cb445ff3230802", "sequence_str": "NAV -> AL -> EN -> IL -> OZ"}