{"sequence": ["VAL", "IL", "AL", "RA", "SHA"], "coherence_change": 0.006524436545313539, "sense_index_change": -0.011605635150801263, "phi_s_change": -0.012599466952400662, "grad_phi_change": 0.04767809421094915, "k_phi_change": 0.08530943508377105, "xi_c_change": 0.0, "phase_sync_change": -0.024556112942145214, "epi_magnitude_change": 0.021275002305763957, "hash_signature": "8b27ad6b4f67c58d", "sequence_str": "VAL -> IL -> AL -> RA -> SHA"}