{"sequence": ["REMESH", "THOL", "IL", "SHA", "NUL", "OZ"], "coherence_change": 0.0002628781536732072, "sense_index_change": 0.01965767244629657, "phi_s_change": -0.024923259845184176, "grad_phi_change": 0.0, "k_phi_change": 0.0, "xi_c_change": 0.0, "phase_sync_change": 0.0, "epi_magnitude_change": -0.028525189736777867, "hash_signature": "60a6276b0217dc50", "sequence_str": "REMESH -> THOL -> IL -> SHA -> NUL -> OZ"}