{"sequence": ["VAL", "AL", "RA", "REMESH"], "coherence_change": 0.0, "sense_index_change": -0.009592768580633404, "phi_s_change": 0.0, "grad_phi_change": -0.05045597594639695, "k_phi_change": 0.10426951827055145, "xi_c_change": 0.0, "phase_sync_change": 0.00856091104430512, "epi_magnitude_change": -0.006185764150196116, "hash_signature": "74cae072c757c5f2", "sequence_str": "VAL -> AL -> RA -> REMESH"}