{"sequence": ["ZHIR", "IL", "AL", "REMESH"], "coherence_change": 0.008022045407195755, "sense_index_change": 0.0070238737121232075, "phi_s_change": -0.02649664182434519, "grad_phi_change": 0.04342216691436507, "k_phi_change": -0.09401705837461555, "xi_c_change": 0.0, "phase_sync_change": -0.014266149452809573, "epi_magnitude_change": 0.007194202020187168, "hash_signature": "fa662b6efc2833e4", "sequence_str": "ZHIR -> IL -> AL -> REMESH"}