{"sequence": ["NUL", "AL", "VAL", "IL", "UM", "NAV"], "coherence_change": 0.009243005548618344, "sense_index_change": 0.02456776961543139, "phi_s_change": 0.04335085130680616, "grad_phi_change": -0.07409543856866518, "k_phi_change": 0.656329382957787, "xi_c_change": 0.0, "phase_sync_change": 0.029746309288796513, "epi_magnitude_change": -0.004671593006540298, "hash_signature": "ca83f054456c9a09", "sequence_str": "NUL -> AL -> VAL -> IL -> UM -> NAV"}