{"sequence": ["EN", "UM", "RA", "OZ"], "coherence_change": -0.011220805227806996, "sense_index_change": 0.09642202501359165, "phi_s_change": -0.11241467618939571, "grad_phi_change": -0.3466922360339775, "k_phi_change": 0.18483505585887633, "xi_c_change": 0.0, "phase_sync_change": 0.10132838023024549, "epi_magnitude_change": 0.0, "hash_signature": "6f12daa3210531fc", "sequence_str": "EN -> UM -> RA -> OZ"}