{"sequence": ["SHA", "IL", "AL", "REMESH"], "coherence_change": 0.008178589666871905, "sense_index_change": -0.0070028821131674635, "phi_s_change": 0.07733674944277902, "grad_phi_change": 0.0, "k_phi_change": 0.0, "xi_c_change": 0.0, "phase_sync_change": 0.0, "epi_magnitude_change": -0.004985832426220416, "hash_signature": "74712d1edec9bca2", "sequence_str": "SHA -> IL -> AL -> REMESH"}