{"sequence": ["NAV", "SHA", "ZHIR", "UM", "REMESH"], "coherence_change": 0.0, "sense_index_change": 0.02196032420604699, "phi_s_change": 0.0, "grad_phi_change": -0.10431262297074273, "k_phi_change": -0.1553781816222372, "xi_c_change": 0.0, "phase_sync_change": 0.022715007893208905, "epi_magnitude_change": 0.0013371633058488763, "hash_signature": "531e33d559b2ab72", "sequence_str": "NAV -> SHA -> ZHIR -> UM -> REMESH"}