{"sequence": ["AL", "OZ", "OZ", "AL", "SHA"], "coherence_change": -0.028572221878065407, "sense_index_change": 0.019645098897277835, "phi_s_change": -0.2544347964282212, "grad_phi_change": 0.0, "k_phi_change": 0.0, "xi_c_change": 0.0, "phase_sync_change": 0.0, "epi_magnitude_change": 0.0020041152202592283, "hash_signature": "41143116804e0d43", "sequence_str": "AL -> OZ -> OZ -> AL -> SHA"}