{"sequence": ["OZ", "REMESH", "EN", "IL", "OZ"], "coherence_change": -0.010099153703622687, "sense_index_change": -0.002628784529536188, "phi_s_change": 0.09462857869835539, "grad_phi_change": 0.0, "k_phi_change": 0.0, "xi_c_change": 0.0, "phase_sync_change": 0.0, "epi_magnitude_change": 0.0013284185120049363, "hash_signature": "d34ca08dbd6fb550", "sequence_str": "OZ -> REMESH -> EN -> IL -> OZ"}