{"sequence": ["NAV", "REMESH", "ZHIR", "NUL", "NAV"], "coherence_change": 0.0, "sense_index_change": 0.012771935763944198, "phi_s_change": 0.0, "grad_phi_change": -0.06687873626267238, "k_phi_change": 0.2576218523683155, "xi_c_change": 0.0, "phase_sync_change": 0.022747481672441672, "epi_magnitude_change": -0.014704695317036443, "hash_signature": "157ea751370b386b", "sequence_str": "NAV -> REMESH -> ZHIR -> NUL -> NAV"}