{"sequence": ["NAV", "NUL", "THOL", "SHA"], "coherence_change": 0.004798743577885123, "sense_index_change": -0.014542109200385178, "phi_s_change": 0.0391306655318826, "grad_phi_change": 0.0, "k_phi_change": 0.0, "xi_c_change": 0.0, "phase_sync_change": 0.0, "epi_magnitude_change": -0.02159501288307053, "hash_signature": "c84aecf7ac6485a8", "sequence_str": "NAV -> NUL -> THOL -> SHA"}