{"sequence": ["EN", "VAL", "RA", "OZ"], "coherence_change": -0.0052578821624675864, "sense_index_change": -0.012700184652345514, "phi_s_change": 0.03227679340034639, "grad_phi_change": 0.01533951356297547, "k_phi_change": 0.1413064052516339, "xi_c_change": 0.0, "phase_sync_change": -0.009259465337490558, "epi_magnitude_change": 0.015836678007869698, "hash_signature": "59dff0b13e31f2a1", "sequence_str": "EN -> VAL -> RA -> OZ"}