{"sequence": ["AL", "VAL", "IL", "UM", "IL", "REMESH"], "coherence_change": 0.01034320705456393, "sense_index_change": -0.014353435601506426, "phi_s_change": 0.05913843156349685, "grad_phi_change": 0.06634013478654777, "k_phi_change": 0.1951859725806102, "xi_c_change": 0.0, "phase_sync_change": -0.031191750551198272, "epi_magnitude_change": 0.029029546088130798, "hash_signature": "1bde6b27f1b82236", "sequence_str": "AL -> VAL -> IL -> UM -> IL -> REMESH"}