{"sequence": ["RA", "REMESH", "THOL", "RA", "SHA"], "coherence_change": 0.0026346791378464296, "sense_index_change": 0.0274053545330305, "phi_s_change": 0.02772800335237602, "grad_phi_change": -0.18391461766433914, "k_phi_change": -0.09951331314062917, "xi_c_change": 0.0, "phase_sync_change": 0.05839134517039157, "epi_magnitude_change": 0.0009647809971085053, "hash_signature": "5d2f4886f6c4ac94", "sequence_str": "RA -> REMESH -> THOL -> RA -> SHA"}