{"sequence": ["OZ", "RA", "UM", "AL", "OZ"], "coherence_change": -0.027050097148212604, "sense_index_change": 0.06057936954413545, "phi_s_change": -0.1029573670520727, "grad_phi_change": -0.1817179929605719, "k_phi_change": 0.10892681704517769, "xi_c_change": 0.0, "phase_sync_change": 0.055618969010767016, "epi_magnitude_change": 0.009420409109591632, "hash_signature": "71c3fdc880b95e76", "sequence_str": "OZ -> RA -> UM -> AL -> OZ"}