{"sequence": ["OZ", "AL", "NUL", "SHA"], "coherence_change": -0.016795040121561966, "sense_index_change": 0.028982438347519568, "phi_s_change": -0.1624631726406841, "grad_phi_change": 0.0, "k_phi_change": 0.0, "xi_c_change": 0.0, "phase_sync_change": 0.0, "epi_magnitude_change": -0.010634011240578611, "hash_signature": "c6a20fa801d10d8a", "sequence_str": "OZ -> AL -> NUL -> SHA"}