{"sequence": ["NUL", "THOL", "RA", "NAV"], "coherence_change": 0.006214638970305941, "sense_index_change": 0.013146576962185463, "phi_s_change": 0.043101892750881055, "grad_phi_change": -0.0483429691321986, "k_phi_change": 0.19915640758723285, "xi_c_change": 0.0, "phase_sync_change": 0.011566098097775424, "epi_magnitude_change": -0.014147103846756881, "hash_signature": "3e456d4e2527e83b", "sequence_str": "NUL -> THOL -> RA -> NAV"}