{"sequence": ["VAL", "THOL", "SHA"], "coherence_change": 0.004259919279949509, "sense_index_change": 0.007421036587573648, "phi_s_change": -0.016396053914920272, "grad_phi_change": 0.0, "k_phi_change": 0.0, "xi_c_change": 0.0, "phase_sync_change": 0.0, "epi_magnitude_change": 0.012684901775208757, "hash_signature": "5cff645f7ab47d9d", "sequence_str": "VAL -> THOL -> SHA"}