{"sequence": ["THOL", "UM", "RA", "REMESH"], "coherence_change": 0.005089893079560648, "sense_index_change": 0.041733540215735165, "phi_s_change": -0.01630951955057658, "grad_phi_change": -0.14282331647532076, "k_phi_change": -0.1491229615963287, "xi_c_change": 0.0, "phase_sync_change": 0.05511748050203924, "epi_magnitude_change": 0.0014570763377818041, "hash_signature": "ffc489df64420764", "sequence_str": "THOL -> UM -> RA -> REMESH"}