{"sequence": ["IL", "NUL", "RA", "SHA"], "coherence_change": 0.007679417352905227, "sense_index_change": -0.01043283895401187, "phi_s_change": -0.012020393180784517, "grad_phi_change": 0.0690758602057413, "k_phi_change": -0.017024364213835713, "xi_c_change": 0.0, "phase_sync_change": -0.02738120111644382, "epi_magnitude_change": -0.027862643359425565, "hash_signature": "72128cdbe3f05649", "sequence_str": "IL -> NUL -> RA -> SHA"}