{"sequence": ["AL", "SHA", "NAV", "RA", "REMESH"], "coherence_change": 0.0, "sense_index_change": 0.004070321273427768, "phi_s_change": 0.0, "grad_phi_change": -0.0248333908668823, "k_phi_change": 0.045643515636430376, "xi_c_change": 0.0, "phase_sync_change": 0.008019457909555938, "epi_magnitude_change": 0.006024020515581374, "hash_signature": "6b9badc1eb9cf7f1", "sequence_str": "AL -> SHA -> NAV -> RA -> REMESH"}