{"sequence": ["NUL", "THOL", "THOL", "REMESH"], "coherence_change": 0.013132487646350222, "sense_index_change": -0.0027733049567274515, "phi_s_change": 0.11498353705470366, "grad_phi_change": 0.0, "k_phi_change": 0.0, "xi_c_change": 0.0, "phase_sync_change": 0.0, "epi_magnitude_change": -0.006964658936827739, "hash_signature": "889e0e41332c2b58", "sequence_str": "NUL -> THOL -> THOL -> REMESH"}