{"sequence": ["REMESH", "NUL", "NUL", "OZ"], "coherence_change": -0.01837766958452558, "sense_index_change": -0.0019469700737603235, "phi_s_change": 0.08149622189529304, "grad_phi_change": 0.0, "k_phi_change": 0.0, "xi_c_change": 0.0, "phase_sync_change": 0.0, "epi_magnitude_change": -0.026966589529381024, "hash_signature": "b4d9046de2c8dcd6", "sequence_str": "REMESH -> NUL -> NUL -> OZ"}