{"sequence": ["AL", "EN", "ZHIR", "SHA"], "coherence_change": 0.0, "sense_index_change": 0.011842689872019196, "phi_s_change": 0.0, "grad_phi_change": -0.017453292519943098, "k_phi_change": 0.03820196583772792, "xi_c_change": 0.0, "phase_sync_change": 0.0033333333333332993, "epi_magnitude_change": 0.0031371193646358986, "hash_signature": "ceac0a63c82b3aa7", "sequence_str": "AL -> EN -> ZHIR -> SHA"}