{"sequence": ["NAV", "IL", "UM", "OZ", "NUL", "NAV"], "coherence_change": -0.010014289071367366, "sense_index_change": 0.015038551752543317, "phi_s_change": -0.21145177095895806, "grad_phi_change": -0.007298526024655416, "k_phi_change": 0.2981295075587219, "xi_c_change": 0.0, "phase_sync_change": 0.0002804265125917471, "epi_magnitude_change": -0.016987790690614957, "hash_signature": "2792b85bfac6d24d", "sequence_str": "NAV -> IL -> UM -> OZ -> NUL -> NAV"}