{"sequence": ["THOL", "IL", "REMESH", "THOL", "REMESH"], "coherence_change": 0.020947029082796997, "sense_index_change": 0.015769942094054357, "phi_s_change": 0.10858167315435507, "grad_phi_change": 0.0, "k_phi_change": 0.0, "xi_c_change": 0.0, "phase_sync_change": 0.0, "epi_magnitude_change": 0.0031778423136840095, "hash_signature": "813225e662b40a67", "sequence_str": "THOL -> IL -> REMESH -> THOL -> REMESH"}