{"sequence": ["NAV", "UM", "IL", "NAV"], "coherence_change": 0.00686252429811629, "sense_index_change": 0.03059078907305579, "phi_s_change": 0.08179295916814966, "grad_phi_change": -0.2688275604460486, "k_phi_change": 0.1054663752700553, "xi_c_change": 0.0, "phase_sync_change": 0.07385185004998684, "epi_magnitude_change": 0.0, "hash_signature": "49bf498983a7ebf5", "sequence_str": "NAV -> UM -> IL -> NAV"}