{"sequence": ["SHA", "REMESH", "VAL", "UM", "NAV"], "coherence_change": 0.0, "sense_index_change": 0.029507361703817847, "phi_s_change": 0.0, "grad_phi_change": -0.18715710050995527, "k_phi_change": 0.2060720297792894, "xi_c_change": 0.0, "phase_sync_change": 0.05725149590101386, "epi_magnitude_change": 0.021110104397971008, "hash_signature": "de548023953b3231", "sequence_str": "SHA -> REMESH -> VAL -> UM -> NAV"}