{"sequence": ["THOL", "OZ", "IL", "VAL", "NAV"], "coherence_change": -0.001730202418091964, "sense_index_change": -0.0009504390860738399, "phi_s_change": -0.08345006385803566, "grad_phi_change": 0.0, "k_phi_change": 0.0, "xi_c_change": 0.0, "phase_sync_change": 0.0, "epi_magnitude_change": 0.014438715154130088, "hash_signature": "7c3268c01abdf0fd", "sequence_str": "THOL -> OZ -> IL -> VAL -> NAV"}