{"sequence": ["VAL", "RA", "REMESH", "VAL", "REMESH"], "coherence_change": 0.0, "sense_index_change": 0.012923426806245475, "phi_s_change": 0.0, "grad_phi_change": -0.11411348468745719, "k_phi_change": 0.2966781967475475, "xi_c_change": 0.0, "phase_sync_change": 0.03110581087856723, "epi_magnitude_change": 0.024676660682048435, "hash_signature": "dd05a5c64f622bac", "sequence_str": "VAL -> RA -> REMESH -> VAL -> REMESH"}