{"sequence": ["UM", "AL", "SHA", "EN", "EN", "OZ"], "coherence_change": -0.01309475051186404, "sense_index_change": 0.01169544024093827, "phi_s_change": -0.0365963425143333, "grad_phi_change": -0.06170307458535329, "k_phi_change": 0.20641877415154192, "xi_c_change": 0.0, "phase_sync_change": 0.026211865795277567, "epi_magnitude_change": 0.004928107189483555, "hash_signature": "59398600d4aedeb3", "sequence_str": "UM -> AL -> SHA -> EN -> EN -> OZ"}