{"sequence": ["AL", "RA", "NUL", "NAV"], "coherence_change": 0.0, "sense_index_change": 0.00042540142204694487, "phi_s_change": 0.0, "grad_phi_change": 0.02679757054625176, "k_phi_change": 0.33960637040811625, "xi_c_change": 0.0, "phase_sync_change": -0.012278512932647923, "epi_magnitude_change": -0.009327887988639816, "hash_signature": "c539356e4886c0e4", "sequence_str": "AL -> RA -> NUL -> NAV"}