{"sequence": ["RA", "NUL", "THOL", "SHA"], "coherence_change": 0.005712040677734342, "sense_index_change": -0.011421552819298297, "phi_s_change": 0.05258327432351373, "grad_phi_change": 0.018966001579761693, "k_phi_change": 0.14071638782049758, "xi_c_change": 0.0, "phase_sync_change": -0.012877155846521604, "epi_magnitude_change": -0.009158675536426908, "hash_signature": "f1957a97e23545ba", "sequence_str": "RA -> NUL -> THOL -> SHA"}