{"sequence": ["IL", "IL", "REMESH", "OZ"], "coherence_change": -0.0014104235362126794, "sense_index_change": -0.0010021696177832107, "phi_s_change": -0.03525420258866019, "grad_phi_change": 0.0, "k_phi_change": 0.0, "xi_c_change": 0.0, "phase_sync_change": 0.0, "epi_magnitude_change": 0.0012979839590199216, "hash_signature": "c2df70c49d22e214", "sequence_str": "IL -> IL -> REMESH -> OZ"}