{"sequence": ["UM", "AL", "AL", "RA", "OZ"], "coherence_change": -0.015253080796197915, "sense_index_change": 0.016874984065591403, "phi_s_change": -0.094262008107869, "grad_phi_change": -0.008689685067674535, "k_phi_change": 0.4140661489567382, "xi_c_change": 0.0, "phase_sync_change": -0.00257020706705946, "epi_magnitude_change": -0.012521228841343768, "hash_signature": "23f232d0312558c4", "sequence_str": "UM -> AL -> AL -> RA -> OZ"}