{"sequence": ["SHA", "AL", "THOL", "UM", "REMESH"], "coherence_change": 0.006783903479205322, "sense_index_change": -0.0052252531749042985, "phi_s_change": 0.0733774035170337, "grad_phi_change": -0.019972554916518392, "k_phi_change": 0.6807562527038759, "xi_c_change": 0.0, "phase_sync_change": 0.00783200037440901, "epi_magnitude_change": -0.0022436025222136724, "hash_signature": "5b1c21f6513360d1", "sequence_str": "SHA -> AL -> THOL -> UM -> REMESH"}