{"sequence": ["REMESH", "IL", "EN", "VAL", "SHA"], "coherence_change": 0.006903737118254316, "sense_index_change": 0.0031289620805419194, "phi_s_change": 0.0016581408705508283, "grad_phi_change": 0.0, "k_phi_change": 0.0, "xi_c_change": 0.0, "phase_sync_change": 0.0, "epi_magnitude_change": 0.015003198906475612, "hash_signature": "0c291f4799aa8172", "sequence_str": "REMESH -> IL -> EN -> VAL -> SHA"}