{"sequence": ["RA", "UM", "THOL", "OZ"], "coherence_change": -0.003879556559350572, "sense_index_change": 0.021663795856173396, "phi_s_change": 0.022049150173224508, "grad_phi_change": -0.13709728094392282, "k_phi_change": 0.19629288031752637, "xi_c_change": 0.0, "phase_sync_change": 0.03770992901832937, "epi_magnitude_change": 0.0, "hash_signature": "4fb99a420507bd79", "sequence_str": "RA -> UM -> THOL -> OZ"}