{"sequence": ["ZHIR", "NUL", "REMESH", "ZHIR", "REMESH"], "coherence_change": 0.0, "sense_index_change": 0.03582660981223673, "phi_s_change": 0.0, "grad_phi_change": -0.18453251220492617, "k_phi_change": 0.04497544393285441, "xi_c_change": 0.0, "phase_sync_change": 0.05688344798777967, "epi_magnitude_change": -0.019007958484924647, "hash_signature": "c08dbc382d5f1f15", "sequence_str": "ZHIR -> NUL -> REMESH -> ZHIR -> REMESH"}