{"sequence": ["REMESH", "RA", "SHA", "NAV", "RA", "OZ"], "coherence_change": -0.01598944099172417, "sense_index_change": 0.040736940751573525, "phi_s_change": -0.024174215572207558, "grad_phi_change": -0.17383566802573736, "k_phi_change": -0.0757301248253075, "xi_c_change": 0.0, "phase_sync_change": 0.04639292741123913, "epi_magnitude_change": 0.0010588884905983198, "hash_signature": "7d2177fd42757d8d", "sequence_str": "REMESH -> RA -> SHA -> NAV -> RA -> OZ"}