{"sequence": ["UM", "THOL", "IL", "ZHIR", "RA", "REMESH"], "coherence_change": 0.01192180767671236, "sense_index_change": 0.04321854348093823, "phi_s_change": 0.11718008263169644, "grad_phi_change": -0.29632043234947214, "k_phi_change": 0.583017248822877, "xi_c_change": 0.0, "phase_sync_change": 0.10086674606377921, "epi_magnitude_change": 0.0013192172806942848, "hash_signature": "43289674481a8046", "sequence_str": "UM -> THOL -> IL -> ZHIR -> RA -> REMESH"}