{"sequence": ["UM", "OZ", "OZ", "ZHIR", "REMESH"], "coherence_change": -0.028620475870843154, "sense_index_change": 0.024524433679720348, "phi_s_change": -0.13274198619642674, "grad_phi_change": -0.08552756911938397, "k_phi_change": -0.13147954807089762, "xi_c_change": 0.0, "phase_sync_change": 0.0307085901542552, "epi_magnitude_change": 0.0015607398008127271, "hash_signature": "97f363f6b1bd3ec6", "sequence_str": "UM -> OZ -> OZ -> ZHIR -> REMESH"}