{"sequence": ["ZHIR", "VAL", "UM", "VAL", "REMESH"], "coherence_change": 0.0, "sense_index_change": 0.011885984430942798, "phi_s_change": 0.0, "grad_phi_change": -0.12144005422301252, "k_phi_change": 0.38378041201695917, "xi_c_change": 0.0, "phase_sync_change": 0.02755933216438844, "epi_magnitude_change": 0.030366726264362986, "hash_signature": "93bbca8681ecd4b6", "sequence_str": "ZHIR -> VAL -> UM -> VAL -> REMESH"}