{"sequence": ["VAL", "NUL", "UM", "SHA"], "coherence_change": 0.0, "sense_index_change": 0.03220854302674303, "phi_s_change": 0.0, "grad_phi_change": -0.1388396307500206, "k_phi_change": 0.3172332920722912, "xi_c_change": 0.0, "phase_sync_change": 0.05107340377651448, "epi_magnitude_change": -0.007409235404152947, "hash_signature": "1e339462bfa0f788", "sequence_str": "VAL -> NUL -> UM -> SHA"}