{"sequence": ["AL", "THOL", "AL", "EN", "NAV"], "coherence_change": 0.003936818548932908, "sense_index_change": -0.007080119107636507, "phi_s_change": 0.0216509452095921, "grad_phi_change": 0.0, "k_phi_change": 0.0, "xi_c_change": 0.0, "phase_sync_change": 0.0, "epi_magnitude_change": -0.00021541577010297797, "hash_signature": "4d32c1271bf19573", "sequence_str": "AL -> THOL -> AL -> EN -> NAV"}