{"sequence": ["NAV", "OZ", "UM", "OZ"], "coherence_change": -0.025556318233930675, "sense_index_change": 0.026393975082532273, "phi_s_change": -0.062143641377135905, "grad_phi_change": -0.16320135542817704, "k_phi_change": 0.1880219074666239, "xi_c_change": 0.0, "phase_sync_change": 0.04397413593112176, "epi_magnitude_change": 0.0, "hash_signature": "b4a7fb58996566d1", "sequence_str": "NAV -> OZ -> UM -> OZ"}