{"sequence": ["RA", "NAV", "THOL", "ZHIR", "UM", "OZ"], "coherence_change": -0.005257695202542267, "sense_index_change": 0.013135302181580877, "phi_s_change": 0.017952490345615413, "grad_phi_change": -0.20558294022571544, "k_phi_change": -0.044353922628392495, "xi_c_change": 0.0, "phase_sync_change": 0.058115104593235545, "epi_magnitude_change": 0.0, "hash_signature": "c9aa91d252ab153b", "sequence_str": "RA -> NAV -> THOL -> ZHIR -> UM -> OZ"}