{"sequence": ["REMESH", "THOL", "UM", "REMESH"], "coherence_change": 0.006020105632978057, "sense_index_change": 0.0635534233316063, "phi_s_change": -0.023658480546429717, "grad_phi_change": -0.3189846876127558, "k_phi_change": 0.3677584625666762, "xi_c_change": 0.0, "phase_sync_change": 0.09847120808570364, "epi_magnitude_change": 0.0030693008725085624, "hash_signature": "64610dcfb70b2985", "sequence_str": "REMESH -> THOL -> UM -> REMESH"}