{"sequence": ["AL", "EN", "OZ"], "coherence_change": -0.007741323255443411, "sense_index_change": -0.011136986401663496, "phi_s_change": 0.030036069936935306, "grad_phi_change": 0.0, "k_phi_change": 0.0, "xi_c_change": 0.0, "phase_sync_change": 0.0, "epi_magnitude_change": 0.004456910791451718, "hash_signature": "72657effb483b3e6", "sequence_str": "AL -> EN -> OZ"}