{"sequence": ["NAV", "ZHIR", "UM", "NAV"], "coherence_change": 0.0, "sense_index_change": -0.0052731738828444286, "phi_s_change": 0.0, "grad_phi_change": -0.04439556863193883, "k_phi_change": 0.011895657387358233, "xi_c_change": 0.0, "phase_sync_change": 0.011189728643646202, "epi_magnitude_change": 0.0, "hash_signature": "4282091641c6dd3e", "sequence_str": "NAV -> ZHIR -> UM -> NAV"}