{"sequence": ["ZHIR", "REMESH", "REMESH"], "coherence_change": 0.0, "sense_index_change": 0.018866925114449762, "phi_s_change": 0.0, "grad_phi_change": -0.016491941180076797, "k_phi_change": 0.11899389454707557, "xi_c_change": 0.0, "phase_sync_change": 0.005103827606651734, "epi_magnitude_change": 0.002778109293719244, "hash_signature": "3642415a92363d98", "sequence_str": "ZHIR -> REMESH -> REMESH"}