{"sequence": ["NAV", "VAL", "VAL", "UM", "NAV"], "coherence_change": 0.0, "sense_index_change": 0.01965590476032697, "phi_s_change": 0.0, "grad_phi_change": -0.09096507830237965, "k_phi_change": 0.13259977022555053, "xi_c_change": 0.0, "phase_sync_change": 0.03542938697635989, "epi_magnitude_change": 0.035296918166557, "hash_signature": "f2ec822f4ba63d9b", "sequence_str": "NAV -> VAL -> VAL -> UM -> NAV"}