{"sequence": ["UM", "AL", "SHA", "OZ", "NAV"], "coherence_change": -0.013168931253973448, "sense_index_change": -0.01030904407140476, "phi_s_change": 0.04516182671115232, "grad_phi_change": 0.01047401768039058, "k_phi_change": 0.5956691644116446, "xi_c_change": 0.0, "phase_sync_change": 0.001196846468526802, "epi_magnitude_change": 0.0005599497799582132, "hash_signature": "7fb5a8531f83c338", "sequence_str": "UM -> AL -> SHA -> OZ -> NAV"}