{"sequence": ["THOL", "THOL", "UM", "AL", "SHA"], "coherence_change": 0.00973328255190642, "sense_index_change": 0.037730105005033154, "phi_s_change": -0.031317353478767074, "grad_phi_change": -0.10754319447750582, "k_phi_change": 0.19246834994545697, "xi_c_change": 0.0, "phase_sync_change": 0.03859037814474264, "epi_magnitude_change": -0.012348701299415565, "hash_signature": "a780655942701be6", "sequence_str": "THOL -> THOL -> UM -> AL -> SHA"}