{"sequence": ["NAV", "NAV", "VAL", "AL", "IL", "NAV"], "coherence_change": 0.0063874249063602395, "sense_index_change": 0.00643777942353696, "phi_s_change": 0.02483339604797108, "grad_phi_change": 0.0, "k_phi_change": 0.0, "xi_c_change": 0.0, "phase_sync_change": 0.0, "epi_magnitude_change": 0.019525894561661095, "hash_signature": "ab766b7212ce12e4", "sequence_str": "NAV -> NAV -> VAL -> AL -> IL -> NAV"}