{"sequence": ["RA", "RA", "ZHIR", "VAL", "REMESH"], "coherence_change": 0.0, "sense_index_change": 0.04973397257443646, "phi_s_change": 0.0, "grad_phi_change": -0.26553205383197387, "k_phi_change": 0.07698986817198128, "xi_c_change": 0.0, "phase_sync_change": 0.08265865786476556, "epi_magnitude_change": 0.012639734042447448, "hash_signature": "009b5e3fe2a69c05", "sequence_str": "RA -> RA -> ZHIR -> VAL -> REMESH"}