{"sequence": ["ZHIR", "RA", "AL", "EN", "ZHIR", "NAV"], "coherence_change": 0.0, "sense_index_change": 0.0495053261371915, "phi_s_change": 0.0, "grad_phi_change": -0.2503741399434294, "k_phi_change": -0.11542154074691718, "xi_c_change": 0.0, "phase_sync_change": 0.08172929166165788, "epi_magnitude_change": -0.005742828887061235, "hash_signature": "42fe4fcc7d21f712", "sequence_str": "ZHIR -> RA -> AL -> EN -> ZHIR -> NAV"}