{"sequence": ["AL", "NUL", "THOL", "EN", "OZ"], "coherence_change": -0.0040790263636890645, "sense_index_change": 0.017212344564497273, "phi_s_change": -0.13338914841816196, "grad_phi_change": 0.0, "k_phi_change": 0.0, "xi_c_change": 0.0, "phase_sync_change": 0.0, "epi_magnitude_change": -0.015689202153795212, "hash_signature": "5612556adafee1db", "sequence_str": "AL -> NUL -> THOL -> EN -> OZ"}