{"sequence": ["RA", "UM", "EN", "OZ"], "coherence_change": -0.008662601816225024, "sense_index_change": 0.011156914735779622, "phi_s_change": -0.13991002696440014, "grad_phi_change": -0.0631175396205601, "k_phi_change": 0.5994506576415045, "xi_c_change": 0.0, "phase_sync_change": 0.005735590206255581, "epi_magnitude_change": 0.0, "hash_signature": "08821b29d63b4ca0", "sequence_str": "RA -> UM -> EN -> OZ"}