{"sequence": ["RA", "IL", "IL", "VAL", "SHA"], "coherence_change": 0.012448916545330535, "sense_index_change": -0.0036658757645890994, "phi_s_change": 0.037679490650329384, "grad_phi_change": 0.02363581865679154, "k_phi_change": 0.254625357500809, "xi_c_change": 0.0, "phase_sync_change": -0.01539621421720827, "epi_magnitude_change": 0.011192027911767544, "hash_signature": "44efe48d6f043554", "sequence_str": "RA -> IL -> IL -> VAL -> SHA"}