{"sequence": ["AL", "NUL", "AL", "NAV", "UM", "REMESH"], "coherence_change": 0.0, "sense_index_change": 0.0005701317409863016, "phi_s_change": 0.0, "grad_phi_change": -0.023191445237783714, "k_phi_change": -0.35459037880871064, "xi_c_change": 0.0, "phase_sync_change": 0.008278781849964778, "epi_magnitude_change": -0.008577798831079786, "hash_signature": "b7ab301714e261a4", "sequence_str": "AL -> NUL -> AL -> NAV -> UM -> REMESH"}