{"sequence": ["REMESH", "NAV", "ZHIR", "VAL", "THOL", "NAV"], "coherence_change": 0.003679140832290595, "sense_index_change": -0.014745920136300106, "phi_s_change": -0.016874422490225527, "grad_phi_change": 0.058210040120560524, "k_phi_change": -0.137754417406166, "xi_c_change": 0.0, "phase_sync_change": -0.01794795791921744, "epi_magnitude_change": 0.02304260474203723, "hash_signature": "cfc10323c79aefd3", "sequence_str": "REMESH -> NAV -> ZHIR -> VAL -> THOL -> NAV"}