{"sequence": ["UM", "IL", "NUL", "REMESH"], "coherence_change": 0.007464134238880593, "sense_index_change": 0.025459572470096226, "phi_s_change": 0.009199150418406354, "grad_phi_change": -0.12568243437332938, "k_phi_change": 0.3775931642808436, "xi_c_change": 0.0, "phase_sync_change": 0.028344120354960922, "epi_magnitude_change": -0.013523376848808222, "hash_signature": "142a6671b54ebbb4", "sequence_str": "UM -> IL -> NUL -> REMESH"}