{"sequence": ["IL", "NUL", "ZHIR", "SHA"], "coherence_change": 0.008773401801683178, "sense_index_change": -0.014943951661737509, "phi_s_change": 0.09282994899308661, "grad_phi_change": -0.0075414472438692925, "k_phi_change": -0.12773095562436138, "xi_c_change": 0.0, "phase_sync_change": -0.0009328161194763762, "epi_magnitude_change": -0.007515955029664401, "hash_signature": "5bae8c01c72f93b9", "sequence_str": "IL -> NUL -> ZHIR -> SHA"}