{"sequence": ["OZ", "NAV", "RA", "REMESH"], "coherence_change": -0.00415425176961981, "sense_index_change": 0.004198826688684654, "phi_s_change": 0.033658198860497146, "grad_phi_change": -0.04847960535371243, "k_phi_change": 0.6168413809708295, "xi_c_change": 0.0, "phase_sync_change": 0.019109524449140713, "epi_magnitude_change": 0.0010301413205764387, "hash_signature": "69a376de104d0e20", "sequence_str": "OZ -> NAV -> RA -> REMESH"}