{"sequence": ["NUL", "UM", "EN", "NAV"], "coherence_change": 0.0, "sense_index_change": 0.0035169311258452796, "phi_s_change": 0.0, "grad_phi_change": -0.019383924715084655, "k_phi_change": 0.21236383975495546, "xi_c_change": 0.0, "phase_sync_change": 0.0018505879100935152, "epi_magnitude_change": -0.005561524187319478, "hash_signature": "7e59b35fec20a608", "sequence_str": "NUL -> UM -> EN -> NAV"}