{"sequence": ["REMESH", "REMESH", "ZHIR", "OZ"], "coherence_change": -0.014196020058204861, "sense_index_change": 0.014381773492872618, "phi_s_change": 0.03764404721774639, "grad_phi_change": -0.02169101534364626, "k_phi_change": 0.06805437558365898, "xi_c_change": 0.0, "phase_sync_change": 0.007565762474472715, "epi_magnitude_change": 0.0030626210792247255, "hash_signature": "077af9459d1b5fe4", "sequence_str": "REMESH -> REMESH -> ZHIR -> OZ"}