{"sequence": ["EN", "REMESH", "OZ", "ZHIR", "NUL", "SHA"], "coherence_change": -0.007590371317582889, "sense_index_change": -0.00966551190519399, "phi_s_change": 0.09327028272626647, "grad_phi_change": 0.014739159550600345, "k_phi_change": 0.12666849498958488, "xi_c_change": 0.0, "phase_sync_change": -0.0026782411350791957, "epi_magnitude_change": -0.011997595760885327, "hash_signature": "d2a2ce1ac1f17535", "sequence_str": "EN -> REMESH -> OZ -> ZHIR -> NUL -> SHA"}