{"sequence": ["REMESH", "THOL", "AL", "UM", "RA", "REMESH"], "coherence_change": 0.005026524109678854, "sense_index_change": 0.03167238872977529, "phi_s_change": 0.04627557386192527, "grad_phi_change": -0.21925744829848637, "k_phi_change": 0.4399073018354163, "xi_c_change": 0.0, "phase_sync_change": 0.07833914902205519, "epi_magnitude_change": -0.009094432901898597, "hash_signature": "d74880f9f07c640e", "sequence_str": "REMESH -> THOL -> AL -> UM -> RA -> REMESH"}