{"sequence": ["ZHIR", "VAL", "RA", "RA", "OZ"], "coherence_change": -0.014708700323386337, "sense_index_change": 0.027553839052331996, "phi_s_change": -0.2529351028928828, "grad_phi_change": -0.09687335011107856, "k_phi_change": -8.356640706191909e-05, "xi_c_change": 0.0, "phase_sync_change": 0.023347955166004408, "epi_magnitude_change": 0.011361980444344333, "hash_signature": "5720d16a2823a1e2", "sequence_str": "ZHIR -> VAL -> RA -> RA -> OZ"}