{"sequence": ["AL", "VAL", "REMESH", "NUL", "UM", "REMESH"], "coherence_change": 0.0, "sense_index_change": 0.004992746612726751, "phi_s_change": 0.0, "grad_phi_change": -0.014530314232033215, "k_phi_change": 0.341031104339396, "xi_c_change": 0.0, "phase_sync_change": 0.0025346695083133808, "epi_magnitude_change": 0.0041425191040700415, "hash_signature": "5e58037337b292cc", "sequence_str": "AL -> VAL -> REMESH -> NUL -> UM -> REMESH"}