{"sequence": ["NAV", "NUL", "EN", "EN", "OZ"], "coherence_change": -0.013515882305797366, "sense_index_change": 0.0009638174480229855, "phi_s_change": 0.11257626808468912, "grad_phi_change": 0.0, "k_phi_change": 0.0, "xi_c_change": 0.0, "phase_sync_change": 0.0, "epi_magnitude_change": -0.02318148861633207, "hash_signature": "349cf72042b19e04", "sequence_str": "NAV -> NUL -> EN -> EN -> OZ"}