{"sequence": ["EN", "REMESH", "IL", "REMESH"], "coherence_change": 0.007455731214347394, "sense_index_change": -0.008143847533919613, "phi_s_change": 0.0551022073379559, "grad_phi_change": 0.0, "k_phi_change": 0.0, "xi_c_change": 0.0, "phase_sync_change": 0.0, "epi_magnitude_change": 0.002883973146214913, "hash_signature": "cb9b0159e9378d22", "sequence_str": "EN -> REMESH -> IL -> REMESH"}