{"sequence": ["THOL", "NAV", "SHA", "EN", "RA", "REMESH"], "coherence_change": 0.005396407204663389, "sense_index_change": 0.028194542088515573, "phi_s_change": 0.03633900651659394, "grad_phi_change": -0.0784888972024329, "k_phi_change": 0.36271660334796263, "xi_c_change": 0.0, "phase_sync_change": 0.015118587000369166, "epi_magnitude_change": 0.0015284370182947482, "hash_signature": "eb0a72644c8b62f4", "sequence_str": "THOL -> NAV -> SHA -> EN -> RA -> REMESH"}