{"sequence": ["EN", "NUL", "NUL", "OZ", "EN", "SHA"], "coherence_change": -0.009517840833718538, "sense_index_change": 0.02192121536795122, "phi_s_change": -0.15777025342034556, "grad_phi_change": 0.0, "k_phi_change": 0.0, "xi_c_change": 0.0, "phase_sync_change": 0.0, "epi_magnitude_change": -0.018480567478296295, "hash_signature": "0992933b31ee12e3", "sequence_str": "EN -> NUL -> NUL -> OZ -> EN -> SHA"}