{"sequence": ["AL", "IL", "UM", "AL", "IL", "REMESH"], "coherence_change": 0.011910195012948877, "sense_index_change": 0.03261567252998265, "phi_s_change": 0.10848053124761714, "grad_phi_change": -0.11307378556531189, "k_phi_change": -0.07405228445556394, "xi_c_change": 0.0, "phase_sync_change": 0.03907472538977952, "epi_magnitude_change": -0.0011275271052938463, "hash_signature": "7baecaad4a8ade0b", "sequence_str": "AL -> IL -> UM -> AL -> IL -> REMESH"}