{"sequence": ["IL", "UM", "EN", "THOL", "NAV"], "coherence_change": 0.012407037973519941, "sense_index_change": 0.025157191595349127, "phi_s_change": 0.08917941282511521, "grad_phi_change": -0.12307212329352657, "k_phi_change": 0.3536022832604674, "xi_c_change": 0.0, "phase_sync_change": 0.028895475488533884, "epi_magnitude_change": 0.0, "hash_signature": "0f57e5f07fa4958a", "sequence_str": "IL -> UM -> EN -> THOL -> NAV"}