{"sequence": ["NAV", "ZHIR", "THOL", "IL", "SHA"], "coherence_change": 0.013285709885361485, "sense_index_change": 0.007471967251368006, "phi_s_change": 0.027140374958754432, "grad_phi_change": 0.0018568331971449137, "k_phi_change": -0.15526204812825906, "xi_c_change": 0.0, "phase_sync_change": -0.004361571940808551, "epi_magnitude_change": 0.0, "hash_signature": "cf1693aeae533d92", "sequence_str": "NAV -> ZHIR -> THOL -> IL -> SHA"}