{"sequence": ["REMESH", "EN", "UM", "OZ", "RA", "NAV"], "coherence_change": -0.01139399548964759, "sense_index_change": 0.08436920540290516, "phi_s_change": 0.06177209703534581, "grad_phi_change": -0.38042680720483957, "k_phi_change": 0.274787079088633, "xi_c_change": 0.0, "phase_sync_change": 0.13291435864806178, "epi_magnitude_change": 0.0016865820185647529, "hash_signature": "d597a8eb714676ed", "sequence_str": "REMESH -> EN -> UM -> OZ -> RA -> NAV"}