{"sequence": ["VAL", "VAL", "REMESH", "THOL", "UM", "OZ"], "coherence_change": -0.009747360280778494, "sense_index_change": 0.056102174631375124, "phi_s_change": 0.14884284592125285, "grad_phi_change": -0.2236395603757384, "k_phi_change": 0.04389077873722258, "xi_c_change": 0.0, "phase_sync_change": 0.07714832595145837, "epi_magnitude_change": 0.024230964738403693, "hash_signature": "04eae6695c604e7e", "sequence_str": "VAL -> VAL -> REMESH -> THOL -> UM -> OZ"}