{"sequence": ["AL", "THOL", "NAV", "THOL", "REMESH"], "coherence_change": 0.010048424610811013, "sense_index_change": 0.0028392700568550255, "phi_s_change": -0.024089065627671213, "grad_phi_change": 0.0, "k_phi_change": 0.0, "xi_c_change": 0.0, "phase_sync_change": 0.0, "epi_magnitude_change": 0.0016696990973822379, "hash_signature": "d0934b2601cde887", "sequence_str": "AL -> THOL -> NAV -> THOL -> REMESH"}