{"sequence": ["NAV", "IL", "THOL", "VAL", "ZHIR", "REMESH"], "coherence_change": 0.012428920712194258, "sense_index_change": 0.012094380128234938, "phi_s_change": -0.029293788240610463, "grad_phi_change": -0.042113904214637454, "k_phi_change": -0.14554229059990154, "xi_c_change": 0.0, "phase_sync_change": 0.015803285949042123, "epi_magnitude_change": 0.017266109639713978, "hash_signature": "174d491f51de211b", "sequence_str": "NAV -> IL -> THOL -> VAL -> ZHIR -> REMESH"}