{"sequence": ["OZ", "AL", "EN", "NUL", "NAV"], "coherence_change": -0.009664859993319452, "sense_index_change": 0.004947720037867365, "phi_s_change": 0.04273983218776778, "grad_phi_change": 0.0, "k_phi_change": 0.0, "xi_c_change": 0.0, "phase_sync_change": 0.0, "epi_magnitude_change": -0.02069795545458719, "hash_signature": "70dd3d8154fa627b", "sequence_str": "OZ -> AL -> EN -> NUL -> NAV"}