{"sequence": ["IL", "OZ", "NUL", "SHA", "RA", "SHA"], "coherence_change": -0.009668762972621425, "sense_index_change": 0.013391512811641082, "phi_s_change": -0.038966612643936194, "grad_phi_change": 0.006323725519324697, "k_phi_change": 0.11630248543687874, "xi_c_change": 0.0, "phase_sync_change": -0.007725877771809664, "epi_magnitude_change": -0.014317962060568235, "hash_signature": "08dcb7623c59902e", "sequence_str": "IL -> OZ -> NUL -> SHA -> RA -> SHA"}