{"sequence": ["NAV", "UM", "VAL", "THOL", "RA", "SHA"], "coherence_change": 0.006057586582354224, "sense_index_change": 0.05686965156460955, "phi_s_change": -0.013120063406423577, "grad_phi_change": -0.2314183999214423, "k_phi_change": 0.24180623195711626, "xi_c_change": 0.0, "phase_sync_change": 0.07130574757407981, "epi_magnitude_change": 0.02005128214730123, "hash_signature": "7b856eaec11a0a98", "sequence_str": "NAV -> UM -> VAL -> THOL -> RA -> SHA"}