{"sequence": ["UM", "THOL", "RA", "UM", "SHA"], "coherence_change": 0.004571120130032247, "sense_index_change": 0.06527755425903559, "phi_s_change": 0.0021574672655120253, "grad_phi_change": -0.34057183298146865, "k_phi_change": 0.21412361968807198, "xi_c_change": 0.0, "phase_sync_change": 0.10344541008724961, "epi_magnitude_change": 0.0, "hash_signature": "0fd884c224210f62", "sequence_str": "UM -> THOL -> RA -> UM -> SHA"}