{"sequence": ["REMESH", "RA", "ZHIR", "REMESH"], "coherence_change": 0.0, "sense_index_change": -0.02403114195497774, "phi_s_change": 0.0, "grad_phi_change": 0.10224013994657599, "k_phi_change": 0.0011986638434079988, "xi_c_change": 0.0, "phase_sync_change": -0.04097995442779401, "epi_magnitude_change": 0.0032657615445741417, "hash_signature": "a8e4f8e5006360ca", "sequence_str": "REMESH -> RA -> ZHIR -> REMESH"}