{"sequence": ["UM", "EN", "VAL", "NAV"], "coherence_change": 0.0, "sense_index_change": 0.02113519422439003, "phi_s_change": 0.0, "grad_phi_change": -0.1186996598806902, "k_phi_change": -0.30165506263598846, "xi_c_change": 0.0, "phase_sync_change": 0.03008634701241697, "epi_magnitude_change": 0.012173991831240683, "hash_signature": "e30221e99c403c2a", "sequence_str": "UM -> EN -> VAL -> NAV"}