{"sequence": ["REMESH", "NUL", "EN", "OZ"], "coherence_change": -0.008643948213259978, "sense_index_change": 0.015847199358302477, "phi_s_change": -0.09320274675284923, "grad_phi_change": 0.0, "k_phi_change": 0.0, "xi_c_change": 0.0, "phase_sync_change": 0.0, "epi_magnitude_change": -0.011477306948246224, "hash_signature": "199e031781a3e106", "sequence_str": "REMESH -> NUL -> EN -> OZ"}