{"sequence": ["AL", "EN", "AL", "EN", "UM", "NAV"], "coherence_change": 0.0, "sense_index_change": 0.0038767073044025935, "phi_s_change": 0.0, "grad_phi_change": -0.016784485893528656, "k_phi_change": 0.13918514791079026, "xi_c_change": 0.0, "phase_sync_change": -0.004510203153159531, "epi_magnitude_change": 0.001309150911346757, "hash_signature": "c5122067bdfcc2f6", "sequence_str": "AL -> EN -> AL -> EN -> UM -> NAV"}