{"sequence": ["REMESH", "ZHIR", "ZHIR", "NAV"], "coherence_change": 0.0, "sense_index_change": 0.0032900709173603326, "phi_s_change": 0.0, "grad_phi_change": 0.039524277346606684, "k_phi_change": 0.17315099665514033, "xi_c_change": 0.0, "phase_sync_change": -0.008642857561790174, "epi_magnitude_change": 0.0012819153017317175, "hash_signature": "42b673caf11dfd9b", "sequence_str": "REMESH -> ZHIR -> ZHIR -> NAV"}