{"sequence": ["OZ", "VAL", "OZ", "ZHIR", "OZ"], "coherence_change": -0.03212501251016264, "sense_index_change": 0.010627863452944863, "phi_s_change": -0.2913767222200998, "grad_phi_change": -0.005754285508093426, "k_phi_change": 0.14291716234288238, "xi_c_change": 0.0, "phase_sync_change": 0.000643237662437679, "epi_magnitude_change": 0.018080780599414426, "hash_signature": "7e33965e48679722", "sequence_str": "OZ -> VAL -> OZ -> ZHIR -> OZ"}