{"sequence": ["OZ", "EN", "AL", "NAV"], "coherence_change": -0.01877180147626245, "sense_index_change": 0.018969814962332854, "phi_s_change": -0.1632470334497782, "grad_phi_change": 0.0, "k_phi_change": 0.0, "xi_c_change": 0.0, "phase_sync_change": 0.0, "epi_magnitude_change": -0.001110401331280264, "hash_signature": "b630357e9f5542b7", "sequence_str": "OZ -> EN -> AL -> NAV"}