{"sequence": ["EN", "OZ", "NUL", "EN", "REMESH"], "coherence_change": -0.009758030277999152, "sense_index_change": 0.0031744107093066853, "phi_s_change": 0.02570324330318907, "grad_phi_change": 0.0, "k_phi_change": 0.0, "xi_c_change": 0.0, "phase_sync_change": 0.0, "epi_magnitude_change": -0.017956287441488583, "hash_signature": "e5c5a226a0f704c8", "sequence_str": "EN -> OZ -> NUL -> EN -> REMESH"}