{"sequence": ["RA", "REMESH", "SHA", "REMESH"], "coherence_change": 0.0, "sense_index_change": -0.03637274433005816, "phi_s_change": 0.0, "grad_phi_change": 0.1483841385074176, "k_phi_change": 0.27769487772851364, "xi_c_change": 0.0, "phase_sync_change": -0.05313438427153705, "epi_magnitude_change": 0.0029800345107656723, "hash_signature": "f7493511862744f1", "sequence_str": "RA -> REMESH -> SHA -> REMESH"}