{"sequence": ["AL", "AL", "NUL", "ZHIR", "NAV"], "coherence_change": 0.0, "sense_index_change": 0.0020959454442375236, "phi_s_change": 0.0, "grad_phi_change": -0.05816648510251565, "k_phi_change": 0.04644199596790327, "xi_c_change": 0.0, "phase_sync_change": 0.01964162201124775, "epi_magnitude_change": -0.008034639823262357, "hash_signature": "eb12c3e334e1380f", "sequence_str": "AL -> AL -> NUL -> ZHIR -> NAV"}