{"sequence": ["REMESH", "UM", "NAV"], "coherence_change": 0.0, "sense_index_change": 0.0048301929085327044, "phi_s_change": 0.0, "grad_phi_change": -0.021023784794129696, "k_phi_change": -0.0031691212390801415, "xi_c_change": 0.0, "phase_sync_change": 0.01001690447176673, "epi_magnitude_change": 0.001337580336219113, "hash_signature": "3d0176697fb61af4", "sequence_str": "REMESH -> UM -> NAV"}