{"sequence": ["AL", "THOL", "UM", "VAL", "REMESH"], "coherence_change": 0.004938699187817974, "sense_index_change": -0.011285718411910617, "phi_s_change": 0.050063057313415205, "grad_phi_change": -0.0004305470023115987, "k_phi_change": 0.13455813958841406, "xi_c_change": 0.0, "phase_sync_change": -0.011433182710704037, "epi_magnitude_change": 0.013177869762918348, "hash_signature": "0039f4715a458fea", "sequence_str": "AL -> THOL -> UM -> VAL -> REMESH"}