{"sequence": ["RA", "EN", "AL", "ZHIR", "OZ"], "coherence_change": -0.01290808126876719, "sense_index_change": -0.027636512106195776, "phi_s_change": -0.03138893575733115, "grad_phi_change": 0.1380002332944723, "k_phi_change": 0.23708101286584027, "xi_c_change": 0.0, "phase_sync_change": -0.05230422553072711, "epi_magnitude_change": -0.0029429788953798663, "hash_signature": "e87d4b91ea5ab6d5", "sequence_str": "RA -> EN -> AL -> ZHIR -> OZ"}