{"sequence": ["AL", "IL", "RA", "UM", "REMESH"], "coherence_change": 0.008765605840834634, "sense_index_change": 0.02545175293420676, "phi_s_change": 0.054038280080205614, "grad_phi_change": -0.14457837310236266, "k_phi_change": 0.16474215260949682, "xi_c_change": 0.0, "phase_sync_change": 0.04266679979714527, "epi_magnitude_change": 0.0004917211107048347, "hash_signature": "819a4601676c57b7", "sequence_str": "AL -> IL -> RA -> UM -> REMESH"}