{"sequence": ["UM", "IL", "EN", "UM", "IL", "SHA"], "coherence_change": 0.013467741628797048, "sense_index_change": 0.05480436644694053, "phi_s_change": 0.06211250557236947, "grad_phi_change": -0.326538015684255, "k_phi_change": 0.2587985094934476, "xi_c_change": 0.0, "phase_sync_change": 0.11794335313082338, "epi_magnitude_change": 0.0, "hash_signature": "448583674d166974", "sequence_str": "UM -> IL -> EN -> UM -> IL -> SHA"}