{"sequence": ["IL", "NAV", "IL", "RA", "REMESH"], "coherence_change": 0.014987365249899964, "sense_index_change": -0.0031548699280617987, "phi_s_change": -0.07177363339644494, "grad_phi_change": 0.03135472375709103, "k_phi_change": 0.7066804657675272, "xi_c_change": 0.0, "phase_sync_change": -0.01407427309418996, "epi_magnitude_change": 0.001367628597160775, "hash_signature": "295864693c48957e", "sequence_str": "IL -> NAV -> IL -> RA -> REMESH"}