{"sequence": ["SHA", "REMESH", "EN", "NUL", "RA", "REMESH"], "coherence_change": 0.0, "sense_index_change": -0.030304592395940744, "phi_s_change": 0.0, "grad_phi_change": 0.15713825828752293, "k_phi_change": 0.2792518742814215, "xi_c_change": 0.0, "phase_sync_change": -0.05878193880764926, "epi_magnitude_change": -0.010984583184646346, "hash_signature": "ed3b69ae126a3ba2", "sequence_str": "SHA -> REMESH -> EN -> NUL -> RA -> REMESH"}