{"sequence": ["ZHIR", "UM", "UM", "SHA"], "coherence_change": 0.0, "sense_index_change": 0.01976872328516799, "phi_s_change": 0.0, "grad_phi_change": -0.10685699068678245, "k_phi_change": -0.20086135018585377, "xi_c_change": 0.0, "phase_sync_change": 0.05158987963360706, "epi_magnitude_change": 0.0, "hash_signature": "1d9492ad6717ae82", "sequence_str": "ZHIR -> UM -> UM -> SHA"}