{"sequence": ["NUL", "NUL", "EN", "EN", "UM", "OZ"], "coherence_change": -0.012896683091028538, "sense_index_change": -0.03242616251233216, "phi_s_change": -0.05374481898016137, "grad_phi_change": 0.08426418661934454, "k_phi_change": -0.07081039200938061, "xi_c_change": 0.0, "phase_sync_change": -0.03476596523836761, "epi_magnitude_change": -0.03929358705027963, "hash_signature": "2c25187abb70ae1c", "sequence_str": "NUL -> NUL -> EN -> EN -> UM -> OZ"}