{"sequence": ["NAV", "REMESH", "NUL", "RA", "SHA"], "coherence_change": 0.0, "sense_index_change": -0.007842071322866961, "phi_s_change": 0.0, "grad_phi_change": 0.033595717806662595, "k_phi_change": 0.6409412663713947, "xi_c_change": 0.0, "phase_sync_change": -0.014292995130179564, "epi_magnitude_change": -0.013254134258557593, "hash_signature": "85f0995c8be54ae1", "sequence_str": "NAV -> REMESH -> NUL -> RA -> SHA"}