{"sequence": ["ZHIR", "OZ", "VAL", "NUL", "NAV"], "coherence_change": -0.01609971470123639, "sense_index_change": 0.022675653001260176, "phi_s_change": 0.024746860315573493, "grad_phi_change": -0.08355372613250278, "k_phi_change": 0.3577467066270439, "xi_c_change": 0.0, "phase_sync_change": 0.027055965147356753, "epi_magnitude_change": 0.012813236275194484, "hash_signature": "f638368039e9d0f4", "sequence_str": "ZHIR -> OZ -> VAL -> NUL -> NAV"}