{"sequence": ["AL", "REMESH", "VAL", "THOL", "ZHIR", "OZ"], "coherence_change": -0.005703824489781462, "sense_index_change": 0.028988764628008035, "phi_s_change": 0.07696490420634228, "grad_phi_change": -0.04484651395668027, "k_phi_change": 0.4043641704143342, "xi_c_change": 0.0, "phase_sync_change": 0.010627836946638158, "epi_magnitude_change": 0.017732075285945115, "hash_signature": "80250f6e7adf36ff", "sequence_str": "AL -> REMESH -> VAL -> THOL -> ZHIR -> OZ"}