{"sequence": ["NAV", "OZ", "EN", "ZHIR", "ZHIR", "NAV"], "coherence_change": -0.014456068747481843, "sense_index_change": -0.009448216692454936, "phi_s_change": -0.14091759107184332, "grad_phi_change": 0.09852565307319039, "k_phi_change": 0.33111129085358315, "xi_c_change": 0.0, "phase_sync_change": -0.030341696340315916, "epi_magnitude_change": 0.0, "hash_signature": "4c205713001f32c7", "sequence_str": "NAV -> OZ -> EN -> ZHIR -> ZHIR -> NAV"}