{"sequence": ["NUL", "AL", "VAL", "OZ"], "coherence_change": -0.00877169749550244, "sense_index_change": -0.004707151038607527, "phi_s_change": -0.015686892929533736, "grad_phi_change": 0.0, "k_phi_change": 0.0, "xi_c_change": 0.0, "phase_sync_change": 0.0, "epi_magnitude_change": -0.006959533728703504, "hash_signature": "04623ec352e1a27a", "sequence_str": "NUL -> AL -> VAL -> OZ"}