{"sequence": ["ZHIR", "REMESH", "AL", "RA", "NAV"], "coherence_change": 0.0, "sense_index_change": 0.06134925119854162, "phi_s_change": 0.0, "grad_phi_change": -0.27353110453744156, "k_phi_change": -0.14155012224301533, "xi_c_change": 0.0, "phase_sync_change": 0.09672859818092694, "epi_magnitude_change": 0.004549404353532571, "hash_signature": "1fc0f5f57b44a6f2", "sequence_str": "ZHIR -> REMESH -> AL -> RA -> NAV"}