{"sequence": ["RA", "UM", "RA", "OZ"], "coherence_change": -0.014297683301251252, "sense_index_change": 0.029961914798066314, "phi_s_change": -0.026736526076130862, "grad_phi_change": -0.23571366090912438, "k_phi_change": 0.26454847793488456, "xi_c_change": 0.0, "phase_sync_change": 0.0743105793371498, "epi_magnitude_change": 0.0, "hash_signature": "2cade16066e71b40", "sequence_str": "RA -> UM -> RA -> OZ"}