{"sequence": ["REMESH", "ZHIR", "UM", "SHA"], "coherence_change": 0.0, "sense_index_change": 0.01361755344931348, "phi_s_change": 0.0, "grad_phi_change": -0.07169711086782304, "k_phi_change": 0.7862420887042907, "xi_c_change": 0.0, "phase_sync_change": 0.04860907445785889, "epi_magnitude_change": 0.0015879870837105514, "hash_signature": "068b666f4cfac402", "sequence_str": "REMESH -> ZHIR -> UM -> SHA"}