{"sequence": ["VAL", "NUL", "OZ", "SHA", "UM", "SHA"], "coherence_change": -0.013790532403952671, "sense_index_change": 0.03985088661343594, "phi_s_change": -0.2092730020111584, "grad_phi_change": -0.09497859706100731, "k_phi_change": -0.06298749733586118, "xi_c_change": 0.0, "phase_sync_change": 0.03188834976846644, "epi_magnitude_change": 0.00865114282495183, "hash_signature": "b4060b3dc061463b", "sequence_str": "VAL -> NUL -> OZ -> SHA -> UM -> SHA"}