{"sequence": ["REMESH", "RA", "REMESH", "ZHIR", "OZ"], "coherence_change": -0.010145664881351824, "sense_index_change": -0.011164592345815572, "phi_s_change": -0.013047374925836408, "grad_phi_change": 0.03259201947312684, "k_phi_change": 0.23770183185288046, "xi_c_change": 0.0, "phase_sync_change": -0.014260964306880508, "epi_magnitude_change": 0.002747914972948351, "hash_signature": "6de3e76d8a8bcaf5", "sequence_str": "REMESH -> RA -> REMESH -> ZHIR -> OZ"}