{"sequence": ["IL", "UM", "RA", "OZ"], "coherence_change": -0.005156687368376822, "sense_index_change": 0.04179494123433369, "phi_s_change": -0.17786164968584772, "grad_phi_change": -0.15507908776803236, "k_phi_change": 0.3933313955520778, "xi_c_change": 0.0, "phase_sync_change": 0.04582174513293735, "epi_magnitude_change": 0.0, "hash_signature": "813a93c3e6f30a2e", "sequence_str": "IL -> UM -> RA -> OZ"}