{"sequence": ["EN", "THOL", "REMESH", "SHA"], "coherence_change": 0.0024704041128998933, "sense_index_change": -0.002381748094215763, "phi_s_change": 0.028144162183913135, "grad_phi_change": 0.0, "k_phi_change": 0.0, "xi_c_change": 0.0, "phase_sync_change": 0.0, "epi_magnitude_change": 0.001383286676717943, "hash_signature": "fdaea078b8ee72e1", "sequence_str": "EN -> THOL -> REMESH -> SHA"}