{"sequence": ["NUL", "UM", "THOL", "THOL", "NAV"], "coherence_change": 0.008554966869143033, "sense_index_change": 0.04704966470631455, "phi_s_change": 0.023028140122169916, "grad_phi_change": -0.2199611544125326, "k_phi_change": 0.152061161871358, "xi_c_change": 0.0, "phase_sync_change": 0.07737863573682102, "epi_magnitude_change": -0.013680784336862262, "hash_signature": "620cec423724c041", "sequence_str": "NUL -> UM -> THOL -> THOL -> NAV"}