{"sequence": ["RA", "EN", "NUL", "OZ"], "coherence_change": -0.014474321154225755, "sense_index_change": 0.015101718497457783, "phi_s_change": -0.13364779410062144, "grad_phi_change": 0.06556081430537875, "k_phi_change": 0.3982079479245356, "xi_c_change": 0.0, "phase_sync_change": -0.02590880274583096, "epi_magnitude_change": -0.005182438087051433, "hash_signature": "69731802e25f3173", "sequence_str": "RA -> EN -> NUL -> OZ"}