{"sequence": ["NAV", "EN", "IL", "REMESH"], "coherence_change": 0.004005904830939322, "sense_index_change": 0.002824748375890085, "phi_s_change": 6.121335136100026e-05, "grad_phi_change": 0.0, "k_phi_change": 0.0, "xi_c_change": 0.0, "phase_sync_change": 0.0, "epi_magnitude_change": 0.0012723316537034401, "hash_signature": "598aea161e91ed66", "sequence_str": "NAV -> EN -> IL -> REMESH"}