{"sequence": ["REMESH", "THOL", "ZHIR", "OZ", "OZ"], "coherence_change": -0.01623520322327321, "sense_index_change": 0.007543176151511788, "phi_s_change": 0.10441965312929213, "grad_phi_change": -0.008169224190724078, "k_phi_change": 0.3468069070392417, "xi_c_change": 0.0, "phase_sync_change": 0.0029213284721136823, "epi_magnitude_change": 0.0016000879568748294, "hash_signature": "fac68e5f9585ed5e", "sequence_str": "REMESH -> THOL -> ZHIR -> OZ -> OZ"}