{"sequence": ["UM", "VAL", "SHA", "VAL", "NAV"], "coherence_change": 0.0, "sense_index_change": -0.03315717080235708, "phi_s_change": 0.0, "grad_phi_change": 0.13868697712002365, "k_phi_change": 0.2734307273989818, "xi_c_change": 0.0, "phase_sync_change": -0.05702212119460748, "epi_magnitude_change": 0.034196119649785195, "hash_signature": "1ed1aec2ce2591a5", "sequence_str": "UM -> VAL -> SHA -> VAL -> NAV"}