{"sequence": ["AL", "AL", "RA", "NAV"], "coherence_change": 0.0, "sense_index_change": -0.0006480409425487776, "phi_s_change": 0.0, "grad_phi_change": 0.007307995425644975, "k_phi_change": 0.27921484152781434, "xi_c_change": 0.0, "phase_sync_change": -0.009331139400451383, "epi_magnitude_change": -0.0007079847896858116, "hash_signature": "89e509bef516e087", "sequence_str": "AL -> AL -> RA -> NAV"}