{"sequence": ["RA", "NUL", "UM", "REMESH"], "coherence_change": 0.0, "sense_index_change": 0.015529926520512993, "phi_s_change": 0.0, "grad_phi_change": -0.09264884613715063, "k_phi_change": 0.055557401124106065, "xi_c_change": 0.0, "phase_sync_change": 0.028581962317376863, "epi_magnitude_change": -0.010954303109205976, "hash_signature": "8683c972bdc3c0ad", "sequence_str": "RA -> NUL -> UM -> REMESH"}