{"sequence": ["REMESH", "UM", "SHA", "AL", "ZHIR", "NAV"], "coherence_change": 0.0, "sense_index_change": 0.03008306265621674, "phi_s_change": 0.0, "grad_phi_change": -0.17136826143898842, "k_phi_change": 0.5627565913666002, "xi_c_change": 0.0, "phase_sync_change": 0.059502278469105385, "epi_magnitude_change": -0.00010197721467719578, "hash_signature": "a0dd08059802ced2", "sequence_str": "REMESH -> UM -> SHA -> AL -> ZHIR -> NAV"}