{"sequence": ["IL", "ZHIR", "REMESH", "NUL", "SHA"], "coherence_change": 0.006348017356905378, "sense_index_change": 0.015749001507798566, "phi_s_change": 0.015580573128782582, "grad_phi_change": -0.00976009496810648, "k_phi_change": 0.12914381389043078, "xi_c_change": 0.0, "phase_sync_change": 0.004604407942409128, "epi_magnitude_change": -0.012660948274671346, "hash_signature": "54ed750fc946ba47", "sequence_str": "IL -> ZHIR -> REMESH -> NUL -> SHA"}