{"sequence": ["EN", "NAV", "ZHIR", "SHA"], "coherence_change": 0.0, "sense_index_change": -0.008710120544063782, "phi_s_change": 0.0, "grad_phi_change": 0.03101189564025142, "k_phi_change": 0.20626990053733898, "xi_c_change": 0.0, "phase_sync_change": -0.010227473672139387, "epi_magnitude_change": 0.0, "hash_signature": "78c66c5c83b6740e", "sequence_str": "EN -> NAV -> ZHIR -> SHA"}