{"sequence": ["UM", "THOL", "VAL", "RA", "UM", "SHA"], "coherence_change": 0.003844900392662387, "sense_index_change": 0.08105358418064856, "phi_s_change": -0.016066174698682878, "grad_phi_change": -0.4793569311473205, "k_phi_change": 0.1528415544671515, "xi_c_change": 0.0, "phase_sync_change": 0.1403282954758328, "epi_magnitude_change": 0.010760155783934189, "hash_signature": "404fef459da03192", "sequence_str": "UM -> THOL -> VAL -> RA -> UM -> SHA"}