{"sequence": ["NUL", "SHA", "VAL", "ZHIR", "OZ"], "coherence_change": -0.017856465119599374, "sense_index_change": 0.01382787398437646, "phi_s_change": -0.14432799852509015, "grad_phi_change": 0.055856941518027, "k_phi_change": -0.011327884395457982, "xi_c_change": 0.0, "phase_sync_change": -0.022013341916828355, "epi_magnitude_change": 0.0018857345056685348, "hash_signature": "eff9228f9ff8a618", "sequence_str": "NUL -> SHA -> VAL -> ZHIR -> OZ"}