{"sequence": ["THOL", "IL", "NUL", "NUL", "REMESH"], "coherence_change": 0.012123324038556094, "sense_index_change": 0.009423846224702603, "phi_s_change": -0.020429816099967524, "grad_phi_change": 0.0, "k_phi_change": 0.0, "xi_c_change": 0.0, "phase_sync_change": 0.0, "epi_magnitude_change": -0.025962474043468964, "hash_signature": "42a30a5836dcd212", "sequence_str": "THOL -> IL -> NUL -> NUL -> REMESH"}