{"sequence": ["RA", "EN", "RA", "IL", "REMESH"], "coherence_change": 0.006635088633563657, "sense_index_change": 0.02558932015564852, "phi_s_change": 0.09444345138623256, "grad_phi_change": -0.05672304735385847, "k_phi_change": 0.20193643037413714, "xi_c_change": 0.0, "phase_sync_change": 0.015648379892052033, "epi_magnitude_change": 0.0014976966707793693, "hash_signature": "2246b10a8a4df140", "sequence_str": "RA -> EN -> RA -> IL -> REMESH"}