{"sequence": ["UM", "AL", "RA", "THOL", "REMESH"], "coherence_change": 0.0054449732583893296, "sense_index_change": 0.048076335639231416, "phi_s_change": 0.04597401577055016, "grad_phi_change": -0.3494760041968856, "k_phi_change": 0.475477822421878, "xi_c_change": 0.0, "phase_sync_change": 0.12012467295397611, "epi_magnitude_change": -0.0009606115147522409, "hash_signature": "224ca04423b809f2", "sequence_str": "UM -> AL -> RA -> THOL -> REMESH"}