{"sequence": ["REMESH", "NUL", "AL", "RA", "NAV"], "coherence_change": 0.0, "sense_index_change": 0.008885255273859749, "phi_s_change": 0.0, "grad_phi_change": 0.01000997914991908, "k_phi_change": 0.341954323623453, "xi_c_change": 0.0, "phase_sync_change": -0.010796413276394579, "epi_magnitude_change": -0.006649818389749207, "hash_signature": "cff383e096d45724", "sequence_str": "REMESH -> NUL -> AL -> RA -> NAV"}