{"sequence": ["REMESH", "EN", "UM", "EN", "REMESH"], "coherence_change": 0.0, "sense_index_change": 0.011572366369391296, "phi_s_change": 0.0, "grad_phi_change": -0.06005237483292514, "k_phi_change": 0.18123014339128782, "xi_c_change": 0.0, "phase_sync_change": 0.027892654313521392, "epi_magnitude_change": 0.0029507131036652368, "hash_signature": "73b57b5ef9f13066", "sequence_str": "REMESH -> EN -> UM -> EN -> REMESH"}