{"sequence": ["AL", "IL", "RA", "OZ", "VAL", "NAV"], "coherence_change": -0.006041930950611785, "sense_index_change": 0.017112797493749943, "phi_s_change": -0.030815587326299188, "grad_phi_change": -0.14983419248444818, "k_phi_change": -0.01539059855740238, "xi_c_change": 0.0, "phase_sync_change": 0.05250528100115048, "epi_magnitude_change": 0.009445583602553764, "hash_signature": "184856f481b37425", "sequence_str": "AL -> IL -> RA -> OZ -> VAL -> NAV"}