{"sequence": ["ZHIR", "OZ", "EN", "ZHIR", "SHA"], "coherence_change": -0.012591976541213468, "sense_index_change": 0.002397524953188679, "phi_s_change": -0.20628814955352615, "grad_phi_change": -0.009653040934518797, "k_phi_change": 0.2262464453924921, "xi_c_change": 0.0, "phase_sync_change": 0.003661462447431596, "epi_magnitude_change": 0.0, "hash_signature": "dd2ddf1ad49bf7c9", "sequence_str": "ZHIR -> OZ -> EN -> ZHIR -> SHA"}