{"sequence": ["IL", "RA", "ZHIR", "THOL", "OZ"], "coherence_change": 0.0026661383222238433, "sense_index_change": 0.002499638344540034, "phi_s_change": -0.05321650332203631, "grad_phi_change": -0.019936945434350095, "k_phi_change": -0.28542475811575657, "xi_c_change": 0.0, "phase_sync_change": -0.006026634851887924, "epi_magnitude_change": 0.0, "hash_signature": "f52f3dde77b06f09", "sequence_str": "IL -> RA -> ZHIR -> THOL -> OZ"}