{"sequence": ["REMESH", "ZHIR", "UM", "ZHIR", "NAV"], "coherence_change": 0.0, "sense_index_change": 0.04648878705418402, "phi_s_change": 0.0, "grad_phi_change": -0.2941543434179299, "k_phi_change": 0.2996600539973761, "xi_c_change": 0.0, "phase_sync_change": 0.09325326872407047, "epi_magnitude_change": 0.000839207093323413, "hash_signature": "50b66143baa7799a", "sequence_str": "REMESH -> ZHIR -> UM -> ZHIR -> NAV"}