{"sequence": ["IL", "THOL", "RA", "NUL", "REMESH"], "coherence_change": 0.013099651485013908, "sense_index_change": 0.005497961370778626, "phi_s_change": 0.04853445181693017, "grad_phi_change": -0.049354600359559075, "k_phi_change": 0.15189529836892496, "xi_c_change": 0.0, "phase_sync_change": 0.010371979455328861, "epi_magnitude_change": -0.007771286047467463, "hash_signature": "ef44b148e7caf7a8", "sequence_str": "IL -> THOL -> RA -> NUL -> REMESH"}