{"sequence": ["AL", "AL", "ZHIR", "UM", "THOL", "REMESH"], "coherence_change": 0.005571516825873313, "sense_index_change": -0.0341703059807284, "phi_s_change": 0.06644161331171994, "grad_phi_change": 0.1046873117073146, "k_phi_change": 0.47910663005032633, "xi_c_change": 0.0, "phase_sync_change": -0.05005909267250952, "epi_magnitude_change": -0.0043181835161867355, "hash_signature": "2b318b6e829d1183", "sequence_str": "AL -> AL -> ZHIR -> UM -> THOL -> REMESH"}