{"sequence": ["NUL", "RA", "VAL", "IL", "REMESH"], "coherence_change": 0.007552449057474431, "sense_index_change": 0.00251575198127707, "phi_s_change": 0.021724384423789767, "grad_phi_change": -0.02547112971877974, "k_phi_change": 0.2717671741857024, "xi_c_change": 0.0, "phase_sync_change": 0.004290278314627138, "epi_magnitude_change": 0.0016665975946120737, "hash_signature": "1704d823018dc644", "sequence_str": "NUL -> RA -> VAL -> IL -> REMESH"}