{"sequence": ["REMESH", "UM", "SHA", "IL", "REMESH"], "coherence_change": 0.005039016682381825, "sense_index_change": 0.05183208290916985, "phi_s_change": -0.03243227119668601, "grad_phi_change": -0.32999099277192157, "k_phi_change": 0.35285282845673305, "xi_c_change": 0.0, "phase_sync_change": 0.09828137596399544, "epi_magnitude_change": 0.0025068320846709513, "hash_signature": "32558e31e52b3afd", "sequence_str": "REMESH -> UM -> SHA -> IL -> REMESH"}