{"sequence": ["NAV", "SHA", "AL", "OZ"], "coherence_change": -0.014555028525067737, "sense_index_change": 0.020233030335952584, "phi_s_change": 0.04384103693148966, "grad_phi_change": 0.0, "k_phi_change": 0.0, "xi_c_change": 0.0, "phase_sync_change": 0.0, "epi_magnitude_change": 0.0021831455358283236, "hash_signature": "b26e94c5706b8768", "sequence_str": "NAV -> SHA -> AL -> OZ"}