{"sequence": ["UM", "THOL", "AL", "NUL", "SHA"], "coherence_change": 0.005735091767644862, "sense_index_change": 0.0195417142640556, "phi_s_change": 0.012368428494062833, "grad_phi_change": -0.1115615443502127, "k_phi_change": 0.34360718772768095, "xi_c_change": 0.0, "phase_sync_change": 0.05118498196047905, "epi_magnitude_change": -0.010211481907413056, "hash_signature": "8d069f21b554f84e", "sequence_str": "UM -> THOL -> AL -> NUL -> SHA"}