{"sequence": ["AL", "IL", "REMESH", "IL", "IL", "NAV"], "coherence_change": 0.025922503972579225, "sense_index_change": 1.1103498211539886e-05, "phi_s_change": 0.03794086480810732, "grad_phi_change": 0.0, "k_phi_change": 0.0, "xi_c_change": 0.0, "phase_sync_change": 0.0, "epi_magnitude_change": 0.000644097517390918, "hash_signature": "55823631911f422c", "sequence_str": "AL -> IL -> REMESH -> IL -> IL -> NAV"}