{"sequence": ["REMESH", "NAV", "THOL", "THOL", "NAV"], "coherence_change": 0.011018372347317618, "sense_index_change": -0.007213620486912653, "phi_s_change": 0.014373521214197438, "grad_phi_change": 0.0, "k_phi_change": 0.0, "xi_c_change": 0.0, "phase_sync_change": 0.0, "epi_magnitude_change": 0.0007186219920457537, "hash_signature": "c780e9795cd746e6", "sequence_str": "REMESH -> NAV -> THOL -> THOL -> NAV"}