{"sequence": ["REMESH", "ZHIR", "EN", "NUL", "NAV"], "coherence_change": 0.0, "sense_index_change": -0.009015799924918022, "phi_s_change": 0.0, "grad_phi_change": 0.027736588084800395, "k_phi_change": 0.08820668022866684, "xi_c_change": 0.0, "phase_sync_change": -0.011147516898613041, "epi_magnitude_change": -0.02462891588200311, "hash_signature": "dcafb73839a2a3b3", "sequence_str": "REMESH -> ZHIR -> EN -> NUL -> NAV"}