{"sequence": ["AL", "NUL", "THOL", "REMESH"], "coherence_change": 0.005072786762447823, "sense_index_change": 0.006626788668671502, "phi_s_change": 0.012422555817379943, "grad_phi_change": 0.0, "k_phi_change": 0.0, "xi_c_change": 0.0, "phase_sync_change": 0.0, "epi_magnitude_change": -0.012636292100946966, "hash_signature": "69de6af34a8b2bce", "sequence_str": "AL -> NUL -> THOL -> REMESH"}