{"sequence": ["RA", "OZ"], "coherence_change": -0.014969793077462823, "sense_index_change": -0.004061265578218176, "phi_s_change": 0.0490547699637206, "grad_phi_change": 0.02021700302743512, "k_phi_change": 0.40848712993923064, "xi_c_change": 0.0, "phase_sync_change": -0.015841424789401204, "epi_magnitude_change": 0.0, "hash_signature": "c5989ddb826110b8", "sequence_str": "RA -> OZ"}