{"sequence": ["NAV", "REMESH", "THOL", "REMESH"], "coherence_change": 0.004544900753834069, "sense_index_change": 0.0039049788819770503, "phi_s_change": 0.01634663246129664, "grad_phi_change": 0.0, "k_phi_change": 0.0, "xi_c_change": 0.0, "phase_sync_change": 0.0, "epi_magnitude_change": 0.0031609662494184176, "hash_signature": "7680bda8230734aa", "sequence_str": "NAV -> REMESH -> THOL -> REMESH"}