{"sequence": ["AL", "IL", "THOL", "IL", "IL", "OZ"], "coherence_change": 0.01798986790479884, "sense_index_change": 0.006818926909767042, "phi_s_change": -0.02844286438045518, "grad_phi_change": 0.0, "k_phi_change": 0.0, "xi_c_change": 0.0, "phase_sync_change": 0.0, "epi_magnitude_change": -0.006931562888027321, "hash_signature": "980383a874b2715d", "sequence_str": "AL -> IL -> THOL -> IL -> IL -> OZ"}