{"sequence": ["AL", "NAV", "ZHIR", "THOL", "ZHIR", "REMESH"], "coherence_change": 0.004846800647392291, "sense_index_change": 0.012769641623859074, "phi_s_change": 0.06448307538351028, "grad_phi_change": 0.0023687951002102636, "k_phi_change": 0.34028229061691023, "xi_c_change": 0.0, "phase_sync_change": 0.0013909141318799723, "epi_magnitude_change": -0.0023688540123778523, "hash_signature": "a82a545622b9964b", "sequence_str": "AL -> NAV -> ZHIR -> THOL -> ZHIR -> REMESH"}