{"sequence": ["UM", "NAV", "AL", "REMESH"], "coherence_change": 0.0, "sense_index_change": -0.005483710830730848, "phi_s_change": 0.0, "grad_phi_change": 0.04560853809488208, "k_phi_change": -0.08732885089958348, "xi_c_change": 0.0, "phase_sync_change": -0.02072671399950099, "epi_magnitude_change": 0.0004167421421035211, "hash_signature": "508e52047919a20e", "sequence_str": "UM -> NAV -> AL -> REMESH"}