{"sequence": ["THOL", "EN", "NUL", "ZHIR", "SHA"], "coherence_change": 0.004126843430550253, "sense_index_change": 0.002976017888771554, "phi_s_change": 0.03440101291389863, "grad_phi_change": 0.01951239115874026, "k_phi_change": 0.2398964106812905, "xi_c_change": 0.0, "phase_sync_change": -0.003710546666572001, "epi_magnitude_change": -0.013880128391492885, "hash_signature": "0d264f1d9d2da576", "sequence_str": "THOL -> EN -> NUL -> ZHIR -> SHA"}