{"sequence": ["VAL", "RA", "NUL", "VAL", "REMESH"], "coherence_change": 0.0, "sense_index_change": -0.01828874418873111, "phi_s_change": 0.0, "grad_phi_change": 0.005296976426853561, "k_phi_change": -0.10608844410288265, "xi_c_change": 0.0, "phase_sync_change": -0.010859832908373557, "epi_magnitude_change": 0.015993341571988173, "hash_signature": "3d47aaec41fe48cc", "sequence_str": "VAL -> RA -> NUL -> VAL -> REMESH"}