{"sequence": ["AL", "IL", "SHA", "OZ"], "coherence_change": -0.0011738315607517924, "sense_index_change": 2.880221772039171e-05, "phi_s_change": 0.00617060948709236, "grad_phi_change": 0.0, "k_phi_change": 0.0, "xi_c_change": 0.0, "phase_sync_change": 0.0, "epi_magnitude_change": -0.005212300129671221, "hash_signature": "616346e2cd6b850c", "sequence_str": "AL -> IL -> SHA -> OZ"}