{"sequence": ["AL", "NUL", "RA", "NAV", "OZ"], "coherence_change": -0.011229563214201987, "sense_index_change": -0.010212219818965473, "phi_s_change": 0.02350903715028463, "grad_phi_change": 0.04879469044880258, "k_phi_change": 0.1692087498459749, "xi_c_change": 0.0, "phase_sync_change": -0.023729895706293136, "epi_magnitude_change": -0.017023656404207888, "hash_signature": "0423b874f9711a74", "sequence_str": "AL -> NUL -> RA -> NAV -> OZ"}