{"sequence": ["RA", "SHA", "ZHIR", "THOL", "NAV"], "coherence_change": 0.0036984572432889884, "sense_index_change": -0.006458450600911325, "phi_s_change": -0.0025013283408337195, "grad_phi_change": 0.06892646576377559, "k_phi_change": 0.49881726098416496, "xi_c_change": 0.0, "phase_sync_change": -0.02991696898038332, "epi_magnitude_change": 0.0, "hash_signature": "1db0a18274632c41", "sequence_str": "RA -> SHA -> ZHIR -> THOL -> NAV"}