{"sequence": ["SHA", "OZ", "UM", "NAV"], "coherence_change": -0.011410084167136958, "sense_index_change": 0.027021515157997444, "phi_s_change": -0.08504188264422585, "grad_phi_change": -0.19817022089609848, "k_phi_change": 0.356143599494717, "xi_c_change": 0.0, "phase_sync_change": 0.0668128615257304, "epi_magnitude_change": 0.0, "hash_signature": "50a1c30d69eb373a", "sequence_str": "SHA -> OZ -> UM -> NAV"}