{"sequence": ["VAL", "OZ", "AL", "NUL", "NAV"], "coherence_change": -0.01190415275111567, "sense_index_change": 0.016617133363837078, "phi_s_change": -0.1215589382547545, "grad_phi_change": 0.0, "k_phi_change": 0.0, "xi_c_change": 0.0, "phase_sync_change": 0.0, "epi_magnitude_change": 0.0053759773945624145, "hash_signature": "1094b93547ea7305", "sequence_str": "VAL -> OZ -> AL -> NUL -> NAV"}