{"sequence": ["VAL", "NUL", "AL", "VAL", "IL", "NAV"], "coherence_change": 0.008132675996956551, "sense_index_change": 0.007222068620529876, "phi_s_change": 0.08456295198496899, "grad_phi_change": 0.0, "k_phi_change": 0.0, "xi_c_change": 0.0, "phase_sync_change": 0.0, "epi_magnitude_change": 0.01756585006564848, "hash_signature": "e79d29519510c988", "sequence_str": "VAL -> NUL -> AL -> VAL -> IL -> NAV"}