{"sequence": ["REMESH", "IL", "REMESH", "UM", "REMESH"], "coherence_change": 0.005857939316393113, "sense_index_change": 0.04403525383928475, "phi_s_change": -0.014605348249351557, "grad_phi_change": -0.2312696579598683, "k_phi_change": -0.06805986171324624, "xi_c_change": 0.0, "phase_sync_change": 0.06367655142266437, "epi_magnitude_change": 0.0050779927698044736, "hash_signature": "c4642052e5b0fc4a", "sequence_str": "REMESH -> IL -> REMESH -> UM -> REMESH"}