{"sequence": ["UM", "UM", "OZ"], "coherence_change": -0.02076696662930899, "sense_index_change": 0.051951654464081565, "phi_s_change": -0.15900732803330697, "grad_phi_change": -0.2365433474559968, "k_phi_change": 0.0918589685947179, "xi_c_change": 0.0, "phase_sync_change": 0.07449728403019529, "epi_magnitude_change": 0.0, "hash_signature": "ba5a647deddd48c5", "sequence_str": "UM -> UM -> OZ"}