{"sequence": ["NAV", "IL", "NUL", "VAL", "REMESH"], "coherence_change": 0.008543828412432841, "sense_index_change": -0.007317861750853583, "phi_s_change": 0.06266653406490375, "grad_phi_change": 0.0, "k_phi_change": 0.0, "xi_c_change": 0.0, "phase_sync_change": 0.0, "epi_magnitude_change": 0.004953211494738596, "hash_signature": "009535c94b4ea4ad", "sequence_str": "NAV -> IL -> NUL -> VAL -> REMESH"}