{"sequence": ["AL", "IL", "THOL", "REMESH"], "coherence_change": 0.013855278887568434, "sense_index_change": -0.018126080391498156, "phi_s_change": 0.12895939852602845, "grad_phi_change": 0.0, "k_phi_change": 0.0, "xi_c_change": 0.0, "phase_sync_change": 0.0, "epi_magnitude_change": -0.005426936582804132, "hash_signature": "6fb7536335e934f4", "sequence_str": "AL -> IL -> THOL -> REMESH"}