{"sequence": ["ZHIR", "AL", "THOL", "NUL", "ZHIR", "REMESH"], "coherence_change": 0.0045036045026544125, "sense_index_change": -0.012476712372918475, "phi_s_change": 0.016513743147139603, "grad_phi_change": 0.0652997985389201, "k_phi_change": 0.09578358085543663, "xi_c_change": 0.0, "phase_sync_change": -0.022596638400116165, "epi_magnitude_change": -0.01918795206018986, "hash_signature": "4c207d42a1e5ea80", "sequence_str": "ZHIR -> AL -> THOL -> NUL -> ZHIR -> REMESH"}