{"sequence": ["SHA", "UM", "NUL", "VAL", "OZ"], "coherence_change": -0.013119923681817913, "sense_index_change": 0.002578777358122175, "phi_s_change": -0.04935226827157568, "grad_phi_change": -0.029529918986142878, "k_phi_change": -0.1587250703656577, "xi_c_change": 0.0, "phase_sync_change": -0.0010353470893061933, "epi_magnitude_change": 0.002208234095835815, "hash_signature": "630143203fa1dcea", "sequence_str": "SHA -> UM -> NUL -> VAL -> OZ"}