{"sequence": ["OZ", "IL", "ZHIR", "SHA"], "coherence_change": -0.004193619448328079, "sense_index_change": -0.003311845099981503, "phi_s_change": -0.039436702731183604, "grad_phi_change": 0.08109304777623794, "k_phi_change": -0.07646383294030923, "xi_c_change": 0.0, "phase_sync_change": -0.024683141630549965, "epi_magnitude_change": 0.0, "hash_signature": "c1d44c85bbab5887", "sequence_str": "OZ -> IL -> ZHIR -> SHA"}