{"sequence": ["NUL", "THOL", "SHA"], "coherence_change": 0.0042175851793727626, "sense_index_change": 0.0022067559656661073, "phi_s_change": -0.020051616739707345, "grad_phi_change": 0.0, "k_phi_change": 0.0, "xi_c_change": 0.0, "phase_sync_change": 0.0, "epi_magnitude_change": -0.01057459119793036, "hash_signature": "e5674b540c5cfa39", "sequence_str": "NUL -> THOL -> SHA"}