{"sequence": ["RA", "THOL", "AL", "NAV", "UM", "NAV"], "coherence_change": 0.004923244400954152, "sense_index_change": 0.039177865789797095, "phi_s_change": 0.008927063944756619, "grad_phi_change": -0.14783596509460817, "k_phi_change": 0.5090510646367864, "xi_c_change": 0.0, "phase_sync_change": 0.04711511827194814, "epi_magnitude_change": -0.003923105081885536, "hash_signature": "dd8a937fa1d5c3e0", "sequence_str": "RA -> THOL -> AL -> NAV -> UM -> NAV"}