{"sequence": ["REMESH", "AL", "THOL", "SHA"], "coherence_change": 0.006035500201617028, "sense_index_change": 0.005721111334645146, "phi_s_change": 0.04329622274934308, "grad_phi_change": 0.0, "k_phi_change": 0.0, "xi_c_change": 0.0, "phase_sync_change": 0.0, "epi_magnitude_change": -0.003977265234048288, "hash_signature": "332185e84fca8e1c", "sequence_str": "REMESH -> AL -> THOL -> SHA"}