{"sequence": ["AL", "UM", "THOL", "NAV"], "coherence_change": 0.003300923485145324, "sense_index_change": 0.026275015804752444, "phi_s_change": -0.023860114258366316, "grad_phi_change": -0.07699837523483666, "k_phi_change": 0.09608875610557979, "xi_c_change": 0.0, "phase_sync_change": 0.03399087144287527, "epi_magnitude_change": -0.00035468319709741625, "hash_signature": "374ec898d726355a", "sequence_str": "AL -> UM -> THOL -> NAV"}