{"sequence": ["IL", "VAL", "RA", "RA", "NAV"], "coherence_change": 0.010221651988134739, "sense_index_change": 0.03250392305315808, "phi_s_change": 0.011686679421575974, "grad_phi_change": -0.20413538222851102, "k_phi_change": 0.03837904891168473, "xi_c_change": 0.0, "phase_sync_change": 0.0650824743146432, "epi_magnitude_change": 0.016270561907873904, "hash_signature": "ba6c6a8f40041545", "sequence_str": "IL -> VAL -> RA -> RA -> NAV"}