{"sequence": ["OZ", "NUL", "REMESH", "IL", "REMESH"], "coherence_change": -0.00886678809234076, "sense_index_change": -0.006367367963020731, "phi_s_change": -0.045382031059320926, "grad_phi_change": 0.0, "k_phi_change": 0.0, "xi_c_change": 0.0, "phase_sync_change": 0.0, "epi_magnitude_change": -0.0072810374676745004, "hash_signature": "81f3690a2c1a674f", "sequence_str": "OZ -> NUL -> REMESH -> IL -> REMESH"}