{"sequence": ["AL", "AL", "NAV", "UM", "OZ"], "coherence_change": -0.014475154633986076, "sense_index_change": -0.0026819281003930273, "phi_s_change": -0.2289067974047193, "grad_phi_change": 0.08740405660404527, "k_phi_change": 0.23897431244272904, "xi_c_change": 0.0, "phase_sync_change": -0.03202657727849556, "epi_magnitude_change": -0.012661219042787275, "hash_signature": "92cd440576c91ce7", "sequence_str": "AL -> AL -> NAV -> UM -> OZ"}