{"sequence": ["RA", "NUL", "NAV", "IL", "IL", "OZ"], "coherence_change": 0.001222029910121436, "sense_index_change": 0.020235067298154497, "phi_s_change": 0.1834806409219515, "grad_phi_change": 0.021800720828138775, "k_phi_change": 0.10437692193477315, "xi_c_change": 0.0, "phase_sync_change": -0.014754640758648296, "epi_magnitude_change": -0.0086467937476421, "hash_signature": "9855fe3a45472069", "sequence_str": "RA -> NUL -> NAV -> IL -> IL -> OZ"}