{"sequence": ["NUL", "THOL", "NAV"], "coherence_change": 0.0024072183325252183, "sense_index_change": 0.0024558808840950963, "phi_s_change": 0.0037053213115891825, "grad_phi_change": 0.0, "k_phi_change": 0.0, "xi_c_change": 0.0, "phase_sync_change": 0.0, "epi_magnitude_change": -0.01393143298517352, "hash_signature": "c4e50aa41f05c9af", "sequence_str": "NUL -> THOL -> NAV"}