{"sequence": ["IL", "UM", "ZHIR", "EN", "NAV"], "coherence_change": 0.006346761695819714, "sense_index_change": 0.01729033824814663, "phi_s_change": -0.0017076655684907793, "grad_phi_change": -0.15214322680014503, "k_phi_change": -0.046353011108417164, "xi_c_change": 0.0, "phase_sync_change": 0.057619320404552865, "epi_magnitude_change": 0.0, "hash_signature": "5746d79624528a84", "sequence_str": "IL -> UM -> ZHIR -> EN -> NAV"}