{"sequence": ["NAV", "UM", "VAL", "REMESH"], "coherence_change": 0.0, "sense_index_change": 0.052458029810781515, "phi_s_change": 0.0, "grad_phi_change": -0.2175771124111079, "k_phi_change": 0.22098073711196897, "xi_c_change": 0.0, "phase_sync_change": 0.06397745280213418, "epi_magnitude_change": 0.022238488260943323, "hash_signature": "a908b8a70653316c", "sequence_str": "NAV -> UM -> VAL -> REMESH"}