{"sequence": ["AL", "IL", "REMESH", "VAL", "UM", "SHA"], "coherence_change": 0.008186108499609768, "sense_index_change": -0.023426888667622048, "phi_s_change": -0.02722624875924573, "grad_phi_change": 0.049552645224328895, "k_phi_change": 0.06868211767105467, "xi_c_change": 0.0, "phase_sync_change": -0.02166547052697676, "epi_magnitude_change": 0.010578682787504068, "hash_signature": "deae23554ad2a7da", "sequence_str": "AL -> IL -> REMESH -> VAL -> UM -> SHA"}