{"sequence": ["NAV", "THOL", "NUL", "OZ"], "coherence_change": -0.012506684084660491, "sense_index_change": 0.002251401010059495, "phi_s_change": -0.11557542367067675, "grad_phi_change": 0.0, "k_phi_change": 0.0, "xi_c_change": 0.0, "phase_sync_change": 0.0, "epi_magnitude_change": -0.012661730634837887, "hash_signature": "22953f0bdb6b0189", "sequence_str": "NAV -> THOL -> NUL -> OZ"}