{"sequence": ["EN", "AL", "ZHIR", "RA", "THOL", "OZ"], "coherence_change": -0.00828530374303138, "sense_index_change": 0.048052894390331335, "phi_s_change": -0.07108064371414602, "grad_phi_change": -0.14730083491140245, "k_phi_change": 0.2723862804139793, "xi_c_change": 0.0, "phase_sync_change": 0.05028602525314019, "epi_magnitude_change": -0.0017554186388059057, "hash_signature": "12f1cc59839137b4", "sequence_str": "EN -> AL -> ZHIR -> RA -> THOL -> OZ"}