{"sequence": ["REMESH", "VAL", "AL", "UM", "SHA"], "coherence_change": 0.0, "sense_index_change": 0.03544220562437017, "phi_s_change": 0.0, "grad_phi_change": -0.18694593803726933, "k_phi_change": 0.4976098399170607, "xi_c_change": 0.0, "phase_sync_change": 0.05053465231767673, "epi_magnitude_change": 0.015040183279264041, "hash_signature": "df8105f573acaac2", "sequence_str": "REMESH -> VAL -> AL -> UM -> SHA"}