{"sequence": ["IL", "ZHIR", "THOL", "VAL", "OZ"], "coherence_change": 0.0024956580878134904, "sense_index_change": -0.004763362275404748, "phi_s_change": 0.04288850879839656, "grad_phi_change": 0.024254471995996063, "k_phi_change": 0.08698356690034784, "xi_c_change": 0.0, "phase_sync_change": -0.011970072476415683, "epi_magnitude_change": 0.016081577858848117, "hash_signature": "7f490886f34249cf", "sequence_str": "IL -> ZHIR -> THOL -> VAL -> OZ"}