{"sequence": ["IL", "THOL", "AL", "SHA"], "coherence_change": 0.010996959425910835, "sense_index_change": 0.005776146341552546, "phi_s_change": 0.028590805461887858, "grad_phi_change": 0.0, "k_phi_change": 0.0, "xi_c_change": 0.0, "phase_sync_change": 0.0, "epi_magnitude_change": 0.00764019526088866, "hash_signature": "51b66473648b2f7e", "sequence_str": "IL -> THOL -> AL -> SHA"}