{"sequence": ["NAV", "NAV", "IL", "ZHIR", "NUL", "OZ"], "coherence_change": -0.005496256081538697, "sense_index_change": -0.0007293812448928572, "phi_s_change": -0.07242293301078206, "grad_phi_change": 0.011278528897965767, "k_phi_change": -0.21410896724529244, "xi_c_change": 0.0, "phase_sync_change": -0.002084937566147471, "epi_magnitude_change": -0.015474909116751978, "hash_signature": "1fdd17247a698c8c", "sequence_str": "NAV -> NAV -> IL -> ZHIR -> NUL -> OZ"}