{"sequence": ["REMESH", "ZHIR", "IL", "OZ"], "coherence_change": -0.00016304777446285446, "sense_index_change": 0.02793590043138716, "phi_s_change": -0.18663768532986025, "grad_phi_change": -0.06331463382405644, "k_phi_change": 0.4582580588134764, "xi_c_change": 0.0, "phase_sync_change": 0.02241329010685955, "epi_magnitude_change": 0.0018509034823743775, "hash_signature": "0de45c386718cc70", "sequence_str": "REMESH -> ZHIR -> IL -> OZ"}