{"sequence": ["UM", "EN", "RA", "IL", "EN", "REMESH"], "coherence_change": 0.00974980294884853, "sense_index_change": 0.01592728619242667, "phi_s_change": 0.04191123367026128, "grad_phi_change": -0.17941550542258122, "k_phi_change": -0.019185066693542946, "xi_c_change": 0.0, "phase_sync_change": 0.05822874616313167, "epi_magnitude_change": 0.0012595486901594288, "hash_signature": "4c630cdd24b8f4e9", "sequence_str": "UM -> EN -> RA -> IL -> EN -> REMESH"}