{"sequence": ["EN", "OZ", "NUL", "NAV"], "coherence_change": -0.01176125371787684, "sense_index_change": 0.000831915361323432, "phi_s_change": 0.09383808547299466, "grad_phi_change": 0.0, "k_phi_change": 0.0, "xi_c_change": 0.0, "phase_sync_change": 0.0, "epi_magnitude_change": -0.016555899834293064, "hash_signature": "4990e2548f67e26e", "sequence_str": "EN -> OZ -> NUL -> NAV"}