{"sequence": ["NUL", "RA", "VAL", "OZ", "IL", "REMESH"], "coherence_change": -0.002184759662998137, "sense_index_change": -0.03556199441752228, "phi_s_change": 0.023216726619445405, "grad_phi_change": 0.10071649298562413, "k_phi_change": 0.36414741875389617, "xi_c_change": 0.0, "phase_sync_change": -0.0406045061140361, "epi_magnitude_change": 0.016292696423306108, "hash_signature": "1d7443f75ecbd18b", "sequence_str": "NUL -> RA -> VAL -> OZ -> IL -> REMESH"}