{"sequence": ["UM", "EN", "AL", "OZ"], "coherence_change": -0.014394340959686502, "sense_index_change": 0.01491788783247261, "phi_s_change": -0.12071137891168016, "grad_phi_change": -0.015041825412087872, "k_phi_change": 0.6011278376895137, "xi_c_change": 0.0, "phase_sync_change": -0.011805446537757724, "epi_magnitude_change": -0.0072938492140703914, "hash_signature": "ad68c19ce1055543", "sequence_str": "UM -> EN -> AL -> OZ"}