{"sequence": ["IL", "UM", "NUL", "AL", "SHA"], "coherence_change": 0.005634882714432132, "sense_index_change": 0.06381254709733397, "phi_s_change": 0.03940456555230276, "grad_phi_change": -0.34941908082584394, "k_phi_change": 0.3273604421731575, "xi_c_change": 0.0, "phase_sync_change": 0.12880963729429562, "epi_magnitude_change": -0.021573230442565983, "hash_signature": "7923c99a092802c4", "sequence_str": "IL -> UM -> NUL -> AL -> SHA"}