{"sequence": ["OZ", "NAV", "UM", "ZHIR", "RA", "OZ"], "coherence_change": -0.0346413965163056, "sense_index_change": 0.05487271378844394, "phi_s_change": -0.09476684993220374, "grad_phi_change": -0.13889707093413373, "k_phi_change": -0.010320400759483067, "xi_c_change": 0.0, "phase_sync_change": 0.047241566959004055, "epi_magnitude_change": 0.0, "hash_signature": "b4f3fa7ce5ffc7c8", "sequence_str": "OZ -> NAV -> UM -> ZHIR -> RA -> OZ"}