{"sequence": ["NAV", "IL", "SHA", "REMESH"], "coherence_change": 0.009698796641897656, "sense_index_change": 0.00450463307240534, "phi_s_change": -0.029657196039072797, "grad_phi_change": 0.0, "k_phi_change": 0.0, "xi_c_change": 0.0, "phase_sync_change": 0.0, "epi_magnitude_change": 0.0015609436859147507, "hash_signature": "84866ba25c7d5a12", "sequence_str": "NAV -> IL -> SHA -> REMESH"}