{"sequence": ["NAV", "RA", "NUL", "NAV"], "coherence_change": 0.0, "sense_index_change": -0.004500081265366052, "phi_s_change": 0.0, "grad_phi_change": 0.07102329137247909, "k_phi_change": 0.7394657296988181, "xi_c_change": 0.0, "phase_sync_change": -0.02947201889597406, "epi_magnitude_change": -0.010315535292810707, "hash_signature": "b70587cefa800698", "sequence_str": "NAV -> RA -> NUL -> NAV"}