{"sequence": ["IL", "NUL", "REMESH"], "coherence_change": 0.008139428252037617, "sense_index_change": 0.005706396287424087, "phi_s_change": -0.013866619330733299, "grad_phi_change": 0.0, "k_phi_change": 0.0, "xi_c_change": 0.0, "phase_sync_change": 0.0, "epi_magnitude_change": -0.019883887298052683, "hash_signature": "ad945d276f9b36ad", "sequence_str": "IL -> NUL -> REMESH"}