{"sequence": ["AL", "OZ", "OZ", "OZ"], "coherence_change": -0.029933908832319278, "sense_index_change": 0.016816226830152492, "phi_s_change": -0.13752612205510417, "grad_phi_change": 0.0, "k_phi_change": 0.0, "xi_c_change": 0.0, "phase_sync_change": 0.0, "epi_magnitude_change": 0.0010013955150567355, "hash_signature": "26e61fd7ea6cf14b", "sequence_str": "AL -> OZ -> OZ -> OZ"}