{"sequence": ["IL", "ZHIR", "UM", "NAV"], "coherence_change": 0.008126554345406212, "sense_index_change": 0.055208452052407986, "phi_s_change": 0.06672107581877518, "grad_phi_change": -0.26888687095393493, "k_phi_change": 0.22172689480885865, "xi_c_change": 0.0, "phase_sync_change": 0.09155098939142525, "epi_magnitude_change": 0.0, "hash_signature": "04f5c97682687ec9", "sequence_str": "IL -> ZHIR -> UM -> NAV"}