{"sequence": ["VAL", "ZHIR", "NAV"], "coherence_change": 0.0, "sense_index_change": -0.004627208743776312, "phi_s_change": 0.0, "grad_phi_change": -0.013699414376885821, "k_phi_change": 0.14870326901149838, "xi_c_change": 0.0, "phase_sync_change": 0.005103827606651734, "epi_magnitude_change": 0.02229723088634472, "hash_signature": "513c760af4a650d2", "sequence_str": "VAL -> ZHIR -> NAV"}