{"sequence": ["SHA", "VAL", "THOL", "NAV"], "coherence_change": 0.006850694704310878, "sense_index_change": -0.0013627472369275306, "phi_s_change": 0.015837621518806855, "grad_phi_change": 0.0, "k_phi_change": 0.0, "xi_c_change": 0.0, "phase_sync_change": 0.0, "epi_magnitude_change": 0.011385024572754698, "hash_signature": "8f99f2b996def2aa", "sequence_str": "SHA -> VAL -> THOL -> NAV"}