{"sequence": ["THOL", "NUL", "EN", "RA", "NAV"], "coherence_change": 0.005389298541936038, "sense_index_change": -0.010350315790969011, "phi_s_change": 0.04625885261048501, "grad_phi_change": -0.02544642540519515, "k_phi_change": 0.1780675864112591, "xi_c_change": 0.0, "phase_sync_change": 0.009596216641427291, "epi_magnitude_change": -0.01112343108814784, "hash_signature": "7940293a81118938", "sequence_str": "THOL -> NUL -> EN -> RA -> NAV"}