{"sequence": ["REMESH", "UM", "OZ", "RA", "OZ"], "coherence_change": -0.02241020848322628, "sense_index_change": 0.09855500163963515, "phi_s_change": -0.22466101780897985, "grad_phi_change": -0.4015411402083473, "k_phi_change": 0.3701602164120905, "xi_c_change": 0.0, "phase_sync_change": 0.13083775101778639, "epi_magnitude_change": 0.0015115013802711186, "hash_signature": "2e32f893796f7f13", "sequence_str": "REMESH -> UM -> OZ -> RA -> OZ"}