{"sequence": ["AL", "ZHIR", "EN", "SHA"], "coherence_change": 0.0, "sense_index_change": -0.006756945723795149, "phi_s_change": 0.0, "grad_phi_change": 0.08099282954283193, "k_phi_change": -0.09157340287961202, "xi_c_change": 0.0, "phase_sync_change": -0.025362075965961184, "epi_magnitude_change": -0.0009923223584914487, "hash_signature": "be984f7b9c5d7dd7", "sequence_str": "AL -> ZHIR -> EN -> SHA"}