{"sequence": ["RA", "VAL", "AL", "SHA", "IL", "SHA"], "coherence_change": 0.009107587772740788, "sense_index_change": -0.0037747822352229843, "phi_s_change": -0.053973216202771734, "grad_phi_change": 0.04521728430672889, "k_phi_change": 0.4891236798835619, "xi_c_change": 0.0, "phase_sync_change": -0.0213587997436262, "epi_magnitude_change": 0.007915316881246803, "hash_signature": "9d4546f8c759f41f", "sequence_str": "RA -> VAL -> AL -> SHA -> IL -> SHA"}