{"sequence": ["SHA", "UM", "THOL", "OZ"], "coherence_change": -0.003582401022539261, "sense_index_change": 0.028833921124281736, "phi_s_change": 0.0035665200457479784, "grad_phi_change": -0.13654543962926047, "k_phi_change": 0.004127921117743488, "xi_c_change": 0.0, "phase_sync_change": 0.04662183330283465, "epi_magnitude_change": 0.0, "hash_signature": "c8625c9f997f95d3", "sequence_str": "SHA -> UM -> THOL -> OZ"}