{"sequence": ["AL", "NUL", "VAL", "REMESH", "OZ"], "coherence_change": -0.01103823207527721, "sense_index_change": 0.0012252683404074816, "phi_s_change": 0.08911399261946329, "grad_phi_change": 0.0, "k_phi_change": 0.0, "xi_c_change": 0.0, "phase_sync_change": 0.0, "epi_magnitude_change": -0.0015823929568956618, "hash_signature": "7894aa9d3c5f2e72", "sequence_str": "AL -> NUL -> VAL -> REMESH -> OZ"}