{"sequence": ["REMESH", "ZHIR", "UM", "UM", "THOL", "OZ"], "coherence_change": -0.004364155977105932, "sense_index_change": 0.07101423979635524, "phi_s_change": 0.09103275189059423, "grad_phi_change": -0.38889676407204177, "k_phi_change": 0.2427971715387044, "xi_c_change": 0.0, "phase_sync_change": 0.1267439847103834, "epi_magnitude_change": 0.0017042147073380587, "hash_signature": "274e609b5ec486d4", "sequence_str": "REMESH -> ZHIR -> UM -> UM -> THOL -> OZ"}