{"sequence": ["REMESH", "AL", "IL", "NUL", "THOL", "OZ"], "coherence_change": 0.003203822676006718, "sense_index_change": -0.009254529810170442, "phi_s_change": 0.035179721232584615, "grad_phi_change": 0.0, "k_phi_change": 0.0, "xi_c_change": 0.0, "phase_sync_change": 0.0, "epi_magnitude_change": -0.01503393945159237, "hash_signature": "729b1b807a609538", "sequence_str": "REMESH -> AL -> IL -> NUL -> THOL -> OZ"}