{"sequence": ["VAL", "EN", "THOL", "REMESH"], "coherence_change": 0.005620017939246047, "sense_index_change": 0.004693594147311186, "phi_s_change": 0.00896853150710708, "grad_phi_change": 0.0, "k_phi_change": 0.0, "xi_c_change": 0.0, "phase_sync_change": 0.0, "epi_magnitude_change": 0.015011005909868147, "hash_signature": "979db55c25e231ac", "sequence_str": "VAL -> EN -> THOL -> REMESH"}