{"sequence": ["NUL", "THOL", "NAV", "EN", "SHA"], "coherence_change": 0.00518757292242622, "sense_index_change": 0.010598472765640188, "phi_s_change": 0.007708014165483945, "grad_phi_change": 0.0, "k_phi_change": 0.0, "xi_c_change": 0.0, "phase_sync_change": 0.0, "epi_magnitude_change": -0.013079072040838247, "hash_signature": "0d1aed152f1a3274", "sequence_str": "NUL -> THOL -> NAV -> EN -> SHA"}