{"sequence": ["UM", "EN", "NUL", "SHA"], "coherence_change": 0.0, "sense_index_change": 0.037026619787702275, "phi_s_change": 0.0, "grad_phi_change": -0.2646792847947199, "k_phi_change": 0.24691813207031957, "xi_c_change": 0.0, "phase_sync_change": 0.07645116896313664, "epi_magnitude_change": -0.009958950466763317, "hash_signature": "bb5b8d7b8938e6f3", "sequence_str": "UM -> EN -> NUL -> SHA"}