{"sequence": ["SHA", "ZHIR", "UM", "SHA"], "coherence_change": 0.0, "sense_index_change": 0.019078173898586126, "phi_s_change": 0.0, "grad_phi_change": -0.14612764468310635, "k_phi_change": -0.00174613778406571, "xi_c_change": 0.0, "phase_sync_change": 0.03215319960215868, "epi_magnitude_change": 0.0, "hash_signature": "e344ba7cb3a261bd", "sequence_str": "SHA -> ZHIR -> UM -> SHA"}