{"sequence": ["VAL", "RA", "UM", "THOL", "ZHIR", "OZ"], "coherence_change": -0.010686135395570395, "sense_index_change": 0.05605804157358274, "phi_s_change": 0.0454495867108623, "grad_phi_change": -0.21865879900346186, "k_phi_change": 0.33548942738906345, "xi_c_change": 0.0, "phase_sync_change": 0.07682525163266829, "epi_magnitude_change": 0.01931370154570955, "hash_signature": "266ec5da09c31a56", "sequence_str": "VAL -> RA -> UM -> THOL -> ZHIR -> OZ"}