{"sequence": ["ZHIR", "ZHIR", "AL", "REMESH"], "coherence_change": 0.0, "sense_index_change": 0.009681706044848637, "phi_s_change": 0.0, "grad_phi_change": -0.07538014462603138, "k_phi_change": 0.3069214852473485, "xi_c_change": 0.0, "phase_sync_change": 0.019416703516712208, "epi_magnitude_change": 0.0020050431033635796, "hash_signature": "732ca89f0f0550a3", "sequence_str": "ZHIR -> ZHIR -> AL -> REMESH"}