{"sequence": ["REMESH", "NUL", "UM", "SHA"], "coherence_change": 0.0, "sense_index_change": 0.003671214993122507, "phi_s_change": 0.0, "grad_phi_change": -0.07915168043216902, "k_phi_change": 0.17028563983704037, "xi_c_change": 0.0, "phase_sync_change": 0.014674008823902795, "epi_magnitude_change": -0.010220046933678395, "hash_signature": "8a05eca9cdf2832e", "sequence_str": "REMESH -> NUL -> UM -> SHA"}