{"sequence": ["AL", "IL", "AL", "OZ"], "coherence_change": -0.004460377148294614, "sense_index_change": 0.02072598103752421, "phi_s_change": -0.08664303857383493, "grad_phi_change": 0.0, "k_phi_change": 0.0, "xi_c_change": 0.0, "phase_sync_change": 0.0, "epi_magnitude_change": 0.0035619326812974528, "hash_signature": "16aab64f32883c39", "sequence_str": "AL -> IL -> AL -> OZ"}