{"sequence": ["VAL", "OZ", "ZHIR", "NAV"], "coherence_change": -0.00923443050856465, "sense_index_change": -0.021929344927788696, "phi_s_change": -0.02682319555371171, "grad_phi_change": 0.07097013811467079, "k_phi_change": 0.22199420438060807, "xi_c_change": 0.0, "phase_sync_change": -0.021349808297216555, "epi_magnitude_change": 0.016423326315916587, "hash_signature": "d22ab741e7b0d7e6", "sequence_str": "VAL -> OZ -> ZHIR -> NAV"}