{"sequence": ["REMESH", "VAL", "UM", "NAV"], "coherence_change": 0.0, "sense_index_change": 0.0515910083301333, "phi_s_change": 0.0, "grad_phi_change": -0.28318961699327927, "k_phi_change": -0.11812547644988153, "xi_c_change": 0.0, "phase_sync_change": 0.0840685209572477, "epi_magnitude_change": 0.008826260599107516, "hash_signature": "fc4afbdaa414c0d1", "sequence_str": "REMESH -> VAL -> UM -> NAV"}