{"sequence": ["NAV", "NAV", "RA", "THOL", "UM", "NAV"], "coherence_change": 0.00430643805467068, "sense_index_change": 0.013422528842750636, "phi_s_change": 0.014788163784358321, "grad_phi_change": -0.13412182308768972, "k_phi_change": 0.5309907207349065, "xi_c_change": 0.0, "phase_sync_change": 0.0370916040107514, "epi_magnitude_change": 0.0, "hash_signature": "db453b05178d4f8e", "sequence_str": "NAV -> NAV -> RA -> THOL -> UM -> NAV"}