{"sequence": ["NAV", "AL", "NUL", "IL", "REMESH"], "coherence_change": 0.009613055491482947, "sense_index_change": 0.008835978738932826, "phi_s_change": -0.006162553240073865, "grad_phi_change": 0.0, "k_phi_change": 0.0, "xi_c_change": 0.0, "phase_sync_change": 0.0, "epi_magnitude_change": -0.0046254650289208055, "hash_signature": "20aedf1857022443", "sequence_str": "NAV -> AL -> NUL -> IL -> REMESH"}