{"sequence": ["NAV", "OZ", "NUL", "SHA"], "coherence_change": -0.013896612571912437, "sense_index_change": 0.025089524493049353, "phi_s_change": -0.006957467586317212, "grad_phi_change": 0.0, "k_phi_change": 0.0, "xi_c_change": 0.0, "phase_sync_change": 0.0, "epi_magnitude_change": -0.023170846831424896, "hash_signature": "5ac66070f15ef4e1", "sequence_str": "NAV -> OZ -> NUL -> SHA"}