{"sequence": ["VAL", "SHA", "THOL", "SHA", "NAV"], "coherence_change": 0.003400958184649583, "sense_index_change": -0.00026094882885119297, "phi_s_change": -0.011156772152877248, "grad_phi_change": 0.0, "k_phi_change": 0.0, "xi_c_change": 0.0, "phase_sync_change": 0.0, "epi_magnitude_change": 0.008163228631294928, "hash_signature": "1501210e3d13712a", "sequence_str": "VAL -> SHA -> THOL -> SHA -> NAV"}