{"sequence": ["VAL", "VAL", "ZHIR", "SHA"], "coherence_change": 0.0, "sense_index_change": -0.0016268478699956734, "phi_s_change": 0.0, "grad_phi_change": -0.041435489237784395, "k_phi_change": 0.10932009706346194, "xi_c_change": 0.0, "phase_sync_change": 0.012645598043040773, "epi_magnitude_change": 0.0237477042982015, "hash_signature": "6177bb93e86044ab", "sequence_str": "VAL -> VAL -> ZHIR -> SHA"}