{"sequence": ["NAV", "THOL", "EN", "OZ", "UM", "OZ"], "coherence_change": -0.022772943941986035, "sense_index_change": -0.012180546415076043, "phi_s_change": 0.08673934036006259, "grad_phi_change": 0.058937356640282434, "k_phi_change": -0.199491576849667, "xi_c_change": 0.0, "phase_sync_change": -0.029752486960241353, "epi_magnitude_change": 0.0, "hash_signature": "96b236865f8dcd6d", "sequence_str": "NAV -> THOL -> EN -> OZ -> UM -> OZ"}