{"sequence": ["NUL", "ZHIR", "IL", "THOL", "EN", "OZ"], "coherence_change": 0.0021354552315850928, "sense_index_change": 0.00023542108657814698, "phi_s_change": -0.010566604702040072, "grad_phi_change": 0.024704812932970777, "k_phi_change": 0.31044527868621763, "xi_c_change": 0.0, "phase_sync_change": -0.008575569776490322, "epi_magnitude_change": -0.017667200549270734, "hash_signature": "45a826b36bb5b542", "sequence_str": "NUL -> ZHIR -> IL -> THOL -> EN -> OZ"}