{"sequence": ["AL", "VAL", "UM", "SHA", "UM", "REMESH"], "coherence_change": 0.0, "sense_index_change": 0.03583156427126999, "phi_s_change": 0.0, "grad_phi_change": -0.178156455130134, "k_phi_change": 0.0748915571984935, "xi_c_change": 0.0, "phase_sync_change": 0.05907739341013685, "epi_magnitude_change": 0.025263476203408186, "hash_signature": "5c329c0115185cd9", "sequence_str": "AL -> VAL -> UM -> SHA -> UM -> REMESH"}