{"sequence": ["REMESH", "NAV", "RA", "SHA"], "coherence_change": 0.0, "sense_index_change": -0.0048428155458292155, "phi_s_change": 0.0, "grad_phi_change": 0.02134284309301404, "k_phi_change": 0.4071418985160783, "xi_c_change": 0.0, "phase_sync_change": -0.01568838211797574, "epi_magnitude_change": 0.0013894051093910065, "hash_signature": "ab930aaa3e14f60f", "sequence_str": "REMESH -> NAV -> RA -> SHA"}