{"sequence": ["REMESH", "ZHIR", "SHA", "AL", "REMESH"], "coherence_change": 0.0, "sense_index_change": 0.0030474414434903396, "phi_s_change": 0.0, "grad_phi_change": 0.0194288095677706, "k_phi_change": 0.17270390947023545, "xi_c_change": 0.0, "phase_sync_change": -0.0023414943918932396, "epi_magnitude_change": 0.004433545611941203, "hash_signature": "a2ec0daa7d4d8eff", "sequence_str": "REMESH -> ZHIR -> SHA -> AL -> REMESH"}