{"sequence": ["THOL", "ZHIR", "NUL", "NUL", "NAV"], "coherence_change": 0.004992776622595785, "sense_index_change": -0.01566403508443842, "phi_s_change": 0.05671695393884657, "grad_phi_change": 0.05593839307550308, "k_phi_change": 0.12531141348342395, "xi_c_change": 0.0, "phase_sync_change": -0.01856581642770716, "epi_magnitude_change": -0.018699925055408184, "hash_signature": "c53c6dbaf94e7a19", "sequence_str": "THOL -> ZHIR -> NUL -> NUL -> NAV"}