{"sequence": ["ZHIR", "NUL", "RA", "OZ", "THOL", "SHA"], "coherence_change": -0.007796104957329519, "sense_index_change": -0.024824879956198587, "phi_s_change": -0.034939262964081896, "grad_phi_change": 0.024800552075422644, "k_phi_change": -0.13875260969070874, "xi_c_change": 0.0, "phase_sync_change": -0.01103597300416248, "epi_magnitude_change": -0.015416846878738677, "hash_signature": "170f122a4db25ea9", "sequence_str": "ZHIR -> NUL -> RA -> OZ -> THOL -> SHA"}