{"sequence": ["VAL", "THOL", "NAV"], "coherence_change": 0.005852552792876997, "sense_index_change": 0.0017303161860474647, "phi_s_change": 0.03295910198580054, "grad_phi_change": 0.0, "k_phi_change": 0.0, "xi_c_change": 0.0, "phase_sync_change": 0.0, "epi_magnitude_change": 0.01792879887649912, "hash_signature": "da802945e304c1a7", "sequence_str": "VAL -> THOL -> NAV"}