{"sequence": ["VAL", "AL", "AL", "ZHIR", "AL", "SHA"], "coherence_change": 0.0, "sense_index_change": 0.020098257993394375, "phi_s_change": 0.0, "grad_phi_change": -0.08542853302301845, "k_phi_change": 0.028010126184977974, "xi_c_change": 0.0, "phase_sync_change": 0.02667528536767827, "epi_magnitude_change": 0.01018945752500422, "hash_signature": "c02113fadffae0b5", "sequence_str": "VAL -> AL -> AL -> ZHIR -> AL -> SHA"}