{"sequence": ["ZHIR", "THOL", "RA", "NAV"], "coherence_change": 0.006163879959341978, "sense_index_change": -0.013220856890255706, "phi_s_change": 0.03142968170895977, "grad_phi_change": 0.055006823160342444, "k_phi_change": 0.289797002659841, "xi_c_change": 0.0, "phase_sync_change": -0.02394722941236782, "epi_magnitude_change": 0.0, "hash_signature": "53701afdf32a456a", "sequence_str": "ZHIR -> THOL -> RA -> NAV"}