{"sequence": ["NUL", "IL", "SHA", "VAL", "UM", "NAV"], "coherence_change": 0.006253968403193588, "sense_index_change": 0.036647292770419004, "phi_s_change": 0.0756342319198543, "grad_phi_change": -0.18026165133797423, "k_phi_change": 0.25032809706262327, "xi_c_change": 0.0, "phase_sync_change": 0.07237985486943299, "epi_magnitude_change": -0.0061712249183908385, "hash_signature": "1cd75accd7a8eb77", "sequence_str": "NUL -> IL -> SHA -> VAL -> UM -> NAV"}