{"sequence": ["REMESH", "NAV", "IL", "EN", "OZ"], "coherence_change": -0.0062464217742380646, "sense_index_change": 0.0007809248547251402, "phi_s_change": -0.20864087086236105, "grad_phi_change": 0.0, "k_phi_change": 0.0, "xi_c_change": 0.0, "phase_sync_change": 0.0, "epi_magnitude_change": 0.0012615601130827603, "hash_signature": "e8b3672468cefda5", "sequence_str": "REMESH -> NAV -> IL -> EN -> OZ"}