{"sequence": ["THOL", "EN", "NAV", "ZHIR", "SHA"], "coherence_change": 0.006188911554701582, "sense_index_change": -0.009398468806530502, "phi_s_change": 0.07937510487428878, "grad_phi_change": -0.028158560010258293, "k_phi_change": 0.11866845086856269, "xi_c_change": 0.0, "phase_sync_change": 0.008431776665380863, "epi_magnitude_change": 0.0, "hash_signature": "d3c213477260720d", "sequence_str": "THOL -> EN -> NAV -> ZHIR -> SHA"}