{"sequence": ["SHA", "OZ", "ZHIR", "IL", "SHA"], "coherence_change": -0.007174573275243845, "sense_index_change": 0.03468693505802822, "phi_s_change": 0.10552531951941146, "grad_phi_change": -0.04685131094245443, "k_phi_change": 0.28388774088884566, "xi_c_change": 0.0, "phase_sync_change": 0.012002360380603205, "epi_magnitude_change": 0.0, "hash_signature": "3983b6b74fcb11a2", "sequence_str": "SHA -> OZ -> ZHIR -> IL -> SHA"}