{"sequence": ["AL", "RA", "NAV", "REMESH"], "coherence_change": 0.0, "sense_index_change": 0.010753962675242978, "phi_s_change": 0.0, "grad_phi_change": -0.07145339945332063, "k_phi_change": -0.04937867976604582, "xi_c_change": 0.0, "phase_sync_change": 0.02174583365754712, "epi_magnitude_change": 0.0036029805176768237, "hash_signature": "d6c0ed362ce15a0a", "sequence_str": "AL -> RA -> NAV -> REMESH"}