{"sequence": ["THOL", "REMESH", "SHA", "OZ"], "coherence_change": -0.0036624973584359344, "sense_index_change": 0.0005029564304929179, "phi_s_change": 0.010814139670301981, "grad_phi_change": 0.0, "k_phi_change": 0.0, "xi_c_change": 0.0, "phase_sync_change": 0.0, "epi_magnitude_change": 0.001875703073765722, "hash_signature": "a5e4b47fc10026f8", "sequence_str": "THOL -> REMESH -> SHA -> OZ"}