{"sequence": ["SHA", "THOL", "NUL", "UM", "REMESH"], "coherence_change": 0.006509307794623442, "sense_index_change": 0.027451434023238352, "phi_s_change": -0.04290910831508998, "grad_phi_change": -0.09869222282706169, "k_phi_change": -0.41543459491779494, "xi_c_change": 0.0, "phase_sync_change": 0.032512109092623365, "epi_magnitude_change": -0.015554488682936296, "hash_signature": "b326666a735a47f3", "sequence_str": "SHA -> THOL -> NUL -> UM -> REMESH"}