{"sequence": ["NAV", "EN", "RA", "VAL", "IL", "OZ"], "coherence_change": -0.006587894959657392, "sense_index_change": 0.001353779144988132, "phi_s_change": -0.03980245632343893, "grad_phi_change": 0.061435035117279435, "k_phi_change": 0.17667244207702537, "xi_c_change": 0.0, "phase_sync_change": -0.029909248393202748, "epi_magnitude_change": 0.01674721068967322, "hash_signature": "431b8f59eafeda92", "sequence_str": "NAV -> EN -> RA -> VAL -> IL -> OZ"}