{"sequence": ["EN", "SHA", "ZHIR", "UM", "VAL", "REMESH"], "coherence_change": 0.0, "sense_index_change": -0.009815438369952578, "phi_s_change": 0.0, "grad_phi_change": 0.05390182212061223, "k_phi_change": 0.5448447458431847, "xi_c_change": 0.0, "phase_sync_change": -0.027516747540656694, "epi_magnitude_change": 0.016249946443899654, "hash_signature": "8fe4ad74161d313c", "sequence_str": "EN -> SHA -> ZHIR -> UM -> VAL -> REMESH"}