{"sequence": ["OZ", "IL", "NUL", "OZ"], "coherence_change": -0.011949995019114867, "sense_index_change": 0.004151843526827181, "phi_s_change": 0.025214874541936827, "grad_phi_change": 0.0, "k_phi_change": 0.0, "xi_c_change": 0.0, "phase_sync_change": 0.0, "epi_magnitude_change": -0.017633939493977513, "hash_signature": "d7eef2c4f1a799e9", "sequence_str": "OZ -> IL -> NUL -> OZ"}