{"sequence": ["REMESH", "OZ", "OZ", "NUL", "SHA"], "coherence_change": -0.026391890912067617, "sense_index_change": 0.027820990968837833, "phi_s_change": -0.0626277025371954, "grad_phi_change": 0.0, "k_phi_change": 0.0, "xi_c_change": 0.0, "phase_sync_change": 0.0, "epi_magnitude_change": -0.021068447781377175, "hash_signature": "482b47f66faa7853", "sequence_str": "REMESH -> OZ -> OZ -> NUL -> SHA"}