{"sequence": ["NAV", "ZHIR", "NAV", "THOL", "REMESH"], "coherence_change": 0.004830985672509058, "sense_index_change": -0.023438140283962405, "phi_s_change": 0.03353504877023683, "grad_phi_change": 0.05294385035168281, "k_phi_change": 0.09190797031148147, "xi_c_change": 0.0, "phase_sync_change": -0.015619449776395511, "epi_magnitude_change": 0.0012919187570729074, "hash_signature": "6399cb500d664db6", "sequence_str": "NAV -> ZHIR -> NAV -> THOL -> REMESH"}