{"sequence": ["REMESH", "VAL", "EN", "IL", "REMESH"], "coherence_change": 0.007897651640720427, "sense_index_change": 0.0055387591760043264, "phi_s_change": 0.0007570529236373691, "grad_phi_change": 0.0, "k_phi_change": 0.0, "xi_c_change": 0.0, "phase_sync_change": 0.0, "epi_magnitude_change": 0.014734174699161606, "hash_signature": "978b68d4fd2bd05c", "sequence_str": "REMESH -> VAL -> EN -> IL -> REMESH"}