{"sequence": ["UM", "VAL", "RA", "ZHIR", "REMESH"], "coherence_change": 0.0, "sense_index_change": 0.033157561160622184, "phi_s_change": 0.0, "grad_phi_change": -0.2165727856866595, "k_phi_change": 0.1372493100323365, "xi_c_change": 0.0, "phase_sync_change": 0.06160905100875291, "epi_magnitude_change": 0.015651885657262388, "hash_signature": "63bde86170b28478", "sequence_str": "UM -> VAL -> RA -> ZHIR -> REMESH"}