{"sequence": ["REMESH", "EN", "RA", "THOL", "REMESH"], "coherence_change": 0.0056719187243455815, "sense_index_change": -0.012017023875179667, "phi_s_change": -0.008131044720491754, "grad_phi_change": 0.044922983489790624, "k_phi_change": -0.07810134944789193, "xi_c_change": 0.0, "phase_sync_change": -0.02381017347179082, "epi_magnitude_change": 0.0025215862962828517, "hash_signature": "8c88c8e7234c6871", "sequence_str": "REMESH -> EN -> RA -> THOL -> REMESH"}