{"sequence": ["AL", "RA", "SHA", "OZ"], "coherence_change": -0.017078609605244766, "sense_index_change": 0.01878895333696573, "phi_s_change": -0.08692409683676439, "grad_phi_change": -0.093939904002168, "k_phi_change": 0.1026787339762805, "xi_c_change": 0.0, "phase_sync_change": 0.02478430346200844, "epi_magnitude_change": 0.0009812648391983592, "hash_signature": "7868453e8c43e014", "sequence_str": "AL -> RA -> SHA -> OZ"}