{"sequence": ["AL", "OZ", "NAV"], "coherence_change": -0.008864739939759114, "sense_index_change": -0.012024648930421489, "phi_s_change": 0.025161736700131443, "grad_phi_change": 0.0, "k_phi_change": 0.0, "xi_c_change": 0.0, "phase_sync_change": 0.0, "epi_magnitude_change": -0.00657336647898854, "hash_signature": "8a17288771c116e4", "sequence_str": "AL -> OZ -> NAV"}