{"sequence": ["AL", "EN", "ZHIR", "VAL", "SHA"], "coherence_change": 0.0, "sense_index_change": -0.005645472342814983, "phi_s_change": 0.0, "grad_phi_change": 0.03731323416082111, "k_phi_change": -0.04065638368723273, "xi_c_change": 0.0, "phase_sync_change": -0.01011851049732515, "epi_magnitude_change": 0.027835115730711513, "hash_signature": "42eca2be85f8a3a2", "sequence_str": "AL -> EN -> ZHIR -> VAL -> SHA"}