{"sequence": ["NUL", "NUL", "EN", "OZ"], "coherence_change": -0.010469224304275326, "sense_index_change": -0.001495449196377674, "phi_s_change": -0.02696219916761866, "grad_phi_change": 0.0, "k_phi_change": 0.0, "xi_c_change": 0.0, "phase_sync_change": 0.0, "epi_magnitude_change": -0.026963952847263162, "hash_signature": "f30e66690d168a7c", "sequence_str": "NUL -> NUL -> EN -> OZ"}