{"sequence": ["OZ", "THOL", "REMESH", "VAL", "OZ"], "coherence_change": -0.014436898015100952, "sense_index_change": 0.0038563942058851275, "phi_s_change": 0.06947128368109878, "grad_phi_change": 0.0, "k_phi_change": 0.0, "xi_c_change": 0.0, "phase_sync_change": 0.0, "epi_magnitude_change": 0.01864217191355977, "hash_signature": "3df512589d954a04", "sequence_str": "OZ -> THOL -> REMESH -> VAL -> OZ"}