{"sequence": ["OZ", "NAV", "UM", "UM", "AL", "SHA"], "coherence_change": -0.012211794596283077, "sense_index_change": 0.10870518089340153, "phi_s_change": -0.1275245633821116, "grad_phi_change": -0.47757970701317753, "k_phi_change": 0.1798774280830431, "xi_c_change": 0.0, "phase_sync_change": 0.1529530391579763, "epi_magnitude_change": 0.0021958987444309352, "hash_signature": "c51373954c339f7b", "sequence_str": "OZ -> NAV -> UM -> UM -> AL -> SHA"}