{"sequence": ["VAL", "ZHIR", "VAL", "IL", "OZ"], "coherence_change": -0.005546641741054459, "sense_index_change": -0.008438430799923013, "phi_s_change": 0.04879128939281552, "grad_phi_change": 0.012123362102530733, "k_phi_change": 0.0977005782611863, "xi_c_change": 0.0, "phase_sync_change": -0.0032814451919089827, "epi_magnitude_change": 0.028304508697857278, "hash_signature": "b89b0b78b14e8bd2", "sequence_str": "VAL -> ZHIR -> VAL -> IL -> OZ"}