{"sequence": ["UM", "IL", "ZHIR", "VAL", "SHA"], "coherence_change": 0.007018068522348098, "sense_index_change": -0.010959907716245165, "phi_s_change": 0.0020032035822467043, "grad_phi_change": 0.10394568622140588, "k_phi_change": 0.011866255021660832, "xi_c_change": 0.0, "phase_sync_change": -0.04560060228981022, "epi_magnitude_change": 0.016725043929748162, "hash_signature": "0458757e3da99eb4", "sequence_str": "UM -> IL -> ZHIR -> VAL -> SHA"}