{"sequence": ["AL", "AL", "RA", "RA", "VAL", "NAV"], "coherence_change": 0.0, "sense_index_change": 0.013827679987815977, "phi_s_change": 0.0, "grad_phi_change": -0.1266776305355508, "k_phi_change": -0.06450949050906651, "xi_c_change": 0.0, "phase_sync_change": 0.045192184926214685, "epi_magnitude_change": 0.032167006642180085, "hash_signature": "dad889d96c8ecab1", "sequence_str": "AL -> AL -> RA -> RA -> VAL -> NAV"}