{"sequence": ["REMESH", "NAV", "THOL", "ZHIR", "SHA"], "coherence_change": 0.005313846171267289, "sense_index_change": -0.003927360362763865, "phi_s_change": 0.04310064282439641, "grad_phi_change": 0.008028514559174083, "k_phi_change": 0.06768884962104799, "xi_c_change": 0.0, "phase_sync_change": -0.0033333333333334103, "epi_magnitude_change": 0.001917401315896905, "hash_signature": "cc33739c457882a7", "sequence_str": "REMESH -> NAV -> THOL -> ZHIR -> SHA"}