{"sequence": ["NAV", "SHA", "ZHIR", "VAL", "VAL", "REMESH"], "coherence_change": 0.0, "sense_index_change": -0.019933554657078578, "phi_s_change": 0.0, "grad_phi_change": 0.10553855913113042, "k_phi_change": -0.06712700872452637, "xi_c_change": 0.0, "phase_sync_change": -0.03621738658473883, "epi_magnitude_change": 0.02827720171765158, "hash_signature": "04c40a4571dc5248", "sequence_str": "NAV -> SHA -> ZHIR -> VAL -> VAL -> REMESH"}