{"sequence": ["ZHIR", "VAL", "RA", "NAV"], "coherence_change": 0.0, "sense_index_change": -0.026459327423808354, "phi_s_change": 0.0, "grad_phi_change": 0.057801433909738575, "k_phi_change": -0.09739831936485638, "xi_c_change": 0.0, "phase_sync_change": -0.015226413732785327, "epi_magnitude_change": 0.016051897066826526, "hash_signature": "7cec2f63c6ddea7b", "sequence_str": "ZHIR -> VAL -> RA -> NAV"}