{"sequence": ["VAL", "OZ", "SHA", "VAL", "SHA"], "coherence_change": -0.012133125296514558, "sense_index_change": 0.027749808031059864, "phi_s_change": -0.10125517508739634, "grad_phi_change": 0.0, "k_phi_change": 0.0, "xi_c_change": 0.0, "phase_sync_change": 0.0, "epi_magnitude_change": 0.03630962199281129, "hash_signature": "db2bb22085e885bd", "sequence_str": "VAL -> OZ -> SHA -> VAL -> SHA"}