{"sequence": ["ZHIR", "AL", "UM", "AL", "THOL", "OZ"], "coherence_change": -0.008226629127424556, "sense_index_change": 0.01779785814141588, "phi_s_change": 0.027971430410439257, "grad_phi_change": -0.1761933129057145, "k_phi_change": 0.034845352414912295, "xi_c_change": 0.0, "phase_sync_change": 0.04494708304171635, "epi_magnitude_change": 0.0012957260555578332, "hash_signature": "58a9a052e2f33a6c", "sequence_str": "ZHIR -> AL -> UM -> AL -> THOL -> OZ"}