{"sequence": ["AL", "SHA", "UM", "IL", "SHA"], "coherence_change": 0.008398915384157934, "sense_index_change": 0.03491859876956416, "phi_s_change": 0.09769749548021445, "grad_phi_change": -0.10476859642777114, "k_phi_change": -0.0006640040200475705, "xi_c_change": 0.0, "phase_sync_change": 0.04133834850271845, "epi_magnitude_change": 0.009079238329986139, "hash_signature": "a5917712ebdabb89", "sequence_str": "AL -> SHA -> UM -> IL -> SHA"}