{"sequence": ["REMESH", "UM", "UM", "OZ"], "coherence_change": -0.00953370621037719, "sense_index_change": 0.024468157828504755, "phi_s_change": -0.06332340974154282, "grad_phi_change": -0.11793994774031136, "k_phi_change": 0.010502284401246231, "xi_c_change": 0.0, "phase_sync_change": 0.03997698759034651, "epi_magnitude_change": 0.001311361646286091, "hash_signature": "073bcb4130170c8a", "sequence_str": "REMESH -> UM -> UM -> OZ"}