{"sequence": ["THOL", "AL", "OZ", "VAL", "OZ"], "coherence_change": -0.011101736111629346, "sense_index_change": -0.013297869317929034, "phi_s_change": 0.055864313641216023, "grad_phi_change": 0.0, "k_phi_change": 0.0, "xi_c_change": 0.0, "phase_sync_change": 0.0, "epi_magnitude_change": 0.012943238280393787, "hash_signature": "4fcd9a0c72c0c43f", "sequence_str": "THOL -> AL -> OZ -> VAL -> OZ"}