{"sequence": ["AL", "IL", "NUL", "REMESH"], "coherence_change": 0.007472669540980914, "sense_index_change": -6.796736359238054e-05, "phi_s_change": -0.015078705931643399, "grad_phi_change": 0.0, "k_phi_change": 0.0, "xi_c_change": 0.0, "phase_sync_change": 0.0, "epi_magnitude_change": -0.025198331615088776, "hash_signature": "753abedec9619513", "sequence_str": "AL -> IL -> NUL -> REMESH"}