{"sequence": ["IL", "THOL", "REMESH"], "coherence_change": 0.009118443009429655, "sense_index_change": 0.00722852791319184, "phi_s_change": -0.062208549780891076, "grad_phi_change": 0.0, "k_phi_change": 0.0, "xi_c_change": 0.0, "phase_sync_change": 0.0, "epi_magnitude_change": 0.0013773202596899514, "hash_signature": "0fe6d0e9d9221cf6", "sequence_str": "IL -> THOL -> REMESH"}