{"sequence": ["NUL", "THOL", "AL", "SHA", "NAV"], "coherence_change": 0.005849451519713389, "sense_index_change": -0.00561991272602802, "phi_s_change": 0.04761928343776811, "grad_phi_change": 0.0, "k_phi_change": 0.0, "xi_c_change": 0.0, "phase_sync_change": 0.0, "epi_magnitude_change": -0.012758769427096972, "hash_signature": "491211687424e7c9", "sequence_str": "NUL -> THOL -> AL -> SHA -> NAV"}