{"sequence": ["NAV", "NAV", "RA", "THOL", "NAV"], "coherence_change": 0.006395883631234223, "sense_index_change": -0.03108735135918822, "phi_s_change": 0.04728853018093615, "grad_phi_change": 0.04764547658001139, "k_phi_change": -0.5794081605974097, "xi_c_change": 0.0, "phase_sync_change": -0.021323260260217136, "epi_magnitude_change": 0.0, "hash_signature": "13ef8ab21db41133", "sequence_str": "NAV -> NAV -> RA -> THOL -> NAV"}