{"sequence": ["RA", "IL", "RA", "UM", "OZ"], "coherence_change": -0.009054585300720341, "sense_index_change": 0.0688298083223976, "phi_s_change": 0.01031585907962329, "grad_phi_change": -0.5003150159041223, "k_phi_change": -0.03444519805154048, "xi_c_change": 0.0, "phase_sync_change": 0.15516718426609388, "epi_magnitude_change": 0.0, "hash_signature": "44ac0fed8058a59f", "sequence_str": "RA -> IL -> RA -> UM -> OZ"}