{"sequence": ["AL", "UM", "UM", "SHA", "NUL", "OZ"], "coherence_change": -0.005351874564562986, "sense_index_change": 0.08118327420724625, "phi_s_change": 0.04245142417542036, "grad_phi_change": -0.389629754150675, "k_phi_change": 0.3776607124226345, "xi_c_change": 0.0, "phase_sync_change": 0.1359582590081071, "epi_magnitude_change": -0.022442247052086084, "hash_signature": "1f7bd6096d6485b8", "sequence_str": "AL -> UM -> UM -> SHA -> NUL -> OZ"}