{"sequence": ["NUL", "NAV", "THOL", "OZ", "RA", "OZ"], "coherence_change": -0.019570805669393843, "sense_index_change": -0.0020262249488635087, "phi_s_change": -0.011828174839237704, "grad_phi_change": 0.005883978572509108, "k_phi_change": 0.1383782769541242, "xi_c_change": 0.0, "phase_sync_change": -0.012378862737238205, "epi_magnitude_change": -0.023432816773563125, "hash_signature": "e3cfe691ad66c99a", "sequence_str": "NUL -> NAV -> THOL -> OZ -> RA -> OZ"}