{"sequence": ["OZ", "OZ", "NUL", "SHA"], "coherence_change": -0.021280083385895487, "sense_index_change": -0.01750101455253439, "phi_s_change": -0.07164351310321837, "grad_phi_change": 0.0, "k_phi_change": 0.0, "xi_c_change": 0.0, "phase_sync_change": 0.0, "epi_magnitude_change": -0.011122578507777314, "hash_signature": "9a54018a937a1a40", "sequence_str": "OZ -> OZ -> NUL -> SHA"}