{"sequence": ["NUL", "AL", "UM", "IL", "OZ"], "coherence_change": -0.005424565224456224, "sense_index_change": 0.018824259531771914, "phi_s_change": 0.11708648721511372, "grad_phi_change": 0.05602438915686592, "k_phi_change": 0.4029932276838796, "xi_c_change": 0.0, "phase_sync_change": -0.02144263376478517, "epi_magnitude_change": -0.016278911897244397, "hash_signature": "6bc98e5b63395b32", "sequence_str": "NUL -> AL -> UM -> IL -> OZ"}