{"sequence": ["IL", "THOL", "AL", "ZHIR", "IL", "REMESH"], "coherence_change": 0.020992429739891683, "sense_index_change": 0.0014775373500801603, "phi_s_change": 0.00038358246939629304, "grad_phi_change": 0.017978630077669866, "k_phi_change": -0.06416801166435848, "xi_c_change": 0.0, "phase_sync_change": -0.005352322617177996, "epi_magnitude_change": 0.0063405990390063005, "hash_signature": "d0c211e8c06f4879", "sequence_str": "IL -> THOL -> AL -> ZHIR -> IL -> REMESH"}