{"sequence": ["VAL", "OZ", "RA", "NAV"], "coherence_change": -0.014302589630775464, "sense_index_change": -0.020412129103009713, "phi_s_change": -0.13809651072553686, "grad_phi_change": 0.044255247905674366, "k_phi_change": 0.15195346340254692, "xi_c_change": 0.0, "phase_sync_change": -0.027037665192991667, "epi_magnitude_change": 0.008050993634002634, "hash_signature": "3d3748bd4a998ce2", "sequence_str": "VAL -> OZ -> RA -> NAV"}