{"sequence": ["IL", "AL", "NAV", "NAV"], "coherence_change": 0.00513758515792917, "sense_index_change": 0.0053375937251303185, "phi_s_change": -0.027023945359358814, "grad_phi_change": 0.0, "k_phi_change": 0.0, "xi_c_change": 0.0, "phase_sync_change": 0.0, "epi_magnitude_change": 0.0008914958704484555, "hash_signature": "176b1f3cca97faad", "sequence_str": "IL -> AL -> NAV -> NAV"}