{"sequence": ["AL", "VAL", "EN", "OZ", "NAV"], "coherence_change": -0.006003787098430524, "sense_index_change": -0.0024903669145956986, "phi_s_change": -0.025950594664171045, "grad_phi_change": 0.0, "k_phi_change": 0.0, "xi_c_change": 0.0, "phase_sync_change": 0.0, "epi_magnitude_change": 0.022257589429677482, "hash_signature": "154bc4f1e1e47675", "sequence_str": "AL -> VAL -> EN -> OZ -> NAV"}