{"sequence": ["UM", "NUL", "THOL", "SHA"], "coherence_change": 0.004353209521581469, "sense_index_change": -0.005336140604612849, "phi_s_change": 0.015427317334350432, "grad_phi_change": -0.029883847913863226, "k_phi_change": -0.07576431441297576, "xi_c_change": 0.0, "phase_sync_change": 0.012892848757999675, "epi_magnitude_change": -0.020168279750013784, "hash_signature": "6ffddf7d21fb0464", "sequence_str": "UM -> NUL -> THOL -> SHA"}