{"sequence": ["NAV", "REMESH", "ZHIR", "AL", "NAV"], "coherence_change": 0.0, "sense_index_change": -0.0012974076908471854, "phi_s_change": 0.0, "grad_phi_change": 0.0656679348930318, "k_phi_change": 0.10329710134463309, "xi_c_change": 0.0, "phase_sync_change": -0.018306335907969484, "epi_magnitude_change": 0.005364104558380101, "hash_signature": "2770f2911ccee87f", "sequence_str": "NAV -> REMESH -> ZHIR -> AL -> NAV"}