{"sequence": ["IL", "REMESH", "NAV", "NUL", "AL", "SHA"], "coherence_change": 0.006976335773944853, "sense_index_change": 0.00415990847734482, "phi_s_change": 0.09295074634990397, "grad_phi_change": 0.0, "k_phi_change": 0.0, "xi_c_change": 0.0, "phase_sync_change": 0.0, "epi_magnitude_change": -0.010701775579441075, "hash_signature": "2b145037484502aa", "sequence_str": "IL -> REMESH -> NAV -> NUL -> AL -> SHA"}