{"sequence": ["REMESH", "UM", "UM", "REMESH"], "coherence_change": 0.0, "sense_index_change": 0.029462213623706712, "phi_s_change": 0.0, "grad_phi_change": -0.15508518384528114, "k_phi_change": 0.2012302625611978, "xi_c_change": 0.0, "phase_sync_change": 0.03871226963486596, "epi_magnitude_change": 0.002620975527728553, "hash_signature": "8af35a90bc681a60", "sequence_str": "REMESH -> UM -> UM -> REMESH"}