{"sequence": ["THOL", "REMESH", "RA", "VAL", "SHA"], "coherence_change": 0.0038941782741634956, "sense_index_change": -0.0015378568495326705, "phi_s_change": -0.00905579866945827, "grad_phi_change": 0.06675422123030939, "k_phi_change": 0.451953062265029, "xi_c_change": 0.0, "phase_sync_change": -0.030925604418610475, "epi_magnitude_change": 0.015480124397540873, "hash_signature": "347f3b890d909cc7", "sequence_str": "THOL -> REMESH -> RA -> VAL -> SHA"}