{"sequence": ["NAV", "RA", "VAL", "VAL", "EN", "OZ"], "coherence_change": -0.011058982978500498, "sense_index_change": 0.0006441797205141153, "phi_s_change": 0.043771974169815375, "grad_phi_change": -0.03623307841912049, "k_phi_change": 0.07529914460224316, "xi_c_change": 0.0, "phase_sync_change": 0.006736004454806044, "epi_magnitude_change": 0.019510527085726537, "hash_signature": "674bfa84998e9d84", "sequence_str": "NAV -> RA -> VAL -> VAL -> EN -> OZ"}