{"sequence": ["RA", "NAV", "OZ", "NAV", "NAV"], "coherence_change": -0.01583238703158052, "sense_index_change": -0.022812698669728404, "phi_s_change": -0.12199003254703222, "grad_phi_change": 0.05047640329191849, "k_phi_change": 0.00839285319492511, "xi_c_change": 0.0, "phase_sync_change": -0.021798408990660323, "epi_magnitude_change": 0.0, "hash_signature": "91c691ae4a9fcf84", "sequence_str": "RA -> NAV -> OZ -> NAV -> NAV"}