{"sequence": ["THOL", "ZHIR", "IL", "RA", "REMESH"], "coherence_change": 0.013818536524141445, "sense_index_change": 0.01518704790245129, "phi_s_change": 0.027091705093599372, "grad_phi_change": 0.020902802098725637, "k_phi_change": 0.1994154564633685, "xi_c_change": 0.0, "phase_sync_change": -0.009523888552604776, "epi_magnitude_change": 0.0011114827896041568, "hash_signature": "8c9042668089a745", "sequence_str": "THOL -> ZHIR -> IL -> RA -> REMESH"}