{"sequence": ["SHA", "UM", "REMESH", "UM", "EN", "NAV"], "coherence_change": 0.0, "sense_index_change": 0.06341429276097088, "phi_s_change": 0.0, "grad_phi_change": -0.34370140946339567, "k_phi_change": 0.229942562693585, "xi_c_change": 0.0, "phase_sync_change": 0.10901766925931011, "epi_magnitude_change": 0.0013780589314490443, "hash_signature": "7eca5baf9fd24d88", "sequence_str": "SHA -> UM -> REMESH -> UM -> EN -> NAV"}