{"sequence": ["AL", "VAL", "NUL", "RA", "ZHIR", "NAV"], "coherence_change": 0.0, "sense_index_change": 0.024657180521672872, "phi_s_change": 0.0, "grad_phi_change": -0.13814341898968063, "k_phi_change": -0.28257264139803956, "xi_c_change": 0.0, "phase_sync_change": 0.04343542266129574, "epi_magnitude_change": 0.00936220113790609, "hash_signature": "391819914be07aa6", "sequence_str": "AL -> VAL -> NUL -> RA -> ZHIR -> NAV"}