{"sequence": ["AL", "REMESH", "UM", "NAV"], "coherence_change": 0.0, "sense_index_change": 0.02442806906744832, "phi_s_change": 0.0, "grad_phi_change": -0.14122937853337092, "k_phi_change": 0.4823259068952051, "xi_c_change": 0.0, "phase_sync_change": 0.0475101856329061, "epi_magnitude_change": 0.006868878586502647, "hash_signature": "89a1b1b91be9f559", "sequence_str": "AL -> REMESH -> UM -> NAV"}