{"sequence": ["NAV", "IL", "OZ", "UM", "NAV"], "coherence_change": -0.007416657604571775, "sense_index_change": 0.015969665667509347, "phi_s_change": 0.06980952321855549, "grad_phi_change": 0.023827163559035025, "k_phi_change": 0.46869444017479506, "xi_c_change": 0.0, "phase_sync_change": -0.009871321482939566, "epi_magnitude_change": 0.0, "hash_signature": "5d8ddbee5f98900c", "sequence_str": "NAV -> IL -> OZ -> UM -> NAV"}