{"sequence": ["VAL", "THOL", "NAV", "NAV", "VAL", "SHA"], "coherence_change": 0.004112078833413468, "sense_index_change": 0.009988343334147443, "phi_s_change": 0.029261271491754504, "grad_phi_change": 0.0, "k_phi_change": 0.0, "xi_c_change": 0.0, "phase_sync_change": 0.0, "epi_magnitude_change": 0.03285373223912358, "hash_signature": "441fa029933722bd", "sequence_str": "VAL -> THOL -> NAV -> NAV -> VAL -> SHA"}