{"sequence": ["NAV", "RA", "THOL", "EN", "THOL", "OZ"], "coherence_change": -0.003556064019225369, "sense_index_change": 0.014089764201222321, "phi_s_change": 0.054703803283356445, "grad_phi_change": 0.07625613093786776, "k_phi_change": 0.39457984512856953, "xi_c_change": 0.0, "phase_sync_change": -0.03217626956746855, "epi_magnitude_change": 0.0, "hash_signature": "e28a588f1248d8a2", "sequence_str": "NAV -> RA -> THOL -> EN -> THOL -> OZ"}