{"sequence": ["ZHIR", "IL", "UM", "THOL", "OZ"], "coherence_change": 0.00020954773985260022, "sense_index_change": 0.026400499205080585, "phi_s_change": -0.10338198031115042, "grad_phi_change": -0.07042172784143386, "k_phi_change": 0.1670841152881941, "xi_c_change": 0.0, "phase_sync_change": 0.02483126673543601, "epi_magnitude_change": 0.0, "hash_signature": "cc1af9f8054ee405", "sequence_str": "ZHIR -> IL -> UM -> THOL -> OZ"}