{"sequence": ["IL", "IL", "OZ", "UM", "THOL", "SHA"], "coherence_change": 0.011182427672487782, "sense_index_change": 0.004440365058388851, "phi_s_change": 0.009084755995090399, "grad_phi_change": -0.09393488183320575, "k_phi_change": 0.2748955872184275, "xi_c_change": 0.0, "phase_sync_change": 0.019233972299469992, "epi_magnitude_change": 0.0, "hash_signature": "15a8d5732bcf5eb9", "sequence_str": "IL -> IL -> OZ -> UM -> THOL -> SHA"}