{"sequence": ["NUL", "RA", "SHA", "RA", "IL", "REMESH"], "coherence_change": 0.006724405863657634, "sense_index_change": 0.07054980972573299, "phi_s_change": 0.007171714970751419, "grad_phi_change": -0.42784128027948065, "k_phi_change": 0.12595108272481548, "xi_c_change": 0.0, "phase_sync_change": 0.13541341366154946, "epi_magnitude_change": -0.011115772841201133, "hash_signature": "0b48195ed55e7ec5", "sequence_str": "NUL -> RA -> SHA -> RA -> IL -> REMESH"}