{"sequence": ["AL", "EN", "NAV", "IL", "SHA"], "coherence_change": 0.007061560911991394, "sense_index_change": 0.005197741141293455, "phi_s_change": 0.09956836815280512, "grad_phi_change": 0.0, "k_phi_change": 0.0, "xi_c_change": 0.0, "phase_sync_change": 0.0, "epi_magnitude_change": -0.007369931119556639, "hash_signature": "835f0328af01df3d", "sequence_str": "AL -> EN -> NAV -> IL -> SHA"}