{"sequence": ["NAV", "RA", "REMESH", "NUL", "VAL", "SHA"], "coherence_change": 0.0, "sense_index_change": -0.00796892241806535, "phi_s_change": 0.0, "grad_phi_change": -0.0002927842063547015, "k_phi_change": 0.35715858274998613, "xi_c_change": 0.0, "phase_sync_change": -0.008139975170313729, "epi_magnitude_change": 0.009531684572802845, "hash_signature": "26a6dc1d0bba6f98", "sequence_str": "NAV -> RA -> REMESH -> NUL -> VAL -> SHA"}