{"sequence": ["THOL", "IL", "NUL", "REMESH"], "coherence_change": 0.00876354449860306, "sense_index_change": 0.006998551161007893, "phi_s_change": 0.025846186491080392, "grad_phi_change": 0.0, "k_phi_change": 0.0, "xi_c_change": 0.0, "phase_sync_change": 0.0, "epi_magnitude_change": -0.016321384930902738, "hash_signature": "c5e4d2375c2f19c1", "sequence_str": "THOL -> IL -> NUL -> REMESH"}