{"sequence": ["THOL", "IL", "NUL", "SHA"], "coherence_change": 0.014261786440636026, "sense_index_change": 0.00893496902305313, "phi_s_change": 0.09671197345338056, "grad_phi_change": 0.0, "k_phi_change": 0.0, "xi_c_change": 0.0, "phase_sync_change": 0.0, "epi_magnitude_change": -0.015904468786186232, "hash_signature": "6beb9af1e9dc2999", "sequence_str": "THOL -> IL -> NUL -> SHA"}