{"sequence": ["UM", "THOL", "IL", "ZHIR", "NUL", "OZ"], "coherence_change": 0.006337896125184428, "sense_index_change": -0.038562308259123323, "phi_s_change": 0.09507827461372542, "grad_phi_change": 0.16524848849239082, "k_phi_change": 0.12594777740548802, "xi_c_change": 0.0, "phase_sync_change": -0.05558510696138508, "epi_magnitude_change": -0.012934024553198364, "hash_signature": "95b732071f573a29", "sequence_str": "UM -> THOL -> IL -> ZHIR -> NUL -> OZ"}