{"sequence": ["RA", "NUL", "EN", "AL", "SHA"], "coherence_change": 0.0, "sense_index_change": -0.011037503441423069, "phi_s_change": 0.0, "grad_phi_change": 0.016996720147468336, "k_phi_change": 0.3622651731376347, "xi_c_change": 0.0, "phase_sync_change": -0.00956890685630396, "epi_magnitude_change": -0.004730972217633078, "hash_signature": "0979ade1d1dba9ea", "sequence_str": "RA -> NUL -> EN -> AL -> SHA"}