{"sequence": ["NAV", "ZHIR", "VAL", "SHA", "ZHIR", "OZ"], "coherence_change": -0.013458420372485014, "sense_index_change": 0.003180851637348825, "phi_s_change": -0.1258334567412145, "grad_phi_change": 0.0007591315166295409, "k_phi_change": -0.05511095560529805, "xi_c_change": 0.0, "phase_sync_change": -0.0017340002738712723, "epi_magnitude_change": 0.015868926562508268, "hash_signature": "3964f00f785db469", "sequence_str": "NAV -> ZHIR -> VAL -> SHA -> ZHIR -> OZ"}