{"sequence": ["ZHIR", "OZ", "NUL", "NAV", "AL", "REMESH"], "coherence_change": -0.016818989758572767, "sense_index_change": 0.030281856996179912, "phi_s_change": -0.02824896633511209, "grad_phi_change": 0.01845424486369196, "k_phi_change": 0.268146772519922, "xi_c_change": 0.0, "phase_sync_change": -0.00437596959604547, "epi_magnitude_change": -0.005607430052966156, "hash_signature": "457ace91bf247544", "sequence_str": "ZHIR -> OZ -> NUL -> NAV -> AL -> REMESH"}