{"sequence": ["REMESH", "IL", "NUL", "ZHIR", "NAV"], "coherence_change": 0.009852303436061138, "sense_index_change": 0.0032455404697639967, "phi_s_change": 0.10984602235406815, "grad_phi_change": -0.05324354452833013, "k_phi_change": 0.08282181760349565, "xi_c_change": 0.0, "phase_sync_change": 0.018562622157300868, "epi_magnitude_change": -0.010273738985953629, "hash_signature": "2b59a3a901f133a2", "sequence_str": "REMESH -> IL -> NUL -> ZHIR -> NAV"}