{"sequence": ["UM", "NAV", "RA", "SHA"], "coherence_change": 0.0, "sense_index_change": 0.004316584630788323, "phi_s_change": 0.0, "grad_phi_change": -0.006021278686593412, "k_phi_change": -0.07144215605528464, "xi_c_change": 0.0, "phase_sync_change": 0.0026608579982482228, "epi_magnitude_change": 0.0, "hash_signature": "849ef988e0bbb2be", "sequence_str": "UM -> NAV -> RA -> SHA"}