{"sequence": ["NAV", "THOL", "SHA", "AL", "NAV"], "coherence_change": 0.00397918628486893, "sense_index_change": 0.003702657110564278, "phi_s_change": 0.03382244986841698, "grad_phi_change": 0.0, "k_phi_change": 0.0, "xi_c_change": 0.0, "phase_sync_change": 0.0, "epi_magnitude_change": 0.002669122497312104, "hash_signature": "3208bc49c0ac06a0", "sequence_str": "NAV -> THOL -> SHA -> AL -> NAV"}