{"sequence": ["SHA", "NUL", "THOL", "NAV", "NAV"], "coherence_change": 0.005867948499929665, "sense_index_change": -0.0023014877481809526, "phi_s_change": 0.013287831048146126, "grad_phi_change": 0.0, "k_phi_change": 0.0, "xi_c_change": 0.0, "phase_sync_change": 0.0, "epi_magnitude_change": -0.024480450653846297, "hash_signature": "47dc2ea8c46f32fc", "sequence_str": "SHA -> NUL -> THOL -> NAV -> NAV"}