{"sequence": ["OZ", "THOL", "OZ", "SHA", "UM", "SHA"], "coherence_change": -0.021290456970360472, "sense_index_change": 0.03789574852329847, "phi_s_change": -0.4292432773285835, "grad_phi_change": -0.0704135286727261, "k_phi_change": -0.06725202685435966, "xi_c_change": 0.0, "phase_sync_change": 0.017146878026382484, "epi_magnitude_change": 0.0, "hash_signature": "ee25f3bcc9a758ff", "sequence_str": "OZ -> THOL -> OZ -> SHA -> UM -> SHA"}