{"sequence": ["EN", "IL", "THOL", "REMESH"], "coherence_change": 0.013543896037093384, "sense_index_change": 0.010418832928685728, "phi_s_change": 0.0388511916215063, "grad_phi_change": 0.0, "k_phi_change": 0.0, "xi_c_change": 0.0, "phase_sync_change": 0.0, "epi_magnitude_change": 0.0011897682551146316, "hash_signature": "e0c387118fbf4ee6", "sequence_str": "EN -> IL -> THOL -> REMESH"}