{"sequence": ["AL", "SHA", "NAV", "SHA", "RA", "SHA"], "coherence_change": 0.0, "sense_index_change": 0.011005913736987671, "phi_s_change": 0.0, "grad_phi_change": -0.06345549797505479, "k_phi_change": 0.06159491676860174, "xi_c_change": 0.0, "phase_sync_change": 0.014406173432925495, "epi_magnitude_change": 0.0029766776054862554, "hash_signature": "2326f7f18b775136", "sequence_str": "AL -> SHA -> NAV -> SHA -> RA -> SHA"}