{"sequence": ["UM", "VAL", "OZ", "RA", "OZ"], "coherence_change": -0.026458246623719206, "sense_index_change": 0.07905141662323656, "phi_s_change": -0.33966756828968436, "grad_phi_change": -0.2824882574425456, "k_phi_change": 0.08980657261465465, "xi_c_change": 0.0, "phase_sync_change": 0.10448949139791563, "epi_magnitude_change": 0.012122224311977958, "hash_signature": "190f6a59b0ed7adc", "sequence_str": "UM -> VAL -> OZ -> RA -> OZ"}