{"sequence": ["REMESH", "EN", "UM", "OZ", "EN", "REMESH"], "coherence_change": -0.00990080030096363, "sense_index_change": -0.012481055305884559, "phi_s_change": 0.0078965820155521, "grad_phi_change": 0.0008093523594274732, "k_phi_change": 0.35434307305587176, "xi_c_change": 0.0, "phase_sync_change": -0.014869086474742388, "epi_magnitude_change": 0.0028055535348744387, "hash_signature": "0b1186e900d5f757", "sequence_str": "REMESH -> EN -> UM -> OZ -> EN -> REMESH"}