{"sequence": ["THOL", "REMESH", "OZ", "UM", "SHA"], "coherence_change": -0.009132496855495553, "sense_index_change": -0.0026793734712784456, "phi_s_change": 0.0012761554111635487, "grad_phi_change": 0.0032053444708735057, "k_phi_change": 0.14948442579961863, "xi_c_change": 0.0, "phase_sync_change": -0.0109270697311592, "epi_magnitude_change": 0.0015860170416395203, "hash_signature": "f0524ecd0f872756", "sequence_str": "THOL -> REMESH -> OZ -> UM -> SHA"}