{"sequence": ["REMESH", "VAL", "RA", "THOL", "IL", "OZ"], "coherence_change": -0.00024314538681002862, "sense_index_change": 0.021470717066569334, "phi_s_change": -0.08863623886936456, "grad_phi_change": -0.038267594664054494, "k_phi_change": 0.3975887423922269, "xi_c_change": 0.0, "phase_sync_change": 0.0038529904597177644, "epi_magnitude_change": 0.021283571140637392, "hash_signature": "43f18566f6f4b379", "sequence_str": "REMESH -> VAL -> RA -> THOL -> IL -> OZ"}