{"sequence": ["SHA", "ZHIR", "NAV", "IL", "OZ"], "coherence_change": -0.0027200233676629715, "sense_index_change": 0.018829793892624846, "phi_s_change": -0.052289498219366126, "grad_phi_change": -0.07225663103256519, "k_phi_change": 0.060355661704143165, "xi_c_change": 0.0, "phase_sync_change": 0.019999999999999907, "epi_magnitude_change": 0.0, "hash_signature": "85232ace4217f051", "sequence_str": "SHA -> ZHIR -> NAV -> IL -> OZ"}