{"sequence": ["REMESH", "NUL", "AL", "NAV", "UM", "REMESH"], "coherence_change": 0.0, "sense_index_change": 0.040403448100835626, "phi_s_change": 0.0, "grad_phi_change": -0.2043963584791788, "k_phi_change": 0.20747646403618702, "xi_c_change": 0.0, "phase_sync_change": 0.0819735204834332, "epi_magnitude_change": -0.010216080255506688, "hash_signature": "20f7e890b92c182e", "sequence_str": "REMESH -> NUL -> AL -> NAV -> UM -> REMESH"}