{"sequence": ["NAV", "REMESH", "REMESH", "RA", "SHA"], "coherence_change": 0.0, "sense_index_change": 0.01688125706462995, "phi_s_change": 0.0, "grad_phi_change": 0.006197915338220339, "k_phi_change": 0.3218330391088686, "xi_c_change": 0.0, "phase_sync_change": -0.005014501482909384, "epi_magnitude_change": 0.0026763138972348832, "hash_signature": "bee37c07e7438c00", "sequence_str": "NAV -> REMESH -> REMESH -> RA -> SHA"}