{"sequence": ["OZ", "EN", "RA", "NAV", "RA", "SHA"], "coherence_change": -0.005134341595329328, "sense_index_change": 0.012000306831367435, "phi_s_change": 0.023457891194283875, "grad_phi_change": -0.17229942818974386, "k_phi_change": 0.1287638627098106, "xi_c_change": 0.0, "phase_sync_change": 0.050676725469063766, "epi_magnitude_change": 0.0, "hash_signature": "8fd384467ac8d649", "sequence_str": "OZ -> EN -> RA -> NAV -> RA -> SHA"}