{"sequence": ["REMESH", "RA", "VAL", "AL", "NUL", "OZ"], "coherence_change": -0.011046000168498438, "sense_index_change": -0.0005560431460283066, "phi_s_change": -0.05383506070222199, "grad_phi_change": -0.0692553658223678, "k_phi_change": 0.5343474954944447, "xi_c_change": 0.0, "phase_sync_change": 0.017200134887110252, "epi_magnitude_change": 0.0022882813727179707, "hash_signature": "46de1b90f9cd7442", "sequence_str": "REMESH -> RA -> VAL -> AL -> NUL -> OZ"}