{"sequence": ["RA", "NUL", "OZ"], "coherence_change": -0.012859169627087219, "sense_index_change": 0.02968498853975232, "phi_s_change": -0.024465484478858768, "grad_phi_change": -0.10105595639543896, "k_phi_change": 0.43705190452521825, "xi_c_change": 0.0, "phase_sync_change": 0.03103273989532107, "epi_magnitude_change": -0.011158231313942224, "hash_signature": "4fa8e1d2097f056a", "sequence_str": "RA -> NUL -> OZ"}