{"sequence": ["UM", "AL", "EN", "NAV"], "coherence_change": 0.0, "sense_index_change": 0.006057419502123018, "phi_s_change": 0.0, "grad_phi_change": -0.07598088230204247, "k_phi_change": -0.004015654409287306, "xi_c_change": 0.0, "phase_sync_change": 0.018199123862239763, "epi_magnitude_change": 3.109443972404424e-05, "hash_signature": "fd8337d0a68a568e", "sequence_str": "UM -> AL -> EN -> NAV"}