{"sequence": ["AL", "ZHIR", "ZHIR", "IL", "NAV"], "coherence_change": 0.007119498638328503, "sense_index_change": -0.0020463913657973176, "phi_s_change": -0.05515637652802585, "grad_phi_change": 0.04277544381320886, "k_phi_change": 0.36338053967643946, "xi_c_change": 0.0, "phase_sync_change": -0.009697150849753089, "epi_magnitude_change": -0.0014893213946405304, "hash_signature": "e737e014fc74ef7c", "sequence_str": "AL -> ZHIR -> ZHIR -> IL -> NAV"}