{"sequence": ["IL", "NUL", "IL", "OZ"], "coherence_change": 0.0014637514330293477, "sense_index_change": 0.009437633833118242, "phi_s_change": 0.05003730759835456, "grad_phi_change": 0.0, "k_phi_change": 0.0, "xi_c_change": 0.0, "phase_sync_change": 0.0, "epi_magnitude_change": -0.01168647621434249, "hash_signature": "e9a8621d94b5175c", "sequence_str": "IL -> NUL -> IL -> OZ"}