{"sequence": ["EN", "NUL", "RA", "SHA"], "coherence_change": 0.0, "sense_index_change": 0.012192996052688976, "phi_s_change": 0.0, "grad_phi_change": -0.0530620484358979, "k_phi_change": 0.436519170821721, "xi_c_change": 0.0, "phase_sync_change": 0.013108104020583378, "epi_magnitude_change": -0.017455436694562065, "hash_signature": "6c2e1fae32c9e260", "sequence_str": "EN -> NUL -> RA -> SHA"}