{"sequence": ["UM", "NUL", "NAV", "UM", "NAV"], "coherence_change": 0.0, "sense_index_change": 0.05197809057681124, "phi_s_change": 0.0, "grad_phi_change": -0.2747556907637918, "k_phi_change": 0.14423593772550125, "xi_c_change": 0.0, "phase_sync_change": 0.07501542512164328, "epi_magnitude_change": -0.009945932352407705, "hash_signature": "92a6ad5d9e04e6a3", "sequence_str": "UM -> NUL -> NAV -> UM -> NAV"}