{"sequence": ["AL", "NAV", "VAL", "UM", "REMESH"], "coherence_change": 0.0, "sense_index_change": -0.006902181696916365, "phi_s_change": 0.0, "grad_phi_change": 0.022079760498260326, "k_phi_change": -0.2259741931486906, "xi_c_change": 0.0, "phase_sync_change": -0.013893257170729978, "epi_magnitude_change": 0.0160281415819995, "hash_signature": "255f67d5e39f82f8", "sequence_str": "AL -> NAV -> VAL -> UM -> REMESH"}