{"sequence": ["THOL", "RA", "SHA", "OZ"], "coherence_change": -0.006377424153813482, "sense_index_change": 0.00672500792092523, "phi_s_change": -0.07980510431285626, "grad_phi_change": 0.030166382111799006, "k_phi_change": 0.36980156729518077, "xi_c_change": 0.0, "phase_sync_change": -0.012188914927511063, "epi_magnitude_change": 0.0, "hash_signature": "bbefd809367bb8ba", "sequence_str": "THOL -> RA -> SHA -> OZ"}