{"sequence": ["NUL", "THOL", "NUL", "IL", "OZ"], "coherence_change": -0.000685139507603294, "sense_index_change": 0.01619235077060832, "phi_s_change": 0.027705160053997147, "grad_phi_change": 0.0, "k_phi_change": 0.0, "xi_c_change": 0.0, "phase_sync_change": 0.0, "epi_magnitude_change": -0.038223872257580505, "hash_signature": "67229ff75280679d", "sequence_str": "NUL -> THOL -> NUL -> IL -> OZ"}