{"sequence": ["IL", "IL", "REMESH", "UM", "VAL", "SHA"], "coherence_change": 0.011256125421062024, "sense_index_change": -0.007059387783441173, "phi_s_change": -0.011973572887208461, "grad_phi_change": 0.03300919979734007, "k_phi_change": -0.20260079004613113, "xi_c_change": 0.0, "phase_sync_change": -0.01964281760571207, "epi_magnitude_change": 0.020225262825174672, "hash_signature": "14a81610b24f1ea9", "sequence_str": "IL -> IL -> REMESH -> UM -> VAL -> SHA"}