{"sequence": ["UM", "IL", "THOL", "NUL", "NUL", "NAV"], "coherence_change": 0.015426331295722573, "sense_index_change": 0.001151432887016135, "phi_s_change": 0.154188567049503, "grad_phi_change": -0.18217826913017232, "k_phi_change": -0.02258421504736907, "xi_c_change": 0.0, "phase_sync_change": 0.03961622346738325, "epi_magnitude_change": -0.02866300093429408, "hash_signature": "e67d92c40def3041", "sequence_str": "UM -> IL -> THOL -> NUL -> NUL -> NAV"}