{"sequence": ["AL", "VAL", "UM", "REMESH", "REMESH"], "coherence_change": 0.0, "sense_index_change": 0.012750975588335822, "phi_s_change": 0.0, "grad_phi_change": -0.06408455754014364, "k_phi_change": 0.1141034596690392, "xi_c_change": 0.0, "phase_sync_change": 0.013903356868566918, "epi_magnitude_change": 0.011179288851723257, "hash_signature": "fb650faafb07a0a8", "sequence_str": "AL -> VAL -> UM -> REMESH -> REMESH"}