{"sequence": ["IL", "THOL", "UM", "NAV"], "coherence_change": 0.013179042297364774, "sense_index_change": 0.02208964075883979, "phi_s_change": 0.040346067292744925, "grad_phi_change": -0.13405318305299785, "k_phi_change": 0.07273535921241359, "xi_c_change": 0.0, "phase_sync_change": 0.04021826876211032, "epi_magnitude_change": 0.0, "hash_signature": "9b2c80a5f52d7480", "sequence_str": "IL -> THOL -> UM -> NAV"}