{"sequence": ["ZHIR", "REMESH", "SHA", "RA", "SHA"], "coherence_change": 0.0, "sense_index_change": 0.013036076060205737, "phi_s_change": 0.0, "grad_phi_change": -0.04322566625790314, "k_phi_change": 0.0948720648721384, "xi_c_change": 0.0, "phase_sync_change": 0.003129706875667271, "epi_magnitude_change": 0.001238125754903674, "hash_signature": "e96ce67ecefbd589", "sequence_str": "ZHIR -> REMESH -> SHA -> RA -> SHA"}