{"sequence": ["NAV", "ZHIR", "NUL", "REMESH"], "coherence_change": 0.0, "sense_index_change": -0.006322253576225956, "phi_s_change": 0.0, "grad_phi_change": 0.030555461634763414, "k_phi_change": 0.025762499287594498, "xi_c_change": 0.0, "phase_sync_change": -0.009560478679411788, "epi_magnitude_change": -0.008153895255627375, "hash_signature": "7af6160f043f855c", "sequence_str": "NAV -> ZHIR -> NUL -> REMESH"}