{"sequence": ["UM", "AL", "ZHIR", "VAL", "SHA"], "coherence_change": 0.0, "sense_index_change": -0.005520063627327931, "phi_s_change": 0.0, "grad_phi_change": 0.0007035527442946776, "k_phi_change": 0.054529725332579854, "xi_c_change": 0.0, "phase_sync_change": -0.003337663058559537, "epi_magnitude_change": 0.0226685094589264, "hash_signature": "f68a7d35039dacf4", "sequence_str": "UM -> AL -> ZHIR -> VAL -> SHA"}