{"sequence": ["AL", "SHA", "THOL", "OZ"], "coherence_change": -0.011201325179321375, "sense_index_change": 0.01656351585124094, "phi_s_change": -0.053374013651518504, "grad_phi_change": 0.0, "k_phi_change": 0.0, "xi_c_change": 0.0, "phase_sync_change": 0.0, "epi_magnitude_change": -0.00022447703428185584, "hash_signature": "c3253ae557f73a69", "sequence_str": "AL -> SHA -> THOL -> OZ"}