{"sequence": ["RA", "RA", "NUL", "NUL", "REMESH"], "coherence_change": 0.0, "sense_index_change": 0.04433362311022926, "phi_s_change": 0.0, "grad_phi_change": -0.29485572154348016, "k_phi_change": 0.14147357915136854, "xi_c_change": 0.0, "phase_sync_change": 0.09812731501814265, "epi_magnitude_change": -0.021515800318135714, "hash_signature": "54f52a037162f308", "sequence_str": "RA -> RA -> NUL -> NUL -> REMESH"}