{"sequence": ["AL", "NAV", "VAL", "IL", "ZHIR", "SHA"], "coherence_change": 0.007732988971017374, "sense_index_change": -0.0011102665735903683, "phi_s_change": 0.00036140211972501834, "grad_phi_change": 0.026307954479440898, "k_phi_change": 0.33890035148764897, "xi_c_change": 0.0, "phase_sync_change": -0.009599636725501126, "epi_magnitude_change": 0.015359611224607495, "hash_signature": "77a920a3d1d9d093", "sequence_str": "AL -> NAV -> VAL -> IL -> ZHIR -> SHA"}