{"sequence": ["OZ", "THOL", "OZ", "ZHIR", "OZ"], "coherence_change": -0.04123907812368677, "sense_index_change": 0.042462063300539477, "phi_s_change": -0.18588632107479175, "grad_phi_change": -0.02009265568052987, "k_phi_change": 0.010285521453292756, "xi_c_change": 0.0, "phase_sync_change": 0.006667954750725569, "epi_magnitude_change": 0.0, "hash_signature": "2e413332c44a6bb9", "sequence_str": "OZ -> THOL -> OZ -> ZHIR -> OZ"}