{"sequence": ["NAV", "IL", "THOL", "REMESH"], "coherence_change": 0.011453134972893686, "sense_index_change": -0.004384726826071161, "phi_s_change": -0.03692225934508975, "grad_phi_change": 0.0, "k_phi_change": 0.0, "xi_c_change": 0.0, "phase_sync_change": 0.0, "epi_magnitude_change": 0.001259236816447351, "hash_signature": "b5ead385f0e9784a", "sequence_str": "NAV -> IL -> THOL -> REMESH"}