{"sequence": ["NAV", "REMESH", "IL", "OZ", "UM", "SHA"], "coherence_change": -0.008980335838295939, "sense_index_change": 0.03567151434208393, "phi_s_change": -0.12465499398861213, "grad_phi_change": -0.06783796805555653, "k_phi_change": -0.1080885647409206, "xi_c_change": 0.0, "phase_sync_change": 0.018114270412699862, "epi_magnitude_change": 0.0010415557028955469, "hash_signature": "bc07750c9380ce8e", "sequence_str": "NAV -> REMESH -> IL -> OZ -> UM -> SHA"}