{"sequence": ["SHA", "AL", "REMESH", "VAL", "RA", "OZ"], "coherence_change": -0.014743620970534832, "sense_index_change": -0.033958484808935485, "phi_s_change": -0.07146969828236838, "grad_phi_change": 0.08900617777347608, "k_phi_change": 0.36207880953845567, "xi_c_change": 0.0, "phase_sync_change": -0.037997342791735944, "epi_magnitude_change": 0.009276257662752974, "hash_signature": "1f4982e85c3cac5b", "sequence_str": "SHA -> AL -> REMESH -> VAL -> RA -> OZ"}