{"sequence": ["AL", "AL", "AL", "RA", "OZ"], "coherence_change": -0.015763769341311407, "sense_index_change": -0.0009839805149937098, "phi_s_change": -0.09756505529000725, "grad_phi_change": 0.09817537365209561, "k_phi_change": 0.102224204444076, "xi_c_change": 0.0, "phase_sync_change": -0.0396553231527883, "epi_magnitude_change": 0.0009441306422830475, "hash_signature": "c38edaa45950e870", "sequence_str": "AL -> AL -> AL -> RA -> OZ"}