{"sequence": ["NAV", "RA", "SHA", "VAL", "SHA"], "coherence_change": 0.0, "sense_index_change": -0.004631193663240496, "phi_s_change": 0.0, "grad_phi_change": -0.019678078597622273, "k_phi_change": 0.6211118007113375, "xi_c_change": 0.0, "phase_sync_change": -0.002251443384180707, "epi_magnitude_change": 0.011566492090462677, "hash_signature": "d95eb48e8a12f731", "sequence_str": "NAV -> RA -> SHA -> VAL -> SHA"}