{"sequence": ["ZHIR", "SHA", "RA", "AL", "UM", "REMESH"], "coherence_change": 0.0, "sense_index_change": 0.02724363862420165, "phi_s_change": 0.0, "grad_phi_change": -0.17942413716423333, "k_phi_change": 0.22785479130888484, "xi_c_change": 0.0, "phase_sync_change": 0.060643002922365574, "epi_magnitude_change": 0.0038834449634782553, "hash_signature": "16c51c6607c19043", "sequence_str": "ZHIR -> SHA -> RA -> AL -> UM -> REMESH"}