{"sequence": ["NAV", "UM", "VAL", "UM", "REMESH"], "coherence_change": 0.0, "sense_index_change": 0.022202145937567308, "phi_s_change": 0.0, "grad_phi_change": -0.11933274093192003, "k_phi_change": 0.3751572315067893, "xi_c_change": 0.0, "phase_sync_change": 0.0327503096638706, "epi_magnitude_change": 0.018014469870520133, "hash_signature": "fa670955456775b2", "sequence_str": "NAV -> UM -> VAL -> UM -> REMESH"}