{"sequence": ["AL", "AL", "THOL", "EN", "REMESH"], "coherence_change": 0.004509635501926956, "sense_index_change": 0.004949353493314379, "phi_s_change": 0.06444240810388846, "grad_phi_change": 0.0, "k_phi_change": 0.0, "xi_c_change": 0.0, "phase_sync_change": 0.0, "epi_magnitude_change": 0.007423702022760215, "hash_signature": "c084397cbd2092df", "sequence_str": "AL -> AL -> THOL -> EN -> REMESH"}