{"sequence": ["AL", "REMESH", "REMESH", "UM", "SHA"], "coherence_change": 0.0, "sense_index_change": -0.020239326412691716, "phi_s_change": 0.0, "grad_phi_change": 0.07380268318437366, "k_phi_change": 0.00760717321879445, "xi_c_change": 0.0, "phase_sync_change": -0.0354722728679816, "epi_magnitude_change": 0.006221911358281096, "hash_signature": "cc35852f7fac68b9", "sequence_str": "AL -> REMESH -> REMESH -> UM -> SHA"}