{"sequence": ["UM", "AL", "AL", "ZHIR", "ZHIR", "SHA"], "coherence_change": 0.0, "sense_index_change": 0.034453087712366215, "phi_s_change": 0.0, "grad_phi_change": -0.23254446482439417, "k_phi_change": 0.13219515590917338, "xi_c_change": 0.0, "phase_sync_change": 0.06455938160383445, "epi_magnitude_change": -0.007240664773046301, "hash_signature": "bbd4a149ec118ffc", "sequence_str": "UM -> AL -> AL -> ZHIR -> ZHIR -> SHA"}