{"sequence": ["UM", "SHA", "NAV", "AL", "SHA"], "coherence_change": 0.0, "sense_index_change": -0.007001166593251673, "phi_s_change": 0.0, "grad_phi_change": 0.029610587451309733, "k_phi_change": 0.07262590083850874, "xi_c_change": 0.0, "phase_sync_change": -0.012411787207350256, "epi_magnitude_change": 0.0064796320069026025, "hash_signature": "01ec082cf74b8d15", "sequence_str": "UM -> SHA -> NAV -> AL -> SHA"}