{"sequence": ["NAV", "EN", "THOL", "NUL", "VAL", "REMESH"], "coherence_change": 0.0033625743781100503, "sense_index_change": 0.0030816322776781035, "phi_s_change": -0.00507060889477573, "grad_phi_change": 0.0, "k_phi_change": 0.0, "xi_c_change": 0.0, "phase_sync_change": 0.0, "epi_magnitude_change": 0.0033529153287361613, "hash_signature": "07e543737ae81bf2", "sequence_str": "NAV -> EN -> THOL -> NUL -> VAL -> REMESH"}