{"sequence": ["ZHIR", "REMESH", "ZHIR", "OZ"], "coherence_change": -0.006545610769916332, "sense_index_change": -0.015921608786974517, "phi_s_change": 0.044400781744471485, "grad_phi_change": 0.03190432246358532, "k_phi_change": -0.14683861659510944, "xi_c_change": 0.0, "phase_sync_change": -0.004641639625492799, "epi_magnitude_change": 0.0014137215716359952, "hash_signature": "b1f74244357c5ba8", "sequence_str": "ZHIR -> REMESH -> ZHIR -> OZ"}