{"sequence": ["NAV", "REMESH", "UM", "UM", "SHA"], "coherence_change": 0.0, "sense_index_change": 0.04051809045797572, "phi_s_change": 0.0, "grad_phi_change": -0.22344860757201324, "k_phi_change": 0.05801117461513999, "xi_c_change": 0.0, "phase_sync_change": 0.07096006239167296, "epi_magnitude_change": 0.0013445771779344584, "hash_signature": "4306a300ad231e19", "sequence_str": "NAV -> REMESH -> UM -> UM -> SHA"}