{"sequence": ["AL", "NUL", "SHA", "VAL", "OZ"], "coherence_change": -0.011157754511003093, "sense_index_change": 0.020979851874538102, "phi_s_change": -0.08333380424804382, "grad_phi_change": 0.0, "k_phi_change": 0.0, "xi_c_change": 0.0, "phase_sync_change": 0.0, "epi_magnitude_change": -0.00028358853253551697, "hash_signature": "cb138584e254e60c", "sequence_str": "AL -> NUL -> SHA -> VAL -> OZ"}