{"sequence": ["AL", "NUL", "IL", "NAV"], "coherence_change": 0.007937133673824204, "sense_index_change": 0.007359327516107239, "phi_s_change": -0.020792461369664395, "grad_phi_change": 0.0, "k_phi_change": 0.0, "xi_c_change": 0.0, "phase_sync_change": 0.0, "epi_magnitude_change": -0.018367414786153335, "hash_signature": "ca2ef0ca4b10cad0", "sequence_str": "AL -> NUL -> IL -> NAV"}