{"sequence": ["VAL", "EN", "AL", "OZ"], "coherence_change": -0.007649817496162337, "sense_index_change": 0.006762471479315635, "phi_s_change": -0.06644052201756168, "grad_phi_change": 0.0, "k_phi_change": 0.0, "xi_c_change": 0.0, "phase_sync_change": 0.0, "epi_magnitude_change": 0.021975969922944927, "hash_signature": "e7959aae47b58c33", "sequence_str": "VAL -> EN -> AL -> OZ"}