{"sequence": ["ZHIR", "EN", "RA", "NAV"], "coherence_change": 0.0, "sense_index_change": -0.022767389767283763, "phi_s_change": 0.0, "grad_phi_change": 0.0753310312950195, "k_phi_change": -0.09550618429042029, "xi_c_change": 0.0, "phase_sync_change": -0.03682030733226538, "epi_magnitude_change": 0.0, "hash_signature": "6979b35b5936a7fa", "sequence_str": "ZHIR -> EN -> RA -> NAV"}