{"sequence": ["RA", "SHA", "VAL", "UM", "IL", "SHA"], "coherence_change": 0.007597502913420651, "sense_index_change": 0.01637439960262821, "phi_s_change": 0.02322078348629586, "grad_phi_change": -0.04147054768661462, "k_phi_change": 0.1028548553486086, "xi_c_change": 0.0, "phase_sync_change": 0.006171214016936766, "epi_magnitude_change": 0.013234992746011254, "hash_signature": "399a145386fd47b6", "sequence_str": "RA -> SHA -> VAL -> UM -> IL -> SHA"}