{"sequence": ["ZHIR", "NUL", "OZ", "VAL", "OZ"], "coherence_change": -0.027421223442580356, "sense_index_change": 0.006293982475533366, "phi_s_change": -0.04382781792998236, "grad_phi_change": 0.04361993195737579, "k_phi_change": 0.2538543145495785, "xi_c_change": 0.0, "phase_sync_change": -0.012148690720906519, "epi_magnitude_change": -0.00046005552826600127, "hash_signature": "1beaf3a313935d3a", "sequence_str": "ZHIR -> NUL -> OZ -> VAL -> OZ"}