{"sequence": ["OZ", "THOL", "ZHIR", "SHA"], "coherence_change": -0.011095135986600946, "sense_index_change": 0.014593321426889405, "phi_s_change": -0.05577744680954999, "grad_phi_change": 0.03011881350121648, "k_phi_change": 0.17615335738982882, "xi_c_change": 0.0, "phase_sync_change": -0.010654219198662829, "epi_magnitude_change": 0.0, "hash_signature": "a686c773d30173ea", "sequence_str": "OZ -> THOL -> ZHIR -> SHA"}