{"sequence": ["AL", "AL", "THOL", "EN", "OZ"], "coherence_change": -0.0054779806112922325, "sense_index_change": 0.009788041258314562, "phi_s_change": 0.05019169710717841, "grad_phi_change": 0.0, "k_phi_change": 0.0, "xi_c_change": 0.0, "phase_sync_change": 0.0, "epi_magnitude_change": -0.011947043622517195, "hash_signature": "abf7e83550863b4a", "sequence_str": "AL -> AL -> THOL -> EN -> OZ"}