{"sequence": ["AL", "THOL", "VAL", "NAV", "ZHIR", "OZ"], "coherence_change": -0.003966417405047329, "sense_index_change": 0.0021380579651889553, "phi_s_change": 0.02663076524004493, "grad_phi_change": 0.0566872495747639, "k_phi_change": 0.2868366699062937, "xi_c_change": 0.0, "phase_sync_change": -0.01830331491752457, "epi_magnitude_change": 0.016794528908815498, "hash_signature": "edda13f2a44e25cc", "sequence_str": "AL -> THOL -> VAL -> NAV -> ZHIR -> OZ"}