{"sequence": ["AL", "THOL", "AL", "REMESH"], "coherence_change": 0.005019828134520399, "sense_index_change": 8.592155619924213e-05, "phi_s_change": -0.0315172059646861, "grad_phi_change": 0.0, "k_phi_change": 0.0, "xi_c_change": 0.0, "phase_sync_change": 0.0, "epi_magnitude_change": -0.00013195370842622456, "hash_signature": "eafcd480b4b3a316", "sequence_str": "AL -> THOL -> AL -> REMESH"}