{"sequence": ["IL", "OZ", "IL", "RA", "THOL", "NAV"], "coherence_change": 0.0053451714255911, "sense_index_change": 0.04610963799428991, "phi_s_change": -0.024174367180163192, "grad_phi_change": -0.048490870900552485, "k_phi_change": 0.2364211874096023, "xi_c_change": 0.0, "phase_sync_change": 0.00993120191453345, "epi_magnitude_change": 0.0, "hash_signature": "512d9aa85980b46c", "sequence_str": "IL -> OZ -> IL -> RA -> THOL -> NAV"}