{"sequence": ["VAL", "UM", "VAL", "EN", "SHA"], "coherence_change": 0.0, "sense_index_change": 0.02911111016683865, "phi_s_change": 0.0, "grad_phi_change": -0.19229191064808182, "k_phi_change": -0.15359025337300525, "xi_c_change": 0.0, "phase_sync_change": 0.05674267817382861, "epi_magnitude_change": 0.019438863340982104, "hash_signature": "d406e53c247418b1", "sequence_str": "VAL -> UM -> VAL -> EN -> SHA"}