{"sequence": ["REMESH", "THOL", "IL", "SHA"], "coherence_change": 0.012431973074529812, "sense_index_change": 0.00720755873225809, "phi_s_change": 0.0112734382783507, "grad_phi_change": 0.0, "k_phi_change": 0.0, "xi_c_change": 0.0, "phase_sync_change": 0.0, "epi_magnitude_change": 0.0011942407973035696, "hash_signature": "3b3b2c8b4878af55", "sequence_str": "REMESH -> THOL -> IL -> SHA"}