{"sequence": ["IL", "NAV", "VAL", "NUL", "ZHIR", "NAV"], "coherence_change": 0.007064889222917037, "sense_index_change": -0.0003842515890017939, "phi_s_change": 0.07419681583542892, "grad_phi_change": -0.0050642636399040875, "k_phi_change": 0.038802461278425154, "xi_c_change": 0.0, "phase_sync_change": 0.0033740305350209443, "epi_magnitude_change": -0.012569666225672127, "hash_signature": "6809b5c3ae3182d6", "sequence_str": "IL -> NAV -> VAL -> NUL -> ZHIR -> NAV"}