{"sequence": ["REMESH", "IL", "REMESH", "EN", "VAL", "OZ"], "coherence_change": -0.0033954661303302602, "sense_index_change": -0.002419421110399167, "phi_s_change": 0.04064253651864358, "grad_phi_change": 0.0, "k_phi_change": 0.0, "xi_c_change": 0.0, "phase_sync_change": 0.0, "epi_magnitude_change": 0.019725835808035552, "hash_signature": "6949c8068988332b", "sequence_str": "REMESH -> IL -> REMESH -> EN -> VAL -> OZ"}