{"sequence": ["VAL", "NAV", "IL", "THOL", "SHA"], "coherence_change": 0.013266897912920794, "sense_index_change": 0.008697640674453555, "phi_s_change": 0.181325180936455, "grad_phi_change": 0.0, "k_phi_change": 0.0, "xi_c_change": 0.0, "phase_sync_change": 0.0, "epi_magnitude_change": 0.012921310703304711, "hash_signature": "ef456855c1e80a69", "sequence_str": "VAL -> NAV -> IL -> THOL -> SHA"}