{"sequence": ["UM", "VAL", "AL", "REMESH"], "coherence_change": 0.0, "sense_index_change": -0.025736303734404165, "phi_s_change": 0.0, "grad_phi_change": 0.04685509172965552, "k_phi_change": 0.2593369183416311, "xi_c_change": 0.0, "phase_sync_change": -0.016513822726025085, "epi_magnitude_change": 0.01756185083610806, "hash_signature": "75f5ef123b5c79d4", "sequence_str": "UM -> VAL -> AL -> REMESH"}