{"sequence": ["EN", "ZHIR", "IL", "NUL", "RA", "REMESH"], "coherence_change": 0.007256608682288612, "sense_index_change": 0.014528811662104402, "phi_s_change": -0.028032182624729618, "grad_phi_change": -0.056816737897850356, "k_phi_change": 0.17496555310834938, "xi_c_change": 0.0, "phase_sync_change": 0.021204340467544047, "epi_magnitude_change": -0.010773225313415735, "hash_signature": "017959615dc165e7", "sequence_str": "EN -> ZHIR -> IL -> NUL -> RA -> REMESH"}