{"sequence": ["THOL", "OZ", "IL", "RA", "EN", "REMESH"], "coherence_change": 0.0007001832972279853, "sense_index_change": -0.012064740941815033, "phi_s_change": 0.0279706691207533, "grad_phi_change": 0.10442563357965651, "k_phi_change": 0.11178561386761285, "xi_c_change": 0.0, "phase_sync_change": -0.046474003073605386, "epi_magnitude_change": 0.0017886995756392077, "hash_signature": "6b884f8c1c0a1b2b", "sequence_str": "THOL -> OZ -> IL -> RA -> EN -> REMESH"}