{"sequence": ["OZ", "ZHIR", "VAL", "ZHIR", "REMESH"], "coherence_change": -0.014869010047414033, "sense_index_change": 0.020853049768355558, "phi_s_change": -0.06386752671262375, "grad_phi_change": -0.007202870944281292, "k_phi_change": 0.26858457127432545, "xi_c_change": 0.0, "phase_sync_change": 0.0029749553445811427, "epi_magnitude_change": 0.01810022637547548, "hash_signature": "12561737b689a9f8", "sequence_str": "OZ -> ZHIR -> VAL -> ZHIR -> REMESH"}