{"sequence": ["REMESH", "OZ", "OZ", "OZ"], "coherence_change": -0.03595554863647721, "sense_index_change": -0.014854159720912252, "phi_s_change": -0.10312615770125422, "grad_phi_change": 0.0, "k_phi_change": 0.0, "xi_c_change": 0.0, "phase_sync_change": 0.0, "epi_magnitude_change": 0.0013977683799701879, "hash_signature": "5ad2cc8c54217195", "sequence_str": "REMESH -> OZ -> OZ -> OZ"}