{"sequence": ["REMESH", "IL", "ZHIR", "OZ"], "coherence_change": -0.0032003481455530336, "sense_index_change": -0.012892120451663991, "phi_s_change": 0.0591173603027354, "grad_phi_change": 0.06816240687690867, "k_phi_change": -0.07268711047354132, "xi_c_change": 0.0, "phase_sync_change": -0.022585656863891135, "epi_magnitude_change": 0.001501380095061955, "hash_signature": "d85151081c25fa82", "sequence_str": "REMESH -> IL -> ZHIR -> OZ"}