{"sequence": ["EN", "UM", "AL", "SHA"], "coherence_change": 0.0, "sense_index_change": 0.034243977423877525, "phi_s_change": 0.0, "grad_phi_change": -0.17666038103714143, "k_phi_change": -0.11083840706704867, "xi_c_change": 0.0, "phase_sync_change": 0.04783461389723731, "epi_magnitude_change": -0.00500177884957731, "hash_signature": "e9b518bd17d4c948", "sequence_str": "EN -> UM -> AL -> SHA"}