{"sequence": ["VAL", "OZ", "ZHIR", "UM", "OZ"], "coherence_change": -0.02057216164446196, "sense_index_change": 0.025958070900816144, "phi_s_change": 0.0654430381599026, "grad_phi_change": -0.19862649964389578, "k_phi_change": 0.4529334335825409, "xi_c_change": 0.0, "phase_sync_change": 0.06385923727710419, "epi_magnitude_change": 0.018908585085266494, "hash_signature": "a82d761803e2044f", "sequence_str": "VAL -> OZ -> ZHIR -> UM -> OZ"}