{"sequence": ["NAV", "ZHIR", "ZHIR", "NAV", "ZHIR", "OZ"], "coherence_change": -0.0073504275084744775, "sense_index_change": -0.003777644792241408, "phi_s_change": 0.07166628739541814, "grad_phi_change": -0.04323943306819977, "k_phi_change": -0.10272782639522637, "xi_c_change": 0.0, "phase_sync_change": 0.013444955878785358, "epi_magnitude_change": 0.0, "hash_signature": "cf50a961c4ef6480", "sequence_str": "NAV -> ZHIR -> ZHIR -> NAV -> ZHIR -> OZ"}