{"sequence": ["RA", "OZ", "THOL", "NUL", "EN", "REMESH"], "coherence_change": -0.005421476353230981, "sense_index_change": 0.0006777148642856945, "phi_s_change": 0.09219464988586745, "grad_phi_change": 0.008577019204252023, "k_phi_change": 0.5602129137851977, "xi_c_change": 0.0, "phase_sync_change": -0.007189572226307228, "epi_magnitude_change": -0.01582255971800428, "hash_signature": "c445fd8d2c6d34e2", "sequence_str": "RA -> OZ -> THOL -> NUL -> EN -> REMESH"}