{"sequence": ["EN", "UM", "REMESH"], "coherence_change": 0.0, "sense_index_change": 0.009950613742239711, "phi_s_change": 0.0, "grad_phi_change": -0.08358085285391326, "k_phi_change": -0.16977485932485487, "xi_c_change": 0.0, "phase_sync_change": 0.02034329470229823, "epi_magnitude_change": 0.001683418729148567, "hash_signature": "c2c8a55917afe746", "sequence_str": "EN -> UM -> REMESH"}