{"sequence": ["VAL", "REMESH", "THOL", "REMESH"], "coherence_change": 0.006554906156570284, "sense_index_change": 0.005277343798280154, "phi_s_change": 0.05348812248646673, "grad_phi_change": 0.0, "k_phi_change": 0.0, "xi_c_change": 0.0, "phase_sync_change": 0.0, "epi_magnitude_change": 0.01689425746957396, "hash_signature": "f6350449d5cf3ba8", "sequence_str": "VAL -> REMESH -> THOL -> REMESH"}