{"sequence": ["VAL", "UM", "VAL", "SHA"], "coherence_change": 0.0, "sense_index_change": 0.027546778706794672, "phi_s_change": 0.0, "grad_phi_change": -0.14640861418303186, "k_phi_change": 0.24106652301269266, "xi_c_change": 0.0, "phase_sync_change": 0.04092786370755708, "epi_magnitude_change": 0.030111493773171127, "hash_signature": "b3798b590570b71c", "sequence_str": "VAL -> UM -> VAL -> SHA"}