{"sequence": ["REMESH", "ZHIR", "VAL", "SHA", "NUL", "OZ"], "coherence_change": -0.018790557085749948, "sense_index_change": 0.015947875794669386, "phi_s_change": -0.02565842002268859, "grad_phi_change": 0.0033528853178292906, "k_phi_change": 0.2425409679499516, "xi_c_change": 0.0, "phase_sync_change": -5.785773611155509e-05, "epi_magnitude_change": 0.0029626879362196767, "hash_signature": "47ba801836cebd77", "sequence_str": "REMESH -> ZHIR -> VAL -> SHA -> NUL -> OZ"}