{"sequence": ["NUL", "UM", "EN", "REMESH"], "coherence_change": 0.0, "sense_index_change": 0.006568184992488235, "phi_s_change": 0.0, "grad_phi_change": -0.10362032431551538, "k_phi_change": -0.03721700586870963, "xi_c_change": 0.0, "phase_sync_change": 0.02160621752321845, "epi_magnitude_change": -0.011554137817005095, "hash_signature": "6e1b78bcb245ac87", "sequence_str": "NUL -> UM -> EN -> REMESH"}