{"sequence": ["NAV", "AL", "NAV", "UM", "UM", "REMESH"], "coherence_change": 0.0, "sense_index_change": 0.023316145712307557, "phi_s_change": 0.0, "grad_phi_change": -0.18558080098487717, "k_phi_change": -0.042588800849067965, "xi_c_change": 0.0, "phase_sync_change": 0.0582931130048614, "epi_magnitude_change": 0.012763066844833526, "hash_signature": "595ef7f77bcd3a0c", "sequence_str": "NAV -> AL -> NAV -> UM -> UM -> REMESH"}