{"sequence": ["ZHIR", "VAL", "ZHIR", "EN", "IL", "SHA"], "coherence_change": 0.008716850344686056, "sense_index_change": -0.003796442006494538, "phi_s_change": -0.0013325313906045189, "grad_phi_change": 0.03171957959134408, "k_phi_change": 0.3293324537660431, "xi_c_change": 0.0, "phase_sync_change": -0.015589549638100553, "epi_magnitude_change": 0.010817211799097781, "hash_signature": "0c5a3f9beb5c91d0", "sequence_str": "ZHIR -> VAL -> ZHIR -> EN -> IL -> SHA"}