{"sequence": ["NUL", "THOL", "RA", "NAV", "REMESH"], "coherence_change": 0.002911639129321797, "sense_index_change": -0.004818362623275618, "phi_s_change": -0.005446451659870899, "grad_phi_change": 0.03728248113191146, "k_phi_change": 0.2628070142245439, "xi_c_change": 0.0, "phase_sync_change": -0.02019164444096022, "epi_magnitude_change": -0.01689396223648587, "hash_signature": "e85a89716f28801c", "sequence_str": "NUL -> THOL -> RA -> NAV -> REMESH"}