{"sequence": ["SHA", "EN", "NUL", "ZHIR", "REMESH"], "coherence_change": 0.0, "sense_index_change": 0.013994149676380685, "phi_s_change": 0.0, "grad_phi_change": -0.009463351152299682, "k_phi_change": 0.15312988529488944, "xi_c_change": 0.0, "phase_sync_change": 0.0036027922912192922, "epi_magnitude_change": -0.011684332184989765, "hash_signature": "311202be147d03ff", "sequence_str": "SHA -> EN -> NUL -> ZHIR -> REMESH"}