{"sequence": ["REMESH", "RA", "SHA", "VAL", "RA", "OZ"], "coherence_change": -0.012832577472766338, "sense_index_change": 0.05093503423709311, "phi_s_change": 0.11026482414465144, "grad_phi_change": -0.32958778925549903, "k_phi_change": 0.1986359405995358, "xi_c_change": 0.0, "phase_sync_change": 0.10827282249154757, "epi_magnitude_change": 0.011320173476028317, "hash_signature": "e87977ce1ece45b6", "sequence_str": "REMESH -> RA -> SHA -> VAL -> RA -> OZ"}