{"sequence": ["NUL", "AL", "VAL", "EN", "AL", "OZ"], "coherence_change": -0.011760408873970563, "sense_index_change": -0.013531489357994864, "phi_s_change": 0.032561767777108064, "grad_phi_change": 0.0, "k_phi_change": 0.0, "xi_c_change": 0.0, "phase_sync_change": 0.0, "epi_magnitude_change": 0.014477430353996956, "hash_signature": "1b38542c8258cc49", "sequence_str": "NUL -> AL -> VAL -> EN -> AL -> OZ"}