{"sequence": ["AL", "NUL", "OZ", "EN", "NAV"], "coherence_change": -0.01138679171088075, "sense_index_change": 0.011762092648313516, "phi_s_change": -0.10993598066454358, "grad_phi_change": 0.0, "k_phi_change": 0.0, "xi_c_change": 0.0, "phase_sync_change": 0.0, "epi_magnitude_change": -0.025513227770564972, "hash_signature": "6cd06492e5c3c881", "sequence_str": "AL -> NUL -> OZ -> EN -> NAV"}