{"sequence": ["NAV", "THOL", "AL", "AL", "NAV"], "coherence_change": 0.004695283441708664, "sense_index_change": -0.00024110785090492026, "phi_s_change": 0.03280548394702065, "grad_phi_change": 0.0, "k_phi_change": 0.0, "xi_c_change": 0.0, "phase_sync_change": 0.0, "epi_magnitude_change": -0.007129377694684691, "hash_signature": "4dfd66e3891d3cfb", "sequence_str": "NAV -> THOL -> AL -> AL -> NAV"}