{"sequence": ["NUL", "SHA", "ZHIR", "UM", "ZHIR", "SHA"], "coherence_change": 0.0, "sense_index_change": -0.01957011761233085, "phi_s_change": 0.0, "grad_phi_change": 0.14035757310921926, "k_phi_change": -0.034675386674616115, "xi_c_change": 0.0, "phase_sync_change": -0.0485812558586074, "epi_magnitude_change": -0.021697823062524435, "hash_signature": "97ec1aae8c75b417", "sequence_str": "NUL -> SHA -> ZHIR -> UM -> ZHIR -> SHA"}