{"sequence": ["NAV", "OZ", "NAV", "REMESH"], "coherence_change": -0.0098080106950309, "sense_index_change": -0.00705275725718546, "phi_s_change": 0.01732215902870493, "grad_phi_change": 0.0, "k_phi_change": 0.0, "xi_c_change": 0.0, "phase_sync_change": 0.0, "epi_magnitude_change": 0.0013057835335477108, "hash_signature": "687a54458d56ed42", "sequence_str": "NAV -> OZ -> NAV -> REMESH"}