{"sequence": ["REMESH", "IL", "IL", "AL", "VAL", "SHA"], "coherence_change": 0.012260584778430728, "sense_index_change": 0.008184353189729543, "phi_s_change": 0.04298775654748077, "grad_phi_change": 0.0, "k_phi_change": 0.0, "xi_c_change": 0.0, "phase_sync_change": 0.0, "epi_magnitude_change": 0.023001681072649882, "hash_signature": "60b888c63a2716c0", "sequence_str": "REMESH -> IL -> IL -> AL -> VAL -> SHA"}