{"sequence": ["OZ", "ZHIR", "UM", "NAV"], "coherence_change": -0.01596718716534673, "sense_index_change": -8.30874714048413e-05, "phi_s_change": -0.02408334034316373, "grad_phi_change": -0.0746014987965935, "k_phi_change": -0.38035824801886925, "xi_c_change": 0.0, "phase_sync_change": 0.013732524691062675, "epi_magnitude_change": 0.0, "hash_signature": "259bd92591c4ecc9", "sequence_str": "OZ -> ZHIR -> UM -> NAV"}