{"sequence": ["IL", "SHA", "ZHIR", "OZ", "EN", "REMESH"], "coherence_change": -0.0031122895215552893, "sense_index_change": -0.015616461284946648, "phi_s_change": -0.029575887779781485, "grad_phi_change": 0.06439296652376103, "k_phi_change": 0.18603360665327706, "xi_c_change": 0.0, "phase_sync_change": -0.015866438459720023, "epi_magnitude_change": 0.0012202974790580523, "hash_signature": "665f92dac5a1d16d", "sequence_str": "IL -> SHA -> ZHIR -> OZ -> EN -> REMESH"}