{"sequence": ["AL", "EN", "NAV", "UM", "REMESH"], "coherence_change": 0.0, "sense_index_change": 0.01955276186927779, "phi_s_change": 0.0, "grad_phi_change": -0.06644720689527239, "k_phi_change": 0.13805123727783505, "xi_c_change": 0.0, "phase_sync_change": 0.015386519763118556, "epi_magnitude_change": 0.005827751194709685, "hash_signature": "3de859f0187b4070", "sequence_str": "AL -> EN -> NAV -> UM -> REMESH"}