{"sequence": ["AL", "OZ", "VAL", "REMESH"], "coherence_change": -0.013606416585303704, "sense_index_change": 0.0024776135006634448, "phi_s_change": 0.028166435258154987, "grad_phi_change": 0.0, "k_phi_change": 0.0, "xi_c_change": 0.0, "phase_sync_change": 0.0, "epi_magnitude_change": 0.016902880655361385, "hash_signature": "803a9c628d67c8e3", "sequence_str": "AL -> OZ -> VAL -> REMESH"}