{"sequence": ["NAV", "ZHIR", "OZ", "NAV", "RA", "OZ"], "coherence_change": -0.027802311050853734, "sense_index_change": -0.020238680982686497, "phi_s_change": -0.17311207989174016, "grad_phi_change": 0.11706280037583827, "k_phi_change": 0.08259159473524184, "xi_c_change": 0.0, "phase_sync_change": -0.036476516402759174, "epi_magnitude_change": 0.0, "hash_signature": "1b1c97e34985342a", "sequence_str": "NAV -> ZHIR -> OZ -> NAV -> RA -> OZ"}