{"sequence": ["AL", "VAL", "VAL", "NAV", "RA", "OZ"], "coherence_change": -0.013840416035672543, "sense_index_change": 0.028348619534579567, "phi_s_change": -0.039489746790782765, "grad_phi_change": -0.03331057362633705, "k_phi_change": -0.05598380685943294, "xi_c_change": 0.0, "phase_sync_change": 0.004869603184328164, "epi_magnitude_change": 0.04257092858856237, "hash_signature": "7a18e4b82b4a8fe7", "sequence_str": "AL -> VAL -> VAL -> NAV -> RA -> OZ"}