{"sequence": ["UM", "IL", "RA", "REMESH"], "coherence_change": 0.008768671314679621, "sense_index_change": 0.05270750102785582, "phi_s_change": 0.04603017050728919, "grad_phi_change": -0.26971020556386405, "k_phi_change": -0.026114671923748, "xi_c_change": 0.0, "phase_sync_change": 0.10212880973260596, "epi_magnitude_change": 0.001270549375309571, "hash_signature": "ca62aa16f270b3cb", "sequence_str": "UM -> IL -> RA -> REMESH"}