{"sequence": ["NAV", "REMESH", "OZ", "IL", "OZ"], "coherence_change": -0.02275623261328763, "sense_index_change": 0.01607954167357195, "phi_s_change": -0.040875044433971386, "grad_phi_change": 0.0, "k_phi_change": 0.0, "xi_c_change": 0.0, "phase_sync_change": 0.0, "epi_magnitude_change": 0.0010972438332027545, "hash_signature": "4d8416ea3f19c8f6", "sequence_str": "NAV -> REMESH -> OZ -> IL -> OZ"}