{"sequence": ["IL", "ZHIR", "VAL", "AL", "REMESH"], "coherence_change": 0.009528871939671446, "sense_index_change": 0.010703956739153253, "phi_s_change": 0.02906510432623799, "grad_phi_change": -0.006773062414156206, "k_phi_change": 0.04566927141878285, "xi_c_change": 0.0, "phase_sync_change": 0.001543020601178946, "epi_magnitude_change": 0.019192743013298097, "hash_signature": "d1c70caaebc6610e", "sequence_str": "IL -> ZHIR -> VAL -> AL -> REMESH"}