{"sequence": ["NAV", "AL", "THOL", "NAV"], "coherence_change": 0.005030913190765984, "sense_index_change": 0.005939842063109602, "phi_s_change": 0.03706255482967402, "grad_phi_change": 0.0, "k_phi_change": 0.0, "xi_c_change": 0.0, "phase_sync_change": 0.0, "epi_magnitude_change": 0.0039056669151216195, "hash_signature": "01fca999d78c3936", "sequence_str": "NAV -> AL -> THOL -> NAV"}