{"sequence": ["AL", "AL", "UM", "NUL", "NUL", "SHA"], "coherence_change": 0.0, "sense_index_change": 0.044427740446931985, "phi_s_change": 0.0, "grad_phi_change": -0.21875420858089645, "k_phi_change": 0.33321049111548146, "xi_c_change": 0.0, "phase_sync_change": 0.08629220350238065, "epi_magnitude_change": -0.037672439146080094, "hash_signature": "70ffca397c4588ed", "sequence_str": "AL -> AL -> UM -> NUL -> NUL -> SHA"}