{"sequence": ["RA", "EN", "NAV"], "coherence_change": 0.0, "sense_index_change": -0.0018586144151750972, "phi_s_change": 0.0, "grad_phi_change": -0.024268366789475415, "k_phi_change": 0.2350688833009178, "xi_c_change": 0.0, "phase_sync_change": 0.004799679460842143, "epi_magnitude_change": 0.0, "hash_signature": "eb228bf043a8fea5", "sequence_str": "RA -> EN -> NAV"}