{"sequence": ["REMESH", "IL", "ZHIR", "NAV"], "coherence_change": 0.009336463932250294, "sense_index_change": 0.00282231570876168, "phi_s_change": -0.010584407078602753, "grad_phi_change": 0.006575023244723255, "k_phi_change": 0.18938780221674745, "xi_c_change": 0.0, "phase_sync_change": 0.0004109297262564482, "epi_magnitude_change": 0.0014796620264702076, "hash_signature": "a687eb995750401b", "sequence_str": "REMESH -> IL -> ZHIR -> NAV"}