{"sequence": ["ZHIR", "NAV", "AL", "NAV"], "coherence_change": 0.0, "sense_index_change": -0.0006156156445643601, "phi_s_change": 0.0, "grad_phi_change": -0.05147046638782227, "k_phi_change": 0.18970323547748563, "xi_c_change": 0.0, "phase_sync_change": 0.019512374292083412, "epi_magnitude_change": 0.0036615122144851853, "hash_signature": "a8b0415b311da0b5", "sequence_str": "ZHIR -> NAV -> AL -> NAV"}