{"sequence": ["VAL", "IL", "OZ", "RA", "OZ"], "coherence_change": -0.018437816114707295, "sense_index_change": 0.02175509119088337, "phi_s_change": -0.07989373396392963, "grad_phi_change": -0.05024509340764749, "k_phi_change": 0.05265569731137759, "xi_c_change": 0.0, "phase_sync_change": 0.004675060921750851, "epi_magnitude_change": 0.012326603350958365, "hash_signature": "7345b9d961f25884", "sequence_str": "VAL -> IL -> OZ -> RA -> OZ"}