{"sequence": ["NAV", "NUL", "IL", "NAV"], "coherence_change": 0.010344810708005636, "sense_index_change": 0.007230306806401687, "phi_s_change": 0.034166118707903426, "grad_phi_change": 0.0, "k_phi_change": 0.0, "xi_c_change": 0.0, "phase_sync_change": 0.0, "epi_magnitude_change": -0.014086926025593915, "hash_signature": "a010b089041e1ee8", "sequence_str": "NAV -> NUL -> IL -> NAV"}