{"sequence": ["NAV", "ZHIR", "EN", "OZ", "ZHIR", "SHA"], "coherence_change": -0.012033094916612086, "sense_index_change": -0.007259981556480666, "phi_s_change": -0.039942179272031364, "grad_phi_change": 0.028120523856510538, "k_phi_change": 0.34823864824311873, "xi_c_change": 0.0, "phase_sync_change": -0.007895933379208575, "epi_magnitude_change": 0.0, "hash_signature": "f19e04a910a2ceec", "sequence_str": "NAV -> ZHIR -> EN -> OZ -> ZHIR -> SHA"}