{"sequence": ["THOL", "THOL", "SHA", "AL", "SHA"], "coherence_change": 0.0084375862763989, "sense_index_change": -0.008860416765703594, "phi_s_change": 0.038295907060736045, "grad_phi_change": 0.0, "k_phi_change": 0.0, "xi_c_change": 0.0, "phase_sync_change": 0.0, "epi_magnitude_change": -0.007098981174698316, "hash_signature": "993f75bc21849b4d", "sequence_str": "THOL -> THOL -> SHA -> AL -> SHA"}