{"sequence": ["NUL", "ZHIR", "NUL", "UM", "OZ"], "coherence_change": -0.013340384517908088, "sense_index_change": 0.039673054953160314, "phi_s_change": -0.06348511217238983, "grad_phi_change": -0.1150865681449893, "k_phi_change": 0.1921066198004604, "xi_c_change": 0.0, "phase_sync_change": 0.038923876831253756, "epi_magnitude_change": -0.024243541183584627, "hash_signature": "cb645e4b25234a14", "sequence_str": "NUL -> ZHIR -> NUL -> UM -> OZ"}