{"sequence": ["IL", "RA", "THOL", "THOL", "SHA"], "coherence_change": 0.018000069977022415, "sense_index_change": -0.029382591184478946, "phi_s_change": 0.21138962023142682, "grad_phi_change": 0.08520102773688487, "k_phi_change": 0.3012725148578913, "xi_c_change": 0.0, "phase_sync_change": -0.02822097625790798, "epi_magnitude_change": 0.0, "hash_signature": "c1b99d6145466f79", "sequence_str": "IL -> RA -> THOL -> THOL -> SHA"}