{"sequence": ["SHA", "SHA", "VAL", "UM", "REMESH"], "coherence_change": 0.0, "sense_index_change": 0.028530518867578403, "phi_s_change": 0.0, "grad_phi_change": -0.20621978920064188, "k_phi_change": 0.030296013975522867, "xi_c_change": 0.0, "phase_sync_change": 0.05438723092235176, "epi_magnitude_change": 0.009733971182252277, "hash_signature": "ac6709d5e03976a5", "sequence_str": "SHA -> SHA -> VAL -> UM -> REMESH"}