{"sequence": ["THOL", "VAL", "REMESH", "RA", "AL", "SHA"], "coherence_change": 0.006701877841152504, "sense_index_change": 0.013097607143941814, "phi_s_change": 0.0312348152248203, "grad_phi_change": 0.013486730351328635, "k_phi_change": 0.41036005764431593, "xi_c_change": 0.0, "phase_sync_change": -0.011210322816793683, "epi_magnitude_change": 0.01264397960791952, "hash_signature": "52cc1caed9c48929", "sequence_str": "THOL -> VAL -> REMESH -> RA -> AL -> SHA"}