{"sequence": ["UM", "NAV", "UM", "NAV"], "coherence_change": 0.0, "sense_index_change": 0.059955069320825394, "phi_s_change": 0.0, "grad_phi_change": -0.44424890323357213, "k_phi_change": 0.3154546477201079, "xi_c_change": 0.0, "phase_sync_change": 0.14284818444969727, "epi_magnitude_change": 0.0, "hash_signature": "aa3a7dcf58f7a13d", "sequence_str": "UM -> NAV -> UM -> NAV"}