{"sequence": ["IL", "THOL", "ZHIR", "EN", "NAV"], "coherence_change": 0.011728416249962237, "sense_index_change": 0.004657289643339002, "phi_s_change": -0.010579625703979523, "grad_phi_change": -0.02174704101964675, "k_phi_change": 0.058211474214267256, "xi_c_change": 0.0, "phase_sync_change": 0.008549061625196863, "epi_magnitude_change": 0.0, "hash_signature": "86fc0fcdd19b6e99", "sequence_str": "IL -> THOL -> ZHIR -> EN -> NAV"}