{"sequence": ["NAV", "ZHIR", "THOL", "THOL", "AL", "REMESH"], "coherence_change": 0.011428817616927933, "sense_index_change": 0.010378798609413264, "phi_s_change": -0.02130028512920068, "grad_phi_change": 0.0024367519153465356, "k_phi_change": -0.018109951892731735, "xi_c_change": 0.0, "phase_sync_change": 0.0006865071028504532, "epi_magnitude_change": -0.003165132621158917, "hash_signature": "7e51302244f5f286", "sequence_str": "NAV -> ZHIR -> THOL -> THOL -> AL -> REMESH"}