{"sequence": ["THOL", "REMESH", "EN", "OZ", "VAL", "OZ"], "coherence_change": -0.012348763592074263, "sense_index_change": 0.015853954008807958, "phi_s_change": -0.14932488766729268, "grad_phi_change": 0.0, "k_phi_change": 0.0, "xi_c_change": 0.0, "phase_sync_change": 0.0, "epi_magnitude_change": 0.007177635076035638, "hash_signature": "927367a782d32c3a", "sequence_str": "THOL -> REMESH -> EN -> OZ -> VAL -> OZ"}