{"sequence": ["NAV", "NAV", "IL", "REMESH"], "coherence_change": 0.006650582020513274, "sense_index_change": 0.004672297452192664, "phi_s_change": 0.004145579724462611, "grad_phi_change": 0.0, "k_phi_change": 0.0, "xi_c_change": 0.0, "phase_sync_change": 0.0, "epi_magnitude_change": 0.0015463723867681356, "hash_signature": "9a6a6cb43464d025", "sequence_str": "NAV -> NAV -> IL -> REMESH"}