{"sequence": ["THOL", "OZ", "VAL", "UM", "NAV"], "coherence_change": -0.003874500324299035, "sense_index_change": 0.01044419292471166, "phi_s_change": -0.040894786457309706, "grad_phi_change": -0.05558341637324227, "k_phi_change": 0.29572544677306706, "xi_c_change": 0.0, "phase_sync_change": 0.03064382818376077, "epi_magnitude_change": 0.01532054370405922, "hash_signature": "329d360e487f40a5", "sequence_str": "THOL -> OZ -> VAL -> UM -> NAV"}