{"sequence": ["IL", "NAV", "NAV", "VAL", "NAV"], "coherence_change": 0.008800875456039914, "sense_index_change": -0.017557919362951424, "phi_s_change": 0.13206593231183306, "grad_phi_change": 0.0, "k_phi_change": 0.0, "xi_c_change": 0.0, "phase_sync_change": 0.0, "epi_magnitude_change": 0.019341008571881257, "hash_signature": "229d8648e8064587", "sequence_str": "IL -> NAV -> NAV -> VAL -> NAV"}