{"sequence": ["ZHIR", "IL", "EN", "NUL", "OZ"], "coherence_change": -0.0015711412133343483, "sense_index_change": 0.015696107652935276, "phi_s_change": -0.020593888608681166, "grad_phi_change": -0.01823727043207124, "k_phi_change": 0.3888359721532272, "xi_c_change": 0.0, "phase_sync_change": 0.005103827606651734, "epi_magnitude_change": -0.012477684896795016, "hash_signature": "3ccc00b6855f815d", "sequence_str": "ZHIR -> IL -> EN -> NUL -> OZ"}