{"sequence": ["REMESH", "IL", "VAL", "OZ"], "coherence_change": -0.0057197919657495655, "sense_index_change": 0.0026916702090916678, "phi_s_change": -0.1552429203763107, "grad_phi_change": 0.0, "k_phi_change": 0.0, "xi_c_change": 0.0, "phase_sync_change": 0.0, "epi_magnitude_change": 0.01513431089328976, "hash_signature": "3ab8302dfd16d613", "sequence_str": "REMESH -> IL -> VAL -> OZ"}