{"sequence": ["REMESH", "NUL", "ZHIR", "RA", "SHA"], "coherence_change": 0.0, "sense_index_change": 0.025013605321747123, "phi_s_change": 0.0, "grad_phi_change": -0.06196974775726871, "k_phi_change": 0.4055830166663412, "xi_c_change": 0.0, "phase_sync_change": 0.016875948424225573, "epi_magnitude_change": -0.01448820813570395, "hash_signature": "897cf0cfd1cd218e", "sequence_str": "REMESH -> NUL -> ZHIR -> RA -> SHA"}