{"sequence": ["VAL", "AL", "THOL", "SHA"], "coherence_change": 0.0031249035600897646, "sense_index_change": 0.0030270791393124385, "phi_s_change": 0.002821666603892492, "grad_phi_change": 0.0, "k_phi_change": 0.0, "xi_c_change": 0.0, "phase_sync_change": 0.0, "epi_magnitude_change": 0.02023766042588182, "hash_signature": "18d91770697f5c2e", "sequence_str": "VAL -> AL -> THOL -> SHA"}