{"sequence": ["RA", "THOL", "NAV", "REMESH"], "coherence_change": 0.004989605001955444, "sense_index_change": 0.04851732132210318, "phi_s_change": 0.025369890587212618, "grad_phi_change": -0.14275355675147283, "k_phi_change": 0.4045301550032856, "xi_c_change": 0.0, "phase_sync_change": 0.04669444833862901, "epi_magnitude_change": 0.001521561576453001, "hash_signature": "79a7c53806d47274", "sequence_str": "RA -> THOL -> NAV -> REMESH"}