{"sequence": ["REMESH", "SHA", "AL", "ZHIR", "REMESH"], "coherence_change": 0.0, "sense_index_change": -0.016342171969807084, "phi_s_change": 0.0, "grad_phi_change": 0.05213832362352622, "k_phi_change": 0.04241510091942227, "xi_c_change": 0.0, "phase_sync_change": -0.013691711322085576, "epi_magnitude_change": -0.0052324235111684825, "hash_signature": "ab975e676fe24c09", "sequence_str": "REMESH -> SHA -> AL -> ZHIR -> REMESH"}