{"sequence": ["RA", "SHA", "IL", "VAL", "EN", "OZ"], "coherence_change": -0.003975695949031688, "sense_index_change": -0.02155764139711719, "phi_s_change": -0.03334930571823569, "grad_phi_change": 0.0651987598588224, "k_phi_change": 0.4107206792689139, "xi_c_change": 0.0, "phase_sync_change": -0.027695021767121575, "epi_magnitude_change": 0.01700228362871692, "hash_signature": "662a7e3786b5b23b", "sequence_str": "RA -> SHA -> IL -> VAL -> EN -> OZ"}