{"sequence": ["REMESH", "SHA", "IL", "NAV"], "coherence_change": 0.008623975759093794, "sense_index_change": 0.012144520181832319, "phi_s_change": 0.007868867484745135, "grad_phi_change": 0.0, "k_phi_change": 0.0, "xi_c_change": 0.0, "phase_sync_change": 0.0, "epi_magnitude_change": 0.0016730065886452206, "hash_signature": "6530ce220c3fe98e", "sequence_str": "REMESH -> SHA -> IL -> NAV"}