{"sequence": ["AL", "UM", "AL", "SHA", "ZHIR", "NAV"], "coherence_change": 0.0, "sense_index_change": 0.03338143665493842, "phi_s_change": 0.0, "grad_phi_change": -0.14210708396012217, "k_phi_change": 0.29885291464359354, "xi_c_change": 0.0, "phase_sync_change": 0.03901628831506543, "epi_magnitude_change": 0.003171523550607014, "hash_signature": "d53d218b1138419e", "sequence_str": "AL -> UM -> AL -> SHA -> ZHIR -> NAV"}