{"sequence": ["AL", "EN", "NUL", "UM", "VAL", "REMESH"], "coherence_change": 0.0, "sense_index_change": 0.007343207690285625, "phi_s_change": 0.0, "grad_phi_change": -0.003252517978791003, "k_phi_change": 0.5015311330849546, "xi_c_change": 0.0, "phase_sync_change": -0.007433954053237213, "epi_magnitude_change": 0.0023311609247564924, "hash_signature": "aea837c49e4ac31b", "sequence_str": "AL -> EN -> NUL -> UM -> VAL -> REMESH"}