{"sequence": ["NAV", "AL", "ZHIR", "OZ"], "coherence_change": -0.01717435101222531, "sense_index_change": 0.009640155505037273, "phi_s_change": -0.09932630891284056, "grad_phi_change": -0.01142323733341355, "k_phi_change": -0.11730979967040389, "xi_c_change": 0.0, "phase_sync_change": 0.0037455511436487177, "epi_magnitude_change": 0.006180137698851729, "hash_signature": "eed6524cd691893a", "sequence_str": "NAV -> AL -> ZHIR -> OZ"}