{"sequence": ["REMESH", "THOL", "REMESH", "IL", "ZHIR", "NAV"], "coherence_change": 0.01124096170560196, "sense_index_change": -0.012847799129411475, "phi_s_change": 0.015296523910517501, "grad_phi_change": 0.050977363001296405, "k_phi_change": 0.02043532484122984, "xi_c_change": 0.0, "phase_sync_change": -0.015395592057590779, "epi_magnitude_change": 0.0027861069993334597, "hash_signature": "672b3280b70260ad", "sequence_str": "REMESH -> THOL -> REMESH -> IL -> ZHIR -> NAV"}