{"sequence": ["OZ", "SHA", "IL", "EN", "UM", "SHA"], "coherence_change": -0.008879344278913126, "sense_index_change": 0.03232792289636688, "phi_s_change": -0.0531325183290261, "grad_phi_change": -0.16459814054852884, "k_phi_change": 0.6234266286616533, "xi_c_change": 0.0, "phase_sync_change": 0.053440636677911546, "epi_magnitude_change": 0.0, "hash_signature": "c11d19bf49dda4b4", "sequence_str": "OZ -> SHA -> IL -> EN -> UM -> SHA"}