{"sequence": ["AL", "EN", "SHA", "RA", "REMESH"], "coherence_change": 0.0, "sense_index_change": 0.0026051483813270826, "phi_s_change": 0.0, "grad_phi_change": 0.05444788015427626, "k_phi_change": 0.3163961141951809, "xi_c_change": 0.0, "phase_sync_change": -0.024616625044722507, "epi_magnitude_change": -0.0009959481158345884, "hash_signature": "19b4558e218fa4a2", "sequence_str": "AL -> EN -> SHA -> RA -> REMESH"}