{"sequence": ["EN", "VAL", "OZ"], "coherence_change": -0.009515919320360333, "sense_index_change": 0.006270636807977348, "phi_s_change": 0.05321502077335194, "grad_phi_change": 0.0, "k_phi_change": 0.0, "xi_c_change": 0.0, "phase_sync_change": 0.0, "epi_magnitude_change": 0.021612812825565486, "hash_signature": "69bb8bfb82f21d43", "sequence_str": "EN -> VAL -> OZ"}