{"sequence": ["RA", "REMESH", "IL", "EN", "RA", "REMESH"], "coherence_change": 0.006231533343541429, "sense_index_change": 0.032232489868223024, "phi_s_change": 0.05137527768556227, "grad_phi_change": -0.23056104304793523, "k_phi_change": 0.5710909162500089, "xi_c_change": 0.0, "phase_sync_change": 0.07248049451117777, "epi_magnitude_change": 0.0022954655473986785, "hash_signature": "44ecb37df8a953de", "sequence_str": "RA -> REMESH -> IL -> EN -> RA -> REMESH"}