{"sequence": ["UM", "EN", "AL", "REMESH"], "coherence_change": 0.0, "sense_index_change": 0.02036375267846191, "phi_s_change": 0.0, "grad_phi_change": -0.15853354485008886, "k_phi_change": 0.04269921343648492, "xi_c_change": 0.0, "phase_sync_change": 0.03231226788939068, "epi_magnitude_change": -0.0010417566653289079, "hash_signature": "3673c13c52b97b22", "sequence_str": "UM -> EN -> AL -> REMESH"}