{"sequence": ["AL", "NAV", "VAL", "THOL", "NUL", "OZ"], "coherence_change": -0.00036244934011497865, "sense_index_change": 0.0028039966962704055, "phi_s_change": -0.10640102480502456, "grad_phi_change": 0.0, "k_phi_change": 0.0, "xi_c_change": 0.0, "phase_sync_change": 0.0, "epi_magnitude_change": -0.02203739612812483, "hash_signature": "7b472a7e2921bf80", "sequence_str": "AL -> NAV -> VAL -> THOL -> NUL -> OZ"}