{"sequence": ["UM", "UM", "NAV", "UM", "REMESH"], "coherence_change": 0.0, "sense_index_change": 0.07431445848240792, "phi_s_change": 0.0, "grad_phi_change": -0.3904405484422353, "k_phi_change": 0.15855939093452565, "xi_c_change": 0.0, "phase_sync_change": 0.1201880673201009, "epi_magnitude_change": 0.0016163802097157731, "hash_signature": "d15c386a72a5e0b3", "sequence_str": "UM -> UM -> NAV -> UM -> REMESH"}