{"sequence": ["ZHIR", "UM", "IL", "SHA"], "coherence_change": 0.008308627212915809, "sense_index_change": 0.0527826546875142, "phi_s_change": 0.13896746866833132, "grad_phi_change": -0.15259710894048606, "k_phi_change": 0.23438182030003896, "xi_c_change": 0.0, "phase_sync_change": 0.06015399159316481, "epi_magnitude_change": 0.0, "hash_signature": "7e6ef2d6f351bb4d", "sequence_str": "ZHIR -> UM -> IL -> SHA"}