{"sequence": ["OZ", "NUL", "THOL", "UM", "OZ"], "coherence_change": -0.012196496030332793, "sense_index_change": 0.05264805699323227, "phi_s_change": 0.06938853985040772, "grad_phi_change": -0.10470426949232192, "k_phi_change": 0.10274224687078248, "xi_c_change": 0.0, "phase_sync_change": 0.032159460282233154, "epi_magnitude_change": -0.011294225475247388, "hash_signature": "61b3a4c2d8c67de7", "sequence_str": "OZ -> NUL -> THOL -> UM -> OZ"}