{"sequence": ["RA", "VAL", "VAL", "UM", "SHA"], "coherence_change": 0.0, "sense_index_change": 0.045275444613520954, "phi_s_change": 0.0, "grad_phi_change": -0.25183985666541897, "k_phi_change": 0.22438896098912145, "xi_c_change": 0.0, "phase_sync_change": 0.08647494567264091, "epi_magnitude_change": 0.0393573832053431, "hash_signature": "5d5624024e23869e", "sequence_str": "RA -> VAL -> VAL -> UM -> SHA"}