{"sequence": ["NUL", "RA", "REMESH", "REMESH"], "coherence_change": 0.0, "sense_index_change": 0.044277399767842174, "phi_s_change": 0.0, "grad_phi_change": -0.15914900200409976, "k_phi_change": 0.3551193123082914, "xi_c_change": 0.0, "phase_sync_change": 0.047539508967481714, "epi_magnitude_change": -0.00993230836774317, "hash_signature": "b02f7020006a4e1d", "sequence_str": "NUL -> RA -> REMESH -> REMESH"}