{"sequence": ["NAV", "UM", "UM", "REMESH"], "coherence_change": 0.0, "sense_index_change": 0.0006974768692059596, "phi_s_change": 0.0, "grad_phi_change": 0.036627904870873085, "k_phi_change": -0.07693173496299638, "xi_c_change": 0.0, "phase_sync_change": -0.015675034388443865, "epi_magnitude_change": 0.0009311986610660572, "hash_signature": "47a2071b2632a94c", "sequence_str": "NAV -> UM -> UM -> REMESH"}