{"sequence": ["NAV", "IL", "VAL", "OZ"], "coherence_change": 0.0014904157395395634, "sense_index_change": 0.0010546827971448236, "phi_s_change": 0.12337604555248527, "grad_phi_change": 0.0, "k_phi_change": 0.0, "xi_c_change": 0.0, "phase_sync_change": 0.0, "epi_magnitude_change": 0.017865526466376402, "hash_signature": "9426ebe28b7c5eda", "sequence_str": "NAV -> IL -> VAL -> OZ"}