{"sequence": ["THOL", "SHA", "UM", "IL", "NAV"], "coherence_change": 0.013311541350659928, "sense_index_change": 0.046081339322163295, "phi_s_change": 0.01829815859785322, "grad_phi_change": -0.1772395448562889, "k_phi_change": -0.3233598570413601, "xi_c_change": 0.0, "phase_sync_change": 0.057878304216982035, "epi_magnitude_change": 0.0, "hash_signature": "c90abb469eab740c", "sequence_str": "THOL -> SHA -> UM -> IL -> NAV"}