{"sequence": ["REMESH", "VAL", "THOL", "IL", "OZ"], "coherence_change": 0.0015037244660187632, "sense_index_change": -0.0013215183643054962, "phi_s_change": 0.08353346217004853, "grad_phi_change": 0.0, "k_phi_change": 0.0, "xi_c_change": 0.0, "phase_sync_change": 0.0, "epi_magnitude_change": 0.01067139471384293, "hash_signature": "3b83f2785c57eba0", "sequence_str": "REMESH -> VAL -> THOL -> IL -> OZ"}