{"sequence": ["NUL", "REMESH", "RA", "VAL", "SHA"], "coherence_change": 0.0, "sense_index_change": 0.015216731732851763, "phi_s_change": 0.0, "grad_phi_change": -0.0703849204589222, "k_phi_change": 0.2262463252413075, "xi_c_change": 0.0, "phase_sync_change": 0.02237741708435259, "epi_magnitude_change": 0.020251633098209543, "hash_signature": "81a2c45c0f3ce371", "sequence_str": "NUL -> REMESH -> RA -> VAL -> SHA"}