{"sequence": ["REMESH", "OZ", "AL", "SHA"], "coherence_change": -0.013993223304263003, "sense_index_change": 0.022194795367299736, "phi_s_change": -0.10829638822343257, "grad_phi_change": 0.0, "k_phi_change": 0.0, "xi_c_change": 0.0, "phase_sync_change": 0.0, "epi_magnitude_change": 0.00015879478221358934, "hash_signature": "28d20cd872fd9cad", "sequence_str": "REMESH -> OZ -> AL -> SHA"}