{"sequence": ["NAV", "NUL", "RA", "UM", "NAV"], "coherence_change": 0.0, "sense_index_change": 0.006485639693714518, "phi_s_change": 0.0, "grad_phi_change": -0.07957800997007536, "k_phi_change": 0.39089263779044536, "xi_c_change": 0.0, "phase_sync_change": 0.027491461339755774, "epi_magnitude_change": -0.014876349030789271, "hash_signature": "006a0d39fcc4ab8a", "sequence_str": "NAV -> NUL -> RA -> UM -> NAV"}