{"sequence": ["NUL", "OZ", "AL", "AL", "UM", "OZ"], "coherence_change": -0.03322067243746307, "sense_index_change": 0.044729468069822476, "phi_s_change": -0.049079504138585195, "grad_phi_change": -0.2301726318737547, "k_phi_change": 0.17043933636877573, "xi_c_change": 0.0, "phase_sync_change": 0.0648304884266826, "epi_magnitude_change": -0.017818102712593764, "hash_signature": "7b3fe77db7ff5aec", "sequence_str": "NUL -> OZ -> AL -> AL -> UM -> OZ"}