{"sequence": ["NAV", "OZ", "AL", "REMESH", "OZ"], "coherence_change": -0.027356754051165333, "sense_index_change": 0.014946529361204552, "phi_s_change": -0.10787051002834136, "grad_phi_change": 0.0, "k_phi_change": 0.0, "xi_c_change": 0.0, "phase_sync_change": 0.0, "epi_magnitude_change": -0.0013655759807752466, "hash_signature": "f835da76a2538e8f", "sequence_str": "NAV -> OZ -> AL -> REMESH -> OZ"}