{"sequence": ["AL", "NUL", "OZ", "UM", "RA", "REMESH"], "coherence_change": -0.012365215844007071, "sense_index_change": 0.04466093088517864, "phi_s_change": 0.0025390534714350155, "grad_phi_change": -0.18596696217134223, "k_phi_change": 0.2799115938545485, "xi_c_change": 0.0, "phase_sync_change": 0.05165769304311307, "epi_magnitude_change": -0.016528183362221505, "hash_signature": "502afb49b44b91cc", "sequence_str": "AL -> NUL -> OZ -> UM -> RA -> REMESH"}