{"sequence": ["ZHIR", "SHA", "NAV"], "coherence_change": 0.0, "sense_index_change": 0.007813754508706916, "phi_s_change": 0.0, "grad_phi_change": -0.04518057204319703, "k_phi_change": 0.0006968798813308807, "xi_c_change": 0.0, "phase_sync_change": 0.018825867189232848, "epi_magnitude_change": 0.0, "hash_signature": "1549ef82b51b1e33", "sequence_str": "ZHIR -> SHA -> NAV"}