{"sequence": ["EN", "UM", "SHA", "VAL", "UM", "NAV"], "coherence_change": 0.0, "sense_index_change": 0.07606573693192553, "phi_s_change": 0.0, "grad_phi_change": -0.3758281914921078, "k_phi_change": -0.02745156944219712, "xi_c_change": 0.0, "phase_sync_change": 0.11979157345792413, "epi_magnitude_change": 0.014430318087013227, "hash_signature": "b7ac5222f1f9b26a", "sequence_str": "EN -> UM -> SHA -> VAL -> UM -> NAV"}