{"sequence": ["AL", "REMESH", "UM", "RA", "NAV"], "coherence_change": 0.0, "sense_index_change": 0.043435429079042076, "phi_s_change": 0.0, "grad_phi_change": -0.263839194024414, "k_phi_change": 0.38070519188972374, "xi_c_change": 0.0, "phase_sync_change": 0.09276638411812643, "epi_magnitude_change": 0.005744254252053382, "hash_signature": "9f1b3fc73887aa52", "sequence_str": "AL -> REMESH -> UM -> RA -> NAV"}