{"sequence": ["OZ", "RA", "RA", "UM", "OZ"], "coherence_change": -0.02711467480055274, "sense_index_change": 0.07567100242847824, "phi_s_change": -0.15701300071749935, "grad_phi_change": -0.4387602943878899, "k_phi_change": 0.3003770261652734, "xi_c_change": 0.0, "phase_sync_change": 0.13366176078724556, "epi_magnitude_change": 0.0, "hash_signature": "74c8b2c1e35f73a9", "sequence_str": "OZ -> RA -> RA -> UM -> OZ"}