{"sequence": ["RA", "EN", "ZHIR", "NUL", "REMESH"], "coherence_change": 0.0, "sense_index_change": -0.020621666722712706, "phi_s_change": 0.0, "grad_phi_change": 0.08709897610828543, "k_phi_change": -0.308865876795644, "xi_c_change": 0.0, "phase_sync_change": -0.029275742195408738, "epi_magnitude_change": -0.011401808367034083, "hash_signature": "15d5174dffb4546d", "sequence_str": "RA -> EN -> ZHIR -> NUL -> REMESH"}