{"sequence": ["AL", "THOL", "NAV", "RA", "VAL", "SHA"], "coherence_change": 0.007068598457216635, "sense_index_change": -0.021051498676614877, "phi_s_change": 0.0005603004180002591, "grad_phi_change": 0.044404852322870836, "k_phi_change": 0.04612646312079377, "xi_c_change": 0.0, "phase_sync_change": -0.021075164477244113, "epi_magnitude_change": 0.0032617207539027415, "hash_signature": "2deb5bb2b1519cda", "sequence_str": "AL -> THOL -> NAV -> RA -> VAL -> SHA"}