{"sequence": ["ZHIR", "OZ", "THOL", "REMESH"], "coherence_change": -0.012611209639274756, "sense_index_change": -0.012605949078120848, "phi_s_change": -0.011424278134004817, "grad_phi_change": 0.08535504824209683, "k_phi_change": -0.10009349827097469, "xi_c_change": 0.0, "phase_sync_change": -0.026038829720028578, "epi_magnitude_change": 0.0019186881675479217, "hash_signature": "8c2d212c13ddfa8c", "sequence_str": "ZHIR -> OZ -> THOL -> REMESH"}