{"sequence": ["AL", "NUL", "EN", "NUL", "RA", "OZ"], "coherence_change": -0.010465099399536326, "sense_index_change": 0.009740707675157667, "phi_s_change": -0.07700098449762371, "grad_phi_change": -0.011850169810719402, "k_phi_change": 0.39682321909403706, "xi_c_change": 0.0, "phase_sync_change": 0.0042976427446163035, "epi_magnitude_change": -0.03918735921987204, "hash_signature": "e7edbfa1ba2fad11", "sequence_str": "AL -> NUL -> EN -> NUL -> RA -> OZ"}