{"sequence": ["UM", "OZ", "AL", "REMESH"], "coherence_change": -0.009578023956923087, "sense_index_change": 0.013572492059313213, "phi_s_change": -0.00853960827567879, "grad_phi_change": -0.0864564642666934, "k_phi_change": 0.4920070374401503, "xi_c_change": 0.0, "phase_sync_change": 0.03237229724393498, "epi_magnitude_change": 0.010402562249817171, "hash_signature": "e0500bdc865fa07a", "sequence_str": "UM -> OZ -> AL -> REMESH"}