{"sequence": ["OZ", "ZHIR", "RA", "EN", "NUL", "NAV"], "coherence_change": -0.010993447833556824, "sense_index_change": -0.018091522686147332, "phi_s_change": -0.00044192420997979376, "grad_phi_change": 0.050503038416704005, "k_phi_change": 0.20032658409544143, "xi_c_change": 0.0, "phase_sync_change": -0.014747099621607807, "epi_magnitude_change": -0.020042006349766606, "hash_signature": "65e246354ae9d2a7", "sequence_str": "OZ -> ZHIR -> RA -> EN -> NUL -> NAV"}