{"sequence": ["UM", "THOL", "REMESH", "RA", "OZ"], "coherence_change": -0.012069850970666263, "sense_index_change": 0.07014048476089141, "phi_s_change": -0.08059998446269012, "grad_phi_change": -0.28504526886862824, "k_phi_change": -0.07338099609474841, "xi_c_change": 0.0, "phase_sync_change": 0.0737784000059093, "epi_magnitude_change": 0.001213612516253293, "hash_signature": "4b48359f27fedb6c", "sequence_str": "UM -> THOL -> REMESH -> RA -> OZ"}