{"sequence": ["RA", "THOL", "REMESH", "IL", "SHA"], "coherence_change": 0.01079522738415506, "sense_index_change": 0.01625097946619114, "phi_s_change": 0.05331541843555254, "grad_phi_change": -0.04159590326597873, "k_phi_change": 0.10429966322684837, "xi_c_change": 0.0, "phase_sync_change": 0.006607265483525526, "epi_magnitude_change": 0.001621304969681936, "hash_signature": "da550a3781cb3af2", "sequence_str": "RA -> THOL -> REMESH -> IL -> SHA"}