{"sequence": ["NAV", "IL", "RA", "REMESH"], "coherence_change": 0.007538495761601149, "sense_index_change": 0.016565629963987027, "phi_s_change": -0.018217547448415305, "grad_phi_change": -0.05513858376414493, "k_phi_change": 0.006062569531359363, "xi_c_change": 0.0, "phase_sync_change": 0.009876186435709977, "epi_magnitude_change": 0.0015478166558993145, "hash_signature": "3bf3372001fc8c3c", "sequence_str": "NAV -> IL -> RA -> REMESH"}