{"sequence": ["NAV", "NAV", "ZHIR", "THOL", "NAV"], "coherence_change": 0.005400059589623862, "sense_index_change": -0.019717823050795946, "phi_s_change": 0.017010005938990158, "grad_phi_change": 0.06113070914146834, "k_phi_change": -0.11284842914672, "xi_c_change": 0.0, "phase_sync_change": -0.024215026204135515, "epi_magnitude_change": 0.0, "hash_signature": "536127431a5b3d0f", "sequence_str": "NAV -> NAV -> ZHIR -> THOL -> NAV"}