{"sequence": ["REMESH", "RA", "EN", "REMESH"], "coherence_change": 0.0, "sense_index_change": 0.012881396384328836, "phi_s_change": 0.0, "grad_phi_change": -0.08862539313792439, "k_phi_change": 0.4206710443415491, "xi_c_change": 0.0, "phase_sync_change": 0.024782269132290646, "epi_magnitude_change": 0.003332591455513678, "hash_signature": "813aca4ddd235149", "sequence_str": "REMESH -> RA -> EN -> REMESH"}