{"sequence": ["REMESH", "NAV", "SHA", "RA", "NAV"], "coherence_change": 0.0, "sense_index_change": 0.02896076518783708, "phi_s_change": 0.0, "grad_phi_change": -0.11358038210694898, "k_phi_change": 0.2589990818393554, "xi_c_change": 0.0, "phase_sync_change": 0.030404156285675277, "epi_magnitude_change": 0.0014282489394659148, "hash_signature": "69bf4f1c48715afc", "sequence_str": "REMESH -> NAV -> SHA -> RA -> NAV"}