{"sequence": ["IL", "NAV", "ZHIR", "NAV"], "coherence_change": 0.009900369682171228, "sense_index_change": 0.018598310387221928, "phi_s_change": 0.05084261219598385, "grad_phi_change": -0.0760465798515797, "k_phi_change": -0.1910261262774105, "xi_c_change": 0.0, "phase_sync_change": 0.022014656745315997, "epi_magnitude_change": 0.0, "hash_signature": "099f6c9eb4c9bbfa", "sequence_str": "IL -> NAV -> ZHIR -> NAV"}