{"sequence": ["RA", "REMESH", "AL", "NAV"], "coherence_change": 0.0, "sense_index_change": -0.007417802608512103, "phi_s_change": 0.0, "grad_phi_change": 0.07031813694422229, "k_phi_change": 0.4737496999559642, "xi_c_change": 0.0, "phase_sync_change": -0.0283212924673395, "epi_magnitude_change": -0.007153898421057514, "hash_signature": "c0a207dd596a7545", "sequence_str": "RA -> REMESH -> AL -> NAV"}