{"sequence": ["AL", "VAL", "EN", "OZ"], "coherence_change": -0.014357710763698628, "sense_index_change": 0.009804272097538425, "phi_s_change": -0.05341399381817924, "grad_phi_change": 0.0, "k_phi_change": 0.0, "xi_c_change": 0.0, "phase_sync_change": 0.0, "epi_magnitude_change": 0.015753171339413452, "hash_signature": "e559978643ff644e", "sequence_str": "AL -> VAL -> EN -> OZ"}