{"sequence": ["THOL", "REMESH", "IL", "OZ"], "coherence_change": 0.004149932164699055, "sense_index_change": -0.011812334456076545, "phi_s_change": 0.09920837417653539, "grad_phi_change": 0.0, "k_phi_change": 0.0, "xi_c_change": 0.0, "phase_sync_change": 0.0, "epi_magnitude_change": 0.0012499320369400158, "hash_signature": "8cdb74599ec7d240", "sequence_str": "THOL -> REMESH -> IL -> OZ"}