{"sequence": ["AL", "ZHIR", "THOL", "AL", "UM", "OZ"], "coherence_change": -0.0018710248756111936, "sense_index_change": -0.029206919248747465, "phi_s_change": -0.11917377363220427, "grad_phi_change": 0.09188145903457845, "k_phi_change": 0.13795375433602283, "xi_c_change": 0.0, "phase_sync_change": -0.03719221964987829, "epi_magnitude_change": -0.006378974859018172, "hash_signature": "f84097d3eb8952fa", "sequence_str": "AL -> ZHIR -> THOL -> AL -> UM -> OZ"}