{"sequence": ["SHA", "IL", "AL", "AL", "REMESH"], "coherence_change": 0.012834292397307268, "sense_index_change": -0.0028634138751257865, "phi_s_change": 0.037073915018175474, "grad_phi_change": 0.0, "k_phi_change": 0.0, "xi_c_change": 0.0, "phase_sync_change": 0.0, "epi_magnitude_change": -0.004953025716141646, "hash_signature": "d177e2e2bd9de117", "sequence_str": "SHA -> IL -> AL -> AL -> REMESH"}