{"sequence": ["EN", "OZ", "ZHIR", "NUL", "REMESH"], "coherence_change": -0.016934634553585903, "sense_index_change": 0.007818828300498737, "phi_s_change": 0.036557172635271584, "grad_phi_change": -0.046610094567058, "k_phi_change": -0.020662842391640734, "xi_c_change": 0.0, "phase_sync_change": 0.01721540223360829, "epi_magnitude_change": -0.017332782447659123, "hash_signature": "48ff9f7a3aeb687f", "sequence_str": "EN -> OZ -> ZHIR -> NUL -> REMESH"}