{"sequence": ["NAV", "SHA", "ZHIR", "IL", "NAV"], "coherence_change": 0.008577420420997073, "sense_index_change": 0.008764192795258863, "phi_s_change": 0.05682202262363212, "grad_phi_change": -0.0447708092711252, "k_phi_change": 0.02813487804524395, "xi_c_change": 0.0, "phase_sync_change": 0.012714115087706701, "epi_magnitude_change": 0.0, "hash_signature": "30639f6d4c094c1a", "sequence_str": "NAV -> SHA -> ZHIR -> IL -> NAV"}