{"sequence": ["NAV", "ZHIR", "ZHIR", "REMESH", "SHA"], "coherence_change": 0.0, "sense_index_change": -0.008105416728071857, "phi_s_change": 0.0, "grad_phi_change": 0.06333272531878986, "k_phi_change": 0.46528758714392354, "xi_c_change": 0.0, "phase_sync_change": -0.017949570437851392, "epi_magnitude_change": 0.0015168491266561723, "hash_signature": "80a5840c5b31172e", "sequence_str": "NAV -> ZHIR -> ZHIR -> REMESH -> SHA"}