{"sequence": ["OZ", "THOL", "UM", "REMESH"], "coherence_change": -0.01000096601290057, "sense_index_change": 0.029200828385802513, "phi_s_change": -0.0775631066041671, "grad_phi_change": -0.039129022728884966, "k_phi_change": 0.8346246760773857, "xi_c_change": 0.0, "phase_sync_change": 0.007015549450499536, "epi_magnitude_change": 0.0015873639646202253, "hash_signature": "87a4b628ccaa7c2a", "sequence_str": "OZ -> THOL -> UM -> REMESH"}