{"sequence": ["RA", "AL", "ZHIR", "REMESH"], "coherence_change": 0.0, "sense_index_change": -0.020086195321756428, "phi_s_change": 0.0, "grad_phi_change": 0.06527705893975799, "k_phi_change": 0.04717564606114838, "xi_c_change": 0.0, "phase_sync_change": -0.025613985814809448, "epi_magnitude_change": -0.003870849235264706, "hash_signature": "8ff2d76869687d0f", "sequence_str": "RA -> AL -> ZHIR -> REMESH"}