{"sequence": ["EN", "AL", "OZ"], "coherence_change": -0.011068022275104061, "sense_index_change": -0.005440110213538074, "phi_s_change": -0.08219186599418327, "grad_phi_change": 0.0, "k_phi_change": 0.0, "xi_c_change": 0.0, "phase_sync_change": 0.0, "epi_magnitude_change": -0.010768625599369863, "hash_signature": "02a312fed34e19e8", "sequence_str": "EN -> AL -> OZ"}