{"sequence": ["NAV", "ZHIR", "AL", "OZ"], "coherence_change": -0.01570430163217662, "sense_index_change": 0.039805605814277056, "phi_s_change": 0.0380095502880623, "grad_phi_change": -0.007679448708774794, "k_phi_change": -0.0017932063232583562, "xi_c_change": 0.0, "phase_sync_change": 0.0033333333333330772, "epi_magnitude_change": 0.0001374187482691136, "hash_signature": "53e0d2d36249dc08", "sequence_str": "NAV -> ZHIR -> AL -> OZ"}