{"sequence": ["NAV", "NUL", "RA", "OZ", "RA", "NAV"], "coherence_change": -0.007531489419626225, "sense_index_change": 0.039308042185776104, "phi_s_change": -0.0500988867157095, "grad_phi_change": -0.22179550555125216, "k_phi_change": 0.21486887278377023, "xi_c_change": 0.0, "phase_sync_change": 0.07135406169510106, "epi_magnitude_change": -0.020838338550064894, "hash_signature": "69b024c39c3dfb5d", "sequence_str": "NAV -> NUL -> RA -> OZ -> RA -> NAV"}