{"sequence": ["UM", "RA", "UM", "NUL", "NAV"], "coherence_change": 0.0, "sense_index_change": 0.03087503090574384, "phi_s_change": 0.0, "grad_phi_change": -0.1685667556080317, "k_phi_change": 0.4605649267256026, "xi_c_change": 0.0, "phase_sync_change": 0.03373375557813785, "epi_magnitude_change": -0.011633746722484406, "hash_signature": "8b88eeb5ba23b2e8", "sequence_str": "UM -> RA -> UM -> NUL -> NAV"}