{"sequence": ["UM", "AL", "SHA", "AL", "REMESH"], "coherence_change": 0.0, "sense_index_change": 0.03790713229364362, "phi_s_change": 0.0, "grad_phi_change": -0.20777610628812382, "k_phi_change": 0.021969132876295344, "xi_c_change": 0.0, "phase_sync_change": 0.0721587636713169, "epi_magnitude_change": -0.001193368785522897, "hash_signature": "f216a002c342bad6", "sequence_str": "UM -> AL -> SHA -> AL -> REMESH"}