{"sequence": ["REMESH", "IL", "NUL", "IL", "SHA"], "coherence_change": 0.018310009531836702, "sense_index_change": -0.001756310117351223, "phi_s_change": 0.044844281078037285, "grad_phi_change": 0.0, "k_phi_change": 0.0, "xi_c_change": 0.0, "phase_sync_change": 0.0, "epi_magnitude_change": -0.013154951029199502, "hash_signature": "256f079a7032c1f6", "sequence_str": "REMESH -> IL -> NUL -> IL -> SHA"}