{"sequence": ["NAV", "SHA", "ZHIR", "AL", "NAV"], "coherence_change": 0.0, "sense_index_change": -0.002293728525842531, "phi_s_change": 0.0, "grad_phi_change": 0.04090545344362839, "k_phi_change": -0.13970926012628898, "xi_c_change": 0.0, "phase_sync_change": -0.013212205726470194, "epi_magnitude_change": 0.0023888749878072657, "hash_signature": "612f21cd5e36badd", "sequence_str": "NAV -> SHA -> ZHIR -> AL -> NAV"}