{"sequence": ["RA", "NAV", "ZHIR", "OZ"], "coherence_change": -0.013952872727290178, "sense_index_change": 0.053131420099099325, "phi_s_change": -0.058078098073705675, "grad_phi_change": -0.1163866324554732, "k_phi_change": -0.014014324642027204, "xi_c_change": 0.0, "phase_sync_change": 0.027691555118721012, "epi_magnitude_change": 0.0, "hash_signature": "4815398001ce2eed", "sequence_str": "RA -> NAV -> ZHIR -> OZ"}