{"sequence": ["NAV", "UM", "REMESH", "SHA", "EN", "NAV"], "coherence_change": 0.0, "sense_index_change": -0.020740868245471666, "phi_s_change": 0.0, "grad_phi_change": 0.10610541985947353, "k_phi_change": 0.05122765227453388, "xi_c_change": 0.0, "phase_sync_change": -0.03121881162203355, "epi_magnitude_change": 0.0015528081529829763, "hash_signature": "45d2214712f3d547", "sequence_str": "NAV -> UM -> REMESH -> SHA -> EN -> NAV"}