{"sequence": ["OZ", "AL", "UM", "REMESH", "IL", "NAV"], "coherence_change": -0.004242316189187578, "sense_index_change": 0.0025924966637157487, "phi_s_change": -0.01773665094804977, "grad_phi_change": -0.08132201130552619, "k_phi_change": -0.026511670698496803, "xi_c_change": 0.0, "phase_sync_change": 0.0276427350096351, "epi_magnitude_change": 0.005499190812567667, "hash_signature": "68e0664a58e3849b", "sequence_str": "OZ -> AL -> UM -> REMESH -> IL -> NAV"}