{"sequence": ["AL", "SHA", "RA", "RA", "NAV"], "coherence_change": 0.0, "sense_index_change": 0.0234561926497332, "phi_s_change": 0.0, "grad_phi_change": -0.12843335311639548, "k_phi_change": 0.5645697749928413, "xi_c_change": 0.0, "phase_sync_change": 0.03555436389661082, "epi_magnitude_change": 0.0047107188257449195, "hash_signature": "cfaa26383206ca68", "sequence_str": "AL -> SHA -> RA -> RA -> NAV"}