{"sequence": ["RA", "REMESH", "THOL", "RA", "OZ"], "coherence_change": -0.011380902869487453, "sense_index_change": 0.05253639339203031, "phi_s_change": -0.08614422961572166, "grad_phi_change": -0.10282680463062954, "k_phi_change": -0.004854145008957755, "xi_c_change": 0.0, "phase_sync_change": 0.03637343526979964, "epi_magnitude_change": 0.001211699599468985, "hash_signature": "133d4975f96f1b6b", "sequence_str": "RA -> REMESH -> THOL -> RA -> OZ"}