{"sequence": ["SHA", "IL", "UM", "RA", "RA", "REMESH"], "coherence_change": 0.007140737713259182, "sense_index_change": 0.05580445033261805, "phi_s_change": -0.0013854393256076403, "grad_phi_change": -0.3957508291395162, "k_phi_change": 0.27714439329342844, "xi_c_change": 0.0, "phase_sync_change": 0.11698910023204356, "epi_magnitude_change": 0.0012305743205883735, "hash_signature": "7383763e2a44a643", "sequence_str": "SHA -> IL -> UM -> RA -> RA -> REMESH"}