{"sequence": ["EN", "AL", "NUL", "OZ"], "coherence_change": -0.009015606802366904, "sense_index_change": -0.004434187875886231, "phi_s_change": -0.01799925570744254, "grad_phi_change": 0.0, "k_phi_change": 0.0, "xi_c_change": 0.0, "phase_sync_change": 0.0, "epi_magnitude_change": -0.005227699977516376, "hash_signature": "58e5eb84ae5a0a6e", "sequence_str": "EN -> AL -> NUL -> OZ"}