{"sequence": ["IL", "NUL", "NUL", "THOL", "ZHIR", "SHA"], "coherence_change": 0.01584632317128154, "sense_index_change": -0.006947778425798745, "phi_s_change": 0.03752793826118983, "grad_phi_change": -0.03587493110944173, "k_phi_change": 0.00944633153662941, "xi_c_change": 0.0, "phase_sync_change": 0.015404210758602321, "epi_magnitude_change": -0.021309066760952455, "hash_signature": "6d3f88ed2f2b9fba", "sequence_str": "IL -> NUL -> NUL -> THOL -> ZHIR -> SHA"}