{"sequence": ["RA", "OZ", "RA", "ZHIR", "NUL", "NAV"], "coherence_change": -0.012373073399186918, "sense_index_change": 0.04732974322723793, "phi_s_change": 0.04724897916376958, "grad_phi_change": -0.23593835080461067, "k_phi_change": 0.20070624497076733, "xi_c_change": 0.0, "phase_sync_change": 0.07320796967587728, "epi_magnitude_change": -0.01159414690184446, "hash_signature": "b3ff5f60ded91580", "sequence_str": "RA -> OZ -> RA -> ZHIR -> NUL -> NAV"}