{"sequence": ["SHA", "RA", "AL", "OZ"], "coherence_change": -0.00928461549532511, "sense_index_change": 0.021234142992998417, "phi_s_change": -0.14132741629517187, "grad_phi_change": -0.04980952576956854, "k_phi_change": 0.03215669902246557, "xi_c_change": 0.0, "phase_sync_change": 0.011776229232267399, "epi_magnitude_change": 0.0026497331771271337, "hash_signature": "da51d044e0e654af", "sequence_str": "SHA -> RA -> AL -> OZ"}