{"sequence": ["NAV", "UM", "ZHIR", "OZ"], "coherence_change": -0.008509712459873087, "sense_index_change": 0.07142318695721561, "phi_s_change": 0.09524085679711913, "grad_phi_change": -0.4123026412176587, "k_phi_change": 0.2379783065015393, "xi_c_change": 0.0, "phase_sync_change": 0.12871280064693946, "epi_magnitude_change": 0.0, "hash_signature": "d520ddfeb19c9d1c", "sequence_str": "NAV -> UM -> ZHIR -> OZ"}