{"sequence": ["VAL", "VAL", "VAL", "EN", "VAL", "OZ"], "coherence_change": -0.016891523575999323, "sense_index_change": 0.0066081523711774, "phi_s_change": -0.15154663831701343, "grad_phi_change": 0.0, "k_phi_change": 0.0, "xi_c_change": 0.0, "phase_sync_change": 0.0, "epi_magnitude_change": 0.07801282538088827, "hash_signature": "42034d5263f47994", "sequence_str": "VAL -> VAL -> VAL -> EN -> VAL -> OZ"}