{"sequence": ["UM", "UM", "OZ", "EN", "VAL", "NAV"], "coherence_change": -0.016604039822103234, "sense_index_change": 0.07614234132469966, "phi_s_change": -0.05305336558730278, "grad_phi_change": -0.25644606813280224, "k_phi_change": 0.4523829499617245, "xi_c_change": 0.0, "phase_sync_change": 0.07340826830953306, "epi_magnitude_change": 0.010223966736659373, "hash_signature": "68ddc63f5f7de640", "sequence_str": "UM -> UM -> OZ -> EN -> VAL -> NAV"}