{"sequence": ["NUL", "OZ", "RA", "NAV"], "coherence_change": -0.008043138992289256, "sense_index_change": -0.0030560710091660503, "phi_s_change": 0.0571751837236969, "grad_phi_change": 0.08759654268406125, "k_phi_change": 0.1629224987474754, "xi_c_change": 0.0, "phase_sync_change": -0.025764409907230168, "epi_magnitude_change": -0.010292849491037703, "hash_signature": "31d445383b6bb52b", "sequence_str": "NUL -> OZ -> RA -> NAV"}