{"sequence": ["OZ", "NUL", "NUL", "AL", "OZ"], "coherence_change": -0.019920004682214443, "sense_index_change": 0.007504571203279187, "phi_s_change": -0.10990485386371762, "grad_phi_change": 0.0, "k_phi_change": 0.0, "xi_c_change": 0.0, "phase_sync_change": 0.0, "epi_magnitude_change": -0.040583097870311, "hash_signature": "19164837e49029b5", "sequence_str": "OZ -> NUL -> NUL -> AL -> OZ"}