{"sequence": ["REMESH", "SHA", "VAL", "UM", "VAL", "SHA"], "coherence_change": 0.0, "sense_index_change": 0.003942730661559368, "phi_s_change": 0.0, "grad_phi_change": -0.0717867651637547, "k_phi_change": 0.17159706680070635, "xi_c_change": 0.0, "phase_sync_change": 0.016867681545405855, "epi_magnitude_change": 0.04120516114590367, "hash_signature": "d91cb74038be0c29", "sequence_str": "REMESH -> SHA -> VAL -> UM -> VAL -> SHA"}