{"sequence": ["AL", "IL", "SHA", "SHA", "THOL", "NAV"], "coherence_change": 0.011229816533663395, "sense_index_change": -0.013835952301944676, "phi_s_change": 0.03729492019056957, "grad_phi_change": 0.0, "k_phi_change": 0.0, "xi_c_change": 0.0, "phase_sync_change": 0.0, "epi_magnitude_change": -0.001908498402074854, "hash_signature": "7079b37a0b9e832f", "sequence_str": "AL -> IL -> SHA -> SHA -> THOL -> NAV"}