{"sequence": ["AL", "RA", "EN", "REMESH"], "coherence_change": 0.0, "sense_index_change": -0.0036478274711864156, "phi_s_change": 0.0, "grad_phi_change": 0.03926467702043035, "k_phi_change": 0.3718233932415319, "xi_c_change": 0.0, "phase_sync_change": -0.018916042049005766, "epi_magnitude_change": -0.0023772002884876464, "hash_signature": "18e4c333ce57f50b", "sequence_str": "AL -> RA -> EN -> REMESH"}