{"sequence": ["RA", "UM", "OZ", "AL", "AL", "SHA"], "coherence_change": -0.008521274241194754, "sense_index_change": 0.03364622725241584, "phi_s_change": 0.03321619247083207, "grad_phi_change": -0.19823844768477783, "k_phi_change": 0.3766022547938336, "xi_c_change": 0.0, "phase_sync_change": 0.050315436850159934, "epi_magnitude_change": 0.0025708342755910163, "hash_signature": "3a2ee89a534383a9", "sequence_str": "RA -> UM -> OZ -> AL -> AL -> SHA"}