{"sequence": ["AL", "NUL", "RA", "NAV"], "coherence_change": 0.0, "sense_index_change": -0.003433398799185139, "phi_s_change": 0.0, "grad_phi_change": 0.025392279571850418, "k_phi_change": 0.30454827989401045, "xi_c_change": 0.0, "phase_sync_change": -0.014563526670918203, "epi_magnitude_change": -0.020681080256303774, "hash_signature": "58f39d60579e4829", "sequence_str": "AL -> NUL -> RA -> NAV"}