{"sequence": ["REMESH", "EN", "AL", "IL", "NAV"], "coherence_change": 0.005967703343573771, "sense_index_change": 0.0062693825870040465, "phi_s_change": -0.02793769637116794, "grad_phi_change": 0.0, "k_phi_change": 0.0, "xi_c_change": 0.0, "phase_sync_change": 0.0, "epi_magnitude_change": 0.0021630970169504993, "hash_signature": "e203e5e6b1dc0362", "sequence_str": "REMESH -> EN -> AL -> IL -> NAV"}