{"sequence": ["AL", "ZHIR", "AL", "NAV"], "coherence_change": 0.0, "sense_index_change": 0.016137170669833445, "phi_s_change": 0.0, "grad_phi_change": -0.0345256157864573, "k_phi_change": -0.07109974986087886, "xi_c_change": 0.0, "phase_sync_change": 0.016120370802537698, "epi_magnitude_change": -0.009610823643094624, "hash_signature": "1ba7b9065a15fb2e", "sequence_str": "AL -> ZHIR -> AL -> NAV"}