{"sequence": ["THOL", "EN", "IL", "AL", "NAV"], "coherence_change": 0.011934389968658143, "sense_index_change": -0.005025671723043579, "phi_s_change": 0.04172198102145941, "grad_phi_change": 0.0, "k_phi_change": 0.0, "xi_c_change": 0.0, "phase_sync_change": 0.0, "epi_magnitude_change": 0.005648568252280994, "hash_signature": "2a36c3a602b9f11c", "sequence_str": "THOL -> EN -> IL -> AL -> NAV"}