{"sequence": ["AL", "RA", "THOL", "VAL", "OZ"], "coherence_change": -0.009572227698667168, "sense_index_change": 0.013629985961011504, "phi_s_change": -0.1793077244565282, "grad_phi_change": 0.03955549375585399, "k_phi_change": 0.5274359163575175, "xi_c_change": 0.0, "phase_sync_change": -0.022876143297598017, "epi_magnitude_change": 0.014185001953781917, "hash_signature": "31b14d2208f647b1", "sequence_str": "AL -> RA -> THOL -> VAL -> OZ"}