{"sequence": ["AL", "ZHIR", "NUL", "REMESH"], "coherence_change": 0.0, "sense_index_change": -0.0010373638340979152, "phi_s_change": 0.0, "grad_phi_change": 0.026847665449642566, "k_phi_change": -0.19767524810084536, "xi_c_change": 0.0, "phase_sync_change": -0.007391519395505863, "epi_magnitude_change": -0.011079767513841987, "hash_signature": "d463311099e40db0", "sequence_str": "AL -> ZHIR -> NUL -> REMESH"}