{"sequence": ["IL", "VAL", "VAL", "NAV"], "coherence_change": 0.00660030892530461, "sense_index_change": -0.00879497146078434, "phi_s_change": 0.08863306836639906, "grad_phi_change": 0.0, "k_phi_change": 0.0, "xi_c_change": 0.0, "phase_sync_change": 0.0, "epi_magnitude_change": 0.03188079689889567, "hash_signature": "d87fc69f3786b95e", "sequence_str": "IL -> VAL -> VAL -> NAV"}