{"sequence": ["RA", "RA", "UM", "VAL", "EN", "SHA"], "coherence_change": 0.0, "sense_index_change": 0.04425241029219962, "phi_s_change": 0.0, "grad_phi_change": -0.2808655006237484, "k_phi_change": 0.10204111075876961, "xi_c_change": 0.0, "phase_sync_change": 0.09632530299864162, "epi_magnitude_change": 0.01479192631823123, "hash_signature": "d5fccba9440bfe9d", "sequence_str": "RA -> RA -> UM -> VAL -> EN -> SHA"}