{"sequence": ["EN", "UM", "EN", "NUL", "REMESH"], "coherence_change": 0.0, "sense_index_change": 0.02279654914471385, "phi_s_change": 0.0, "grad_phi_change": -0.10676947438746698, "k_phi_change": 0.11209563159457496, "xi_c_change": 0.0, "phase_sync_change": 0.02403517473921435, "epi_magnitude_change": -0.013375709785580892, "hash_signature": "dc7763e7d42ffb92", "sequence_str": "EN -> UM -> EN -> NUL -> REMESH"}