{"sequence": ["RA", "NAV", "IL", "OZ"], "coherence_change": -0.0055146055074238864, "sense_index_change": -0.00018628570243806042, "phi_s_change": -0.037180546877781495, "grad_phi_change": 0.008281634441873686, "k_phi_change": 0.40178874703928813, "xi_c_change": 0.0, "phase_sync_change": -0.00744800185876604, "epi_magnitude_change": 0.0, "hash_signature": "1af2ef92772cb668", "sequence_str": "RA -> NAV -> IL -> OZ"}