{"sequence": ["AL", "UM", "SHA", "SHA", "THOL", "SHA"], "coherence_change": 0.003740855379746222, "sense_index_change": 0.025792756804805972, "phi_s_change": -0.01972594649244741, "grad_phi_change": -0.12194409083661029, "k_phi_change": 0.31311356863883777, "xi_c_change": 0.0, "phase_sync_change": 0.029799699246769396, "epi_magnitude_change": 0.003129988483309143, "hash_signature": "fddf02ed8355fccf", "sequence_str": "AL -> UM -> SHA -> SHA -> THOL -> SHA"}