{"sequence": ["REMESH", "OZ", "VAL", "OZ"], "coherence_change": -0.020340434205101787, "sense_index_change": 0.02154712243263812, "phi_s_change": -0.2703075498332954, "grad_phi_change": 0.0, "k_phi_change": 0.0, "xi_c_change": 0.0, "phase_sync_change": 0.0, "epi_magnitude_change": 0.015430541522165608, "hash_signature": "82ceeaf6d5a46713", "sequence_str": "REMESH -> OZ -> VAL -> OZ"}