{"sequence": ["NAV", "VAL", "IL", "SHA"], "coherence_change": 0.009631067455235232, "sense_index_change": 0.004846696027371755, "phi_s_change": -0.032810572123824544, "grad_phi_change": 0.0, "k_phi_change": 0.0, "xi_c_change": 0.0, "phase_sync_change": 0.0, "epi_magnitude_change": 0.010216440239166236, "hash_signature": "d613a014891daab8", "sequence_str": "NAV -> VAL -> IL -> SHA"}