{"sequence": ["REMESH", "REMESH", "UM", "OZ"], "coherence_change": -0.01052241672209897, "sense_index_change": 0.013447003994563445, "phi_s_change": -0.09738815471933093, "grad_phi_change": -0.15662264897689937, "k_phi_change": 0.6925627502980007, "xi_c_change": 0.0, "phase_sync_change": 0.04341133466887859, "epi_magnitude_change": 0.0030780230867269998, "hash_signature": "9945461099aac2f3", "sequence_str": "REMESH -> REMESH -> UM -> OZ"}