{"sequence": ["THOL", "SHA", "AL", "REMESH"], "coherence_change": 0.004111216581039079, "sense_index_change": 0.009362255616602866, "phi_s_change": 0.03302596108700584, "grad_phi_change": 0.0, "k_phi_change": 0.0, "xi_c_change": 0.0, "phase_sync_change": 0.0, "epi_magnitude_change": 0.0032324094699553996, "hash_signature": "8a2021d60cffdcfa", "sequence_str": "THOL -> SHA -> AL -> REMESH"}