{"sequence": ["AL", "UM", "NAV"], "coherence_change": 0.0, "sense_index_change": 0.01872691904674295, "phi_s_change": 0.0, "grad_phi_change": -0.18794889450187657, "k_phi_change": 0.5009998015875223, "xi_c_change": 0.0, "phase_sync_change": 0.05098492818634359, "epi_magnitude_change": -0.004516426941902352, "hash_signature": "d1b5707851d576a1", "sequence_str": "AL -> UM -> NAV"}