{"sequence": ["SHA", "RA", "OZ", "AL", "REMESH"], "coherence_change": -0.013332177906335119, "sense_index_change": 0.03010317497866033, "phi_s_change": 0.006109131136472157, "grad_phi_change": -0.10889823151945444, "k_phi_change": 0.3453504033287472, "xi_c_change": 0.0, "phase_sync_change": 0.04132841984277136, "epi_magnitude_change": 0.013418170501485083, "hash_signature": "7e4cce79ccb35648", "sequence_str": "SHA -> RA -> OZ -> AL -> REMESH"}