{"sequence": ["OZ", "AL", "UM", "NAV"], "coherence_change": -0.007628257296704466, "sense_index_change": -0.02770789805306323, "phi_s_change": 0.09264797163540572, "grad_phi_change": -0.00017502809866321023, "k_phi_change": -0.020135090703113395, "xi_c_change": 0.0, "phase_sync_change": -0.009158159077196082, "epi_magnitude_change": -0.0012419671968613155, "hash_signature": "722a5a91508364be", "sequence_str": "OZ -> AL -> UM -> NAV"}