{"sequence": ["UM", "NUL", "RA", "OZ"], "coherence_change": -0.013588906770467313, "sense_index_change": 0.075959397200979, "phi_s_change": 0.0002942563454296776, "grad_phi_change": -0.42657843308137156, "k_phi_change": 0.514168125352499, "xi_c_change": 0.0, "phase_sync_change": 0.1426764339421932, "epi_magnitude_change": -0.01428450735561504, "hash_signature": "f92c41173f87d591", "sequence_str": "UM -> NUL -> RA -> OZ"}