{"sequence": ["EN", "OZ", "NUL", "AL", "ZHIR", "NAV"], "coherence_change": -0.009820912887837152, "sense_index_change": -0.013029894348128235, "phi_s_change": 0.009460935242482038, "grad_phi_change": 0.084405693467964, "k_phi_change": -0.15343467831251484, "xi_c_change": 0.0, "phase_sync_change": -0.025937825541710757, "epi_magnitude_change": -0.01057567573841034, "hash_signature": "d5fdd88001d53f29", "sequence_str": "EN -> OZ -> NUL -> AL -> ZHIR -> NAV"}