{"sequence": ["RA", "VAL", "THOL", "ZHIR", "NAV"], "coherence_change": 0.005025090853247538, "sense_index_change": 0.011480216957829859, "phi_s_change": 0.015447903099664817, "grad_phi_change": -0.01144420069726948, "k_phi_change": 0.3049113463603791, "xi_c_change": 0.0, "phase_sync_change": -0.006477420565967895, "epi_magnitude_change": 0.013110020701275649, "hash_signature": "cf80fa73f330ec25", "sequence_str": "RA -> VAL -> THOL -> ZHIR -> NAV"}