{"sequence": ["EN", "UM", "VAL", "RA", "UM", "SHA"], "coherence_change": 0.0, "sense_index_change": 0.04222537333019394, "phi_s_change": 0.0, "grad_phi_change": -0.3097662347941461, "k_phi_change": 0.048290428137480246, "xi_c_change": 0.0, "phase_sync_change": 0.08426651025218301, "epi_magnitude_change": 0.01273230413109816, "hash_signature": "765151d2929639c5", "sequence_str": "EN -> UM -> VAL -> RA -> UM -> SHA"}