{"sequence": ["OZ", "EN", "NUL", "ZHIR", "SHA"], "coherence_change": -0.011122723216850039, "sense_index_change": 0.043135934440818646, "phi_s_change": -0.013028846475749423, "grad_phi_change": -0.0355118550699538, "k_phi_change": 0.46558035387080837, "xi_c_change": 0.0, "phase_sync_change": 0.011465127425197341, "epi_magnitude_change": -0.01001325712843959, "hash_signature": "949f65ef631ee910", "sequence_str": "OZ -> EN -> NUL -> ZHIR -> SHA"}