{"sequence": ["NAV", "VAL", "ZHIR", "NAV", "NUL", "SHA"], "coherence_change": 0.0, "sense_index_change": 0.005440180966545416, "phi_s_change": 0.0, "grad_phi_change": 0.0102585314082706, "k_phi_change": 0.03756291144361956, "xi_c_change": 0.0, "phase_sync_change": -0.003089170861335644, "epi_magnitude_change": -0.0015261944214006729, "hash_signature": "a90ac1a59b326fd6", "sequence_str": "NAV -> VAL -> ZHIR -> NAV -> NUL -> SHA"}