{"sequence": ["AL", "AL", "AL", "OZ"], "coherence_change": -0.018164742339314532, "sense_index_change": 0.02819677055756753, "phi_s_change": -0.279434225798628, "grad_phi_change": 0.0, "k_phi_change": 0.0, "xi_c_change": 0.0, "phase_sync_change": 0.0, "epi_magnitude_change": -0.001302351884176156, "hash_signature": "db6b37d4782f2f03", "sequence_str": "AL -> AL -> AL -> OZ"}