{"sequence": ["ZHIR", "THOL", "AL", "NUL", "OZ"], "coherence_change": -0.0049875753903606546, "sense_index_change": -0.012699277674954157, "phi_s_change": 0.09443572687388369, "grad_phi_change": -0.027828915801917375, "k_phi_change": 0.2064215153803938, "xi_c_change": 0.0, "phase_sync_change": 0.006486969741628323, "epi_magnitude_change": -0.018307623482753832, "hash_signature": "72a207277aa94d52", "sequence_str": "ZHIR -> THOL -> AL -> NUL -> OZ"}