{"sequence": ["IL", "EN", "UM", "REMESH"], "coherence_change": 0.00878950027117964, "sense_index_change": 0.049645284408575185, "phi_s_change": -0.025331936241197117, "grad_phi_change": -0.1629689160647816, "k_phi_change": 0.27981315663717704, "xi_c_change": 0.0, "phase_sync_change": 0.048000230276058486, "epi_magnitude_change": 0.0011924907984357525, "hash_signature": "c74aea0e35edd4ce", "sequence_str": "IL -> EN -> UM -> REMESH"}