{"sequence": ["ZHIR", "ZHIR", "IL", "OZ"], "coherence_change": -0.0007278625488752466, "sense_index_change": 0.012267002318110398, "phi_s_change": 0.008403638609297048, "grad_phi_change": -0.04660198473444965, "k_phi_change": 0.24533180765408255, "xi_c_change": 0.0, "phase_sync_change": 0.014484609361025136, "epi_magnitude_change": 0.0, "hash_signature": "f2fc0e64d1175e28", "sequence_str": "ZHIR -> ZHIR -> IL -> OZ"}