{"sequence": ["AL", "RA", "RA", "SHA"], "coherence_change": 0.0, "sense_index_change": 0.030364054088962922, "phi_s_change": 0.0, "grad_phi_change": -0.22775336909371613, "k_phi_change": -0.006885511213059303, "xi_c_change": 0.0, "phase_sync_change": 0.07324780601726466, "epi_magnitude_change": 0.0004960249134525752, "hash_signature": "5f0c626856d6abde", "sequence_str": "AL -> RA -> RA -> SHA"}