{"sequence": ["AL", "OZ", "AL", "VAL", "REMESH"], "coherence_change": -0.017618044119439014, "sense_index_change": 0.016932481505092745, "phi_s_change": -0.10021641974938122, "grad_phi_change": 0.0, "k_phi_change": 0.0, "xi_c_change": 0.0, "phase_sync_change": 0.0, "epi_magnitude_change": 0.015346301278926666, "hash_signature": "24662b760d3de785", "sequence_str": "AL -> OZ -> AL -> VAL -> REMESH"}