{"sequence": ["NAV", "UM", "THOL", "NAV", "NUL", "SHA"], "coherence_change": 0.005474158872167845, "sense_index_change": 0.046806249375411335, "phi_s_change": 0.01364647693565224, "grad_phi_change": -0.1851192298978892, "k_phi_change": -0.1616045058780613, "xi_c_change": 0.0, "phase_sync_change": 0.06524415264931582, "epi_magnitude_change": -0.02022306170465682, "hash_signature": "6eda6e029e99f3cd", "sequence_str": "NAV -> UM -> THOL -> NAV -> NUL -> SHA"}