{"sequence": ["SHA", "IL", "UM", "SHA"], "coherence_change": 0.00645353098422119, "sense_index_change": 0.004497175447276236, "phi_s_change": 0.07073182131902456, "grad_phi_change": -0.032837477824281036, "k_phi_change": -0.01897016386789896, "xi_c_change": 0.0, "phase_sync_change": 0.00710785272520198, "epi_magnitude_change": 0.0, "hash_signature": "a1416561558654a8", "sequence_str": "SHA -> IL -> UM -> SHA"}