{"sequence": ["IL", "VAL", "VAL", "AL", "OZ"], "coherence_change": -0.0037415922935026824, "sense_index_change": -0.008232356692483456, "phi_s_change": 0.06010610204464606, "grad_phi_change": 0.0, "k_phi_change": 0.0, "xi_c_change": 0.0, "phase_sync_change": 0.0, "epi_magnitude_change": 0.028904571818604285, "hash_signature": "9cbb5dfcc0b174e5", "sequence_str": "IL -> VAL -> VAL -> AL -> OZ"}