{"sequence": ["REMESH", "NUL", "IL", "RA", "REMESH"], "coherence_change": 0.009825055965469676, "sense_index_change": -0.008553530719755842, "phi_s_change": 0.08514754616568421, "grad_phi_change": -0.06850232595639616, "k_phi_change": 0.2403209637443623, "xi_c_change": 0.0, "phase_sync_change": 0.021782657457411925, "epi_magnitude_change": -0.008089370755059444, "hash_signature": "f800c9755ade3c59", "sequence_str": "REMESH -> NUL -> IL -> RA -> REMESH"}