{"sequence": ["VAL", "NUL", "IL", "SHA"], "coherence_change": 0.0056606694998836415, "sense_index_change": 0.0023719291074961735, "phi_s_change": -0.00568268640185754, "grad_phi_change": 0.0, "k_phi_change": 0.0, "xi_c_change": 0.0, "phase_sync_change": 0.0, "epi_magnitude_change": -0.002502967786562338, "hash_signature": "4bc60fa2b901dbff", "sequence_str": "VAL -> NUL -> IL -> SHA"}