{"sequence": ["NUL", "VAL", "VAL", "RA", "REMESH"], "coherence_change": 0.0, "sense_index_change": 0.014658513630301018, "phi_s_change": 0.0, "grad_phi_change": -0.0010364039319625817, "k_phi_change": 0.2005280312846915, "xi_c_change": 0.0, "phase_sync_change": -0.00548898926767194, "epi_magnitude_change": 0.0169343909855042, "hash_signature": "7c4a06984866424c", "sequence_str": "NUL -> VAL -> VAL -> RA -> REMESH"}