{"sequence": ["REMESH", "IL", "THOL", "UM", "NAV"], "coherence_change": 0.00840835076062818, "sense_index_change": 0.05082124175028835, "phi_s_change": 0.009771629438999119, "grad_phi_change": -0.2809966596464488, "k_phi_change": 0.058609584295777895, "xi_c_change": 0.0, "phase_sync_change": 0.09517278423300002, "epi_magnitude_change": 0.0010740048212724007, "hash_signature": "e2e2c0166ccb8d33", "sequence_str": "REMESH -> IL -> THOL -> UM -> NAV"}