{"sequence": ["AL", "EN", "ZHIR", "VAL", "OZ"], "coherence_change": -0.01459860776108679, "sense_index_change": 0.045663649308249954, "phi_s_change": -0.02306613590267248, "grad_phi_change": -0.07940458759237612, "k_phi_change": 0.3128786915294508, "xi_c_change": 0.0, "phase_sync_change": 0.027315579866722284, "epi_magnitude_change": 0.014728794802719714, "hash_signature": "9abc26b3dbf2dbed", "sequence_str": "AL -> EN -> ZHIR -> VAL -> OZ"}