{"sequence": ["REMESH", "RA", "AL", "NAV"], "coherence_change": 0.0, "sense_index_change": -0.014086502843555893, "phi_s_change": 0.0, "grad_phi_change": 0.053433063566798555, "k_phi_change": 0.23297631240692196, "xi_c_change": 0.0, "phase_sync_change": -0.023109507280026587, "epi_magnitude_change": 0.004303370211780622, "hash_signature": "46e4c2471cf0cdc1", "sequence_str": "REMESH -> RA -> AL -> NAV"}