{"sequence": ["NUL", "ZHIR", "UM", "THOL", "RA", "OZ"], "coherence_change": -0.0079921600620102, "sense_index_change": 0.0030079145929525763, "phi_s_change": 0.035654247246782456, "grad_phi_change": -0.05690605340006738, "k_phi_change": -0.22154930115393356, "xi_c_change": 0.0, "phase_sync_change": 0.005796765584633157, "epi_magnitude_change": -0.012316788589355254, "hash_signature": "dce271042cdb5f99", "sequence_str": "NUL -> ZHIR -> UM -> THOL -> RA -> OZ"}