{"sequence": ["IL", "OZ", "SHA", "NUL", "SHA"], "coherence_change": -0.002898596749773219, "sense_index_change": -0.0060076301116318565, "phi_s_change": 0.00023432712302162706, "grad_phi_change": 0.0, "k_phi_change": 0.0, "xi_c_change": 0.0, "phase_sync_change": 0.0, "epi_magnitude_change": -0.026234899459391614, "hash_signature": "939b899b8191864a", "sequence_str": "IL -> OZ -> SHA -> NUL -> SHA"}