{"sequence": ["RA", "REMESH", "OZ"], "coherence_change": -0.016062337748559696, "sense_index_change": 0.002850795890059099, "phi_s_change": 0.018262981381305887, "grad_phi_change": 0.02578292259864967, "k_phi_change": 0.3255873800271395, "xi_c_change": 0.0, "phase_sync_change": -0.016101405552497394, "epi_magnitude_change": 0.001509383931450392, "hash_signature": "5dda035dafc8495f", "sequence_str": "RA -> REMESH -> OZ"}