{"sequence": ["RA", "ZHIR", "THOL", "NAV", "RA", "NAV"], "coherence_change": 0.005614732407399514, "sense_index_change": 0.03373632819539285, "phi_s_change": -0.041175795979753516, "grad_phi_change": -0.14255101926716462, "k_phi_change": -0.16088008930103848, "xi_c_change": 0.0, "phase_sync_change": 0.04584988038782545, "epi_magnitude_change": 0.0, "hash_signature": "ce7a5c7c9c1f9584", "sequence_str": "RA -> ZHIR -> THOL -> NAV -> RA -> NAV"}