{"sequence": ["AL", "EN", "OZ", "IL", "REMESH"], "coherence_change": -0.0042052908841689884, "sense_index_change": 0.016093920899486025, "phi_s_change": -0.03997569270751378, "grad_phi_change": 0.0, "k_phi_change": 0.0, "xi_c_change": 0.0, "phase_sync_change": 0.0, "epi_magnitude_change": -0.006872938776178228, "hash_signature": "b291095a39cde4c1", "sequence_str": "AL -> EN -> OZ -> IL -> REMESH"}