{"sequence": ["ZHIR", "OZ", "VAL", "OZ"], "coherence_change": -0.027637892066807113, "sense_index_change": -0.02463492305976822, "phi_s_change": -0.1539261399401255, "grad_phi_change": 0.10265792324900147, "k_phi_change": 0.1325861954700937, "xi_c_change": 0.0, "phase_sync_change": -0.03047515557969127, "epi_magnitude_change": 0.019249757148946944, "hash_signature": "aaa61bb11e78f2be", "sequence_str": "ZHIR -> OZ -> VAL -> OZ"}