{"sequence": ["RA", "RA", "IL", "UM", "NUL", "REMESH"], "coherence_change": 0.006545954553720534, "sense_index_change": 0.07900371364722891, "phi_s_change": -0.022985206201946995, "grad_phi_change": -0.36497414276978835, "k_phi_change": 0.20135156957915615, "xi_c_change": 0.0, "phase_sync_change": 0.11478534628609582, "epi_magnitude_change": -0.012244937569855785, "hash_signature": "f03c9da710aea9b5", "sequence_str": "RA -> RA -> IL -> UM -> NUL -> REMESH"}