{"sequence": ["ZHIR", "SHA", "OZ", "SHA", "NUL", "REMESH"], "coherence_change": -0.01402277065831159, "sense_index_change": 0.01834670489750634, "phi_s_change": -0.14815592324332905, "grad_phi_change": 0.0460247652778214, "k_phi_change": 0.1817628160428941, "xi_c_change": 0.0, "phase_sync_change": -0.015161685342763298, "epi_magnitude_change": -0.015548879624283973, "hash_signature": "d4a0700ec6ef34c6", "sequence_str": "ZHIR -> SHA -> OZ -> SHA -> NUL -> REMESH"}