{"sequence": ["OZ", "NAV", "IL", "THOL", "RA", "NAV"], "coherence_change": -0.0016587841697085492, "sense_index_change": -0.003080313478794783, "phi_s_change": -0.0641833464083843, "grad_phi_change": 0.07942623494174073, "k_phi_change": 0.33639713366452906, "xi_c_change": 0.0, "phase_sync_change": -0.03250255464705576, "epi_magnitude_change": 0.0, "hash_signature": "57ba9c07e5a533cc", "sequence_str": "OZ -> NAV -> IL -> THOL -> RA -> NAV"}