{"sequence": ["REMESH", "THOL", "REMESH", "RA", "REMESH"], "coherence_change": 0.004506928163016566, "sense_index_change": 0.04031750176332205, "phi_s_change": 0.030827876185029135, "grad_phi_change": -0.1565953098041315, "k_phi_change": 0.29230861708407674, "xi_c_change": 0.0, "phase_sync_change": 0.04913022732314831, "epi_magnitude_change": 0.004537390806843233, "hash_signature": "1c6d679a622836c1", "sequence_str": "REMESH -> THOL -> REMESH -> RA -> REMESH"}