{"sequence": ["REMESH", "NUL", "ZHIR", "VAL", "UM", "OZ"], "coherence_change": -0.011555207684200375, "sense_index_change": 0.020871124769796245, "phi_s_change": -0.07830919225754118, "grad_phi_change": -0.15516567494273525, "k_phi_change": -0.03936620444737715, "xi_c_change": 0.0, "phase_sync_change": 0.03621451329198433, "epi_magnitude_change": -0.00035723933389275597, "hash_signature": "81b8e8dc1ffba10d", "sequence_str": "REMESH -> NUL -> ZHIR -> VAL -> UM -> OZ"}