{"sequence": ["THOL", "REMESH", "SHA", "ZHIR", "SHA"], "coherence_change": 0.004654238287813528, "sense_index_change": -0.0057004855521686215, "phi_s_change": -0.03598931970009844, "grad_phi_change": 0.048608556937378866, "k_phi_change": -0.05716831046457893, "xi_c_change": 0.0, "phase_sync_change": -0.01662453187402546, "epi_magnitude_change": 0.001493166121514622, "hash_signature": "90d508b1c4c47414", "sequence_str": "THOL -> REMESH -> SHA -> ZHIR -> SHA"}