{"sequence": ["REMESH", "OZ", "RA", "REMESH"], "coherence_change": -0.011565736775546731, "sense_index_change": 0.010239278210452007, "phi_s_change": 0.0451215281106232, "grad_phi_change": -0.06235704969433886, "k_phi_change": -0.19226581788637775, "xi_c_change": 0.0, "phase_sync_change": 0.01912586743828537, "epi_magnitude_change": 0.002601456935279689, "hash_signature": "e987f9984e5b477b", "sequence_str": "REMESH -> OZ -> RA -> REMESH"}