{"sequence": ["AL", "RA", "OZ", "AL", "UM", "REMESH"], "coherence_change": -0.013206468541180794, "sense_index_change": 0.01624407717263554, "phi_s_change": -0.15160726667037527, "grad_phi_change": -0.12048831024130235, "k_phi_change": 0.2996528288067068, "xi_c_change": 0.0, "phase_sync_change": 0.026102912161885317, "epi_magnitude_change": 0.012345237706816059, "hash_signature": "22c2d047110d47f5", "sequence_str": "AL -> RA -> OZ -> AL -> UM -> REMESH"}