{"sequence": ["OZ", "RA", "RA", "NUL", "REMESH"], "coherence_change": -0.01254089561261118, "sense_index_change": 0.05429622288001057, "phi_s_change": -0.10664828953312167, "grad_phi_change": -0.20781869073912684, "k_phi_change": 0.29485125820696323, "xi_c_change": 0.0, "phase_sync_change": 0.06563644703388516, "epi_magnitude_change": -0.019884987445756064, "hash_signature": "bdf1018b76920dca", "sequence_str": "OZ -> RA -> RA -> NUL -> REMESH"}