{"sequence": ["IL", "RA", "ZHIR", "ZHIR", "NAV"], "coherence_change": 0.006260635322815289, "sense_index_change": 0.01104088462928332, "phi_s_change": -0.06249762442961071, "grad_phi_change": -0.007319407649144072, "k_phi_change": 0.6575383140389452, "xi_c_change": 0.0, "phase_sync_change": -0.001860940097250241, "epi_magnitude_change": 0.0, "hash_signature": "c38632a7712093ae", "sequence_str": "IL -> RA -> ZHIR -> ZHIR -> NAV"}