{"sequence": ["ZHIR", "REMESH", "OZ", "EN", "REMESH"], "coherence_change": -0.012515583434247524, "sense_index_change": -0.004151560207032667, "phi_s_change": -0.07902807608854134, "grad_phi_change": 0.06895652441583766, "k_phi_change": 0.19112959935058407, "xi_c_change": 0.0, "phase_sync_change": -0.02282159865822342, "epi_magnitude_change": 0.003173021402574805, "hash_signature": "81d2ca4362ab74f1", "sequence_str": "ZHIR -> REMESH -> OZ -> EN -> REMESH"}