{"sequence": ["OZ", "REMESH", "VAL", "THOL", "SHA"], "coherence_change": -0.009421160050071098, "sense_index_change": -0.00012481469472236384, "phi_s_change": -0.03513652039517701, "grad_phi_change": 0.0, "k_phi_change": 0.0, "xi_c_change": 0.0, "phase_sync_change": 0.0, "epi_magnitude_change": 0.017116105605451182, "hash_signature": "b096c6ebf6416d4c", "sequence_str": "OZ -> REMESH -> VAL -> THOL -> SHA"}