{"sequence": ["AL", "UM", "IL", "UM", "THOL", "REMESH"], "coherence_change": 0.016916823394638403, "sense_index_change": 0.013930378195294635, "phi_s_change": 0.04809578588979191, "grad_phi_change": -0.14152946534774524, "k_phi_change": 0.11208216841904264, "xi_c_change": 0.0, "phase_sync_change": 0.04769303513130352, "epi_magnitude_change": 0.004487622915751999, "hash_signature": "3208d9fb7ed42aad", "sequence_str": "AL -> UM -> IL -> UM -> THOL -> REMESH"}