{"sequence": ["IL", "RA", "IL", "SHA"], "coherence_change": 0.016550191291810568, "sense_index_change": 0.03007738109626934, "phi_s_change": 0.22731273093900606, "grad_phi_change": -0.088339626909413, "k_phi_change": 0.32503449323692557, "xi_c_change": 0.0, "phase_sync_change": 0.02797118146518407, "epi_magnitude_change": 0.0, "hash_signature": "cd5b19e1874ec933", "sequence_str": "IL -> RA -> IL -> SHA"}