{"sequence": ["NAV", "EN", "SHA", "VAL", "RA", "OZ"], "coherence_change": -0.014505936866071711, "sense_index_change": 0.004619367492384119, "phi_s_change": 0.008955186024532935, "grad_phi_change": -0.085832098989987, "k_phi_change": 0.19214645448212334, "xi_c_change": 0.0, "phase_sync_change": 0.026822170427483916, "epi_magnitude_change": 0.015203468814842469, "hash_signature": "2e406a0128353a15", "sequence_str": "NAV -> EN -> SHA -> VAL -> RA -> OZ"}