{"sequence": ["REMESH", "REMESH", "UM", "SHA", "IL", "REMESH"], "coherence_change": 0.0066985674698728515, "sense_index_change": 0.028756839499850195, "phi_s_change": 0.10590594291228606, "grad_phi_change": -0.10245893141250684, "k_phi_change": 0.19006020804901627, "xi_c_change": 0.0, "phase_sync_change": 0.03525629779733297, "epi_magnitude_change": 0.003367760600530567, "hash_signature": "973e18c454e1c04b", "sequence_str": "REMESH -> REMESH -> UM -> SHA -> IL -> REMESH"}