{"sequence": ["UM", "UM", "OZ", "EN", "REMESH"], "coherence_change": -0.018111770407933547, "sense_index_change": 0.04707008553356695, "phi_s_change": -0.0017560990959576417, "grad_phi_change": -0.12251345556726201, "k_phi_change": -0.1728852249876623, "xi_c_change": 0.0, "phase_sync_change": 0.030945568246035893, "epi_magnitude_change": 0.001764857323377944, "hash_signature": "bfa4cc62f014c4ea", "sequence_str": "UM -> UM -> OZ -> EN -> REMESH"}