{"sequence": ["NUL", "NAV", "IL", "NAV"], "coherence_change": 0.007403829567837361, "sense_index_change": -0.008183309318839593, "phi_s_change": 0.0710613516640104, "grad_phi_change": 0.0, "k_phi_change": 0.0, "xi_c_change": 0.0, "phase_sync_change": 0.0, "epi_magnitude_change": -0.010270268454558695, "hash_signature": "9bf309c69fecfd37", "sequence_str": "NUL -> NAV -> IL -> NAV"}