{"sequence": ["NAV", "SHA", "THOL", "VAL", "UM", "OZ"], "coherence_change": -0.00791137246911866, "sense_index_change": 0.02681828657215013, "phi_s_change": -0.07254656975471618, "grad_phi_change": -0.046055010612594094, "k_phi_change": -0.1864222438250323, "xi_c_change": 0.0, "phase_sync_change": 0.002539663155928351, "epi_magnitude_change": 0.01348122862645773, "hash_signature": "cf7fc2cc106f4420", "sequence_str": "NAV -> SHA -> THOL -> VAL -> UM -> OZ"}