{"sequence": ["EN", "NUL", "IL", "VAL", "OZ"], "coherence_change": -0.0035200815961593523, "sense_index_change": 0.0015319662701175352, "phi_s_change": 0.06870595950134772, "grad_phi_change": 0.0, "k_phi_change": 0.0, "xi_c_change": 0.0, "phase_sync_change": 0.0, "epi_magnitude_change": 0.0004109811603907332, "hash_signature": "2fa3a54633384b45", "sequence_str": "EN -> NUL -> IL -> VAL -> OZ"}