{"sequence": ["RA", "VAL", "NUL", "IL", "OZ"], "coherence_change": -0.004952663096218335, "sense_index_change": 0.017757673814744912, "phi_s_change": -0.007129348743802444, "grad_phi_change": -0.0920781168828615, "k_phi_change": 0.5147226034866672, "xi_c_change": 0.0, "phase_sync_change": 0.022471715602293996, "epi_magnitude_change": -0.0011285273998855594, "hash_signature": "6853bea08c1918fb", "sequence_str": "RA -> VAL -> NUL -> IL -> OZ"}