{"sequence": ["NAV", "UM", "AL", "SHA"], "coherence_change": 0.0, "sense_index_change": 0.04177384403768203, "phi_s_change": 0.0, "grad_phi_change": -0.15127355716965063, "k_phi_change": 0.034841152305187, "xi_c_change": 0.0, "phase_sync_change": 0.05449692581684695, "epi_magnitude_change": 0.0002656641029024076, "hash_signature": "04a9085972b25762", "sequence_str": "NAV -> UM -> AL -> SHA"}