{"sequence": ["IL", "NAV", "NUL", "THOL", "REMESH"], "coherence_change": 0.012288997574760763, "sense_index_change": 0.009282036627951018, "phi_s_change": 0.02388262325329238, "grad_phi_change": 0.0, "k_phi_change": 0.0, "xi_c_change": 0.0, "phase_sync_change": 0.0, "epi_magnitude_change": -0.013709112924626843, "hash_signature": "5c0cf40687d8ca91", "sequence_str": "IL -> NAV -> NUL -> THOL -> REMESH"}