{"sequence": ["OZ", "VAL", "THOL", "OZ"], "coherence_change": -0.013937168846502201, "sense_index_change": 0.0021156978315548525, "phi_s_change": -0.006984970350853659, "grad_phi_change": 0.0, "k_phi_change": 0.0, "xi_c_change": 0.0, "phase_sync_change": 0.0, "epi_magnitude_change": 0.011683249843283616, "hash_signature": "24868ac5a0d51db5", "sequence_str": "OZ -> VAL -> THOL -> OZ"}