{"sequence": ["THOL", "AL", "EN", "REMESH"], "coherence_change": 0.00433018303155841, "sense_index_change": 0.005762097356509677, "phi_s_change": 0.0011730473794691054, "grad_phi_change": 0.0, "k_phi_change": 0.0, "xi_c_change": 0.0, "phase_sync_change": 0.0, "epi_magnitude_change": 0.0020554491024354915, "hash_signature": "b8f5f9abbf0580a7", "sequence_str": "THOL -> AL -> EN -> REMESH"}