{"sequence": ["REMESH", "ZHIR", "AL", "IL", "AL", "SHA"], "coherence_change": 0.00644593776355995, "sense_index_change": -0.0013915631846255216, "phi_s_change": 0.09397440961316506, "grad_phi_change": 0.04672868037102762, "k_phi_change": 0.13932272235869828, "xi_c_change": 0.0, "phase_sync_change": -0.012997661725110521, "epi_magnitude_change": -0.0026321458774016815, "hash_signature": "19aba7fb336cbd69", "sequence_str": "REMESH -> ZHIR -> AL -> IL -> AL -> SHA"}