{"sequence": ["EN", "VAL", "NAV", "SHA", "THOL", "SHA"], "coherence_change": 0.0037405768064461276, "sense_index_change": -0.0005135638003809229, "phi_s_change": 0.007837358409218176, "grad_phi_change": 0.0, "k_phi_change": 0.0, "xi_c_change": 0.0, "phase_sync_change": 0.0, "epi_magnitude_change": 0.011675471032537521, "hash_signature": "bb0549e7eabc6132", "sequence_str": "EN -> VAL -> NAV -> SHA -> THOL -> SHA"}