{"sequence": ["NUL", "VAL", "THOL", "NAV"], "coherence_change": 0.005658496474448604, "sense_index_change": 0.004739258790286249, "phi_s_change": 0.012453001252413998, "grad_phi_change": 0.0, "k_phi_change": 0.0, "xi_c_change": 0.0, "phase_sync_change": 0.0, "epi_magnitude_change": 0.004684762536690257, "hash_signature": "96e5b96e43ce1b6d", "sequence_str": "NUL -> VAL -> THOL -> NAV"}