{"sequence": ["REMESH", "NAV", "AL", "OZ"], "coherence_change": -0.016268450170021986, "sense_index_change": 0.014071323154080995, "phi_s_change": -0.09367558003657228, "grad_phi_change": 0.0, "k_phi_change": 0.0, "xi_c_change": 0.0, "phase_sync_change": 0.0, "epi_magnitude_change": -0.008943736702757055, "hash_signature": "ac0ff756aa310142", "sequence_str": "REMESH -> NAV -> AL -> OZ"}