{"sequence": ["REMESH", "IL", "IL", "SHA"], "coherence_change": 0.009159696529178807, "sense_index_change": 0.012827631433678821, "phi_s_change": 0.05920222894397653, "grad_phi_change": 0.0, "k_phi_change": 0.0, "xi_c_change": 0.0, "phase_sync_change": 0.0, "epi_magnitude_change": 0.0017040828461780677, "hash_signature": "50d487fff00a7bcc", "sequence_str": "REMESH -> IL -> IL -> SHA"}