{"sequence": ["NUL", "SHA", "NUL", "ZHIR", "SHA"], "coherence_change": 0.0, "sense_index_change": -0.02313007581682963, "phi_s_change": 0.0, "grad_phi_change": 0.027664605913446882, "k_phi_change": -0.243727895041444, "xi_c_change": 0.0, "phase_sync_change": -0.009957865207358862, "epi_magnitude_change": -0.027870233053692073, "hash_signature": "14b02a3c2fe97661", "sequence_str": "NUL -> SHA -> NUL -> ZHIR -> SHA"}