{"sequence": ["NUL", "RA", "SHA"], "coherence_change": 0.0, "sense_index_change": 0.057944405894568285, "phi_s_change": 0.0, "grad_phi_change": -0.19942544971177423, "k_phi_change": 0.15233893904719006, "xi_c_change": 0.0, "phase_sync_change": 0.06547986571942388, "epi_magnitude_change": -0.017693667740377284, "hash_signature": "57c169631088ccf9", "sequence_str": "NUL -> RA -> SHA"}