{"sequence": ["NUL", "THOL", "VAL", "SHA"], "coherence_change": 0.004929312552954701, "sense_index_change": 0.0023286776172658508, "phi_s_change": 0.024424902351173117, "grad_phi_change": 0.0, "k_phi_change": 0.0, "xi_c_change": 0.0, "phase_sync_change": 0.0, "epi_magnitude_change": 0.010127406001892214, "hash_signature": "e6a7645d31ace281", "sequence_str": "NUL -> THOL -> VAL -> SHA"}