{"sequence": ["VAL", "ZHIR", "VAL", "ZHIR", "REMESH"], "coherence_change": 0.0, "sense_index_change": -0.010771370281576598, "phi_s_change": 0.0, "grad_phi_change": 0.06866260663473112, "k_phi_change": 0.2283214157637112, "xi_c_change": 0.0, "phase_sync_change": -0.019765963918312757, "epi_magnitude_change": 0.03741229741899943, "hash_signature": "a12fd986362aaab6", "sequence_str": "VAL -> ZHIR -> VAL -> ZHIR -> REMESH"}