{"sequence": ["THOL", "REMESH", "IL", "NAV"], "coherence_change": 0.014375747738684996, "sense_index_change": -0.002247402203840787, "phi_s_change": 0.05434206436653133, "grad_phi_change": 0.0, "k_phi_change": 0.0, "xi_c_change": 0.0, "phase_sync_change": 0.0, "epi_magnitude_change": 0.0013702111541602502, "hash_signature": "d497875dfe775b16", "sequence_str": "THOL -> REMESH -> IL -> NAV"}