{"sequence": ["SHA", "AL", "IL", "EN", "OZ"], "coherence_change": -0.00887265253488867, "sense_index_change": 0.021747920115807506, "phi_s_change": -0.013562321455439008, "grad_phi_change": 0.0, "k_phi_change": 0.0, "xi_c_change": 0.0, "phase_sync_change": 0.0, "epi_magnitude_change": -0.006195855681357165, "hash_signature": "8caf1c0c9fe63b9c", "sequence_str": "SHA -> AL -> IL -> EN -> OZ"}