{"sequence": ["AL", "REMESH", "OZ", "EN", "REMESH"], "coherence_change": -0.014439601003564562, "sense_index_change": 0.0051125625872200375, "phi_s_change": 0.056583071971995746, "grad_phi_change": 0.0, "k_phi_change": 0.0, "xi_c_change": 0.0, "phase_sync_change": 0.0, "epi_magnitude_change": 0.0025528134694352556, "hash_signature": "b4d25b3a16d0c465", "sequence_str": "AL -> REMESH -> OZ -> EN -> REMESH"}