{"sequence": ["EN", "NAV", "AL", "UM", "NAV"], "coherence_change": 0.0, "sense_index_change": -0.0011688036569015292, "phi_s_change": 0.0, "grad_phi_change": 0.034892326292581544, "k_phi_change": 0.14520581717831524, "xi_c_change": 0.0, "phase_sync_change": -0.0098153428218416, "epi_magnitude_change": 0.0017315816048490973, "hash_signature": "b2a854634cf3c0fd", "sequence_str": "EN -> NAV -> AL -> UM -> NAV"}