{"sequence": ["AL", "OZ", "AL", "NUL", "OZ"], "coherence_change": -0.02457414997926255, "sense_index_change": 0.019812654999498358, "phi_s_change": -0.032411308781365666, "grad_phi_change": 0.0, "k_phi_change": 0.0, "xi_c_change": 0.0, "phase_sync_change": 0.0, "epi_magnitude_change": -0.020563837250996198, "hash_signature": "8231d31a79d2cac5", "sequence_str": "AL -> OZ -> AL -> NUL -> OZ"}