{"sequence": ["ZHIR", "ZHIR", "OZ", "UM", "UM", "REMESH"], "coherence_change": -0.01299690767063455, "sense_index_change": 0.024278420182060167, "phi_s_change": -0.13932018825106418, "grad_phi_change": -0.13778532470256222, "k_phi_change": 0.3839920183933416, "xi_c_change": 0.0, "phase_sync_change": 0.05106164236569699, "epi_magnitude_change": 0.0015631399467351814, "hash_signature": "0a0ea31c4ae4fad0", "sequence_str": "ZHIR -> ZHIR -> OZ -> UM -> UM -> REMESH"}