{"sequence": ["REMESH", "NAV", "ZHIR", "NAV"], "coherence_change": 0.0, "sense_index_change": -0.003517760547919302, "phi_s_change": 0.0, "grad_phi_change": 0.04594286476205456, "k_phi_change": 0.45921425303267577, "xi_c_change": 0.0, "phase_sync_change": -0.015469710115296409, "epi_magnitude_change": 0.0011330935125762887, "hash_signature": "2ecd90d5c98117a7", "sequence_str": "REMESH -> NAV -> ZHIR -> NAV"}