{"sequence": ["AL", "THOL", "THOL", "UM", "ZHIR", "REMESH"], "coherence_change": 0.009759770679076518, "sense_index_change": 0.05089461040223309, "phi_s_change": 0.04643969530161296, "grad_phi_change": -0.28767954127297446, "k_phi_change": 0.395644674403376, "xi_c_change": 0.0, "phase_sync_change": 0.08253890545660159, "epi_magnitude_change": 0.001559301510148714, "hash_signature": "d2cd1340d0ce9a55", "sequence_str": "AL -> THOL -> THOL -> UM -> ZHIR -> REMESH"}