{"sequence": ["AL", "RA", "REMESH", "IL", "VAL", "NAV"], "coherence_change": 0.006743456716118645, "sense_index_change": 0.010671352430503545, "phi_s_change": 0.0003924256097924683, "grad_phi_change": 0.006613413823339576, "k_phi_change": 0.26083912585909697, "xi_c_change": 0.0, "phase_sync_change": -0.008432724551263204, "epi_magnitude_change": 0.012247313792375647, "hash_signature": "9bc5596a598369b5", "sequence_str": "AL -> RA -> REMESH -> IL -> VAL -> NAV"}