{"sequence": ["IL", "UM", "NAV", "UM", "NUL", "OZ"], "coherence_change": -0.004132113649656821, "sense_index_change": 0.019282624969058637, "phi_s_change": 0.008279574730591155, "grad_phi_change": -0.12335980202506613, "k_phi_change": 0.07325098174664589, "xi_c_change": 0.0, "phase_sync_change": 0.042937639965248464, "epi_magnitude_change": -0.02007301199271161, "hash_signature": "d1dd9cd606d7b682", "sequence_str": "IL -> UM -> NAV -> UM -> NUL -> OZ"}