{"sequence": ["NUL", "UM", "OZ", "UM", "NAV"], "coherence_change": -0.01090315466804348, "sense_index_change": 0.0019660612963088298, "phi_s_change": 0.04944069881206348, "grad_phi_change": -0.08368767520598097, "k_phi_change": 0.11766976235228295, "xi_c_change": 0.0, "phase_sync_change": 0.010693316798782715, "epi_magnitude_change": -0.009079719279202036, "hash_signature": "97d6b9fd66eb26b1", "sequence_str": "NUL -> UM -> OZ -> UM -> NAV"}