{"sequence": ["AL", "ZHIR", "VAL", "ZHIR", "AL", "SHA"], "coherence_change": 0.0, "sense_index_change": 0.003929776898813575, "phi_s_change": 0.0, "grad_phi_change": 0.02463252253673165, "k_phi_change": 0.09934522038800808, "xi_c_change": 0.0, "phase_sync_change": -0.01327339215418355, "epi_magnitude_change": 0.03300645834568616, "hash_signature": "afa945455aa9f2c3", "sequence_str": "AL -> ZHIR -> VAL -> ZHIR -> AL -> SHA"}