{"sequence": ["AL", "VAL", "UM", "NAV"], "coherence_change": 0.0, "sense_index_change": -0.006279640244781226, "phi_s_change": 0.0, "grad_phi_change": 0.041844957368968094, "k_phi_change": 0.22974088648848448, "xi_c_change": 0.0, "phase_sync_change": -0.021253330947826665, "epi_magnitude_change": 0.01916515192712509, "hash_signature": "6fc587d5ee64a03f", "sequence_str": "AL -> VAL -> UM -> NAV"}