{"sequence": ["AL", "NUL", "OZ", "AL", "NAV"], "coherence_change": -0.015926291826481198, "sense_index_change": 0.003680363413647969, "phi_s_change": 0.016688721878268975, "grad_phi_change": 0.0, "k_phi_change": 0.0, "xi_c_change": 0.0, "phase_sync_change": 0.0, "epi_magnitude_change": -0.019268241690679977, "hash_signature": "32e8d7801ec040bc", "sequence_str": "AL -> NUL -> OZ -> AL -> NAV"}