{"sequence": ["RA", "NUL", "EN", "REMESH"], "coherence_change": 0.0, "sense_index_change": 0.004861390549064093, "phi_s_change": 0.0, "grad_phi_change": 0.00650531813109656, "k_phi_change": 0.34207290257264844, "xi_c_change": 0.0, "phase_sync_change": -0.014500343600466259, "epi_magnitude_change": -0.013484616016152806, "hash_signature": "4234bfddc2db9790", "sequence_str": "RA -> NUL -> EN -> REMESH"}