{"sequence": ["AL", "RA", "NUL", "REMESH"], "coherence_change": 0.0, "sense_index_change": -0.019293042426678342, "phi_s_change": 0.0, "grad_phi_change": 0.034750783913296335, "k_phi_change": 0.42596169654628124, "xi_c_change": 0.0, "phase_sync_change": -0.019339090667649494, "epi_magnitude_change": -0.013788700392149078, "hash_signature": "7ecc8f27ac0ebd89", "sequence_str": "AL -> RA -> NUL -> REMESH"}