{"sequence": ["REMESH", "SHA", "UM", "IL", "AL", "SHA"], "coherence_change": 0.007756331249327952, "sense_index_change": -0.0443567746354141, "phi_s_change": -0.04297456810314548, "grad_phi_change": 0.19645151134908545, "k_phi_change": -0.11247288345173673, "xi_c_change": 0.0, "phase_sync_change": -0.07241819480972811, "epi_magnitude_change": 0.007003426409111113, "hash_signature": "75e5513338bb54ad", "sequence_str": "REMESH -> SHA -> UM -> IL -> AL -> SHA"}