{"sequence": ["UM", "OZ", "REMESH"], "coherence_change": -0.013004742672973468, "sense_index_change": 0.03341253390484733, "phi_s_change": -0.134619684030849, "grad_phi_change": -0.05338271323399324, "k_phi_change": -0.038113651864013276, "xi_c_change": 0.0, "phase_sync_change": 0.004549402853675111, "epi_magnitude_change": 0.0014456090572129154, "hash_signature": "0c3c2bf6be401a66", "sequence_str": "UM -> OZ -> REMESH"}