{"sequence": ["REMESH", "RA", "VAL", "REMESH"], "coherence_change": 0.0, "sense_index_change": -0.014974591782011382, "phi_s_change": 0.0, "grad_phi_change": 0.058829968633856033, "k_phi_change": 0.553131425160007, "xi_c_change": 0.0, "phase_sync_change": -0.024711850470190533, "epi_magnitude_change": 0.02034978564285217, "hash_signature": "53d8f4f55aeca16a", "sequence_str": "REMESH -> RA -> VAL -> REMESH"}