{"sequence": ["OZ", "NAV", "VAL", "NAV", "UM", "REMESH"], "coherence_change": -0.007226124213083107, "sense_index_change": -0.023136664220793524, "phi_s_change": -0.05729197546776876, "grad_phi_change": 0.08092275854131614, "k_phi_change": 0.5050870109920038, "xi_c_change": 0.0, "phase_sync_change": -0.02828403046265371, "epi_magnitude_change": 0.016427080834238716, "hash_signature": "527c32b0f57c5005", "sequence_str": "OZ -> NAV -> VAL -> NAV -> UM -> REMESH"}