{"sequence": ["NAV", "THOL", "NUL", "REMESH"], "coherence_change": 0.003469557866926709, "sense_index_change": 0.00012061543473462777, "phi_s_change": 0.058444424497289815, "grad_phi_change": 0.0, "k_phi_change": 0.0, "xi_c_change": 0.0, "phase_sync_change": 0.0, "epi_magnitude_change": -0.025016960229846563, "hash_signature": "f3231b274a00dfd8", "sequence_str": "NAV -> THOL -> NUL -> REMESH"}