{"sequence": ["NUL", "UM", "SHA"], "coherence_change": 0.0, "sense_index_change": 0.028820739181360966, "phi_s_change": 0.0, "grad_phi_change": -0.1340733666346139, "k_phi_change": 0.42170264871795227, "xi_c_change": 0.0, "phase_sync_change": 0.05375932577026521, "epi_magnitude_change": -0.012445161326635201, "hash_signature": "eab0e87b5bb9e273", "sequence_str": "NUL -> UM -> SHA"}