{"sequence": ["NAV", "ZHIR", "AL", "THOL", "OZ"], "coherence_change": -0.011309685154785809, "sense_index_change": 0.025419897213852294, "phi_s_change": -0.0856269337982204, "grad_phi_change": 0.006436348949784065, "k_phi_change": -0.14211859398958698, "xi_c_change": 0.0, "phase_sync_change": -0.00333204524927444, "epi_magnitude_change": -0.007594216194334535, "hash_signature": "b35b7c819da346dd", "sequence_str": "NAV -> ZHIR -> AL -> THOL -> OZ"}