{"sequence": ["RA", "NUL", "VAL", "REMESH", "EN", "NAV"], "coherence_change": 0.0, "sense_index_change": 0.008196031816258609, "phi_s_change": 0.0, "grad_phi_change": -0.04634982554428846, "k_phi_change": 0.4740758355442803, "xi_c_change": 0.0, "phase_sync_change": 0.014826714589743828, "epi_magnitude_change": 0.008622826864253863, "hash_signature": "5f2b702115d4d629", "sequence_str": "RA -> NUL -> VAL -> REMESH -> EN -> NAV"}