{"sequence": ["ZHIR", "ZHIR", "AL", "NAV", "ZHIR", "REMESH"], "coherence_change": 0.0, "sense_index_change": 0.00169627908046599, "phi_s_change": 0.0, "grad_phi_change": -0.008923579957301975, "k_phi_change": 0.22918090838560268, "xi_c_change": 0.0, "phase_sync_change": 0.010961541249386753, "epi_magnitude_change": -0.01069947513342695, "hash_signature": "e9966f6dc44ddb0c", "sequence_str": "ZHIR -> ZHIR -> AL -> NAV -> ZHIR -> REMESH"}