{"sequence": ["RA", "OZ", "RA", "OZ"], "coherence_change": -0.025260500531161134, "sense_index_change": 0.051153145024219304, "phi_s_change": -0.10590762440067114, "grad_phi_change": -0.15431634685348494, "k_phi_change": -0.3347286818855349, "xi_c_change": 0.0, "phase_sync_change": 0.050896643508149486, "epi_magnitude_change": 0.0, "hash_signature": "5d1dfbfb2710dfde", "sequence_str": "RA -> OZ -> RA -> OZ"}