{"sequence": ["THOL", "UM", "EN", "NUL", "REMESH"], "coherence_change": 0.006991803127259333, "sense_index_change": 0.017190024076684796, "phi_s_change": 0.04287865827538384, "grad_phi_change": -0.16278459660888145, "k_phi_change": -0.3326917945945422, "xi_c_change": 0.0, "phase_sync_change": 0.0512137488154506, "epi_magnitude_change": -0.017449263442868457, "hash_signature": "7c34eb601e41bfd5", "sequence_str": "THOL -> UM -> EN -> NUL -> REMESH"}