{"sequence": ["OZ", "NAV", "ZHIR", "NUL", "ZHIR", "REMESH"], "coherence_change": -0.00884135082726556, "sense_index_change": -0.010761370321955066, "phi_s_change": -0.037073183336153614, "grad_phi_change": 0.08210275739042894, "k_phi_change": 0.04527234778376277, "xi_c_change": 0.0, "phase_sync_change": -0.024608397866808907, "epi_magnitude_change": -0.013216605631842904, "hash_signature": "9bbb240895b25da1", "sequence_str": "OZ -> NAV -> ZHIR -> NUL -> ZHIR -> REMESH"}