{"sequence": ["IL", "REMESH", "ZHIR", "VAL", "VAL", "NAV"], "coherence_change": 0.005635374563994544, "sense_index_change": 0.010831240196586323, "phi_s_change": 0.003228716638795648, "grad_phi_change": -0.043663694658780505, "k_phi_change": 0.04492922633894761, "xi_c_change": 0.0, "phase_sync_change": 0.014205332751969224, "epi_magnitude_change": 0.030551569748018426, "hash_signature": "e2fb8523e2758cdd", "sequence_str": "IL -> REMESH -> ZHIR -> VAL -> VAL -> NAV"}