{"sequence": ["REMESH", "ZHIR", "NAV", "SHA"], "coherence_change": 0.0, "sense_index_change": 0.015685786678985014, "phi_s_change": 0.0, "grad_phi_change": -0.07158206475941564, "k_phi_change": 0.20198046277707046, "xi_c_change": 0.0, "phase_sync_change": 0.0251341558671474, "epi_magnitude_change": 0.0013564665899422623, "hash_signature": "b3cefb348855c124", "sequence_str": "REMESH -> ZHIR -> NAV -> SHA"}