{"sequence": ["THOL", "RA", "EN", "SHA"], "coherence_change": 0.005350689456971036, "sense_index_change": -0.034475802142011236, "phi_s_change": 0.04499925420871531, "grad_phi_change": 0.12344089801864833, "k_phi_change": 0.2067321524371762, "xi_c_change": 0.0, "phase_sync_change": -0.04405044150435955, "epi_magnitude_change": 0.0, "hash_signature": "3b42aabddc0c8c7b", "sequence_str": "THOL -> RA -> EN -> SHA"}