{"sequence": ["THOL", "EN", "IL", "RA", "SHA"], "coherence_change": 0.012290937288721548, "sense_index_change": 0.006674358202259589, "phi_s_change": -0.06874318837764415, "grad_phi_change": 0.032640195607081646, "k_phi_change": -0.03419251895483241, "xi_c_change": 0.0, "phase_sync_change": -0.016977759403493997, "epi_magnitude_change": 0.0, "hash_signature": "7db6c7de3acf9149", "sequence_str": "THOL -> EN -> IL -> RA -> SHA"}