{"sequence": ["VAL", "RA", "NUL", "RA", "OZ"], "coherence_change": -0.01563980894777739, "sense_index_change": 0.07369183749078212, "phi_s_change": -0.10812900961570149, "grad_phi_change": -0.31867350396955785, "k_phi_change": 0.18719897752354547, "xi_c_change": 0.0, "phase_sync_change": 0.10647294591549361, "epi_magnitude_change": -0.0121893221296, "hash_signature": "3bd1ec5ed2d4a192", "sequence_str": "VAL -> RA -> NUL -> RA -> OZ"}