{"sequence": ["ZHIR", "VAL", "ZHIR", "NAV"], "coherence_change": 0.0, "sense_index_change": 0.009299046610116157, "phi_s_change": 0.0, "grad_phi_change": -0.07095697178560378, "k_phi_change": 0.11214247303174311, "xi_c_change": 0.0, "phase_sync_change": 0.02421209440722749, "epi_magnitude_change": 0.014011735489588117, "hash_signature": "e5bb48db48b6cac0", "sequence_str": "ZHIR -> VAL -> ZHIR -> NAV"}