{"sequence": ["NAV", "UM", "NAV", "THOL", "SHA"], "coherence_change": 0.00431271425762958, "sense_index_change": -0.024064706476008113, "phi_s_change": -0.012966171184060737, "grad_phi_change": 0.07387815169673861, "k_phi_change": 0.04136944790370706, "xi_c_change": 0.0, "phase_sync_change": -0.0296766425470949, "epi_magnitude_change": 0.0, "hash_signature": "fe1dc1caf4243df7", "sequence_str": "NAV -> UM -> NAV -> THOL -> SHA"}