{"sequence": ["VAL", "VAL", "ZHIR", "NAV"], "coherence_change": 0.0, "sense_index_change": 0.02936433230167479, "phi_s_change": 0.0, "grad_phi_change": -0.11816159916913627, "k_phi_change": 0.3750908789332956, "xi_c_change": 0.0, "phase_sync_change": 0.03670736386835438, "epi_magnitude_change": 0.038056216912765506, "hash_signature": "274cb5eab9d4b328", "sequence_str": "VAL -> VAL -> ZHIR -> NAV"}