{"sequence": ["REMESH", "SHA", "RA", "AL", "NAV"], "coherence_change": 0.0, "sense_index_change": -0.020051403156374825, "phi_s_change": 0.0, "grad_phi_change": 0.11265990458751607, "k_phi_change": 0.04981947718954152, "xi_c_change": 0.0, "phase_sync_change": -0.047342221539260265, "epi_magnitude_change": 0.0033115051784784466, "hash_signature": "33da32c210844a81", "sequence_str": "REMESH -> SHA -> RA -> AL -> NAV"}