{"sequence": ["AL", "AL", "VAL", "IL", "OZ"], "coherence_change": -0.0014117038944903015, "sense_index_change": 0.002853726274196333, "phi_s_change": 0.0024334878056632148, "grad_phi_change": 0.0, "k_phi_change": 0.0, "xi_c_change": 0.0, "phase_sync_change": 0.0, "epi_magnitude_change": 0.03099549545177438, "hash_signature": "665154221dc8e8b9", "sequence_str": "AL -> AL -> VAL -> IL -> OZ"}