{"sequence": ["REMESH", "NUL", "IL", "ZHIR", "SHA"], "coherence_change": 0.008798950859713495, "sense_index_change": -0.0057311984130551386, "phi_s_change": 0.09319497370250795, "grad_phi_change": 0.003951866651712876, "k_phi_change": 0.012602835025856046, "xi_c_change": 0.0, "phase_sync_change": 0.003929694795884675, "epi_magnitude_change": -0.010915480393136834, "hash_signature": "db5c926faa309a72", "sequence_str": "REMESH -> NUL -> IL -> ZHIR -> SHA"}