{"sequence": ["NUL", "UM", "AL", "THOL", "THOL", "NAV"], "coherence_change": 0.006030393081739138, "sense_index_change": -0.0005429163399397474, "phi_s_change": 0.0016132188290731708, "grad_phi_change": 0.024424263547178526, "k_phi_change": 0.25224651893477906, "xi_c_change": 0.0, "phase_sync_change": -0.01220580296740792, "epi_magnitude_change": -0.018969567861382153, "hash_signature": "34140f84a130512e", "sequence_str": "NUL -> UM -> AL -> THOL -> THOL -> NAV"}