{"sequence": ["REMESH", "IL", "NUL", "ZHIR", "RA", "REMESH"], "coherence_change": 0.008343673360854398, "sense_index_change": -0.017457395659016606, "phi_s_change": 0.06383240979496185, "grad_phi_change": -0.028497122178746004, "k_phi_change": 0.14443541161186801, "xi_c_change": 0.0, "phase_sync_change": 0.0012185766999683878, "epi_magnitude_change": -0.009090849004695811, "hash_signature": "59212a63c5e671ef", "sequence_str": "REMESH -> IL -> NUL -> ZHIR -> RA -> REMESH"}