{"sequence": ["AL", "IL", "NUL", "SHA"], "coherence_change": 0.007197690063217466, "sense_index_change": -0.009352671593097883, "phi_s_change": 0.024224331434860802, "grad_phi_change": 0.0, "k_phi_change": 0.0, "xi_c_change": 0.0, "phase_sync_change": 0.0, "epi_magnitude_change": -0.007952035085048825, "hash_signature": "65c17098e5d87664", "sequence_str": "AL -> IL -> NUL -> SHA"}