{"sequence": ["OZ", "NAV", "UM", "RA", "SHA"], "coherence_change": -0.015045859566327313, "sense_index_change": -0.0048951700991825, "phi_s_change": 0.043082069490865904, "grad_phi_change": -0.04324964840065415, "k_phi_change": 0.20898002721052708, "xi_c_change": 0.0, "phase_sync_change": 0.0065924532875579755, "epi_magnitude_change": 0.0, "hash_signature": "4426ace3b5a744a5", "sequence_str": "OZ -> NAV -> UM -> RA -> SHA"}