{"sequence": ["EN", "IL", "NUL", "ZHIR", "OZ"], "coherence_change": -0.004072690753163299, "sense_index_change": -0.003343458961062362, "phi_s_change": -0.0989395033243331, "grad_phi_change": 0.0623736823822687, "k_phi_change": 0.14816458384836684, "xi_c_change": 0.0, "phase_sync_change": -0.017548882728777526, "epi_magnitude_change": -0.01307501299859426, "hash_signature": "32f7e91bd7bdc679", "sequence_str": "EN -> IL -> NUL -> ZHIR -> OZ"}