{"sequence": ["SHA", "IL", "VAL", "RA", "SHA"], "coherence_change": 0.005948313705436692, "sense_index_change": -0.01147260484811824, "phi_s_change": -0.028960996820820428, "grad_phi_change": 0.07010904461368117, "k_phi_change": 0.29668342051927676, "xi_c_change": 0.0, "phase_sync_change": -0.032683892212570065, "epi_magnitude_change": 0.015069544889956044, "hash_signature": "7445d15d088bcff0", "sequence_str": "SHA -> IL -> VAL -> RA -> SHA"}