{"sequence": ["THOL", "ZHIR", "THOL", "REMESH"], "coherence_change": 0.009132923790796776, "sense_index_change": 0.0062852264859197815, "phi_s_change": 0.0171060830968629, "grad_phi_change": -0.015572341521245647, "k_phi_change": 0.01525120272531344, "xi_c_change": 0.0, "phase_sync_change": 0.0035774958053310657, "epi_magnitude_change": 0.0016804191081760678, "hash_signature": "e3cf528a4c475189", "sequence_str": "THOL -> ZHIR -> THOL -> REMESH"}