{"sequence": ["UM", "SHA", "OZ", "SHA", "NAV"], "coherence_change": -0.012836554184073812, "sense_index_change": 0.04770337742736408, "phi_s_change": -0.04554098268022233, "grad_phi_change": -0.09410443584684103, "k_phi_change": 0.1346043429546744, "xi_c_change": 0.0, "phase_sync_change": 0.02107405995986522, "epi_magnitude_change": 0.0, "hash_signature": "c6362b61e7c6749b", "sequence_str": "UM -> SHA -> OZ -> SHA -> NAV"}