{"sequence": ["REMESH", "ZHIR", "NUL", "ZHIR", "VAL", "REMESH"], "coherence_change": 0.0, "sense_index_change": -0.015334743633412695, "phi_s_change": 0.0, "grad_phi_change": 0.07211838266905124, "k_phi_change": -0.0944989749787925, "xi_c_change": 0.0, "phase_sync_change": -0.02384954773451964, "epi_magnitude_change": 0.004252652179785876, "hash_signature": "235910de8b9a4c7e", "sequence_str": "REMESH -> ZHIR -> NUL -> ZHIR -> VAL -> REMESH"}