{"sequence": ["REMESH", "THOL", "ZHIR", "NAV", "IL", "OZ"], "coherence_change": 0.004088484618914312, "sense_index_change": 0.0017879324257310536, "phi_s_change": 0.05647344185031167, "grad_phi_change": 0.014594368246165335, "k_phi_change": -0.15188981006866042, "xi_c_change": 0.0, "phase_sync_change": -0.005814927535762959, "epi_magnitude_change": 0.0013954651988361544, "hash_signature": "128eaa8d191d886e", "sequence_str": "REMESH -> THOL -> ZHIR -> NAV -> IL -> OZ"}