{"sequence": ["AL", "UM", "SHA", "EN", "OZ"], "coherence_change": -0.014624142041426036, "sense_index_change": 0.018602391494493165, "phi_s_change": -0.07562724380268937, "grad_phi_change": -0.11374548618682656, "k_phi_change": 0.2757135123789399, "xi_c_change": 0.0, "phase_sync_change": 0.030292704473190768, "epi_magnitude_change": 0.0001491233443031703, "hash_signature": "65846169af1aefdd", "sequence_str": "AL -> UM -> SHA -> EN -> OZ"}