{"sequence": ["REMESH", "NAV", "VAL", "ZHIR", "ZHIR", "OZ"], "coherence_change": -0.014892019819775504, "sense_index_change": 0.01959578069155332, "phi_s_change": -0.10322822563542444, "grad_phi_change": -0.035562516380164055, "k_phi_change": 0.14332534262161833, "xi_c_change": 0.0, "phase_sync_change": 0.013080905897999706, "epi_magnitude_change": 0.011649747109113817, "hash_signature": "107922ee33499729", "sequence_str": "REMESH -> NAV -> VAL -> ZHIR -> ZHIR -> OZ"}