{"sequence": ["THOL", "RA", "NAV", "THOL", "UM", "OZ"], "coherence_change": -0.002027886648984234, "sense_index_change": 0.011321521314497596, "phi_s_change": -0.12796039903610656, "grad_phi_change": -0.020056400341170955, "k_phi_change": -0.07031534653332577, "xi_c_change": 0.0, "phase_sync_change": -0.006675695184786168, "epi_magnitude_change": 0.0, "hash_signature": "69a0eac37fed3744", "sequence_str": "THOL -> RA -> NAV -> THOL -> UM -> OZ"}