{"sequence": ["AL", "AL", "UM", "ZHIR", "SHA"], "coherence_change": 0.0, "sense_index_change": 0.007476888106414226, "phi_s_change": 0.0, "grad_phi_change": -0.03705919809687197, "k_phi_change": 0.1471520798860439, "xi_c_change": 0.0, "phase_sync_change": 0.0034437911928005827, "epi_magnitude_change": 0.020892792141207428, "hash_signature": "5f57a61acfef09d0", "sequence_str": "AL -> AL -> UM -> ZHIR -> SHA"}