{"sequence": ["EN", "IL", "ZHIR", "REMESH"], "coherence_change": 0.00753764009500435, "sense_index_change": 0.03089414039511651, "phi_s_change": -0.004268109450530799, "grad_phi_change": -0.0950969886502342, "k_phi_change": -0.03558789706842075, "xi_c_change": 0.0, "phase_sync_change": 0.035492533855899455, "epi_magnitude_change": 0.0012273519527763455, "hash_signature": "1790646795fad871", "sequence_str": "EN -> IL -> ZHIR -> REMESH"}