{"sequence": ["NAV", "NUL", "EN", "VAL", "UM", "REMESH"], "coherence_change": 0.0, "sense_index_change": 0.031355304684698604, "phi_s_change": 0.0, "grad_phi_change": -0.23732398801936028, "k_phi_change": 0.08933685973890923, "xi_c_change": 0.0, "phase_sync_change": 0.0746704694804522, "epi_magnitude_change": 0.005188365117249849, "hash_signature": "9be1725a0052a195", "sequence_str": "NAV -> NUL -> EN -> VAL -> UM -> REMESH"}