{"sequence": ["ZHIR", "IL", "ZHIR", "REMESH"], "coherence_change": 0.003980667495134149, "sense_index_change": -0.0059794900717001775, "phi_s_change": 0.013431008555213397, "grad_phi_change": 0.03704598495252487, "k_phi_change": 0.15401774102746882, "xi_c_change": 0.0, "phase_sync_change": -0.015666866869719742, "epi_magnitude_change": 0.0017487427976483616, "hash_signature": "463f2ca0ba20aedc", "sequence_str": "ZHIR -> IL -> ZHIR -> REMESH"}