{"sequence": ["RA", "OZ", "UM", "SHA"], "coherence_change": -0.009081983962295648, "sense_index_change": 0.03217965791228106, "phi_s_change": 0.012718508402327022, "grad_phi_change": -0.07141777520985948, "k_phi_change": 0.12682258849022962, "xi_c_change": 0.0, "phase_sync_change": 0.019654478351615157, "epi_magnitude_change": 0.0, "hash_signature": "40ae33e56e37277e", "sequence_str": "RA -> OZ -> UM -> SHA"}