{"sequence": ["AL", "VAL", "NAV", "OZ", "REMESH"], "coherence_change": -0.014934163513707799, "sense_index_change": 0.0071761588498988615, "phi_s_change": -0.13237214363827665, "grad_phi_change": 0.0, "k_phi_change": 0.0, "xi_c_change": 0.0, "phase_sync_change": 0.0, "epi_magnitude_change": 0.021380179703242908, "hash_signature": "7c6d7647689e9046", "sequence_str": "AL -> VAL -> NAV -> OZ -> REMESH"}