{"sequence": ["THOL", "OZ", "REMESH", "UM", "AL", "NAV"], "coherence_change": -0.009051010146238436, "sense_index_change": 0.04009467965624214, "phi_s_change": -0.03855748487026989, "grad_phi_change": -0.1460221718510648, "k_phi_change": -0.09234985245554655, "xi_c_change": 0.0, "phase_sync_change": 0.048716384362928467, "epi_magnitude_change": -0.0006746010094046406, "hash_signature": "7fb5d0b2d00ed4d2", "sequence_str": "THOL -> OZ -> REMESH -> UM -> AL -> NAV"}