{"sequence": ["UM", "NUL", "NAV", "NAV", "AL", "REMESH"], "coherence_change": 0.0, "sense_index_change": 0.02026637396967057, "phi_s_change": 0.0, "grad_phi_change": -0.20265282915891047, "k_phi_change": 0.07231009561132341, "xi_c_change": 0.0, "phase_sync_change": 0.06184366707233091, "epi_magnitude_change": -0.01105880962784822, "hash_signature": "0c512e907b6e581b", "sequence_str": "UM -> NUL -> NAV -> NAV -> AL -> REMESH"}