{"sequence": ["ZHIR", "ZHIR", "AL", "RA", "ZHIR", "NAV"], "coherence_change": 0.0, "sense_index_change": 0.05379040665569901, "phi_s_change": 0.0, "grad_phi_change": -0.21922409206111038, "k_phi_change": 0.06869321502262946, "xi_c_change": 0.0, "phase_sync_change": 0.07732106995534138, "epi_magnitude_change": 0.007465352991002927, "hash_signature": "1a7592b1739a4521", "sequence_str": "ZHIR -> ZHIR -> AL -> RA -> ZHIR -> NAV"}