{"sequence": ["ZHIR", "AL", "RA", "VAL", "IL", "REMESH"], "coherence_change": 0.006605074831268709, "sense_index_change": -0.03239958851072139, "phi_s_change": 0.05516165917762972, "grad_phi_change": 0.1612708213297982, "k_phi_change": 0.5193416137634932, "xi_c_change": 0.0, "phase_sync_change": -0.05783747493059843, "epi_magnitude_change": 0.018764334862307108, "hash_signature": "3a3a6b4610b7e9a8", "sequence_str": "ZHIR -> AL -> RA -> VAL -> IL -> REMESH"}