{"sequence": ["IL", "REMESH", "VAL", "NUL", "OZ"], "coherence_change": -0.005757414547458151, "sense_index_change": 0.027059244446070885, "phi_s_change": -0.18533162534951586, "grad_phi_change": 0.0, "k_phi_change": 0.0, "xi_c_change": 0.0, "phase_sync_change": 0.0, "epi_magnitude_change": -0.011582483330500382, "hash_signature": "f02ba95d4966dc85", "sequence_str": "IL -> REMESH -> VAL -> NUL -> OZ"}