{"sequence": ["OZ", "REMESH", "EN", "NUL", "REMESH"], "coherence_change": -0.006363560509288213, "sense_index_change": -0.004553479716268183, "phi_s_change": -0.03919831935146978, "grad_phi_change": 0.0, "k_phi_change": 0.0, "xi_c_change": 0.0, "phase_sync_change": 0.0, "epi_magnitude_change": -0.008633625825293478, "hash_signature": "88563cd579e1324c", "sequence_str": "OZ -> REMESH -> EN -> NUL -> REMESH"}