{"sequence": ["NAV", "VAL", "IL", "REMESH", "UM", "NAV"], "coherence_change": 0.0058873259649049325, "sense_index_change": 0.046258498657896885, "phi_s_change": 0.06346072214425258, "grad_phi_change": -0.2543667895415318, "k_phi_change": 0.205125373784951, "xi_c_change": 0.0, "phase_sync_change": 0.09509175456675156, "epi_magnitude_change": 0.020995419216550126, "hash_signature": "494a3eaff8497d5b", "sequence_str": "NAV -> VAL -> IL -> REMESH -> UM -> NAV"}