{"sequence": ["OZ", "NUL", "THOL", "NAV", "UM", "REMESH"], "coherence_change": -0.005694802016821265, "sense_index_change": -0.019653600037163155, "phi_s_change": -0.03450560149465676, "grad_phi_change": 0.11482481224505148, "k_phi_change": -0.1042284443120346, "xi_c_change": 0.0, "phase_sync_change": -0.04423918173920793, "epi_magnitude_change": -0.010744964602114049, "hash_signature": "8cd1fad52d9ba0cc", "sequence_str": "OZ -> NUL -> THOL -> NAV -> UM -> REMESH"}