{"sequence": ["NUL", "OZ", "ZHIR", "RA", "SHA"], "coherence_change": -0.008534871437994473, "sense_index_change": 0.0005220465905521054, "phi_s_change": 0.04766528911520962, "grad_phi_change": -0.02006345111825225, "k_phi_change": 0.6079404565894861, "xi_c_change": 0.0, "phase_sync_change": 0.002645992325207125, "epi_magnitude_change": -0.0191767368553889, "hash_signature": "4efa347c86db0dc7", "sequence_str": "NUL -> OZ -> ZHIR -> RA -> SHA"}