{"sequence": ["RA", "SHA", "RA", "ZHIR", "THOL", "NAV"], "coherence_change": 0.0035529013116935015, "sense_index_change": 0.033847562451229884, "phi_s_change": 0.00796867847477456, "grad_phi_change": -0.15826709934174454, "k_phi_change": -0.02091998091943914, "xi_c_change": 0.0, "phase_sync_change": 0.04852736519161349, "epi_magnitude_change": 0.0, "hash_signature": "53793aa001f363fd", "sequence_str": "RA -> SHA -> RA -> ZHIR -> THOL -> NAV"}