{"sequence": ["RA", "IL", "VAL", "NAV"], "coherence_change": 0.006502736288429456, "sense_index_change": -0.030689092528337347, "phi_s_change": 0.03972295968505535, "grad_phi_change": 0.04999726921022307, "k_phi_change": -0.13458516996497527, "xi_c_change": 0.0, "phase_sync_change": -0.023216093855242148, "epi_magnitude_change": 0.022050035524948997, "hash_signature": "53e11eb5e40f3568", "sequence_str": "RA -> IL -> VAL -> NAV"}