{"sequence": ["AL", "IL", "SHA", "EN", "OZ"], "coherence_change": -0.0021316339380674787, "sense_index_change": -0.002266055489826835, "phi_s_change": -0.05008223376425136, "grad_phi_change": 0.0, "k_phi_change": 0.0, "xi_c_change": 0.0, "phase_sync_change": 0.0, "epi_magnitude_change": -0.010463531743537535, "hash_signature": "5431783669fe175e", "sequence_str": "AL -> IL -> SHA -> EN -> OZ"}