{"sequence": ["IL", "RA", "EN", "EN", "SHA"], "coherence_change": 0.007751813537062335, "sense_index_change": 0.008217417831375196, "phi_s_change": 0.013852614660746165, "grad_phi_change": -0.0007389956605383663, "k_phi_change": 0.37395376024844473, "xi_c_change": 0.0, "phase_sync_change": -0.008481446681439575, "epi_magnitude_change": 0.0, "hash_signature": "0b66607631a1ef08", "sequence_str": "IL -> RA -> EN -> EN -> SHA"}