{"sequence": ["OZ", "NUL", "REMESH"], "coherence_change": -0.009244266732749473, "sense_index_change": 0.011598733814309758, "phi_s_change": -0.08199165963678878, "grad_phi_change": 0.0, "k_phi_change": 0.0, "xi_c_change": 0.0, "phase_sync_change": 0.0, "epi_magnitude_change": -0.023562519272127047, "hash_signature": "18efae8ec02419b0", "sequence_str": "OZ -> NUL -> REMESH"}