{"sequence": ["NAV", "RA", "UM", "EN", "REMESH"], "coherence_change": 0.0, "sense_index_change": 0.0451349825789078, "phi_s_change": 0.0, "grad_phi_change": -0.22566535897206785, "k_phi_change": -0.2099806859380951, "xi_c_change": 0.0, "phase_sync_change": 0.06909238296199227, "epi_magnitude_change": 0.0016144348729538738, "hash_signature": "53fc8bb38b7b1b18", "sequence_str": "NAV -> RA -> UM -> EN -> REMESH"}