{"sequence": ["AL", "NUL", "RA", "RA", "VAL", "SHA"], "coherence_change": 0.0, "sense_index_change": 0.006715902370824645, "phi_s_change": 0.0, "grad_phi_change": -0.057071078943795595, "k_phi_change": 0.29002976510521283, "xi_c_change": 0.0, "phase_sync_change": 0.010301990455628629, "epi_magnitude_change": -0.005881627267026901, "hash_signature": "ef48b24af9603d80", "sequence_str": "AL -> NUL -> RA -> RA -> VAL -> SHA"}