{"sequence": ["UM", "ZHIR", "UM", "EN", "ZHIR", "OZ"], "coherence_change": -0.010146395625622584, "sense_index_change": 0.014401462276338761, "phi_s_change": -0.024662367626590798, "grad_phi_change": -0.17050157524581633, "k_phi_change": -0.11844872962091174, "xi_c_change": 0.0, "phase_sync_change": 0.06049776515105543, "epi_magnitude_change": 0.0, "hash_signature": "360e077da10e0496", "sequence_str": "UM -> ZHIR -> UM -> EN -> ZHIR -> OZ"}