{"sequence": ["NUL", "IL", "EN", "OZ"], "coherence_change": -0.0005510350361871419, "sense_index_change": -0.02522265810399732, "phi_s_change": 0.13369340929384832, "grad_phi_change": 0.0, "k_phi_change": 0.0, "xi_c_change": 0.0, "phase_sync_change": 0.0, "epi_magnitude_change": -0.00869195921872612, "hash_signature": "4a8a48ab3bfe8de9", "sequence_str": "NUL -> IL -> EN -> OZ"}