{"sequence": ["REMESH", "NAV", "IL", "REMESH", "ZHIR", "REMESH"], "coherence_change": 0.008265157076776553, "sense_index_change": 0.01144755702201683, "phi_s_change": 0.0793649643247124, "grad_phi_change": -0.03563518009960642, "k_phi_change": 0.003238506852313555, "xi_c_change": 0.0, "phase_sync_change": 0.014205332751969224, "epi_magnitude_change": 0.004261913521520944, "hash_signature": "894ddd69c965cbe6", "sequence_str": "REMESH -> NAV -> IL -> REMESH -> ZHIR -> REMESH"}