{"sequence": ["THOL", "RA", "UM", "REMESH"], "coherence_change": 0.004191570839718439, "sense_index_change": -0.005858996510036962, "phi_s_change": 0.04830069974197748, "grad_phi_change": -0.015475566691049103, "k_phi_change": 0.671598976282159, "xi_c_change": 0.0, "phase_sync_change": -0.00867977932848174, "epi_magnitude_change": 0.0013293731502331818, "hash_signature": "a582c16527526c35", "sequence_str": "THOL -> RA -> UM -> REMESH"}