{"sequence": ["NAV", "IL", "OZ", "RA", "OZ"], "coherence_change": -0.015534805649661143, "sense_index_change": 0.012010942483091092, "phi_s_change": -0.21342133396474816, "grad_phi_change": 0.07382500013410787, "k_phi_change": 0.004393671418385037, "xi_c_change": 0.0, "phase_sync_change": -0.0347089871404509, "epi_magnitude_change": 0.0, "hash_signature": "751d106712d135d4", "sequence_str": "NAV -> IL -> OZ -> RA -> OZ"}