{"sequence": ["IL", "RA", "THOL", "REMESH"], "coherence_change": 0.01606158487860032, "sense_index_change": -0.01695828502996799, "phi_s_change": 0.043274017000502374, "grad_phi_change": 0.11577266487949744, "k_phi_change": 0.3775121004769855, "xi_c_change": 0.0, "phase_sync_change": -0.04329581423145401, "epi_magnitude_change": 0.0015032071455461926, "hash_signature": "09b145612e6199b9", "sequence_str": "IL -> RA -> THOL -> REMESH"}