{"sequence": ["ZHIR", "AL", "REMESH"], "coherence_change": 0.0, "sense_index_change": 0.0021792899416459566, "phi_s_change": 0.0, "grad_phi_change": 0.030116797667745665, "k_phi_change": -0.08680765941909341, "xi_c_change": 0.0, "phase_sync_change": -0.010935002113376724, "epi_magnitude_change": -0.005116859061309653, "hash_signature": "aa1f0e0b310ac931", "sequence_str": "ZHIR -> AL -> REMESH"}