{"sequence": ["NAV", "ZHIR", "EN", "SHA"], "coherence_change": 0.0, "sense_index_change": -0.006832624341647664, "phi_s_change": 0.0, "grad_phi_change": 0.004678487991272018, "k_phi_change": -0.3714048512145796, "xi_c_change": 0.0, "phase_sync_change": -0.003414273462719053, "epi_magnitude_change": 0.0, "hash_signature": "991fa3be3a2b6906", "sequence_str": "NAV -> ZHIR -> EN -> SHA"}