{"sequence": ["AL", "THOL", "IL", "AL", "OZ"], "coherence_change": 0.008195522030951197, "sense_index_change": -0.01289844482569552, "phi_s_change": 0.10973339021751105, "grad_phi_change": 0.0, "k_phi_change": 0.0, "xi_c_change": 0.0, "phase_sync_change": 0.0, "epi_magnitude_change": 0.011789181608837462, "hash_signature": "3b213b4b937cf79a", "sequence_str": "AL -> THOL -> IL -> AL -> OZ"}