{"sequence": ["REMESH", "ZHIR", "REMESH", "VAL", "UM", "NAV"], "coherence_change": 0.0, "sense_index_change": 0.0466505958056429, "phi_s_change": 0.0, "grad_phi_change": -0.19204421424360718, "k_phi_change": 0.0966042410605859, "xi_c_change": 0.0, "phase_sync_change": 0.07214988805565803, "epi_magnitude_change": 0.017557774186542474, "hash_signature": "2e3a019f2d6846c8", "sequence_str": "REMESH -> ZHIR -> REMESH -> VAL -> UM -> NAV"}