{"sequence": ["REMESH", "SHA", "IL", "VAL", "OZ"], "coherence_change": -0.0054264667269828815, "sense_index_change": 0.014424056045211131, "phi_s_change": -0.05220106299383509, "grad_phi_change": 0.0, "k_phi_change": 0.0, "xi_c_change": 0.0, "phase_sync_change": 0.0, "epi_magnitude_change": 0.0274516702896902, "hash_signature": "b20373f5da5028bc", "sequence_str": "REMESH -> SHA -> IL -> VAL -> OZ"}