{"sequence": ["SHA", "SHA", "RA", "ZHIR", "SHA"], "coherence_change": 0.0, "sense_index_change": 0.007780163380759597, "phi_s_change": 0.0, "grad_phi_change": -0.016315913804728632, "k_phi_change": 0.1901238336266739, "xi_c_change": 0.0, "phase_sync_change": -0.003700310494023862, "epi_magnitude_change": 0.0, "hash_signature": "58f55c26c2ad010a", "sequence_str": "SHA -> SHA -> RA -> ZHIR -> SHA"}