{"sequence": ["OZ", "IL", "IL", "NUL", "OZ"], "coherence_change": -0.004413627015937838, "sense_index_change": 0.0030966093602016187, "phi_s_change": -0.15592046974321916, "grad_phi_change": 0.0, "k_phi_change": 0.0, "xi_c_change": 0.0, "phase_sync_change": 0.0, "epi_magnitude_change": -0.020045896897637583, "hash_signature": "d0d032138dc7af4d", "sequence_str": "OZ -> IL -> IL -> NUL -> OZ"}