{"sequence": ["OZ", "UM", "THOL", "REMESH"], "coherence_change": -0.005664280999513438, "sense_index_change": 0.007032575291207932, "phi_s_change": 0.053946130681993276, "grad_phi_change": -0.04060906378642315, "k_phi_change": 0.09887658522772831, "xi_c_change": 0.0, "phase_sync_change": 0.010512700051825363, "epi_magnitude_change": 0.001263696805923642, "hash_signature": "ddec66bf834ba579", "sequence_str": "OZ -> UM -> THOL -> REMESH"}