{"sequence": ["NUL", "RA", "IL", "UM", "REMESH"], "coherence_change": 0.01033446268332805, "sense_index_change": 0.02177415557032314, "phi_s_change": 0.06489922899440381, "grad_phi_change": -0.10238959073383502, "k_phi_change": 0.16783137202730192, "xi_c_change": 0.0, "phase_sync_change": 0.027581264034494568, "epi_magnitude_change": -0.01591264783363966, "hash_signature": "913dc3423de048a8", "sequence_str": "NUL -> RA -> IL -> UM -> REMESH"}