{"sequence": ["AL", "RA", "VAL", "OZ", "OZ"], "coherence_change": -0.02840824076794135, "sense_index_change": 0.028834326405035582, "phi_s_change": 0.060595850834731735, "grad_phi_change": -0.019788549655158638, "k_phi_change": 0.4497081462929757, "xi_c_change": 0.0, "phase_sync_change": -0.0001828661079478211, "epi_magnitude_change": 0.014053859838838223, "hash_signature": "487259f5b9e7659a", "sequence_str": "AL -> RA -> VAL -> OZ -> OZ"}