{"sequence": ["UM", "EN", "EN", "NAV"], "coherence_change": 0.0, "sense_index_change": -0.021171028818377013, "phi_s_change": 0.0, "grad_phi_change": 0.06304184376828381, "k_phi_change": -0.027529383791943002, "xi_c_change": 0.0, "phase_sync_change": -0.028107260843433735, "epi_magnitude_change": 0.0, "hash_signature": "2c668da67a5103aa", "sequence_str": "UM -> EN -> EN -> NAV"}