{"sequence": ["NAV", "ZHIR", "REMESH", "REMESH"], "coherence_change": 0.0, "sense_index_change": -0.005747114867069025, "phi_s_change": 0.0, "grad_phi_change": -0.009463351152299682, "k_phi_change": 0.09161533134680167, "xi_c_change": 0.0, "phase_sync_change": 0.0036027922912192922, "epi_magnitude_change": 0.0031200864134385276, "hash_signature": "f8ab36135417f031", "sequence_str": "NAV -> ZHIR -> REMESH -> REMESH"}