{"sequence": ["IL", "UM", "IL", "NAV"], "coherence_change": 0.015318575893853437, "sense_index_change": 0.01623840334827109, "phi_s_change": 0.16237144430922845, "grad_phi_change": -0.13663991224786898, "k_phi_change": -0.2079005205713631, "xi_c_change": 0.0, "phase_sync_change": 0.05000833665753446, "epi_magnitude_change": 0.0, "hash_signature": "171d5f6ef161d473", "sequence_str": "IL -> UM -> IL -> NAV"}