{"sequence": ["UM", "IL", "SHA"], "coherence_change": 0.00720752733344765, "sense_index_change": 0.013267296460541034, "phi_s_change": -0.027296858427380832, "grad_phi_change": 0.005532449059175937, "k_phi_change": 0.22190565991333375, "xi_c_change": 0.0, "phase_sync_change": 0.003207683169674569, "epi_magnitude_change": 0.0, "hash_signature": "7cfda18cbf11c476", "sequence_str": "UM -> IL -> SHA"}