{"sequence": ["VAL", "IL", "NAV", "UM", "NAV"], "coherence_change": 0.006241096671308566, "sense_index_change": 0.018723779775771665, "phi_s_change": 0.020321141814408028, "grad_phi_change": -0.1436505002518409, "k_phi_change": 0.5168580268786946, "xi_c_change": 0.0, "phase_sync_change": 0.04278336131142657, "epi_magnitude_change": 0.01345938914519984, "hash_signature": "3da40971bc4021b0", "sequence_str": "VAL -> IL -> NAV -> UM -> NAV"}