{"sequence": ["NUL", "EN", "EN", "REMESH", "RA", "NAV"], "coherence_change": 0.0, "sense_index_change": -0.01273022074419522, "phi_s_change": 0.0, "grad_phi_change": 0.04838970937201603, "k_phi_change": 0.10545815707541277, "xi_c_change": 0.0, "phase_sync_change": -0.012273487379945602, "epi_magnitude_change": -0.0072149425172371995, "hash_signature": "f543e4b00a9c85ff", "sequence_str": "NUL -> EN -> EN -> REMESH -> RA -> NAV"}