{"sequence": ["AL", "OZ", "EN", "RA", "OZ"], "coherence_change": -0.025548507856974045, "sense_index_change": -0.009000217122568821, "phi_s_change": 0.056689595561048245, "grad_phi_change": -0.03999168913571638, "k_phi_change": 0.16369686942370598, "xi_c_change": 0.0, "phase_sync_change": 0.006207683051394519, "epi_magnitude_change": -0.006401967702835187, "hash_signature": "81257ebe6166d2f5", "sequence_str": "AL -> OZ -> EN -> RA -> OZ"}