{"sequence": ["VAL", "RA", "REMESH", "AL", "VAL", "NAV"], "coherence_change": 0.0, "sense_index_change": -0.009213035276830595, "phi_s_change": 0.0, "grad_phi_change": 0.026645238091220325, "k_phi_change": 0.46188158145049124, "xi_c_change": 0.0, "phase_sync_change": -0.01565493924424244, "epi_magnitude_change": 0.027681978701052823, "hash_signature": "0ada51503bf9973d", "sequence_str": "VAL -> RA -> REMESH -> AL -> VAL -> NAV"}