{"sequence": ["NUL", "VAL", "UM", "SHA"], "coherence_change": 0.0, "sense_index_change": 0.0026463675355448135, "phi_s_change": 0.0, "grad_phi_change": -0.047662459585651185, "k_phi_change": 0.4716942560280944, "xi_c_change": 0.0, "phase_sync_change": 0.007740947696119882, "epi_magnitude_change": -0.008989881143137368, "hash_signature": "10832df42d978850", "sequence_str": "NUL -> VAL -> UM -> SHA"}