{"sequence": ["NAV", "RA", "NUL", "NUL", "THOL", "SHA"], "coherence_change": 0.005303784437079129, "sense_index_change": -0.017309159833561405, "phi_s_change": 0.025712731832201574, "grad_phi_change": 0.06573979711549272, "k_phi_change": 0.34334378268362054, "xi_c_change": 0.0, "phase_sync_change": -0.026647085186521702, "epi_magnitude_change": -0.02664616724321034, "hash_signature": "25af11a0e003a60b", "sequence_str": "NAV -> RA -> NUL -> NUL -> THOL -> SHA"}