{"sequence": ["RA", "EN", "EN", "VAL", "NAV"], "coherence_change": 0.0, "sense_index_change": 0.004523313273382956, "phi_s_change": 0.0, "grad_phi_change": 0.024010967564818353, "k_phi_change": 0.06512554000185805, "xi_c_change": 0.0, "phase_sync_change": -0.013484941034224929, "epi_magnitude_change": 0.012081990867021886, "hash_signature": "31edcbb51d32101b", "sequence_str": "RA -> EN -> EN -> VAL -> NAV"}