{"sequence": ["VAL", "IL", "NAV"], "coherence_change": 0.007654367189064648, "sense_index_change": 0.005369962395204375, "phi_s_change": -0.023807968030404414, "grad_phi_change": 0.0, "k_phi_change": 0.0, "xi_c_change": 0.0, "phase_sync_change": 0.0, "epi_magnitude_change": 0.015624317354127504, "hash_signature": "c092371f007ce773", "sequence_str": "VAL -> IL -> NAV"}