{"sequence": ["NAV", "THOL", "RA", "AL", "IL", "REMESH"], "coherence_change": 0.012597546944086768, "sense_index_change": -0.007238403927617432, "phi_s_change": -0.07914405169908223, "grad_phi_change": 0.02068925749336681, "k_phi_change": 0.5430906185279938, "xi_c_change": 0.0, "phase_sync_change": -0.012760819947671198, "epi_magnitude_change": 0.007969160031924272, "hash_signature": "416fd70b958bf626", "sequence_str": "NAV -> THOL -> RA -> AL -> IL -> REMESH"}