{"sequence": ["RA", "OZ", "ZHIR", "VAL", "ZHIR", "SHA"], "coherence_change": -0.006119469964847246, "sense_index_change": 0.010732506714926426, "phi_s_change": -0.01850426144164885, "grad_phi_change": -0.07043137948233547, "k_phi_change": 0.5211722998974995, "xi_c_change": 0.0, "phase_sync_change": 0.021673033466089398, "epi_magnitude_change": 0.004297739682640134, "hash_signature": "0502d5809b25778f", "sequence_str": "RA -> OZ -> ZHIR -> VAL -> ZHIR -> SHA"}