{"sequence": ["AL", "IL", "VAL", "NAV", "NUL", "NAV"], "coherence_change": 0.0056248356281911605, "sense_index_change": 0.006395173116999109, "phi_s_change": -0.009742485354048314, "grad_phi_change": 0.0, "k_phi_change": 0.0, "xi_c_change": 0.0, "phase_sync_change": 0.0, "epi_magnitude_change": 0.007093472952773849, "hash_signature": "3ba2a76694d28881", "sequence_str": "AL -> IL -> VAL -> NAV -> NUL -> NAV"}