{"sequence": ["REMESH", "IL", "NAV", "RA", "SHA"], "coherence_change": 0.00713170636542404, "sense_index_change": -0.004287222850689498, "phi_s_change": 0.005948776048206206, "grad_phi_change": 0.05141868266663474, "k_phi_change": 0.201245917402558, "xi_c_change": 0.0, "phase_sync_change": -0.02126393085645295, "epi_magnitude_change": 0.001650461760299926, "hash_signature": "094a11ac27b3e189", "sequence_str": "REMESH -> IL -> NAV -> RA -> SHA"}