{"sequence": ["NUL", "RA", "IL", "NUL", "THOL", "OZ"], "coherence_change": -0.004993905523328346, "sense_index_change": 0.04997948589220458, "phi_s_change": 0.005110210161774487, "grad_phi_change": -0.054283740161216176, "k_phi_change": 0.2888367321545405, "xi_c_change": 0.0, "phase_sync_change": 0.010492174049028358, "epi_magnitude_change": -0.036925201190949775, "hash_signature": "584f3b69aeefc7df", "sequence_str": "NUL -> RA -> IL -> NUL -> THOL -> OZ"}