{"sequence": ["REMESH", "RA", "UM", "OZ"], "coherence_change": -0.013334326456473256, "sense_index_change": 0.032692866799488796, "phi_s_change": -0.06313130260828637, "grad_phi_change": -0.1453390616464041, "k_phi_change": -0.011715107227434907, "xi_c_change": 0.0, "phase_sync_change": 0.040118485256077085, "epi_magnitude_change": 0.0015009071495102333, "hash_signature": "6c3c9bc5eac5117f", "sequence_str": "REMESH -> RA -> UM -> OZ"}