{"sequence": ["RA", "RA", "IL", "THOL", "THOL", "NAV"], "coherence_change": 0.019159109728042578, "sense_index_change": 0.025324666312903754, "phi_s_change": 0.040487166287727305, "grad_phi_change": -0.08503047487520732, "k_phi_change": -0.07287706490912432, "xi_c_change": 0.0, "phase_sync_change": 0.0282619344690056, "epi_magnitude_change": 0.0, "hash_signature": "fa44265d12c9cd6f", "sequence_str": "RA -> RA -> IL -> THOL -> THOL -> NAV"}