{"sequence": ["REMESH", "NUL", "THOL", "NAV"], "coherence_change": 0.004175596201010712, "sense_index_change": 0.0005810586712634569, "phi_s_change": 0.02256900749362467, "grad_phi_change": 0.0, "k_phi_change": 0.0, "xi_c_change": 0.0, "phase_sync_change": 0.0, "epi_magnitude_change": -0.012789867462479343, "hash_signature": "c0fc9c06f782cdd1", "sequence_str": "REMESH -> NUL -> THOL -> NAV"}