{"sequence": ["ZHIR", "RA", "VAL", "SHA"], "coherence_change": 0.0, "sense_index_change": 0.012575189661113706, "phi_s_change": 0.0, "grad_phi_change": -0.07659264420872791, "k_phi_change": 0.18333133556696013, "xi_c_change": 0.0, "phase_sync_change": 0.019995410818239523, "epi_magnitude_change": 0.015459476259922611, "hash_signature": "2b8a857f42c6c761", "sequence_str": "ZHIR -> RA -> VAL -> SHA"}