{"sequence": ["VAL", "IL", "AL", "NAV"], "coherence_change": 0.00594384734778064, "sense_index_change": 0.005979483710537359, "phi_s_change": 0.05867034403370852, "grad_phi_change": 0.0, "k_phi_change": 0.0, "xi_c_change": 0.0, "phase_sync_change": 0.0, "epi_magnitude_change": 0.01656385874652322, "hash_signature": "fbc059e014492c7d", "sequence_str": "VAL -> IL -> AL -> NAV"}