{"sequence": ["VAL", "RA", "OZ"], "coherence_change": -0.013874584152198666, "sense_index_change": 0.028203273827941855, "phi_s_change": -0.13032564332031815, "grad_phi_change": -0.014482300430352257, "k_phi_change": 0.3572293268230831, "xi_c_change": 0.0, "phase_sync_change": -0.0010965390128225838, "epi_magnitude_change": 0.012423585895188327, "hash_signature": "6d1996502cfdd1ad", "sequence_str": "VAL -> RA -> OZ"}