{"sequence": ["NUL", "RA", "NUL", "VAL", "NAV"], "coherence_change": 0.0, "sense_index_change": 0.013035786048163911, "phi_s_change": 0.0, "grad_phi_change": -0.07644096311977244, "k_phi_change": 0.3620058642561134, "xi_c_change": 0.0, "phase_sync_change": 0.021601333790535637, "epi_magnitude_change": -0.03580510933760739, "hash_signature": "b50022695f63acd5", "sequence_str": "NUL -> RA -> NUL -> VAL -> NAV"}