{"sequence": ["SHA", "THOL", "RA", "IL", "REMESH"], "coherence_change": 0.014118187595451248, "sense_index_change": -0.011405032092957734, "phi_s_change": -0.010449117453467882, "grad_phi_change": 0.11203140793318389, "k_phi_change": 0.04434850319608413, "xi_c_change": 0.0, "phase_sync_change": -0.045842737368274156, "epi_magnitude_change": 0.001372488592520038, "hash_signature": "fb035016230bb280", "sequence_str": "SHA -> THOL -> RA -> IL -> REMESH"}