{"sequence": ["EN", "NUL", "IL", "REMESH"], "coherence_change": 0.009481855398136174, "sense_index_change": -0.017007590174966558, "phi_s_change": 0.03486475386735843, "grad_phi_change": 0.0, "k_phi_change": 0.0, "xi_c_change": 0.0, "phase_sync_change": 0.0, "epi_magnitude_change": -0.020076548158657226, "hash_signature": "b1caf9cf12e5f533", "sequence_str": "EN -> NUL -> IL -> REMESH"}