{"sequence": ["AL", "OZ", "NAV", "RA", "SHA"], "coherence_change": -0.012705805956476857, "sense_index_change": 0.010206751901349342, "phi_s_change": -0.15616831266744136, "grad_phi_change": 0.020221693986588463, "k_phi_change": -0.07677639267415304, "xi_c_change": 0.0, "phase_sync_change": -0.017178052610053895, "epi_magnitude_change": -0.004603648303188601, "hash_signature": "a2aefbed91a29c40", "sequence_str": "AL -> OZ -> NAV -> RA -> SHA"}