{"sequence": ["REMESH", "SHA", "UM", "ZHIR", "OZ"], "coherence_change": -0.007791577911104297, "sense_index_change": 0.029074623082218976, "phi_s_change": -0.04937896193403857, "grad_phi_change": -0.20410111683615195, "k_phi_change": 0.03278694876532953, "xi_c_change": 0.0, "phase_sync_change": 0.055461594031035455, "epi_magnitude_change": 0.0013241468504201492, "hash_signature": "b9c3583d6bcb21a0", "sequence_str": "REMESH -> SHA -> UM -> ZHIR -> OZ"}