{"sequence": ["SHA", "RA", "VAL", "NUL", "SHA"], "coherence_change": 0.0, "sense_index_change": 0.01827577153483506, "phi_s_change": 0.0, "grad_phi_change": -0.10296608275270547, "k_phi_change": 0.2217523151609385, "xi_c_change": 0.0, "phase_sync_change": 0.03263599387761407, "epi_magnitude_change": -0.0035470141810333145, "hash_signature": "9f99e0002759ad54", "sequence_str": "SHA -> RA -> VAL -> NUL -> SHA"}