{"sequence": ["AL", "UM", "AL", "IL", "THOL", "OZ"], "coherence_change": 0.00046963381586806463, "sense_index_change": 0.03316157248107743, "phi_s_change": 0.010964118059663353, "grad_phi_change": -0.13948055771632717, "k_phi_change": -0.056585908356124814, "xi_c_change": 0.0, "phase_sync_change": 0.051585555146757334, "epi_magnitude_change": 0.0031037589115714415, "hash_signature": "b2ec906a314ab039", "sequence_str": "AL -> UM -> AL -> IL -> THOL -> OZ"}