{"sequence": ["AL", "NAV", "THOL", "UM", "REMESH"], "coherence_change": 0.00504716378600123, "sense_index_change": 0.0036155415332609353, "phi_s_change": 0.02318645991131929, "grad_phi_change": -0.062441144479561395, "k_phi_change": -0.06171452452726667, "xi_c_change": 0.0, "phase_sync_change": 0.00315190909552987, "epi_magnitude_change": 0.0048792690593383314, "hash_signature": "1fb3a448afbbf981", "sequence_str": "AL -> NAV -> THOL -> UM -> REMESH"}