{"sequence": ["IL", "NAV", "ZHIR", "ZHIR", "THOL", "OZ"], "coherence_change": -0.0013599931673590193, "sense_index_change": 0.009766360256743267, "phi_s_change": 0.11281797131905669, "grad_phi_change": 0.008910702257734826, "k_phi_change": 0.31249292151622277, "xi_c_change": 0.0, "phase_sync_change": -0.004363426899811618, "epi_magnitude_change": 0.0, "hash_signature": "b399915a482f9072", "sequence_str": "IL -> NAV -> ZHIR -> ZHIR -> THOL -> OZ"}