{"sequence": ["EN", "THOL", "REMESH"], "coherence_change": 0.004599664142569737, "sense_index_change": 0.003950477500931249, "phi_s_change": 0.040305363929678095, "grad_phi_change": 0.0, "k_phi_change": 0.0, "xi_c_change": 0.0, "phase_sync_change": 0.0, "epi_magnitude_change": 0.001621859711224638, "hash_signature": "b8123ceeeaf62420", "sequence_str": "EN -> THOL -> REMESH"}