{"sequence": ["NUL", "NAV", "EN", "ZHIR", "REMESH"], "coherence_change": 0.0, "sense_index_change": -0.006666593506917673, "phi_s_change": 0.0, "grad_phi_change": 0.041497929806464606, "k_phi_change": 0.06761137857713859, "xi_c_change": 0.0, "phase_sync_change": -0.013340060169401702, "epi_magnitude_change": -0.012092583258555334, "hash_signature": "2f5d7f19fa1f49ff", "sequence_str": "NUL -> NAV -> EN -> ZHIR -> REMESH"}