{"sequence": ["THOL", "ZHIR", "ZHIR", "RA", "SHA"], "coherence_change": 0.005440356329566409, "sense_index_change": 0.008387986376742873, "phi_s_change": -0.010036006843845868, "grad_phi_change": -0.09425312885571668, "k_phi_change": 0.15144963942346312, "xi_c_change": 0.0, "phase_sync_change": 0.03163489924466778, "epi_magnitude_change": 0.0, "hash_signature": "7285b5df5e475154", "sequence_str": "THOL -> ZHIR -> ZHIR -> RA -> SHA"}