{"sequence": ["AL", "EN", "RA", "OZ", "ZHIR", "SHA"], "coherence_change": -0.008497625656709307, "sense_index_change": 0.044435562253495986, "phi_s_change": -0.10877942412854147, "grad_phi_change": -0.14302462589240283, "k_phi_change": -0.1304971974561832, "xi_c_change": 0.0, "phase_sync_change": 0.045913992035477746, "epi_magnitude_change": -0.008069640398203903, "hash_signature": "b9bd5160127143b7", "sequence_str": "AL -> EN -> RA -> OZ -> ZHIR -> SHA"}