{"sequence": ["IL", "SHA", "ZHIR", "REMESH"], "coherence_change": 0.005430522982563635, "sense_index_change": 0.012489881336537723, "phi_s_change": 0.07104829462442774, "grad_phi_change": -0.08049858969543489, "k_phi_change": 0.08697668413400343, "xi_c_change": 0.0, "phase_sync_change": 0.026910829138664494, "epi_magnitude_change": 0.0015353402942435146, "hash_signature": "63b25baa57d4ba91", "sequence_str": "IL -> SHA -> ZHIR -> REMESH"}