{"sequence": ["IL", "ZHIR", "NUL", "REMESH"], "coherence_change": 0.006318090884567029, "sense_index_change": 0.015495626636110593, "phi_s_change": 0.02958043508933228, "grad_phi_change": -0.10949906893665817, "k_phi_change": 0.0014876111988331442, "xi_c_change": 0.0, "phase_sync_change": 0.03820664894360626, "epi_magnitude_change": -0.011676006444061193, "hash_signature": "12353964ed3bff95", "sequence_str": "IL -> ZHIR -> NUL -> REMESH"}