{"sequence": ["NAV", "THOL", "THOL", "AL", "OZ"], "coherence_change": 0.0011474349598744604, "sense_index_change": -0.0036071670742918727, "phi_s_change": -0.05097312122257003, "grad_phi_change": 0.0, "k_phi_change": 0.0, "xi_c_change": 0.0, "phase_sync_change": 0.0, "epi_magnitude_change": -1.527445662774518e-05, "hash_signature": "e8f57522d96fc809", "sequence_str": "NAV -> THOL -> THOL -> AL -> OZ"}