{"sequence": ["UM", "SHA", "ZHIR", "OZ"], "coherence_change": -0.015337901451432323, "sense_index_change": -0.018497600824324167, "phi_s_change": -0.04394820288541135, "grad_phi_change": 0.10764786994030917, "k_phi_change": 0.19331036801007645, "xi_c_change": 0.0, "phase_sync_change": -0.03692705577474209, "epi_magnitude_change": 0.0, "hash_signature": "a9d2268edc21eb92", "sequence_str": "UM -> SHA -> ZHIR -> OZ"}