{"sequence": ["REMESH", "OZ", "NAV", "EN", "NAV"], "coherence_change": -0.012161907010619366, "sense_index_change": 0.004623538276173789, "phi_s_change": 0.0025618029742769943, "grad_phi_change": 0.0, "k_phi_change": 0.0, "xi_c_change": 0.0, "phase_sync_change": 0.0, "epi_magnitude_change": 0.0015399936283719828, "hash_signature": "b8d386814a7488ad", "sequence_str": "REMESH -> OZ -> NAV -> EN -> NAV"}