{"sequence": ["REMESH", "SHA", "UM", "REMESH"], "coherence_change": 0.0, "sense_index_change": -0.01965585386825619, "phi_s_change": 0.0, "grad_phi_change": 0.06260154883458435, "k_phi_change": -0.01622106429334022, "xi_c_change": 0.0, "phase_sync_change": -0.024543698026081806, "epi_magnitude_change": 0.0034559917627249304, "hash_signature": "d92a009c979979d1", "sequence_str": "REMESH -> SHA -> UM -> REMESH"}