{"sequence": ["AL", "RA", "THOL", "IL", "SHA"], "coherence_change": 0.009110142864787174, "sense_index_change": -0.00027244874270015984, "phi_s_change": 0.03135484917875786, "grad_phi_change": 0.06455006543304109, "k_phi_change": 0.22049224088195785, "xi_c_change": 0.0, "phase_sync_change": -0.03156031262736669, "epi_magnitude_change": 0.0002523408689052431, "hash_signature": "130fdc56e9c3a335", "sequence_str": "AL -> RA -> THOL -> IL -> SHA"}