{"sequence": ["AL", "RA", "AL", "OZ"], "coherence_change": -0.0148567432893143, "sense_index_change": -0.006988371622393963, "phi_s_change": 0.04678156841896475, "grad_phi_change": 0.03593992150484682, "k_phi_change": 0.15319859973453015, "xi_c_change": 0.0, "phase_sync_change": -0.0197049855418725, "epi_magnitude_change": -0.002619386400914414, "hash_signature": "6161dd4e29cdca32", "sequence_str": "AL -> RA -> AL -> OZ"}