{"sequence": ["RA", "UM", "AL", "AL", "OZ"], "coherence_change": -0.011501722067252196, "sense_index_change": 0.028143758409161057, "phi_s_change": -0.1229607636490867, "grad_phi_change": -0.2213570220453196, "k_phi_change": 0.4012761529869667, "xi_c_change": 0.0, "phase_sync_change": 0.06779916209552772, "epi_magnitude_change": 0.012410259888185005, "hash_signature": "b0ab87d1214d4f66", "sequence_str": "RA -> UM -> AL -> AL -> OZ"}