{"sequence": ["EN", "THOL", "NUL", "AL", "SHA"], "coherence_change": 0.0078030367023258496, "sense_index_change": -0.009408941674646065, "phi_s_change": 0.055715492261757316, "grad_phi_change": 0.0, "k_phi_change": 0.0, "xi_c_change": 0.0, "phase_sync_change": 0.0, "epi_magnitude_change": -0.00620689707148514, "hash_signature": "c021b176c21f592c", "sequence_str": "EN -> THOL -> NUL -> AL -> SHA"}