{"sequence": ["AL", "REMESH", "SHA", "OZ"], "coherence_change": -0.010259204459100224, "sense_index_change": 0.029843899822981967, "phi_s_change": -0.09335428395149492, "grad_phi_change": 0.0, "k_phi_change": 0.0, "xi_c_change": 0.0, "phase_sync_change": 0.0, "epi_magnitude_change": 0.0052899436569993075, "hash_signature": "7c56ead6e90780e2", "sequence_str": "AL -> REMESH -> SHA -> OZ"}