{"sequence": ["ZHIR", "UM", "THOL", "THOL", "NAV"], "coherence_change": 0.01090259507116298, "sense_index_change": -0.001441619212140588, "phi_s_change": 0.0032769699731930446, "grad_phi_change": -0.07162759377477923, "k_phi_change": -0.029276624110405686, "xi_c_change": 0.0, "phase_sync_change": 0.023252624523284804, "epi_magnitude_change": 0.0, "hash_signature": "007830ea88589798", "sequence_str": "ZHIR -> UM -> THOL -> THOL -> NAV"}