{"sequence": ["THOL", "AL", "THOL", "NAV"], "coherence_change": 0.009528944689838115, "sense_index_change": 0.010500815102343686, "phi_s_change": -0.04264902250951508, "grad_phi_change": 0.0, "k_phi_change": 0.0, "xi_c_change": 0.0, "phase_sync_change": 0.0, "epi_magnitude_change": 0.0016157896336488342, "hash_signature": "14b90f9b21686cb4", "sequence_str": "THOL -> AL -> THOL -> NAV"}