{"sequence": ["NAV", "THOL", "NUL", "IL", "NAV"], "coherence_change": 0.012286856695144621, "sense_index_change": 0.009450320032961201, "phi_s_change": -0.00453316416558891, "grad_phi_change": 0.0, "k_phi_change": 0.0, "xi_c_change": 0.0, "phase_sync_change": 0.0, "epi_magnitude_change": -0.026218395680208118, "hash_signature": "388556f945e0562c", "sequence_str": "NAV -> THOL -> NUL -> IL -> NAV"}