{"sequence": ["VAL", "VAL", "IL", "AL", "ZHIR", "NAV"], "coherence_change": 0.010371200429766136, "sense_index_change": -0.010927390944913018, "phi_s_change": 0.05492418199827087, "grad_phi_change": 0.05784404954058098, "k_phi_change": -0.009171403729283684, "xi_c_change": 0.0, "phase_sync_change": -0.01990909790682427, "epi_magnitude_change": 0.029562867102080892, "hash_signature": "f003c9a729c7407e", "sequence_str": "VAL -> VAL -> IL -> AL -> ZHIR -> NAV"}