{"sequence": ["REMESH", "OZ", "REMESH", "THOL", "OZ"], "coherence_change": -0.018243521001089835, "sense_index_change": 0.018183818754099912, "phi_s_change": -0.05851392459497562, "grad_phi_change": 0.0, "k_phi_change": 0.0, "xi_c_change": 0.0, "phase_sync_change": 0.0, "epi_magnitude_change": 0.002885869159648835, "hash_signature": "b85ca18305579975", "sequence_str": "REMESH -> OZ -> REMESH -> THOL -> OZ"}