{"sequence": ["UM", "IL", "ZHIR", "REMESH"], "coherence_change": 0.009043255159343011, "sense_index_change": -0.0334830232650048, "phi_s_change": 0.05160907705771345, "grad_phi_change": 0.1312714988927599, "k_phi_change": 0.3551480488552368, "xi_c_change": 0.0, "phase_sync_change": -0.046891224941651766, "epi_magnitude_change": 0.001501555451107306, "hash_signature": "fafaafb09f1548d9", "sequence_str": "UM -> IL -> ZHIR -> REMESH"}