{"sequence": ["RA", "IL", "VAL", "EN", "SHA"], "coherence_change": 0.007460409048111627, "sense_index_change": 0.025334856659791072, "phi_s_change": -0.04616549008224857, "grad_phi_change": -0.1523045526881821, "k_phi_change": -0.015068041474393917, "xi_c_change": 0.0, "phase_sync_change": 0.045843941868086824, "epi_magnitude_change": 0.020772095432455173, "hash_signature": "81ea7af54fd450cf", "sequence_str": "RA -> IL -> VAL -> EN -> SHA"}