{"sequence": ["REMESH", "REMESH", "REMESH", "UM", "NAV"], "coherence_change": 0.0, "sense_index_change": 0.01982803151020429, "phi_s_change": 0.0, "grad_phi_change": -0.0496225820337326, "k_phi_change": 0.49699563981029954, "xi_c_change": 0.0, "phase_sync_change": 0.008760303369067413, "epi_magnitude_change": 0.0037434799357509707, "hash_signature": "6d876b4007373f55", "sequence_str": "REMESH -> REMESH -> REMESH -> UM -> NAV"}