{"sequence": ["AL", "AL", "THOL", "SHA", "EN", "NAV"], "coherence_change": 0.005481719118107131, "sense_index_change": 0.0034686545407870417, "phi_s_change": 0.027276682523909357, "grad_phi_change": 0.0, "k_phi_change": 0.0, "xi_c_change": 0.0, "phase_sync_change": 0.0, "epi_magnitude_change": 0.007727410435025228, "hash_signature": "38e2955789cee0bf", "sequence_str": "AL -> AL -> THOL -> SHA -> EN -> NAV"}