{"sequence": ["RA", "NAV", "SHA", "OZ", "NUL", "NAV"], "coherence_change": -0.015121262179633943, "sense_index_change": -0.008072812217630898, "phi_s_change": 0.05499544509070964, "grad_phi_change": 0.01658146097371782, "k_phi_change": 0.15773732699443085, "xi_c_change": 0.0, "phase_sync_change": -0.012733304897110442, "epi_magnitude_change": -0.01247384258008244, "hash_signature": "b9a21eeaf17f7e96", "sequence_str": "RA -> NAV -> SHA -> OZ -> NUL -> NAV"}