{"sequence": ["ZHIR", "RA", "UM", "EN", "SHA"], "coherence_change": 0.0, "sense_index_change": 0.048536032410054775, "phi_s_change": 0.0, "grad_phi_change": -0.24109682897363438, "k_phi_change": 0.00202781067761168, "xi_c_change": 0.0, "phase_sync_change": 0.08269749961651718, "epi_magnitude_change": 0.0, "hash_signature": "8642101c4705c1a5", "sequence_str": "ZHIR -> RA -> UM -> EN -> SHA"}