{"sequence": ["NUL", "UM", "NUL", "RA", "REMESH"], "coherence_change": 0.0, "sense_index_change": -0.010614279194380905, "phi_s_change": 0.0, "grad_phi_change": 0.017315046268075784, "k_phi_change": 0.4313034293180946, "xi_c_change": 0.0, "phase_sync_change": -0.01735001410499326, "epi_magnitude_change": -0.03795483505005337, "hash_signature": "be32f2d58c2a4fe4", "sequence_str": "NUL -> UM -> NUL -> RA -> REMESH"}