{"sequence": ["NUL", "RA", "NAV", "UM", "SHA"], "coherence_change": 0.0, "sense_index_change": 0.06433333281004339, "phi_s_change": 0.0, "grad_phi_change": -0.3563214964763106, "k_phi_change": 0.3459872980292125, "xi_c_change": 0.0, "phase_sync_change": 0.11697659992633203, "epi_magnitude_change": -0.01761780629028331, "hash_signature": "ec648424a72ea1f2", "sequence_str": "NUL -> RA -> NAV -> UM -> SHA"}