{"sequence": ["NUL", "ZHIR", "SHA"], "coherence_change": 0.0, "sense_index_change": -0.011447241936076491, "phi_s_change": 0.0, "grad_phi_change": 0.043242504559795725, "k_phi_change": 0.4205821572765497, "xi_c_change": 0.0, "phase_sync_change": -0.015777865264150592, "epi_magnitude_change": -0.009440294896231993, "hash_signature": "56774581de929a1b", "sequence_str": "NUL -> ZHIR -> SHA"}