{"sequence": ["AL", "UM", "NAV", "REMESH", "AL", "OZ"], "coherence_change": -0.015254187071330305, "sense_index_change": 0.015400967390662101, "phi_s_change": -0.07150319237520752, "grad_phi_change": -0.07801944125580573, "k_phi_change": -0.1710419502068915, "xi_c_change": 0.0, "phase_sync_change": 0.024611664500436614, "epi_magnitude_change": -0.00012828648596963088, "hash_signature": "7649b75242ff670b", "sequence_str": "AL -> UM -> NAV -> REMESH -> AL -> OZ"}