{"sequence": ["AL", "VAL", "AL", "IL", "SHA"], "coherence_change": 0.008004921926639041, "sense_index_change": 0.0021226173813563287, "phi_s_change": 0.026566337223265846, "grad_phi_change": 0.0, "k_phi_change": 0.0, "xi_c_change": 0.0, "phase_sync_change": 0.0, "epi_magnitude_change": 0.019025320372715093, "hash_signature": "b611b81ade334450", "sequence_str": "AL -> VAL -> AL -> IL -> SHA"}