{"sequence": ["AL", "OZ", "OZ", "THOL", "NAV"], "coherence_change": -0.019688883599775164, "sense_index_change": -0.0005605829315010746, "phi_s_change": 0.00013089447969150125, "grad_phi_change": 0.0, "k_phi_change": 0.0, "xi_c_change": 0.0, "phase_sync_change": 0.0, "epi_magnitude_change": 0.004168776830559939, "hash_signature": "10023b97fdbb2439", "sequence_str": "AL -> OZ -> OZ -> THOL -> NAV"}