{"sequence": ["NAV", "SHA", "IL", "REMESH"], "coherence_change": 0.006139775096189237, "sense_index_change": 0.0015953631417177094, "phi_s_change": -0.005972632411275547, "grad_phi_change": 0.0, "k_phi_change": 0.0, "xi_c_change": 0.0, "phase_sync_change": 0.0, "epi_magnitude_change": 0.001052694427382983, "hash_signature": "d2f2d9715b087409", "sequence_str": "NAV -> SHA -> IL -> REMESH"}