{"sequence": ["UM", "NAV", "VAL", "NUL", "OZ"], "coherence_change": -0.00756307979682469, "sense_index_change": 0.0006355439567743426, "phi_s_change": -0.06119703386588682, "grad_phi_change": -0.12864726945360183, "k_phi_change": 0.06229105140896457, "xi_c_change": 0.0, "phase_sync_change": 0.02996100904088439, "epi_magnitude_change": 0.004358296979147469, "hash_signature": "35dae94132757c83", "sequence_str": "UM -> NAV -> VAL -> NUL -> OZ"}