{"sequence": ["NAV", "RA", "EN", "AL", "RA", "SHA"], "coherence_change": 0.0, "sense_index_change": 0.05219340148964724, "phi_s_change": 0.0, "grad_phi_change": -0.2977547506277649, "k_phi_change": -0.0891811128887654, "xi_c_change": 0.0, "phase_sync_change": 0.10047697470414918, "epi_magnitude_change": 0.0033469607951072122, "hash_signature": "6a5cad65ddfb77d3", "sequence_str": "NAV -> RA -> EN -> AL -> RA -> SHA"}