{"sequence": ["OZ", "UM", "OZ", "IL", "NAV"], "coherence_change": -0.010148980977542466, "sense_index_change": 0.029009343441085633, "phi_s_change": -0.0019792273539690486, "grad_phi_change": -0.13653952834532634, "k_phi_change": 0.3577394992426793, "xi_c_change": 0.0, "phase_sync_change": 0.035258235349847955, "epi_magnitude_change": 0.0, "hash_signature": "a8a32e373b5bb515", "sequence_str": "OZ -> UM -> OZ -> IL -> NAV"}