{"sequence": ["NAV", "RA", "NUL", "VAL", "REMESH"], "coherence_change": 0.0, "sense_index_change": 0.003941476554502832, "phi_s_change": 0.0, "grad_phi_change": -0.03523321819159708, "k_phi_change": 0.2754451626506966, "xi_c_change": 0.0, "phase_sync_change": 0.005872069845182626, "epi_magnitude_change": -0.009178108752506464, "hash_signature": "10134c3b6350618d", "sequence_str": "NAV -> RA -> NUL -> VAL -> REMESH"}