{"sequence": ["IL", "IL", "REMESH"], "coherence_change": 0.017722204110823925, "sense_index_change": -0.00044891595983986843, "phi_s_change": 0.0863677907963405, "grad_phi_change": 0.0, "k_phi_change": 0.0, "xi_c_change": 0.0, "phase_sync_change": 0.0, "epi_magnitude_change": 0.0014628075061257073, "hash_signature": "b39ba6e9caef14d6", "sequence_str": "IL -> IL -> REMESH"}