{"sequence": ["NAV", "OZ", "NUL", "ZHIR", "NAV"], "coherence_change": -0.01590540868905521, "sense_index_change": -0.0224745212688805, "phi_s_change": -0.12044814077783816, "grad_phi_change": 0.09626853093392995, "k_phi_change": 0.07743236454772429, "xi_c_change": 0.0, "phase_sync_change": -0.03267320848250754, "epi_magnitude_change": -0.0116126244443997, "hash_signature": "ab45f5eabfb51e31", "sequence_str": "NAV -> OZ -> NUL -> ZHIR -> NAV"}