{"sequence": ["AL", "AL", "AL", "NUL", "OZ"], "coherence_change": -0.013728258264214754, "sense_index_change": 0.015210100447936026, "phi_s_change": -0.08034020507345863, "grad_phi_change": 0.0, "k_phi_change": 0.0, "xi_c_change": 0.0, "phase_sync_change": 0.0, "epi_magnitude_change": -0.01805339289323582, "hash_signature": "8103ea5645f6dca1", "sequence_str": "AL -> AL -> AL -> NUL -> OZ"}