{"sequence": ["REMESH", "UM", "RA", "ZHIR", "AL", "OZ"], "coherence_change": -0.013662709068394618, "sense_index_change": 0.05920456186816847, "phi_s_change": -0.10085859455223656, "grad_phi_change": -0.2917062186946864, "k_phi_change": 0.1474657720251896, "xi_c_change": 0.0, "phase_sync_change": 0.0921161539790879, "epi_magnitude_change": -0.004920102804839233, "hash_signature": "9ccbfc7d6a615289", "sequence_str": "REMESH -> UM -> RA -> ZHIR -> AL -> OZ"}