{"sequence": ["NAV", "SHA", "THOL", "OZ", "REMESH"], "coherence_change": -0.007673463313856543, "sense_index_change": -0.006621222802108417, "phi_s_change": 0.10462420191642408, "grad_phi_change": 0.0, "k_phi_change": 0.0, "xi_c_change": 0.0, "phase_sync_change": 0.0, "epi_magnitude_change": 0.0014883349807400803, "hash_signature": "a7700522a0e01b5c", "sequence_str": "NAV -> SHA -> THOL -> OZ -> REMESH"}