{"sequence": ["ZHIR", "AL", "THOL", "VAL", "REMESH"], "coherence_change": 0.004829201488142587, "sense_index_change": -0.011493194527762762, "phi_s_change": 0.05655109104421463, "grad_phi_change": 0.03467119677047181, "k_phi_change": 0.0071481473958636965, "xi_c_change": 0.0, "phase_sync_change": -0.012376014886151365, "epi_magnitude_change": 0.027525215464443642, "hash_signature": "b0926282be1b27ad", "sequence_str": "ZHIR -> AL -> THOL -> VAL -> REMESH"}