{"sequence": ["IL", "THOL", "AL", "OZ"], "coherence_change": -0.0003536395545848947, "sense_index_change": -0.005288121606481511, "phi_s_change": 0.02556425292665976, "grad_phi_change": 0.0, "k_phi_change": 0.0, "xi_c_change": 0.0, "phase_sync_change": 0.0, "epi_magnitude_change": -0.0016858176658975932, "hash_signature": "93d0949153753b38", "sequence_str": "IL -> THOL -> AL -> OZ"}