{"sequence": ["AL", "EN", "IL", "OZ"], "coherence_change": -0.0004061975560945008, "sense_index_change": 0.0013614853346777256, "phi_s_change": -0.15059712332867925, "grad_phi_change": 0.0, "k_phi_change": 0.0, "xi_c_change": 0.0, "phase_sync_change": 0.0, "epi_magnitude_change": 0.00554836738293607, "hash_signature": "6e9bb5b212cb4933", "sequence_str": "AL -> EN -> IL -> OZ"}