{"sequence": ["AL", "NUL", "RA", "SHA", "THOL", "SHA"], "coherence_change": 0.005579434956364704, "sense_index_change": -0.02785314342040407, "phi_s_change": 0.0072062768793839105, "grad_phi_change": -0.0005131104880284898, "k_phi_change": 0.6022390691769369, "xi_c_change": 0.0, "phase_sync_change": -0.005951165365864375, "epi_magnitude_change": -0.012319602536129182, "hash_signature": "1743bcdbac52f5c9", "sequence_str": "AL -> NUL -> RA -> SHA -> THOL -> SHA"}