{"sequence": ["UM", "SHA", "OZ", "EN", "OZ"], "coherence_change": -0.022878387498332375, "sense_index_change": 0.0659162743577234, "phi_s_change": -0.1614088121984183, "grad_phi_change": -0.25742865473401366, "k_phi_change": -0.0297285794254179, "xi_c_change": 0.0, "phase_sync_change": 0.08952253490110074, "epi_magnitude_change": 0.0, "hash_signature": "c7e5a67ec2213486", "sequence_str": "UM -> SHA -> OZ -> EN -> OZ"}