{"sequence": ["SHA", "UM", "REMESH", "UM", "NAV"], "coherence_change": 0.0, "sense_index_change": 0.05314393095545489, "phi_s_change": 0.0, "grad_phi_change": -0.3459552761414515, "k_phi_change": 0.3132307676839037, "xi_c_change": 0.0, "phase_sync_change": 0.10980949000374496, "epi_magnitude_change": 0.0010733810378029673, "hash_signature": "5b1ca885b04c6b13", "sequence_str": "SHA -> UM -> REMESH -> UM -> NAV"}