{"sequence": ["AL", "NUL", "ZHIR", "SHA"], "coherence_change": 0.0, "sense_index_change": 0.0020430800720393494, "phi_s_change": 0.0, "grad_phi_change": 0.017365659576018322, "k_phi_change": 0.5110123190491572, "xi_c_change": 0.0, "phase_sync_change": -0.003647256335916005, "epi_magnitude_change": -0.006564157545646987, "hash_signature": "5f8096bca96d4319", "sequence_str": "AL -> NUL -> ZHIR -> SHA"}