{"sequence": ["UM", "IL", "RA", "OZ"], "coherence_change": -0.0062093237287964564, "sense_index_change": 0.019948326866554678, "phi_s_change": -0.039834594796400946, "grad_phi_change": -0.13520432290602025, "k_phi_change": -0.037086770030918315, "xi_c_change": 0.0, "phase_sync_change": 0.038883741449245224, "epi_magnitude_change": 0.0, "hash_signature": "a0c03844f565f2b7", "sequence_str": "UM -> IL -> RA -> OZ"}