{"sequence": ["NAV", "VAL", "OZ", "RA", "OZ"], "coherence_change": -0.02020057800585917, "sense_index_change": -0.002644772432589315, "phi_s_change": -0.1067480689946877, "grad_phi_change": -0.0078044765870679544, "k_phi_change": 0.5747790462529287, "xi_c_change": 0.0, "phase_sync_change": -0.005288117178774754, "epi_magnitude_change": 0.009660209348347104, "hash_signature": "f25be072562f5e29", "sequence_str": "NAV -> VAL -> OZ -> RA -> OZ"}