{"sequence": ["AL", "UM", "THOL", "THOL", "SHA"], "coherence_change": 0.007474720342739549, "sense_index_change": 0.009314698884494321, "phi_s_change": 0.02055901546760508, "grad_phi_change": -0.05669798865797637, "k_phi_change": 0.42735413140762313, "xi_c_change": 0.0, "phase_sync_change": 0.01666021948476637, "epi_magnitude_change": 0.0004068798866118106, "hash_signature": "69ce723ea9377031", "sequence_str": "AL -> UM -> THOL -> THOL -> SHA"}