{"sequence": ["NUL", "UM", "REMESH"], "coherence_change": 0.0, "sense_index_change": 0.040458419082412544, "phi_s_change": 0.0, "grad_phi_change": -0.2501499458389713, "k_phi_change": 0.3204298016168138, "xi_c_change": 0.0, "phase_sync_change": 0.08777936016095922, "epi_magnitude_change": -0.019474088122456212, "hash_signature": "6e462b9c494fed9b", "sequence_str": "NUL -> UM -> REMESH"}