{"sequence": ["AL", "ZHIR", "ZHIR", "REMESH", "REMESH"], "coherence_change": 0.0, "sense_index_change": -0.008248749116811949, "phi_s_change": 0.0, "grad_phi_change": 0.0533214780521063, "k_phi_change": 0.20128541366957925, "xi_c_change": 0.0, "phase_sync_change": -0.008744055427104436, "epi_magnitude_change": -0.003728113516029641, "hash_signature": "28263fd024a6891b", "sequence_str": "AL -> ZHIR -> ZHIR -> REMESH -> REMESH"}