{"sequence": ["IL", "VAL", "UM", "NUL", "OZ"], "coherence_change": 0.0023457779535144274, "sense_index_change": 0.017231956395220904, "phi_s_change": -0.02512259835875008, "grad_phi_change": -0.04760303470935723, "k_phi_change": -0.030825091267408206, "xi_c_change": 0.0, "phase_sync_change": 0.004379655714984887, "epi_magnitude_change": 0.0013595609023467903, "hash_signature": "faaabff2c306ab45", "sequence_str": "IL -> VAL -> UM -> NUL -> OZ"}