{"sequence": ["IL", "REMESH", "ZHIR", "REMESH", "VAL", "OZ"], "coherence_change": -0.006969794320397238, "sense_index_change": 0.0058053741030337225, "phi_s_change": -0.1262106327669268, "grad_phi_change": 0.054493873666105586, "k_phi_change": 0.2666761731481001, "xi_c_change": 0.0, "phase_sync_change": -0.016146463869363692, "epi_magnitude_change": 0.02609963316588504, "hash_signature": "84fb5f82b0670175", "sequence_str": "IL -> REMESH -> ZHIR -> REMESH -> VAL -> OZ"}