{"sequence": ["IL", "NUL", "NUL", "REMESH"], "coherence_change": 0.00948103051130933, "sense_index_change": 0.0066345529206182086, "phi_s_change": 0.054455689666647156, "grad_phi_change": 0.0, "k_phi_change": 0.0, "xi_c_change": 0.0, "phase_sync_change": 0.0, "epi_magnitude_change": -0.02938848559439089, "hash_signature": "f8ae6177a700771d", "sequence_str": "IL -> NUL -> NUL -> REMESH"}