{"sequence": ["AL", "OZ", "UM", "OZ"], "coherence_change": -0.021880078211496734, "sense_index_change": 0.023863627006188493, "phi_s_change": 0.07665665360169338, "grad_phi_change": -0.1632011485121967, "k_phi_change": 0.06191844541996783, "xi_c_change": 0.0, "phase_sync_change": 0.04768801187915572, "epi_magnitude_change": -0.005148758036390699, "hash_signature": "bb67cd5b046bed02", "sequence_str": "AL -> OZ -> UM -> OZ"}