{"sequence": ["AL", "AL", "EN", "OZ", "NAV"], "coherence_change": -0.010900484380235609, "sense_index_change": -0.011296753181436858, "phi_s_change": -0.08653453691839164, "grad_phi_change": 0.0, "k_phi_change": 0.0, "xi_c_change": 0.0, "phase_sync_change": 0.0, "epi_magnitude_change": -0.0010138617730127697, "hash_signature": "26683f3458fc5b5e", "sequence_str": "AL -> AL -> EN -> OZ -> NAV"}