{"sequence": ["UM", "IL", "REMESH", "AL", "AL", "REMESH"], "coherence_change": 0.006049865680655242, "sense_index_change": 0.007159587419821589, "phi_s_change": 0.03299552921874205, "grad_phi_change": 0.034354597369510964, "k_phi_change": 0.2347079767842124, "xi_c_change": 0.0, "phase_sync_change": -0.007230142523692806, "epi_magnitude_change": -0.0023790912744561243, "hash_signature": "f51af8411d4cd066", "sequence_str": "UM -> IL -> REMESH -> AL -> AL -> REMESH"}