{"sequence": ["EN", "IL", "NUL", "NUL", "SHA"], "coherence_change": 0.0055384574111595475, "sense_index_change": 0.010480582548299422, "phi_s_change": -0.0032703648238471272, "grad_phi_change": 0.0, "k_phi_change": 0.0, "xi_c_change": 0.0, "phase_sync_change": 0.0, "epi_magnitude_change": -0.028362753817279374, "hash_signature": "2d9310998b1a1ef9", "sequence_str": "EN -> IL -> NUL -> NUL -> SHA"}