{"sequence": ["REMESH", "VAL", "IL", "RA", "REMESH"], "coherence_change": 0.006236054911988531, "sense_index_change": 0.018669774841444498, "phi_s_change": -0.048572043811147436, "grad_phi_change": -0.07186447976774213, "k_phi_change": 0.22345759687690267, "xi_c_change": 0.0, "phase_sync_change": 0.0229307458473742, "epi_magnitude_change": 0.020350564367339286, "hash_signature": "a7c038fb8d1e3fb9", "sequence_str": "REMESH -> VAL -> IL -> RA -> REMESH"}