{"sequence": ["REMESH", "NAV", "UM", "REMESH"], "coherence_change": 0.0, "sense_index_change": 0.03693206132943472, "phi_s_change": 0.0, "grad_phi_change": -0.13176697374886337, "k_phi_change": 0.2152826090794096, "xi_c_change": 0.0, "phase_sync_change": 0.035748253051015366, "epi_magnitude_change": 0.0027431045962211797, "hash_signature": "7642200d17e0be25", "sequence_str": "REMESH -> NAV -> UM -> REMESH"}