{"sequence": ["VAL", "ZHIR", "NUL", "SHA"], "coherence_change": 0.0, "sense_index_change": 0.00682273015253454, "phi_s_change": 0.0, "grad_phi_change": -0.055350071862930506, "k_phi_change": 0.1442728500697774, "xi_c_change": 0.0, "phase_sync_change": 0.018151692431044197, "epi_magnitude_change": 0.008183156385864532, "hash_signature": "4264964ee59787e3", "sequence_str": "VAL -> ZHIR -> NUL -> SHA"}