{"sequence": ["RA", "ZHIR", "REMESH", "IL", "SHA"], "coherence_change": 0.007675029046697479, "sense_index_change": -0.00025644327566065606, "phi_s_change": -0.0873246838294871, "grad_phi_change": -0.013709784827653282, "k_phi_change": 0.3274196124968515, "xi_c_change": 0.0, "phase_sync_change": 0.0017220028148274835, "epi_magnitude_change": 0.0013717836187112642, "hash_signature": "64aea76dacf25964", "sequence_str": "RA -> ZHIR -> REMESH -> IL -> SHA"}