{"sequence": ["REMESH", "IL", "THOL", "ZHIR", "NAV"], "coherence_change": 0.01430051433995183, "sense_index_change": -0.013454336672799994, "phi_s_change": 0.12473541611537087, "grad_phi_change": -0.0030098250487746725, "k_phi_change": -0.06402827294865526, "xi_c_change": 0.0, "phase_sync_change": -0.003121285684884345, "epi_magnitude_change": 0.0014381630374039611, "hash_signature": "a593da8859277950", "sequence_str": "REMESH -> IL -> THOL -> ZHIR -> NAV"}