{"sequence": ["AL", "ZHIR", "OZ", "NAV", "RA", "OZ"], "coherence_change": -0.02466093477449638, "sense_index_change": -0.030659480877972933, "phi_s_change": 0.0810182748917917, "grad_phi_change": 0.05058179079020708, "k_phi_change": 0.8356814472274547, "xi_c_change": 0.0, "phase_sync_change": -0.025929296692910886, "epi_magnitude_change": 0.0017024510378570445, "hash_signature": "e64d0b658d960a7f", "sequence_str": "AL -> ZHIR -> OZ -> NAV -> RA -> OZ"}