{"sequence": ["UM", "THOL", "EN", "SHA", "NUL", "REMESH"], "coherence_change": 0.003665375391482817, "sense_index_change": 0.018041841532133285, "phi_s_change": -0.03420755807943798, "grad_phi_change": -0.1285449370561158, "k_phi_change": -0.10210858618682594, "xi_c_change": 0.0, "phase_sync_change": 0.037581464052046765, "epi_magnitude_change": -0.009979456310330814, "hash_signature": "5d968180c584fd4d", "sequence_str": "UM -> THOL -> EN -> SHA -> NUL -> REMESH"}