{"sequence": ["REMESH", "RA", "EN", "OZ"], "coherence_change": -0.008338223114109922, "sense_index_change": 0.021318687272274817, "phi_s_change": 0.038026086728149, "grad_phi_change": -0.07564847361861227, "k_phi_change": 0.03554527264166685, "xi_c_change": 0.0, "phase_sync_change": 0.018820818296102382, "epi_magnitude_change": 0.0010832368214030996, "hash_signature": "2882684af0af69c4", "sequence_str": "REMESH -> RA -> EN -> OZ"}