{"sequence": ["OZ", "AL", "EN", "AL", "NAV"], "coherence_change": -0.015308691902655713, "sense_index_change": 2.551874074663285e-05, "phi_s_change": -0.08893400900694504, "grad_phi_change": 0.0, "k_phi_change": 0.0, "xi_c_change": 0.0, "phase_sync_change": 0.0, "epi_magnitude_change": -0.008862845076991532, "hash_signature": "164d789aaf413fcb", "sequence_str": "OZ -> AL -> EN -> AL -> NAV"}