{"sequence": ["AL", "RA", "ZHIR", "REMESH"], "coherence_change": 0.0, "sense_index_change": -0.020117995239900266, "phi_s_change": 0.0, "grad_phi_change": 0.12122207962762377, "k_phi_change": 0.11898599071809528, "xi_c_change": 0.0, "phase_sync_change": -0.04285432120751265, "epi_magnitude_change": -0.0026247932408955954, "hash_signature": "e69928ec134dd715", "sequence_str": "AL -> RA -> ZHIR -> REMESH"}