{"sequence": ["VAL", "OZ", "SHA"], "coherence_change": -0.010081159827032282, "sense_index_change": -0.0012386678516265182, "phi_s_change": 0.05478206032013788, "grad_phi_change": 0.0, "k_phi_change": 0.0, "xi_c_change": 0.0, "phase_sync_change": 0.0, "epi_magnitude_change": 0.013337441742238387, "hash_signature": "1ecce646b285816d", "sequence_str": "VAL -> OZ -> SHA"}