{"sequence": ["SHA", "IL", "SHA"], "coherence_change": 0.005937596195560224, "sense_index_change": 0.0016759509337290757, "phi_s_change": -0.039477479607782584, "grad_phi_change": 0.0, "k_phi_change": 0.0, "xi_c_change": 0.0, "phase_sync_change": 0.0, "epi_magnitude_change": 0.0, "hash_signature": "16712a3691426038", "sequence_str": "SHA -> IL -> SHA"}