{"sequence": ["OZ", "REMESH", "NAV", "REMESH"], "coherence_change": -0.018021975145882996, "sense_index_change": 0.016924497116789228, "phi_s_change": -0.22770665551456326, "grad_phi_change": 0.0, "k_phi_change": 0.0, "xi_c_change": 0.0, "phase_sync_change": 0.0, "epi_magnitude_change": 0.002693785932256332, "hash_signature": "8875720e9e14d2ca", "sequence_str": "OZ -> REMESH -> NAV -> REMESH"}