{"sequence": ["SHA", "SHA", "REMESH", "ZHIR", "EN", "OZ"], "coherence_change": -0.011335567009287617, "sense_index_change": 0.009487059170075307, "phi_s_change": -0.0110014203623785, "grad_phi_change": 0.007859282657462385, "k_phi_change": 0.47999080664095495, "xi_c_change": 0.0, "phase_sync_change": -0.0026900956708958423, "epi_magnitude_change": 0.0014219427091463066, "hash_signature": "e97b93c8d2f0f14d", "sequence_str": "SHA -> SHA -> REMESH -> ZHIR -> EN -> OZ"}