{"sequence": ["IL", "EN", "ZHIR", "NAV"], "coherence_change": 0.00806177051609902, "sense_index_change": -0.017248456806359946, "phi_s_change": 0.009799623720227801, "grad_phi_change": 0.0744298776165997, "k_phi_change": 0.005828387519781042, "xi_c_change": 0.0, "phase_sync_change": -0.021262455908064415, "epi_magnitude_change": 0.0, "hash_signature": "20c5669ac416b8ca", "sequence_str": "IL -> EN -> ZHIR -> NAV"}