{"sequence": ["RA", "REMESH", "SHA", "SHA", "VAL", "SHA"], "coherence_change": 0.0, "sense_index_change": -0.02443651708092487, "phi_s_change": 0.0, "grad_phi_change": 0.08779118905520944, "k_phi_change": 0.6387815816316808, "xi_c_change": 0.0, "phase_sync_change": -0.03330807921421175, "epi_magnitude_change": 0.017519250549702603, "hash_signature": "1565801b1d789410", "sequence_str": "RA -> REMESH -> SHA -> SHA -> VAL -> SHA"}