{"sequence": ["EN", "SHA", "UM", "OZ"], "coherence_change": -0.017410586169372744, "sense_index_change": -0.01973312635228186, "phi_s_change": -0.1005090750844514, "grad_phi_change": 0.10530938854596172, "k_phi_change": 0.2568208088532288, "xi_c_change": 0.0, "phase_sync_change": -0.039439090298974966, "epi_magnitude_change": 0.0, "hash_signature": "3647e6ea66ad15f4", "sequence_str": "EN -> SHA -> UM -> OZ"}