{"sequence": ["NAV", "OZ", "VAL", "AL", "SHA"], "coherence_change": -0.012531795424368664, "sense_index_change": 0.013784760644777405, "phi_s_change": -0.17782231102739798, "grad_phi_change": 0.0, "k_phi_change": 0.0, "xi_c_change": 0.0, "phase_sync_change": 0.0, "epi_magnitude_change": 0.016599023374943678, "hash_signature": "8c1397e56e8290fb", "sequence_str": "NAV -> OZ -> VAL -> AL -> SHA"}