{"sequence": ["NUL", "UM", "EN", "UM", "RA", "SHA"], "coherence_change": 0.0, "sense_index_change": 0.0541197702674584, "phi_s_change": 0.0, "grad_phi_change": -0.3245093824318379, "k_phi_change": 0.5116065402745261, "xi_c_change": 0.0, "phase_sync_change": 0.10440667690828953, "epi_magnitude_change": -0.0084781302390049, "hash_signature": "259f327b3513a148", "sequence_str": "NUL -> UM -> EN -> UM -> RA -> SHA"}