{"sequence": ["SHA", "ZHIR", "RA", "EN", "NUL", "REMESH"], "coherence_change": 0.0, "sense_index_change": -0.01019168531900766, "phi_s_change": 0.0, "grad_phi_change": 0.04668334071829161, "k_phi_change": 0.04080503480644779, "xi_c_change": 0.0, "phase_sync_change": -0.012986347386382047, "epi_magnitude_change": -0.013007719816091723, "hash_signature": "e82cff3115efe84f", "sequence_str": "SHA -> ZHIR -> RA -> EN -> NUL -> REMESH"}