{"sequence": ["AL", "RA", "NUL", "AL", "OZ"], "coherence_change": -0.012852867776818822, "sense_index_change": -0.033078766177928154, "phi_s_change": -0.11493480306557202, "grad_phi_change": 0.08212035996786948, "k_phi_change": -0.34839322845729775, "xi_c_change": 0.0, "phase_sync_change": -0.032435353323581495, "epi_magnitude_change": -0.008839006816664718, "hash_signature": "cb75b3d45b9131f7", "sequence_str": "AL -> RA -> NUL -> AL -> OZ"}