{"sequence": ["THOL", "ZHIR", "NAV", "OZ", "NUL", "REMESH"], "coherence_change": -0.011948822633020884, "sense_index_change": 0.0022715151977917847, "phi_s_change": -0.05055903691503294, "grad_phi_change": 0.017372464350168038, "k_phi_change": 0.04979692746324005, "xi_c_change": 0.0, "phase_sync_change": -0.005981294211587884, "epi_magnitude_change": -0.012579839575302842, "hash_signature": "ffff16685964bf71", "sequence_str": "THOL -> ZHIR -> NAV -> OZ -> NUL -> REMESH"}