{"sequence": ["REMESH", "RA", "IL", "SHA"], "coherence_change": 0.0037233380716835685, "sense_index_change": -0.006215577192529076, "phi_s_change": 0.02371373123052878, "grad_phi_change": 0.050196471748723326, "k_phi_change": 0.6190349312399908, "xi_c_change": 0.0, "phase_sync_change": -0.02047327183151748, "epi_magnitude_change": 0.0014869135102681952, "hash_signature": "30a6ad333be630ec", "sequence_str": "REMESH -> RA -> IL -> SHA"}