{"sequence": ["NUL", "UM", "AL", "UM", "SHA"], "coherence_change": 0.0, "sense_index_change": 0.0479469599093304, "phi_s_change": 0.0, "grad_phi_change": -0.21602460015370295, "k_phi_change": -0.37394787776075394, "xi_c_change": 0.0, "phase_sync_change": 0.07291444182911311, "epi_magnitude_change": -0.0031927876237822783, "hash_signature": "dc294f72bdf6c7ac", "sequence_str": "NUL -> UM -> AL -> UM -> SHA"}