{"sequence": ["NAV", "ZHIR", "VAL", "OZ"], "coherence_change": -0.006720343771692283, "sense_index_change": 0.014801338028321953, "phi_s_change": -0.044243617588301865, "grad_phi_change": 0.015271852402525932, "k_phi_change": 0.08127904232737684, "xi_c_change": 0.0, "phase_sync_change": -0.006882285802989441, "epi_magnitude_change": 0.01342416567709237, "hash_signature": "21599db4f7d21db4", "sequence_str": "NAV -> ZHIR -> VAL -> OZ"}