{"sequence": ["RA", "EN", "SHA"], "coherence_change": 0.0, "sense_index_change": 0.02989434105877331, "phi_s_change": 0.0, "grad_phi_change": -0.11874294653004158, "k_phi_change": 0.10686603139833198, "xi_c_change": 0.0, "phase_sync_change": 0.035376785174557446, "epi_magnitude_change": 0.0, "hash_signature": "166fe480d92ed245", "sequence_str": "RA -> EN -> SHA"}