{"sequence": ["REMESH", "SHA", "NUL", "VAL", "UM", "NAV"], "coherence_change": 0.0, "sense_index_change": 0.0041421652439783685, "phi_s_change": 0.0, "grad_phi_change": -0.009818689067425446, "k_phi_change": 0.45848058618898585, "xi_c_change": 0.0, "phase_sync_change": -0.0010647945629355116, "epi_magnitude_change": 0.0016436812903862785, "hash_signature": "88b8fbb3d0a9e396", "sequence_str": "REMESH -> SHA -> NUL -> VAL -> UM -> NAV"}