{"sequence": ["UM", "EN", "VAL", "UM", "OZ"], "coherence_change": -0.013467016407501142, "sense_index_change": 0.06133673615807933, "phi_s_change": -0.16683925987693238, "grad_phi_change": -0.18391488571513603, "k_phi_change": 0.12622054718300935, "xi_c_change": 0.0, "phase_sync_change": 0.06503345427950824, "epi_magnitude_change": 0.010347637148504174, "hash_signature": "c012ba42f2ac0e4e", "sequence_str": "UM -> EN -> VAL -> UM -> OZ"}