{"sequence": ["NAV", "IL", "REMESH", "NAV", "RA", "OZ"], "coherence_change": -0.007437041162100422, "sense_index_change": 0.0019825858036419675, "phi_s_change": -0.09337264110535448, "grad_phi_change": 0.04584400503016339, "k_phi_change": 0.4257571365271876, "xi_c_change": 0.0, "phase_sync_change": -0.021014874394137295, "epi_magnitude_change": 0.0015615558671331353, "hash_signature": "422e937260568777", "sequence_str": "NAV -> IL -> REMESH -> NAV -> RA -> OZ"}