{"sequence": ["VAL", "AL", "ZHIR", "EN", "IL", "OZ"], "coherence_change": -0.0013168505186319512, "sense_index_change": -0.0030405470297621973, "phi_s_change": -0.053735275106739366, "grad_phi_change": 0.0027447964211289033, "k_phi_change": -0.06301670514743335, "xi_c_change": 0.0, "phase_sync_change": 0.0014714652322738164, "epi_magnitude_change": 0.017496169142055096, "hash_signature": "628ccd2871a79a9f", "sequence_str": "VAL -> AL -> ZHIR -> EN -> IL -> OZ"}