{"sequence": ["SHA", "ZHIR", "RA", "OZ"], "coherence_change": -0.007245250705601336, "sense_index_change": 0.020200490291254036, "phi_s_change": 0.009954101051310449, "grad_phi_change": -0.05640197396898583, "k_phi_change": 0.18372530038173984, "xi_c_change": 0.0, "phase_sync_change": 0.011754858833680215, "epi_magnitude_change": 0.0, "hash_signature": "f5042dfa740994c1", "sequence_str": "SHA -> ZHIR -> RA -> OZ"}