{"sequence": ["EN", "AL", "THOL", "OZ"], "coherence_change": -0.004680092390952906, "sense_index_change": -0.0007793394553491373, "phi_s_change": 0.059072750816400954, "grad_phi_change": 0.0, "k_phi_change": 0.0, "xi_c_change": 0.0, "phase_sync_change": 0.0, "epi_magnitude_change": 0.0017960197744283368, "hash_signature": "53060f74ee12491d", "sequence_str": "EN -> AL -> THOL -> OZ"}