{"sequence": ["EN", "IL", "AL", "OZ"], "coherence_change": -0.0043208852817590016, "sense_index_change": 0.009017951348922804, "phi_s_change": -0.015277196225133238, "grad_phi_change": 0.0, "k_phi_change": 0.0, "xi_c_change": 0.0, "phase_sync_change": 0.0, "epi_magnitude_change": 0.00011508636646606618, "hash_signature": "ca5312a6cb2cdce4", "sequence_str": "EN -> IL -> AL -> OZ"}