{"sequence": ["NAV", "REMESH", "UM", "THOL", "IL", "SHA"], "coherence_change": 0.011251923700107525, "sense_index_change": 0.04204093128761732, "phi_s_change": 0.0439945124197928, "grad_phi_change": -0.3126894314955253, "k_phi_change": 0.07283371433144875, "xi_c_change": 0.0, "phase_sync_change": 0.10025391623782587, "epi_magnitude_change": 0.0011905398397999978, "hash_signature": "d6a061c2d9891426", "sequence_str": "NAV -> REMESH -> UM -> THOL -> IL -> SHA"}