{"sequence": ["ZHIR", "SHA", "THOL", "SHA"], "coherence_change": 0.006487585542952923, "sense_index_change": -0.018974864717802464, "phi_s_change": 0.002401224294775628, "grad_phi_change": 0.03752769414895285, "k_phi_change": 0.2512222696723341, "xi_c_change": 0.0, "phase_sync_change": -0.012785235066988254, "epi_magnitude_change": 0.0, "hash_signature": "c7f970e01ca8b84b", "sequence_str": "ZHIR -> SHA -> THOL -> SHA"}