{"sequence": ["NAV", "REMESH", "NAV", "OZ"], "coherence_change": -0.007249898849989611, "sense_index_change": -0.005194257821165782, "phi_s_change": -0.015941080517297368, "grad_phi_change": 0.0, "k_phi_change": 0.0, "xi_c_change": 0.0, "phase_sync_change": 0.0, "epi_magnitude_change": 0.0016660789785629682, "hash_signature": "83672c2e83e18b56", "sequence_str": "NAV -> REMESH -> NAV -> OZ"}