{"sequence": ["RA", "IL", "NUL", "OZ", "EN", "NAV"], "coherence_change": -0.0025362155731371017, "sense_index_change": -0.02948264139358986, "phi_s_change": 0.10795654281293166, "grad_phi_change": 0.13727858008379523, "k_phi_change": 0.12339068653842844, "xi_c_change": 0.0, "phase_sync_change": -0.05261085435733903, "epi_magnitude_change": -0.02087415474213905, "hash_signature": "b7cffbd061edf655", "sequence_str": "RA -> IL -> NUL -> OZ -> EN -> NAV"}