{"sequence": ["REMESH", "IL", "THOL", "SHA"], "coherence_change": 0.012544570417787004, "sense_index_change": 0.006667639333752029, "phi_s_change": 0.1264221300679732, "grad_phi_change": 0.0, "k_phi_change": 0.0, "xi_c_change": 0.0, "phase_sync_change": 0.0, "epi_magnitude_change": 0.0015522227249665788, "hash_signature": "aef581811cca5a29", "sequence_str": "REMESH -> IL -> THOL -> SHA"}