{"sequence": ["IL", "OZ", "ZHIR", "AL", "SHA"], "coherence_change": -0.006301193170596298, "sense_index_change": 0.008283331843126573, "phi_s_change": -0.032097896685935434, "grad_phi_change": -0.06428205928169128, "k_phi_change": -0.008269193425207988, "xi_c_change": 0.0, "phase_sync_change": 0.02455753174252273, "epi_magnitude_change": -0.001496998929521709, "hash_signature": "09a21a32ad977822", "sequence_str": "IL -> OZ -> ZHIR -> AL -> SHA"}