{"sequence": ["REMESH", "EN", "OZ"], "coherence_change": -0.015421208235213424, "sense_index_change": 0.022701531036909195, "phi_s_change": -0.0496067162516578, "grad_phi_change": 0.0, "k_phi_change": 0.0, "xi_c_change": 0.0, "phase_sync_change": 0.0, "epi_magnitude_change": 0.001240926631930761, "hash_signature": "ede66f79d2ddad6d", "sequence_str": "REMESH -> EN -> OZ"}