{"sequence": ["REMESH", "EN", "RA", "IL", "SHA"], "coherence_change": 0.010678635367037614, "sense_index_change": -0.011102376854906448, "phi_s_change": 0.08082446560556555, "grad_phi_change": 0.029033447660651523, "k_phi_change": 0.07883940291184846, "xi_c_change": 0.0, "phase_sync_change": -0.021128753933950972, "epi_magnitude_change": 0.0012433936289355518, "hash_signature": "6f4c3ebf8a6313f2", "sequence_str": "REMESH -> EN -> RA -> IL -> SHA"}