{"sequence": ["EN", "UM", "OZ"], "coherence_change": -0.010579203333132337, "sense_index_change": 0.033288743139602506, "phi_s_change": 0.02433516092674004, "grad_phi_change": -0.22383763478256924, "k_phi_change": 0.35585361117092285, "xi_c_change": 0.0, "phase_sync_change": 0.09450258850598903, "epi_magnitude_change": 0.0, "hash_signature": "9fea2a93d2c68cd9", "sequence_str": "EN -> UM -> OZ"}