{"sequence": ["RA", "THOL", "EN", "NUL", "OZ"], "coherence_change": -0.007632845175177705, "sense_index_change": 0.009884148438092932, "phi_s_change": -0.03761156783228403, "grad_phi_change": 0.09396742206859776, "k_phi_change": 0.42863890850271275, "xi_c_change": 0.0, "phase_sync_change": -0.03900048534319456, "epi_magnitude_change": -0.01878746212652549, "hash_signature": "11119707cc97c652", "sequence_str": "RA -> THOL -> EN -> NUL -> OZ"}