{"sequence": ["NAV", "RA", "IL", "VAL", "REMESH"], "coherence_change": 0.005245848154563304, "sense_index_change": 0.006223359534566986, "phi_s_change": 0.019533634502936992, "grad_phi_change": 0.050561342638423046, "k_phi_change": 0.5988999573880175, "xi_c_change": 0.0, "phase_sync_change": -0.019269746603102322, "epi_magnitude_change": 0.021370356003064916, "hash_signature": "a675ea02f1dcf702", "sequence_str": "NAV -> RA -> IL -> VAL -> REMESH"}