{"sequence": ["AL", "NUL", "ZHIR", "VAL", "SHA"], "coherence_change": 0.0, "sense_index_change": 0.010385195747844356, "phi_s_change": 0.0, "grad_phi_change": -0.025162558330887208, "k_phi_change": 0.11973788743253044, "xi_c_change": 0.0, "phase_sync_change": 0.006040117804087419, "epi_magnitude_change": 0.0023215324660524894, "hash_signature": "9e4eac34c4bbb442", "sequence_str": "AL -> NUL -> ZHIR -> VAL -> SHA"}