{"sequence": ["UM", "AL", "ZHIR", "NUL", "NAV"], "coherence_change": 0.0, "sense_index_change": -0.026094303285607467, "phi_s_change": 0.0, "grad_phi_change": 0.16238839078841227, "k_phi_change": 0.08942996693501191, "xi_c_change": 0.0, "phase_sync_change": -0.06334249078205267, "epi_magnitude_change": -0.014449430284837694, "hash_signature": "d66f9631ac9a35a5", "sequence_str": "UM -> AL -> ZHIR -> NUL -> NAV"}