{"sequence": ["NAV", "SHA", "OZ", "REMESH"], "coherence_change": -0.006927272834175491, "sense_index_change": -0.007149309354332778, "phi_s_change": -0.02829028333987138, "grad_phi_change": 0.0, "k_phi_change": 0.0, "xi_c_change": 0.0, "phase_sync_change": 0.0, "epi_magnitude_change": 0.0013301399313125906, "hash_signature": "6613e9cceaa36ba5", "sequence_str": "NAV -> SHA -> OZ -> REMESH"}