{"sequence": ["ZHIR", "THOL", "REMESH", "NUL", "OZ"], "coherence_change": -0.0008060424575776493, "sense_index_change": 0.019620799001664024, "phi_s_change": -0.010895750397084347, "grad_phi_change": -0.06693484772602898, "k_phi_change": 0.1456793372530391, "xi_c_change": 0.0, "phase_sync_change": 0.022342656576683217, "epi_magnitude_change": -0.008576223252537485, "hash_signature": "6056abfe37b7826b", "sequence_str": "ZHIR -> THOL -> REMESH -> NUL -> OZ"}