{"sequence": ["ZHIR", "SHA", "VAL", "OZ"], "coherence_change": -0.01324946649870884, "sense_index_change": -0.001769752127155022, "phi_s_change": 0.033221993991490395, "grad_phi_change": -0.015356990572708451, "k_phi_change": 0.18783676519886722, "xi_c_change": 0.0, "phase_sync_change": 0.00599078591219071, "epi_magnitude_change": 0.014966276969878844, "hash_signature": "49303afb26d527dc", "sequence_str": "ZHIR -> SHA -> VAL -> OZ"}