{"sequence": ["ZHIR", "NAV", "VAL", "OZ"], "coherence_change": -0.010910849457936411, "sense_index_change": 0.024293878391671853, "phi_s_change": -0.05550897444361291, "grad_phi_change": -0.011911717983354775, "k_phi_change": 0.13272548536545972, "xi_c_change": 0.0, "phase_sync_change": 0.005015337668665576, "epi_magnitude_change": 0.007059012654584973, "hash_signature": "59399ed14a3e8430", "sequence_str": "ZHIR -> NAV -> VAL -> OZ"}