{"sequence": ["IL", "NUL", "ZHIR", "NAV"], "coherence_change": 0.009314583033534718, "sense_index_change": -0.015468644795508635, "phi_s_change": 0.07128192769538777, "grad_phi_change": 0.03647848579740254, "k_phi_change": 0.20037013113420535, "xi_c_change": 0.0, "phase_sync_change": -0.015989912912599435, "epi_magnitude_change": -0.017172035844202904, "hash_signature": "fa5a71ea60b9752f", "sequence_str": "IL -> NUL -> ZHIR -> NAV"}