{"sequence": ["ZHIR", "UM", "AL", "NUL", "SHA"], "coherence_change": 0.0, "sense_index_change": 0.007414286947375004, "phi_s_change": 0.0, "grad_phi_change": 0.08813766976444426, "k_phi_change": 0.32416240050336526, "xi_c_change": 0.0, "phase_sync_change": -0.03527723417004591, "epi_magnitude_change": -0.012245697293544744, "hash_signature": "692e3ec82203b271", "sequence_str": "ZHIR -> UM -> AL -> NUL -> SHA"}