{"sequence": ["NUL", "UM", "REMESH", "NUL", "REMESH"], "coherence_change": 0.0, "sense_index_change": -0.010145565441289917, "phi_s_change": 0.0, "grad_phi_change": -0.03420254661201638, "k_phi_change": 0.11083302287346017, "xi_c_change": 0.0, "phase_sync_change": 0.011802377226165617, "epi_magnitude_change": -0.026720774041581574, "hash_signature": "1450a3c7da6c030f", "sequence_str": "NUL -> UM -> REMESH -> NUL -> REMESH"}