{"sequence": ["NAV", "OZ", "NUL", "REMESH"], "coherence_change": -0.015049752920658022, "sense_index_change": -0.010903761310403493, "phi_s_change": -0.0777791369069728, "grad_phi_change": 0.0, "k_phi_change": 0.0, "xi_c_change": 0.0, "phase_sync_change": 0.0, "epi_magnitude_change": -0.01061785867392695, "hash_signature": "8d1cb647f0f110f6", "sequence_str": "NAV -> OZ -> NUL -> REMESH"}