{"sequence": ["REMESH", "THOL", "VAL", "OZ", "RA", "OZ"], "coherence_change": -0.013737815213467952, "sense_index_change": 0.026547364911425952, "phi_s_change": 0.11115220249478797, "grad_phi_change": -0.12298481895526425, "k_phi_change": 0.03372902321866339, "xi_c_change": 0.0, "phase_sync_change": 0.03621297136732993, "epi_magnitude_change": 0.02234098730868772, "hash_signature": "a0e7a3334c1b4e9e", "sequence_str": "REMESH -> THOL -> VAL -> OZ -> RA -> OZ"}