{"sequence": ["OZ", "EN", "REMESH"], "coherence_change": -0.011959518901468624, "sense_index_change": -0.008626418154753068, "phi_s_change": -0.054347301235669, "grad_phi_change": 0.0, "k_phi_change": 0.0, "xi_c_change": 0.0, "phase_sync_change": 0.0, "epi_magnitude_change": 0.0012962796132709453, "hash_signature": "c5a8945e539a1097", "sequence_str": "OZ -> EN -> REMESH"}