{"sequence": ["RA", "NUL", "NUL", "SHA", "OZ"], "coherence_change": -0.013335309271332085, "sense_index_change": -0.017717614539124737, "phi_s_change": 0.040628272615111594, "grad_phi_change": 0.018362487512641135, "k_phi_change": 0.4177289259657399, "xi_c_change": 0.0, "phase_sync_change": -0.009759293529030932, "epi_magnitude_change": -0.0321898652090592, "hash_signature": "28598815d2ca0374", "sequence_str": "RA -> NUL -> NUL -> SHA -> OZ"}