{"sequence": ["NAV", "THOL", "UM", "NAV"], "coherence_change": 0.0032634661816947075, "sense_index_change": 0.05779365829684313, "phi_s_change": 0.01662354733075644, "grad_phi_change": -0.2044965518617219, "k_phi_change": 0.15414849399932512, "xi_c_change": 0.0, "phase_sync_change": 0.07881604553563382, "epi_magnitude_change": 0.0, "hash_signature": "dce968490300bef1", "sequence_str": "NAV -> THOL -> UM -> NAV"}