{"sequence": ["NUL", "IL", "ZHIR", "AL", "RA", "REMESH"], "coherence_change": 0.007842176735713413, "sense_index_change": 0.006604842362842311, "phi_s_change": 0.04363538790612831, "grad_phi_change": 0.0462652205994043, "k_phi_change": -0.11305527171168561, "xi_c_change": 0.0, "phase_sync_change": -0.02359508102179486, "epi_magnitude_change": -0.01688234441809866, "hash_signature": "4d14b0e1a94e630e", "sequence_str": "NUL -> IL -> ZHIR -> AL -> RA -> REMESH"}