{"sequence": ["SHA", "UM", "VAL", "IL", "RA", "REMESH"], "coherence_change": 0.007898793345413102, "sense_index_change": 0.023336375207608007, "phi_s_change": 0.0019992405701229066, "grad_phi_change": -0.1429612871287511, "k_phi_change": 0.22110078192474208, "xi_c_change": 0.0, "phase_sync_change": 0.05150174134718288, "epi_magnitude_change": 0.010441203814273159, "hash_signature": "ccaf476fcfbd507a", "sequence_str": "SHA -> UM -> VAL -> IL -> RA -> REMESH"}