{"sequence": ["VAL", "RA", "NUL", "RA", "NUL", "SHA"], "coherence_change": 0.0, "sense_index_change": 0.02561122897991841, "phi_s_change": 0.0, "grad_phi_change": -0.15872350009149527, "k_phi_change": 0.36051107040113284, "xi_c_change": 0.0, "phase_sync_change": 0.04765582573075211, "epi_magnitude_change": -0.004047734330044461, "hash_signature": "412b1fe020e23033", "sequence_str": "VAL -> RA -> NUL -> RA -> NUL -> SHA"}