{"sequence": ["EN", "IL", "RA", "REMESH", "NAV"], "coherence_change": 0.008769053335175303, "sense_index_change": -0.0028577014161471626, "phi_s_change": 0.02064894365535519, "grad_phi_change": 0.0758203071825374, "k_phi_change": 0.06679444612318644, "xi_c_change": 0.0, "phase_sync_change": -0.03224005037125666, "epi_magnitude_change": 0.001083064577758086, "hash_signature": "5ec6e012033bf494", "sequence_str": "EN -> IL -> RA -> REMESH -> NAV"}