{"sequence": ["SHA", "RA", "RA", "REMESH"], "coherence_change": 0.0, "sense_index_change": 0.01103452924109749, "phi_s_change": 0.0, "grad_phi_change": -0.0424527059237374, "k_phi_change": 0.12639902854333845, "xi_c_change": 0.0, "phase_sync_change": 0.0038991569380335545, "epi_magnitude_change": 0.0015028466489591663, "hash_signature": "f21252c8487c55cd", "sequence_str": "SHA -> RA -> RA -> REMESH"}