{"sequence": ["UM", "RA", "NAV", "REMESH"], "coherence_change": 0.0, "sense_index_change": 0.0068353270552727885, "phi_s_change": 0.0, "grad_phi_change": -0.1083342920906516, "k_phi_change": 0.34875103986055217, "xi_c_change": 0.0, "phase_sync_change": 0.033669734132026785, "epi_magnitude_change": 0.001071885534054573, "hash_signature": "6a68e0c91cfb74f2", "sequence_str": "UM -> RA -> NAV -> REMESH"}