{"sequence": ["NAV", "REMESH", "VAL", "THOL", "RA", "OZ"], "coherence_change": -0.010883507268143244, "sense_index_change": 0.03792630965913035, "phi_s_change": -0.22614636519411313, "grad_phi_change": -0.04990206392055385, "k_phi_change": 0.12091329636894399, "xi_c_change": 0.0, "phase_sync_change": 0.010373464430053936, "epi_magnitude_change": 0.028267332836159564, "hash_signature": "ffb2fa4320747ad8", "sequence_str": "NAV -> REMESH -> VAL -> THOL -> RA -> OZ"}