{"sequence": ["OZ", "NUL", "REMESH", "UM", "REMESH"], "coherence_change": -0.01353727401304683, "sense_index_change": 0.07767432595670454, "phi_s_change": -0.08349129226393137, "grad_phi_change": -0.18920275676265463, "k_phi_change": 0.3825934279248481, "xi_c_change": 0.0, "phase_sync_change": 0.06266700374912182, "epi_magnitude_change": -0.013273613286198582, "hash_signature": "28906120baa09ba9", "sequence_str": "OZ -> NUL -> REMESH -> UM -> REMESH"}