{"sequence": ["AL", "UM", "NUL", "ZHIR", "REMESH"], "coherence_change": 0.0, "sense_index_change": 0.011149327414014865, "phi_s_change": 0.0, "grad_phi_change": -0.1145317795909413, "k_phi_change": 0.21961025873947865, "xi_c_change": 0.0, "phase_sync_change": 0.028132830840314038, "epi_magnitude_change": -0.026112450282734123, "hash_signature": "13f31a9958fe8858", "sequence_str": "AL -> UM -> NUL -> ZHIR -> REMESH"}