{"sequence": ["IL", "EN", "ZHIR", "REMESH"], "coherence_change": 0.0070902855256526065, "sense_index_change": -0.002991753901716465, "phi_s_change": 0.08883060785227825, "grad_phi_change": 0.0241207238084864, "k_phi_change": -0.1580073215509309, "xi_c_change": 0.0, "phase_sync_change": -0.0045263014885869035, "epi_magnitude_change": 0.00127119948890142, "hash_signature": "6ef85be6e056546f", "sequence_str": "IL -> EN -> ZHIR -> REMESH"}