{"sequence": ["AL", "AL", "UM", "AL", "OZ"], "coherence_change": -0.01211808542677939, "sense_index_change": -0.009845542733189716, "phi_s_change": -0.09498592350996249, "grad_phi_change": 0.13390187241282137, "k_phi_change": 0.25898515360522223, "xi_c_change": 0.0, "phase_sync_change": -0.049124917706047766, "epi_magnitude_change": 0.0021789506436040718, "hash_signature": "c3c92258ead1d416", "sequence_str": "AL -> AL -> UM -> AL -> OZ"}