{"sequence": ["ZHIR", "VAL", "REMESH", "OZ", "UM", "SHA"], "coherence_change": -0.01389940483681229, "sense_index_change": -0.004406235151207194, "phi_s_change": -0.07676488223537503, "grad_phi_change": -0.013527709902281027, "k_phi_change": 0.2625958595391964, "xi_c_change": 0.0, "phase_sync_change": 0.007521913800768609, "epi_magnitude_change": 0.02049956684226517, "hash_signature": "d9aff2f7961cc286", "sequence_str": "ZHIR -> VAL -> REMESH -> OZ -> UM -> SHA"}