{"sequence": ["VAL", "RA", "THOL", "UM", "NAV"], "coherence_change": 0.006475629057323018, "sense_index_change": -0.0013298275132777038, "phi_s_change": 0.06438257243825685, "grad_phi_change": -0.06393547583682446, "k_phi_change": 0.02481854657632579, "xi_c_change": 0.0, "phase_sync_change": 0.019052849918880232, "epi_magnitude_change": 0.011568335479062775, "hash_signature": "07c00be509592c8e", "sequence_str": "VAL -> RA -> THOL -> UM -> NAV"}