{"sequence": ["NUL", "UM", "ZHIR", "UM", "NAV"], "coherence_change": 0.0, "sense_index_change": 0.01857880842187165, "phi_s_change": 0.0, "grad_phi_change": 0.010796972339890853, "k_phi_change": -0.11186584638593411, "xi_c_change": 0.0, "phase_sync_change": -0.005778168086853608, "epi_magnitude_change": -0.01992283308436349, "hash_signature": "27223eaa5f391854", "sequence_str": "NUL -> UM -> ZHIR -> UM -> NAV"}