{"sequence": ["AL", "RA", "EN", "EN", "REMESH"], "coherence_change": 0.0, "sense_index_change": 0.005252222093491299, "phi_s_change": 0.0, "grad_phi_change": 0.02895440248365788, "k_phi_change": 0.29634387320221056, "xi_c_change": 0.0, "phase_sync_change": -0.014487482677624453, "epi_magnitude_change": -1.9192268755352515e-05, "hash_signature": "cc06fdc60a96bf3f", "sequence_str": "AL -> RA -> EN -> EN -> REMESH"}