{"sequence": ["THOL", "VAL", "EN", "ZHIR", "NAV"], "coherence_change": 0.003636827816749455, "sense_index_change": 0.031104857691770627, "phi_s_change": 0.007161080530232455, "grad_phi_change": -0.081998571440703, "k_phi_change": -0.009292394630842221, "xi_c_change": 0.0, "phase_sync_change": 0.029453704135871228, "epi_magnitude_change": 0.009343890494889928, "hash_signature": "db19202ff570f7c1", "sequence_str": "THOL -> VAL -> EN -> ZHIR -> NAV"}