{"sequence": ["REMESH", "UM", "ZHIR", "SHA", "ZHIR", "OZ"], "coherence_change": -0.014602209940566935, "sense_index_change": -0.03631767224495536, "phi_s_change": -0.036200459436282584, "grad_phi_change": 0.163806532688199, "k_phi_change": -0.058245822914335776, "xi_c_change": 0.0, "phase_sync_change": -0.05702061180231177, "epi_magnitude_change": 0.0014569774882321473, "hash_signature": "b1a5e345208bc83b", "sequence_str": "REMESH -> UM -> ZHIR -> SHA -> ZHIR -> OZ"}