{"sequence": ["EN", "OZ", "RA", "NUL", "AL", "NAV"], "coherence_change": -0.006897473145958344, "sense_index_change": -0.020552661397003347, "phi_s_change": 0.018309097934412932, "grad_phi_change": 0.10373632825660195, "k_phi_change": 0.44102552557524133, "xi_c_change": 0.0, "phase_sync_change": -0.03649026144924139, "epi_magnitude_change": -0.01591895320832626, "hash_signature": "9452ddd30633ad68", "sequence_str": "EN -> OZ -> RA -> NUL -> AL -> NAV"}