{"sequence": ["RA", "RA", "NUL", "NAV"], "coherence_change": 0.0, "sense_index_change": 0.038676814559192585, "phi_s_change": 0.0, "grad_phi_change": -0.2054323974145258, "k_phi_change": 0.011526294360668377, "xi_c_change": 0.0, "phase_sync_change": 0.06839748818921043, "epi_magnitude_change": -0.005665880123851608, "hash_signature": "3bb52243101ed505", "sequence_str": "RA -> RA -> NUL -> NAV"}