{"sequence": ["EN", "EN", "ZHIR", "NAV"], "coherence_change": 0.0, "sense_index_change": 0.00109509695136778, "phi_s_change": 0.0, "grad_phi_change": -0.006471865254288778, "k_phi_change": 0.11233052879246558, "xi_c_change": 0.0, "phase_sync_change": 0.002185816434720156, "epi_magnitude_change": 0.0, "hash_signature": "38b66ad575f6dd3f", "sequence_str": "EN -> EN -> ZHIR -> NAV"}