{"sequence": ["UM", "ZHIR", "UM", "NAV", "UM", "REMESH"], "coherence_change": 0.0, "sense_index_change": 0.08116705635097221, "phi_s_change": 0.0, "grad_phi_change": -0.3485565179156651, "k_phi_change": 0.1925855079195624, "xi_c_change": 0.0, "phase_sync_change": 0.11788471757585584, "epi_magnitude_change": 0.0013752227609489243, "hash_signature": "57a8ebc282a02608", "sequence_str": "UM -> ZHIR -> UM -> NAV -> UM -> REMESH"}