{"sequence": ["OZ", "UM", "THOL", "OZ"], "coherence_change": -0.02311268753947382, "sense_index_change": 0.018753175358184104, "phi_s_change": -0.15974827618117382, "grad_phi_change": -0.09491698752161937, "k_phi_change": 0.0035394270845495457, "xi_c_change": 0.0, "phase_sync_change": 0.03267884257241438, "epi_magnitude_change": 0.0, "hash_signature": "e5f678c7782e0aab", "sequence_str": "OZ -> UM -> THOL -> OZ"}