{"sequence": ["VAL", "OZ", "ZHIR", "IL", "NAV"], "coherence_change": -0.0014468712883904944, "sense_index_change": 0.015019552760774713, "phi_s_change": 0.13191126746053017, "grad_phi_change": -0.08039010388665657, "k_phi_change": 0.07211725382816642, "xi_c_change": 0.0, "phase_sync_change": 0.028549061625196992, "epi_magnitude_change": 0.015280827854161183, "hash_signature": "7683993ebd8b272f", "sequence_str": "VAL -> OZ -> ZHIR -> IL -> NAV"}