{"sequence": ["REMESH", "ZHIR", "RA", "IL", "SHA"], "coherence_change": 0.009495189327341391, "sense_index_change": 0.00492668974813637, "phi_s_change": 0.040555102875622584, "grad_phi_change": -0.023048651978623935, "k_phi_change": 0.5738601432529743, "xi_c_change": 0.0, "phase_sync_change": 0.0014173934060036641, "epi_magnitude_change": 0.0011677206293433384, "hash_signature": "2bf7c2ac46c1526c", "sequence_str": "REMESH -> ZHIR -> RA -> IL -> SHA"}