{"sequence": ["UM", "REMESH", "VAL", "OZ"], "coherence_change": -0.015651242590836167, "sense_index_change": 0.018200906787122495, "phi_s_change": -0.031544682685015535, "grad_phi_change": -0.0001955340994908017, "k_phi_change": 0.479058870453795, "xi_c_change": 0.0, "phase_sync_change": 0.0018106469107422862, "epi_magnitude_change": 0.020551475066565406, "hash_signature": "1b62021c30a4344f", "sequence_str": "UM -> REMESH -> VAL -> OZ"}