{"sequence": ["EN", "RA", "NUL", "UM", "SHA"], "coherence_change": 0.0, "sense_index_change": 0.04860996168752596, "phi_s_change": 0.0, "grad_phi_change": -0.1738382999025887, "k_phi_change": 0.23248051162665867, "xi_c_change": 0.0, "phase_sync_change": 0.062014992361372645, "epi_magnitude_change": -0.014603979543481471, "hash_signature": "431296180cb02af8", "sequence_str": "EN -> RA -> NUL -> UM -> SHA"}