{"sequence": ["AL", "IL", "IL", "AL", "AL", "OZ"], "coherence_change": 0.005539251576235693, "sense_index_change": -0.011157050573903038, "phi_s_change": 0.005538647471217462, "grad_phi_change": 0.0, "k_phi_change": 0.0, "xi_c_change": 0.0, "phase_sync_change": 0.0, "epi_magnitude_change": -0.007115726528730604, "hash_signature": "f48da9ae8c135b12", "sequence_str": "AL -> IL -> IL -> AL -> AL -> OZ"}