{"sequence": ["RA", "UM", "AL", "SHA", "NAV"], "coherence_change": 0.0, "sense_index_change": 0.0360838056598054, "phi_s_change": 0.0, "grad_phi_change": -0.16489810455645482, "k_phi_change": 0.11158456155565905, "xi_c_change": 0.0, "phase_sync_change": 0.050567014620266026, "epi_magnitude_change": 0.0015184475796640173, "hash_signature": "fff8cd6d328670eb", "sequence_str": "RA -> UM -> AL -> SHA -> NAV"}