{"sequence": ["EN", "THOL", "EN", "REMESH"], "coherence_change": 0.007226852987767263, "sense_index_change": -0.009859172534271321, "phi_s_change": 0.0496221057427102, "grad_phi_change": 0.0, "k_phi_change": 0.0, "xi_c_change": 0.0, "phase_sync_change": 0.0, "epi_magnitude_change": 0.0013940240377682267, "hash_signature": "dbff9a4f1a327497", "sequence_str": "EN -> THOL -> EN -> REMESH"}