{"sequence": ["AL", "ZHIR", "IL", "REMESH", "NUL", "OZ"], "coherence_change": -0.01073474600975366, "sense_index_change": 0.03038208651286145, "phi_s_change": -0.006144621284643548, "grad_phi_change": -0.12200552248986907, "k_phi_change": 0.004518407303733235, "xi_c_change": 0.0, "phase_sync_change": 0.04303119994120219, "epi_magnitude_change": -0.008304233870056077, "hash_signature": "a2ffb3364698b4f4", "sequence_str": "AL -> ZHIR -> IL -> REMESH -> NUL -> OZ"}