{"sequence": ["NAV", "UM", "EN", "REMESH"], "coherence_change": 0.0, "sense_index_change": 0.05973839899278388, "phi_s_change": 0.0, "grad_phi_change": -0.35317107061833464, "k_phi_change": 0.2527357109604033, "xi_c_change": 0.0, "phase_sync_change": 0.11565944130014616, "epi_magnitude_change": 0.001610256962428891, "hash_signature": "57e3510238e6d807", "sequence_str": "NAV -> UM -> EN -> REMESH"}