{"sequence": ["AL", "ZHIR", "EN", "REMESH"], "coherence_change": 0.0, "sense_index_change": 0.005365233873455555, "phi_s_change": 0.0, "grad_phi_change": -0.008801312112553195, "k_phi_change": 0.07885447234273091, "xi_c_change": 0.0, "phase_sync_change": 0.0047242474652132715, "epi_magnitude_change": 0.004647587995728619, "hash_signature": "652947d5f8a1f5e4", "sequence_str": "AL -> ZHIR -> EN -> REMESH"}