{"sequence": ["AL", "RA", "THOL", "OZ"], "coherence_change": -0.009574717513547548, "sense_index_change": 0.017065631829949024, "phi_s_change": -0.06207816751286188, "grad_phi_change": 0.05429366069439445, "k_phi_change": 0.4725697494170443, "xi_c_change": 0.0, "phase_sync_change": -0.02241148956583361, "epi_magnitude_change": -0.0032823095050440454, "hash_signature": "315b2949faf93d10", "sequence_str": "AL -> RA -> THOL -> OZ"}