{"sequence": ["REMESH", "ZHIR", "UM", "REMESH"], "coherence_change": 0.0, "sense_index_change": -0.014404591193856175, "phi_s_change": 0.0, "grad_phi_change": 0.0752778323718033, "k_phi_change": -0.32459960196680043, "xi_c_change": 0.0, "phase_sync_change": -0.03752224580029073, "epi_magnitude_change": 0.003309078066252358, "hash_signature": "0c36ed57fc1cc93f", "sequence_str": "REMESH -> ZHIR -> UM -> REMESH"}