{"sequence": ["VAL", "THOL", "IL", "SHA"], "coherence_change": 0.015014979914351967, "sense_index_change": -0.005824003794138166, "phi_s_change": 0.08751038798453215, "grad_phi_change": 0.0, "k_phi_change": 0.0, "xi_c_change": 0.0, "phase_sync_change": 0.0, "epi_magnitude_change": 0.013348699019330001, "hash_signature": "46f1fab0b9f51cb6", "sequence_str": "VAL -> THOL -> IL -> SHA"}