{"sequence": ["IL", "OZ", "IL", "RA", "SHA"], "coherence_change": -0.0017022812019982236, "sense_index_change": 0.026115116109813208, "phi_s_change": 0.05799226046277706, "grad_phi_change": -0.07916664556794517, "k_phi_change": 0.31955171163413104, "xi_c_change": 0.0, "phase_sync_change": 0.022180526292170044, "epi_magnitude_change": 0.0, "hash_signature": "aabcfd2265c4b403", "sequence_str": "IL -> OZ -> IL -> RA -> SHA"}