{"sequence": ["VAL", "RA", "UM", "NAV"], "coherence_change": 0.0, "sense_index_change": 0.04427382751823261, "phi_s_change": 0.0, "grad_phi_change": -0.2824862275956055, "k_phi_change": 0.3731861271655459, "xi_c_change": 0.0, "phase_sync_change": 0.08651221757012628, "epi_magnitude_change": 0.019236538901006517, "hash_signature": "3dfe85bfcc3cce64", "sequence_str": "VAL -> RA -> UM -> NAV"}