{"sequence": ["REMESH", "EN", "NUL", "NUL", "OZ"], "coherence_change": -0.009923972329129782, "sense_index_change": -0.007137327141245375, "phi_s_change": 0.05223949586572452, "grad_phi_change": 0.0, "k_phi_change": 0.0, "xi_c_change": 0.0, "phase_sync_change": 0.0, "epi_magnitude_change": -0.026968260259804033, "hash_signature": "0f82dc9170c57df5", "sequence_str": "REMESH -> EN -> NUL -> NUL -> OZ"}