{"sequence": ["THOL", "NUL", "EN", "NUL", "RA", "REMESH"], "coherence_change": 0.002291031884076422, "sense_index_change": -0.005426229305876662, "phi_s_change": 0.014919886620934353, "grad_phi_change": -0.044330326743959425, "k_phi_change": 0.36125529106060317, "xi_c_change": 0.0, "phase_sync_change": 0.005455063588116649, "epi_magnitude_change": -0.028544905704223633, "hash_signature": "8c1cceebb6625d6a", "sequence_str": "THOL -> NUL -> EN -> NUL -> RA -> REMESH"}