{"sequence": ["SHA", "RA", "OZ", "NUL", "REMESH"], "coherence_change": -0.009252984102591344, "sense_index_change": 0.033028239118693015, "phi_s_change": 0.09973427178464866, "grad_phi_change": -0.12905242513816306, "k_phi_change": 0.030894482324449773, "xi_c_change": 0.0, "phase_sync_change": 0.04013263925784927, "epi_magnitude_change": -0.016371240196350723, "hash_signature": "18f962be0ef323c2", "sequence_str": "SHA -> RA -> OZ -> NUL -> REMESH"}