{"sequence": ["IL", "IL", "NUL", "AL", "NAV"], "coherence_change": 0.014904605500807966, "sense_index_change": 0.012451398241922762, "phi_s_change": 0.05237382519179501, "grad_phi_change": 0.0, "k_phi_change": 0.0, "xi_c_change": 0.0, "phase_sync_change": 0.0, "epi_magnitude_change": -0.014783325706080874, "hash_signature": "6b8e6766871d4911", "sequence_str": "IL -> IL -> NUL -> AL -> NAV"}