{"sequence": ["THOL", "UM", "NUL", "EN", "EN", "SHA"], "coherence_change": 0.003205369750459708, "sense_index_change": 0.0347696427605374, "phi_s_change": -0.0007893010773180054, "grad_phi_change": -0.14954231967435838, "k_phi_change": 0.3163454499289771, "xi_c_change": 0.0, "phase_sync_change": 0.045147058005018725, "epi_magnitude_change": -0.008062480504556158, "hash_signature": "ad36deb3e580b43e", "sequence_str": "THOL -> UM -> NUL -> EN -> EN -> SHA"}