{"sequence": ["IL", "RA", "IL", "REMESH"], "coherence_change": 0.01377988311792444, "sense_index_change": 0.004856589166482239, "phi_s_change": 0.14945305230461237, "grad_phi_change": -0.09140593282115184, "k_phi_change": 0.37365506333062337, "xi_c_change": 0.0, "phase_sync_change": 0.023712842507033205, "epi_magnitude_change": 0.0010424107452130515, "hash_signature": "71306623c4f58334", "sequence_str": "IL -> RA -> IL -> REMESH"}