{"sequence": ["AL", "NAV", "RA", "NUL", "REMESH"], "coherence_change": 0.0, "sense_index_change": 0.004800426471917252, "phi_s_change": 0.0, "grad_phi_change": 0.0039003342862447, "k_phi_change": 0.46617472901244555, "xi_c_change": 0.0, "phase_sync_change": -0.00791640601296606, "epi_magnitude_change": -0.011289858091857896, "hash_signature": "4495b050df10b182", "sequence_str": "AL -> NAV -> RA -> NUL -> REMESH"}