{"sequence": ["REMESH", "IL", "NAV", "NAV"], "coherence_change": 0.011495702155128185, "sense_index_change": -0.01538620265576851, "phi_s_change": 0.09324049867280604, "grad_phi_change": 0.0, "k_phi_change": 0.0, "xi_c_change": 0.0, "phase_sync_change": 0.0, "epi_magnitude_change": 0.001273946081588706, "hash_signature": "aa8d45c8bb781f15", "sequence_str": "REMESH -> IL -> NAV -> NAV"}