{"sequence": ["EN", "UM", "EN", "NAV", "NAV"], "coherence_change": 0.0, "sense_index_change": 0.049069749947756036, "phi_s_change": 0.0, "grad_phi_change": -0.27538498171199244, "k_phi_change": 0.12545587845200673, "xi_c_change": 0.0, "phase_sync_change": 0.09052285099132784, "epi_magnitude_change": 0.0, "hash_signature": "f4d345f3f78dd3c2", "sequence_str": "EN -> UM -> EN -> NAV -> NAV"}