{"sequence": ["THOL", "NUL", "ZHIR", "VAL", "VAL", "OZ"], "coherence_change": -0.00990783943828244, "sense_index_change": 0.03422413379395872, "phi_s_change": -0.23570273340427395, "grad_phi_change": -0.049082663159536466, "k_phi_change": -0.21934274571764356, "xi_c_change": 0.0, "phase_sync_change": 0.013577495805330964, "epi_magnitude_change": 0.017265855273467468, "hash_signature": "2c05669e3e0327a6", "sequence_str": "THOL -> NUL -> ZHIR -> VAL -> VAL -> OZ"}