{"sequence": ["REMESH", "AL", "RA", "THOL", "RA", "NAV"], "coherence_change": 0.003200661618613432, "sense_index_change": 0.042574293720996415, "phi_s_change": -0.005053092598026332, "grad_phi_change": -0.19984872988322167, "k_phi_change": -0.09772784266426032, "xi_c_change": 0.0, "phase_sync_change": 0.06128316789360577, "epi_magnitude_change": -0.0005965694093369445, "hash_signature": "74cd060231dbbdc7", "sequence_str": "REMESH -> AL -> RA -> THOL -> RA -> NAV"}