{"sequence": ["REMESH", "NAV", "ZHIR", "RA", "SHA"], "coherence_change": 0.0, "sense_index_change": -0.006096345331236486, "phi_s_change": 0.0, "grad_phi_change": 0.013618538564844407, "k_phi_change": 0.1787086496215707, "xi_c_change": 0.0, "phase_sync_change": -0.011971553573268956, "epi_magnitude_change": 0.0013157784120561011, "hash_signature": "b2fc49390009684c", "sequence_str": "REMESH -> NAV -> ZHIR -> RA -> SHA"}