{"sequence": ["RA", "IL", "REMESH", "UM", "REMESH"], "coherence_change": 0.010510966221124574, "sense_index_change": 0.08452000158643747, "phi_s_change": 0.005407543546271043, "grad_phi_change": -0.43327082714567466, "k_phi_change": 0.2295779794236153, "xi_c_change": 0.0, "phase_sync_change": 0.14339208224701505, "epi_magnitude_change": 0.0027219286177896374, "hash_signature": "47c173069e3e297a", "sequence_str": "RA -> IL -> REMESH -> UM -> REMESH"}