{"sequence": ["IL", "NUL", "UM", "THOL", "THOL", "SHA"], "coherence_change": 0.015900222517566176, "sense_index_change": -0.030395150886936617, "phi_s_change": -0.11048446190435757, "grad_phi_change": 0.23276079312552955, "k_phi_change": 0.13108676792210888, "xi_c_change": 0.0, "phase_sync_change": -0.08414875755007145, "epi_magnitude_change": -0.022994686137082665, "hash_signature": "d85983093039de96", "sequence_str": "IL -> NUL -> UM -> THOL -> THOL -> SHA"}