{"sequence": ["IL", "AL", "UM", "OZ", "AL", "NAV"], "coherence_change": -0.006064322260162736, "sense_index_change": 0.0006892099147419728, "phi_s_change": -0.03758965865159758, "grad_phi_change": -0.022382399363243266, "k_phi_change": -0.08906874201709092, "xi_c_change": 0.0, "phase_sync_change": 0.005880226083803897, "epi_magnitude_change": 0.013209504800552052, "hash_signature": "9147bdd24c20ff09", "sequence_str": "IL -> AL -> UM -> OZ -> AL -> NAV"}