{"sequence": ["RA", "OZ", "REMESH"], "coherence_change": -0.01813019895016532, "sense_index_change": 0.018147409519173485, "phi_s_change": -0.09498570470450018, "grad_phi_change": -0.022941835605696292, "k_phi_change": 0.5158050486900363, "xi_c_change": 0.0, "phase_sync_change": -0.001574571498621391, "epi_magnitude_change": 0.0013888480386571311, "hash_signature": "f0f4da29262e815e", "sequence_str": "RA -> OZ -> REMESH"}