{"sequence": ["RA", "NUL", "OZ", "EN", "SHA"], "coherence_change": -0.017439824877357624, "sense_index_change": 0.056373012053399285, "phi_s_change": -0.09090797325479061, "grad_phi_change": -0.18330120719064946, "k_phi_change": 0.010567172513363865, "xi_c_change": 0.0, "phase_sync_change": 0.05443634172126355, "epi_magnitude_change": -0.013091054787349177, "hash_signature": "8f7b35a6da80e9e4", "sequence_str": "RA -> NUL -> OZ -> EN -> SHA"}