{"sequence": ["VAL", "EN", "IL", "NUL", "SHA"], "coherence_change": 0.00583436374304791, "sense_index_change": 0.0028144117742023855, "phi_s_change": 0.042586861810534504, "grad_phi_change": 0.0, "k_phi_change": 0.0, "xi_c_change": 0.0, "phase_sync_change": 0.0, "epi_magnitude_change": -0.007183461715492001, "hash_signature": "74fe369c3fb722aa", "sequence_str": "VAL -> EN -> IL -> NUL -> SHA"}