{"sequence": ["REMESH", "AL", "OZ", "UM", "REMESH"], "coherence_change": -0.014063420108328506, "sense_index_change": 0.018633625089360728, "phi_s_change": -0.02330594696199062, "grad_phi_change": -0.11388504124606169, "k_phi_change": -0.23960198480209988, "xi_c_change": 0.0, "phase_sync_change": 0.02732707051724559, "epi_magnitude_change": 0.0028446720934859338, "hash_signature": "e20348e0c7dc8041", "sequence_str": "REMESH -> AL -> OZ -> UM -> REMESH"}