{"sequence": ["OZ", "VAL", "THOL", "AL", "OZ"], "coherence_change": -0.017369648622441725, "sense_index_change": 0.02907566185724919, "phi_s_change": 0.20897718564597056, "grad_phi_change": 0.0, "k_phi_change": 0.0, "xi_c_change": 0.0, "phase_sync_change": 0.0, "epi_magnitude_change": 0.014511814235127374, "hash_signature": "07e83bbb786aa9b5", "sequence_str": "OZ -> VAL -> THOL -> AL -> OZ"}