{"sequence": ["UM", "REMESH", "NAV"], "coherence_change": 0.0, "sense_index_change": -0.0028407953919774576, "phi_s_change": 0.0, "grad_phi_change": 0.011962330638980445, "k_phi_change": 0.05385978013446721, "xi_c_change": 0.0, "phase_sync_change": -0.023514315288502674, "epi_magnitude_change": 0.0016722938962041578, "hash_signature": "761e115e3318793a", "sequence_str": "UM -> REMESH -> NAV"}