{"sequence": ["REMESH", "RA", "IL", "SHA", "REMESH"], "coherence_change": 0.007244301258367392, "sense_index_change": 0.003386947340175528, "phi_s_change": -0.016511831945132838, "grad_phi_change": -0.013269841613762212, "k_phi_change": 0.4185189972446568, "xi_c_change": 0.0, "phase_sync_change": 0.004165710898878849, "epi_magnitude_change": 0.002681871948255088, "hash_signature": "19a8d90929b7e4f3", "sequence_str": "REMESH -> RA -> IL -> SHA -> REMESH"}