{"sequence": ["AL", "AL", "VAL", "THOL", "NAV"], "coherence_change": 0.003913458510975243, "sense_index_change": -0.0003603273220729175, "phi_s_change": -0.020166043712092407, "grad_phi_change": 0.0, "k_phi_change": 0.0, "xi_c_change": 0.0, "phase_sync_change": 0.0, "epi_magnitude_change": 0.01634133427627793, "hash_signature": "759eb4b809163df6", "sequence_str": "AL -> AL -> VAL -> THOL -> NAV"}