{"sequence": ["ZHIR", "THOL", "OZ", "NAV", "IL", "REMESH"], "coherence_change": -0.0009628686258853492, "sense_index_change": 0.0010154703158484768, "phi_s_change": 0.02071665264099265, "grad_phi_change": 0.022568137600999405, "k_phi_change": -0.10547612611969176, "xi_c_change": 0.0, "phase_sync_change": -0.008606719059920276, "epi_magnitude_change": 0.0016278321391487438, "hash_signature": "c4d2d842fc3e1446", "sequence_str": "ZHIR -> THOL -> OZ -> NAV -> IL -> REMESH"}