{"sequence": ["THOL", "ZHIR", "ZHIR", "NUL", "NAV"], "coherence_change": 0.005583681638868132, "sense_index_change": 0.00561873693427184, "phi_s_change": 0.03963449920671147, "grad_phi_change": 0.0031085227040286156, "k_phi_change": 0.1338950908379843, "xi_c_change": 0.0, "phase_sync_change": -0.0001556480550454209, "epi_magnitude_change": -0.021344815944927764, "hash_signature": "2b2ac7da64821850", "sequence_str": "THOL -> ZHIR -> ZHIR -> NUL -> NAV"}