{"sequence": ["AL", "UM", "AL", "RA", "NAV"], "coherence_change": 0.0, "sense_index_change": 0.015556731316222483, "phi_s_change": 0.0, "grad_phi_change": -0.1765990729083724, "k_phi_change": 0.44019741765493786, "xi_c_change": 0.0, "phase_sync_change": 0.043502472128720826, "epi_magnitude_change": -0.005083206181745514, "hash_signature": "3812e6c4653b43be", "sequence_str": "AL -> UM -> AL -> RA -> NAV"}