{"sequence": ["REMESH", "REMESH", "OZ", "ZHIR", "REMESH"], "coherence_change": -0.011174121587224861, "sense_index_change": -0.007727740077943079, "phi_s_change": -0.1364297917265711, "grad_phi_change": 0.0640653080957001, "k_phi_change": -0.12286836154034136, "xi_c_change": 0.0, "phase_sync_change": -0.020018835344486452, "epi_magnitude_change": 0.004037189869515179, "hash_signature": "24df7a9e72b639ef", "sequence_str": "REMESH -> REMESH -> OZ -> ZHIR -> REMESH"}