{"sequence": ["REMESH", "RA", "OZ", "THOL", "UM", "REMESH"], "coherence_change": -0.006694621540651369, "sense_index_change": 0.047007532942426544, "phi_s_change": -0.09649083865685304, "grad_phi_change": -0.1518435668077498, "k_phi_change": 0.3292288742050402, "xi_c_change": 0.0, "phase_sync_change": 0.050037369633639694, "epi_magnitude_change": 0.002507685427150519, "hash_signature": "446edef538020fac", "sequence_str": "REMESH -> RA -> OZ -> THOL -> UM -> REMESH"}