{"sequence": ["RA", "NUL", "SHA", "RA", "OZ"], "coherence_change": -0.017434749617758705, "sense_index_change": 0.0256553068232922, "phi_s_change": -0.10317786350247893, "grad_phi_change": -0.07715997403827557, "k_phi_change": 0.0715917151835556, "xi_c_change": 0.0, "phase_sync_change": 0.026984835280238872, "epi_magnitude_change": -0.00912680248112463, "hash_signature": "f7b9767c3da4cb9e", "sequence_str": "RA -> NUL -> SHA -> RA -> OZ"}