{"sequence": ["ZHIR", "REMESH", "RA", "OZ", "ZHIR", "NAV"], "coherence_change": -0.011615794229049903, "sense_index_change": 0.03404485016524228, "phi_s_change": 0.07365722325397428, "grad_phi_change": -0.14498060348519837, "k_phi_change": 0.094503882996106, "xi_c_change": 0.0, "phase_sync_change": 0.05163680906359047, "epi_magnitude_change": 0.0011166655742665954, "hash_signature": "230d53e3835a7dd0", "sequence_str": "ZHIR -> REMESH -> RA -> OZ -> ZHIR -> NAV"}