{"sequence": ["SHA", "ZHIR", "VAL", "SHA"], "coherence_change": 0.0, "sense_index_change": -0.023951390853759358, "phi_s_change": 0.0, "grad_phi_change": 0.09451798301274383, "k_phi_change": -0.0750869563451807, "xi_c_change": 0.0, "phase_sync_change": -0.02857556977649045, "epi_magnitude_change": 0.011144570601069326, "hash_signature": "51ce9f26a0e7e4b0", "sequence_str": "SHA -> ZHIR -> VAL -> SHA"}