{"sequence": ["VAL", "SHA", "VAL", "OZ"], "coherence_change": -0.01539747622021792, "sense_index_change": -0.004233317960466332, "phi_s_change": -0.10101230018995355, "grad_phi_change": 0.0, "k_phi_change": 0.0, "xi_c_change": 0.0, "phase_sync_change": 0.0, "epi_magnitude_change": 0.03084622723698638, "hash_signature": "a40029efa68e7880", "sequence_str": "VAL -> SHA -> VAL -> OZ"}