{"sequence": ["AL", "ZHIR", "NAV", "RA", "SHA"], "coherence_change": 0.0, "sense_index_change": 0.030911268243477563, "phi_s_change": 0.0, "grad_phi_change": -0.12361568779456178, "k_phi_change": 0.11797150348371827, "xi_c_change": 0.0, "phase_sync_change": 0.04374375654527418, "epi_magnitude_change": 0.000858056874804336, "hash_signature": "99c3f7d1754d6145", "sequence_str": "AL -> ZHIR -> NAV -> RA -> SHA"}