{"sequence": ["UM", "AL", "THOL", "THOL", "VAL", "REMESH"], "coherence_change": 0.010204469276846262, "sense_index_change": -0.006384452989905087, "phi_s_change": 0.06586898942964448, "grad_phi_change": -0.06788131115590401, "k_phi_change": -0.34975769047852295, "xi_c_change": 0.0, "phase_sync_change": 0.016014604707486058, "epi_magnitude_change": 0.01374079994542432, "hash_signature": "38112b3c1efb3b6f", "sequence_str": "UM -> AL -> THOL -> THOL -> VAL -> REMESH"}