{"sequence": ["ZHIR", "SHA", "IL", "NUL", "NUL", "OZ"], "coherence_change": -0.008704194853265124, "sense_index_change": 0.0036917212965410506, "phi_s_change": 0.03259659703887363, "grad_phi_change": -0.027360134612731235, "k_phi_change": 0.11019508031438809, "xi_c_change": 0.0, "phase_sync_change": 0.01157590403927844, "epi_magnitude_change": -0.023407754865801933, "hash_signature": "8c217f1594bef436", "sequence_str": "ZHIR -> SHA -> IL -> NUL -> NUL -> OZ"}