{"sequence": ["SHA", "REMESH", "UM", "THOL", "IL", "OZ"], "coherence_change": 0.0012164692067796468, "sense_index_change": 0.04035239872440266, "phi_s_change": 0.044545729048385274, "grad_phi_change": -0.21791743780631556, "k_phi_change": 0.2108051808556784, "xi_c_change": 0.0, "phase_sync_change": 0.06600187392944468, "epi_magnitude_change": 0.0017762178391949046, "hash_signature": "b4b4a741f641ea88", "sequence_str": "SHA -> REMESH -> UM -> THOL -> IL -> OZ"}