{"sequence": ["OZ", "EN", "UM", "IL", "NAV"], "coherence_change": -0.007417707306940691, "sense_index_change": 0.05258165272089477, "phi_s_change": -0.1406535212653265, "grad_phi_change": -0.10412357852145915, "k_phi_change": 0.31925051787442754, "xi_c_change": 0.0, "phase_sync_change": 0.02759494268130347, "epi_magnitude_change": 0.0, "hash_signature": "33bdad91ac9ac633", "sequence_str": "OZ -> EN -> UM -> IL -> NAV"}