{"sequence": ["NUL", "SHA", "UM", "OZ"], "coherence_change": -0.012725293392760073, "sense_index_change": 0.04913970134036083, "phi_s_change": -0.05068307069724387, "grad_phi_change": -0.10412457257003038, "k_phi_change": 0.16407310313496676, "xi_c_change": 0.0, "phase_sync_change": 0.034580118207619415, "epi_magnitude_change": -0.012077799447907323, "hash_signature": "7193f88d9231f7c7", "sequence_str": "NUL -> SHA -> UM -> OZ"}