{"sequence": ["THOL", "RA", "REMESH", "IL", "SHA"], "coherence_change": 0.008793739055376948, "sense_index_change": 0.048038815184082595, "phi_s_change": 0.029706082356202757, "grad_phi_change": -0.10987557111203916, "k_phi_change": 0.02794714497036116, "xi_c_change": 0.0, "phase_sync_change": 0.029862779212314505, "epi_magnitude_change": 0.0013535331532806838, "hash_signature": "910a1082729284cf", "sequence_str": "THOL -> RA -> REMESH -> IL -> SHA"}