{"sequence": ["AL", "UM", "REMESH", "REMESH", "NUL", "REMESH"], "coherence_change": 0.0, "sense_index_change": -0.008015125514927335, "phi_s_change": 0.0, "grad_phi_change": 0.051823164253067544, "k_phi_change": 0.21897347455554364, "xi_c_change": 0.0, "phase_sync_change": -0.018829549654390654, "epi_magnitude_change": -0.024772685293680596, "hash_signature": "0cac815c9b034d34", "sequence_str": "AL -> UM -> REMESH -> REMESH -> NUL -> REMESH"}