{"sequence": ["NUL", "UM", "NAV", "ZHIR", "NAV"], "coherence_change": 0.0, "sense_index_change": 0.001965267622363487, "phi_s_change": 0.0, "grad_phi_change": -0.05324544140293819, "k_phi_change": 0.12996778126481834, "xi_c_change": 0.0, "phase_sync_change": 0.01439982139653817, "epi_magnitude_change": -0.012618181396514938, "hash_signature": "f41911f90b653ff0", "sequence_str": "NUL -> UM -> NAV -> ZHIR -> NAV"}