{"sequence": ["REMESH", "IL", "NUL", "SHA"], "coherence_change": 0.0074160988137854655, "sense_index_change": 0.0038383842855567174, "phi_s_change": 0.009205874029698302, "grad_phi_change": 0.0, "k_phi_change": 0.0, "xi_c_change": 0.0, "phase_sync_change": 0.0, "epi_magnitude_change": -0.017408538654219652, "hash_signature": "da05635957e1dc8a", "sequence_str": "REMESH -> IL -> NUL -> SHA"}