{"sequence": ["SHA", "AL", "RA", "NAV"], "coherence_change": 0.0, "sense_index_change": 0.001980617995917089, "phi_s_change": 0.0, "grad_phi_change": -0.019377916520232574, "k_phi_change": 0.14988702397344078, "xi_c_change": 0.0, "phase_sync_change": 0.0018560760947502475, "epi_magnitude_change": 0.0004372243881054505, "hash_signature": "39c805bedc2167c4", "sequence_str": "SHA -> AL -> RA -> NAV"}