{"sequence": ["SHA", "EN", "OZ", "ZHIR", "NAV"], "coherence_change": -0.015676394515825032, "sense_index_change": 0.02063145809183975, "phi_s_change": -0.2733411123503733, "grad_phi_change": 0.056385859386924864, "k_phi_change": 0.2873803260191894, "xi_c_change": 0.0, "phase_sync_change": -0.016685502011153153, "epi_magnitude_change": 0.0, "hash_signature": "49b57e7d495a3dd1", "sequence_str": "SHA -> EN -> OZ -> ZHIR -> NAV"}