{"sequence": ["UM", "OZ", "UM", "UM", "REMESH"], "coherence_change": -0.016860937746367877, "sense_index_change": 0.11522442270984079, "phi_s_change": -0.13941311202253504, "grad_phi_change": -0.5267015939676201, "k_phi_change": 0.19812201647584943, "xi_c_change": 0.0, "phase_sync_change": 0.15670677263228416, "epi_magnitude_change": 0.0015477940504300403, "hash_signature": "1e5d0013ce4d72a0", "sequence_str": "UM -> OZ -> UM -> UM -> REMESH"}