{"sequence": ["SHA", "VAL", "NAV", "NUL", "OZ"], "coherence_change": -0.013850670770212958, "sense_index_change": -0.00021465956360888772, "phi_s_change": -0.055912134746118225, "grad_phi_change": 0.0, "k_phi_change": 0.0, "xi_c_change": 0.0, "phase_sync_change": 0.0, "epi_magnitude_change": -0.0023517102000154555, "hash_signature": "f4efdcec892a601d", "sequence_str": "SHA -> VAL -> NAV -> NUL -> OZ"}