{"sequence": ["AL", "OZ", "THOL", "ZHIR", "NUL", "NAV"], "coherence_change": -0.011767804588499797, "sense_index_change": -0.002321331502536439, "phi_s_change": -0.0494009275111027, "grad_phi_change": 0.024441014982129472, "k_phi_change": 0.018999745566517123, "xi_c_change": 0.0, "phase_sync_change": -0.012013341916828457, "epi_magnitude_change": -0.009805614491854242, "hash_signature": "8f7db263033879d4", "sequence_str": "AL -> OZ -> THOL -> ZHIR -> NUL -> NAV"}