{"sequence": ["AL", "OZ", "VAL", "SHA"], "coherence_change": -0.011553293034797796, "sense_index_change": 0.009844798184120318, "phi_s_change": -0.12179311430216322, "grad_phi_change": 0.0, "k_phi_change": 0.0, "xi_c_change": 0.0, "phase_sync_change": 0.0, "epi_magnitude_change": 0.014953396028844268, "hash_signature": "f1d40dddd96e9630", "sequence_str": "AL -> OZ -> VAL -> SHA"}