{"sequence": ["UM", "NAV", "NUL", "OZ"], "coherence_change": -0.010058110986336799, "sense_index_change": 0.034339325958311906, "phi_s_change": -0.10467593467369529, "grad_phi_change": -0.11094778726371302, "k_phi_change": 0.19262849488156117, "xi_c_change": 0.0, "phase_sync_change": 0.03509372291842705, "epi_magnitude_change": -0.02509683909495264, "hash_signature": "65c3fce865eac1db", "sequence_str": "UM -> NAV -> NUL -> OZ"}