{"sequence": ["AL", "VAL", "REMESH", "ZHIR", "REMESH"], "coherence_change": 0.0, "sense_index_change": 3.0410824186422047e-05, "phi_s_change": 0.0, "grad_phi_change": -0.016144074133372044, "k_phi_change": 0.0699178682730049, "xi_c_change": 0.0, "phase_sync_change": 0.009784380863677167, "epi_magnitude_change": 0.010764590569822818, "hash_signature": "c402a566d5a838bc", "sequence_str": "AL -> VAL -> REMESH -> ZHIR -> REMESH"}