{"sequence": ["EN", "EN", "ZHIR", "SHA"], "coherence_change": 0.0, "sense_index_change": 0.0041975040205963765, "phi_s_change": 0.0, "grad_phi_change": -0.030717794835100065, "k_phi_change": 0.2730397357291549, "xi_c_change": 0.0, "phase_sync_change": 0.009999999999999898, "epi_magnitude_change": 0.0, "hash_signature": "748750a3a7ff5585", "sequence_str": "EN -> EN -> ZHIR -> SHA"}