{"sequence": ["THOL", "ZHIR", "NUL", "IL", "SHA"], "coherence_change": 0.011804321628273828, "sense_index_change": -0.028953979628942916, "phi_s_change": 0.14709598082737885, "grad_phi_change": 0.022768131757567645, "k_phi_change": -0.249951911859351, "xi_c_change": 0.0, "phase_sync_change": -0.011262455908064406, "epi_magnitude_change": -0.010814977079116384, "hash_signature": "6461885c7a4c82c8", "sequence_str": "THOL -> ZHIR -> NUL -> IL -> SHA"}