{"sequence": ["AL", "NUL", "RA", "OZ", "UM", "REMESH"], "coherence_change": -0.014868641745681144, "sense_index_change": 0.02747579756542784, "phi_s_change": 0.0083581771632526, "grad_phi_change": -0.17610776173000486, "k_phi_change": 0.32363398862061465, "xi_c_change": 0.0, "phase_sync_change": 0.05160018454644055, "epi_magnitude_change": -0.009145440479552458, "hash_signature": "f4e8ff12f027c1eb", "sequence_str": "AL -> NUL -> RA -> OZ -> UM -> REMESH"}