{"sequence": ["NAV", "REMESH", "RA", "VAL", "UM", "NAV"], "coherence_change": 0.0, "sense_index_change": 0.044786399534151755, "phi_s_change": 0.0, "grad_phi_change": -0.2906480960724127, "k_phi_change": 0.3677485840799758, "xi_c_change": 0.0, "phase_sync_change": 0.0875848354948171, "epi_magnitude_change": 0.008830935737259904, "hash_signature": "fa477d1f3c773ae4", "sequence_str": "NAV -> REMESH -> RA -> VAL -> UM -> NAV"}