{"sequence": ["NAV", "UM", "ZHIR", "RA", "REMESH"], "coherence_change": 0.0, "sense_index_change": 0.013948516859353166, "phi_s_change": 0.0, "grad_phi_change": -0.14293081021368104, "k_phi_change": 0.5487463952227403, "xi_c_change": 0.0, "phase_sync_change": 0.0448501211393898, "epi_magnitude_change": 0.0009536898703138563, "hash_signature": "92c0997fe8550256", "sequence_str": "NAV -> UM -> ZHIR -> RA -> REMESH"}