{"sequence": ["NUL", "OZ", "UM", "UM", "VAL", "REMESH"], "coherence_change": -0.014497166666712857, "sense_index_change": 0.050399570287179896, "phi_s_change": -0.009377653993390855, "grad_phi_change": -0.27005508336481676, "k_phi_change": 0.18646188317678686, "xi_c_change": 0.0, "phase_sync_change": 0.09684140427853827, "epi_magnitude_change": 0.000948163475755659, "hash_signature": "a29e11f1e735ab00", "sequence_str": "NUL -> OZ -> UM -> UM -> VAL -> REMESH"}