{"sequence": ["NUL", "VAL", "NAV", "OZ", "AL", "NAV"], "coherence_change": -0.011624886555179792, "sense_index_change": 0.024113868319018406, "phi_s_change": -0.06622782772393254, "grad_phi_change": 0.0, "k_phi_change": 0.0, "xi_c_change": 0.0, "phase_sync_change": 0.0, "epi_magnitude_change": 0.0013041946414500405, "hash_signature": "15756ffa3a773ab7", "sequence_str": "NUL -> VAL -> NAV -> OZ -> AL -> NAV"}