{"sequence": ["IL", "VAL", "NAV", "SHA", "IL", "OZ"], "coherence_change": 0.0005874906508007705, "sense_index_change": 0.012996260065527565, "phi_s_change": 0.01779416431080416, "grad_phi_change": 0.0, "k_phi_change": 0.0, "xi_c_change": 0.0, "phase_sync_change": 0.0, "epi_magnitude_change": 0.02041517902873724, "hash_signature": "3ba5c0e7093e8842", "sequence_str": "IL -> VAL -> NAV -> SHA -> IL -> OZ"}