{"sequence": ["UM", "AL", "AL", "VAL", "SHA"], "coherence_change": 0.0, "sense_index_change": 0.0049375618144265054, "phi_s_change": 0.0, "grad_phi_change": -0.15726670599343318, "k_phi_change": 0.02480517611806138, "xi_c_change": 0.0, "phase_sync_change": 0.03916795224443248, "epi_magnitude_change": 0.018990708227785702, "hash_signature": "73d7e95768890293", "sequence_str": "UM -> AL -> AL -> VAL -> SHA"}