{"sequence": ["ZHIR", "AL", "IL", "NAV"], "coherence_change": 0.005685610544871045, "sense_index_change": 0.005665635810938929, "phi_s_change": 0.04014521082106526, "grad_phi_change": -0.021951547571245955, "k_phi_change": 0.10897584219963183, "xi_c_change": 0.0, "phase_sync_change": 0.003853536130636326, "epi_magnitude_change": -0.004449331287471159, "hash_signature": "54e62cca70b54348", "sequence_str": "ZHIR -> AL -> IL -> NAV"}