{"sequence": ["THOL", "ZHIR", "UM", "NAV"], "coherence_change": 0.005354320965771486, "sense_index_change": 0.016924502600571656, "phi_s_change": 0.050460461180313776, "grad_phi_change": -0.11281037475069966, "k_phi_change": 0.04773641978268656, "xi_c_change": 0.0, "phase_sync_change": 0.03577762036057319, "epi_magnitude_change": 0.0, "hash_signature": "c4ec9dbca84893fb", "sequence_str": "THOL -> ZHIR -> UM -> NAV"}