{"sequence": ["IL", "OZ", "AL", "NAV"], "coherence_change": -0.0038116286252219966, "sense_index_change": 0.027603838077188914, "phi_s_change": -0.06907593711437676, "grad_phi_change": 0.0, "k_phi_change": 0.0, "xi_c_change": 0.0, "phase_sync_change": 0.0, "epi_magnitude_change": 0.006877921164625156, "hash_signature": "dd6eb299cd3bc2fe", "sequence_str": "IL -> OZ -> AL -> NAV"}