{"sequence": ["SHA", "AL", "THOL", "NAV"], "coherence_change": 0.004077476335974328, "sense_index_change": 0.0038913280946598627, "phi_s_change": -0.027362064614826043, "grad_phi_change": 0.0, "k_phi_change": 0.0, "xi_c_change": 0.0, "phase_sync_change": 0.0, "epi_magnitude_change": 0.008479693876905836, "hash_signature": "e03edba69ca7c228", "sequence_str": "SHA -> AL -> THOL -> NAV"}