{"sequence": ["VAL", "RA", "RA", "ZHIR", "NAV"], "coherence_change": 0.0, "sense_index_change": 0.03132392824788699, "phi_s_change": 0.0, "grad_phi_change": -0.15071283977593408, "k_phi_change": 0.1188957358216683, "xi_c_change": 0.0, "phase_sync_change": 0.03926383899138053, "epi_magnitude_change": 0.012395163550966593, "hash_signature": "60a6db57354b5cf7", "sequence_str": "VAL -> RA -> RA -> ZHIR -> NAV"}