{"sequence": ["RA", "OZ", "OZ"], "coherence_change": -0.020671786207882015, "sense_index_change": 0.022674962735939386, "phi_s_change": -0.23270994477211093, "grad_phi_change": -0.044566068154477945, "k_phi_change": 0.1962263903394581, "xi_c_change": 0.0, "phase_sync_change": 0.01298681739844243, "epi_magnitude_change": 0.0, "hash_signature": "5142e50eadce3dab", "sequence_str": "RA -> OZ -> OZ"}