{"sequence": ["VAL", "RA", "IL", "THOL", "VAL", "OZ"], "coherence_change": -0.004827290247029659, "sense_index_change": 0.015502068930588253, "phi_s_change": 0.07543909199613008, "grad_phi_change": -0.05733594498152472, "k_phi_change": -0.10320384225108797, "xi_c_change": 0.0, "phase_sync_change": 0.01661934783184893, "epi_magnitude_change": 0.030222228787205263, "hash_signature": "4842236d78fe4503", "sequence_str": "VAL -> RA -> IL -> THOL -> VAL -> OZ"}