{"sequence": ["NAV", "OZ", "UM", "ZHIR", "REMESH"], "coherence_change": -0.014114491868508106, "sense_index_change": 0.04560943547675078, "phi_s_change": 0.0055983403549514366, "grad_phi_change": -0.173129982148839, "k_phi_change": -0.00953478356482551, "xi_c_change": 0.0, "phase_sync_change": 0.05362763115831892, "epi_magnitude_change": 0.0013516338169264897, "hash_signature": "44283124e6ac6791", "sequence_str": "NAV -> OZ -> UM -> ZHIR -> REMESH"}