{"sequence": ["THOL", "RA", "AL", "IL", "SHA"], "coherence_change": 0.012039875143559309, "sense_index_change": 0.02577236338206179, "phi_s_change": 0.12845106634289483, "grad_phi_change": -0.11049396707808845, "k_phi_change": 0.3636319220476592, "xi_c_change": 0.0, "phase_sync_change": 0.034927284101735956, "epi_magnitude_change": 0.010163723624950327, "hash_signature": "21d2f8c2d755fce7", "sequence_str": "THOL -> RA -> AL -> IL -> SHA"}