{"sequence": ["VAL", "RA", "RA", "OZ"], "coherence_change": -0.00966898350169798, "sense_index_change": 0.02147952531632713, "phi_s_change": -0.06453703457664317, "grad_phi_change": -0.1581826026580695, "k_phi_change": 0.08014651626279867, "xi_c_change": 0.0, "phase_sync_change": 0.04837762426930925, "epi_magnitude_change": 0.019632704787317934, "hash_signature": "0c27db6f0b2e0e2b", "sequence_str": "VAL -> RA -> RA -> OZ"}