{"sequence": ["NUL", "REMESH", "UM", "UM", "VAL", "SHA"], "coherence_change": 0.0, "sense_index_change": 0.04351432738133798, "phi_s_change": 0.0, "grad_phi_change": -0.28851339174679236, "k_phi_change": -0.20731882081365338, "xi_c_change": 0.0, "phase_sync_change": 0.09416110201273531, "epi_magnitude_change": 0.0038689072851985085, "hash_signature": "1aa1e9f01c596919", "sequence_str": "NUL -> REMESH -> UM -> UM -> VAL -> SHA"}