{"sequence": ["RA", "REMESH"], "coherence_change": 0.0, "sense_index_change": -0.017276978640408336, "phi_s_change": 0.0, "grad_phi_change": 0.07971251773347099, "k_phi_change": 0.2313526203960573, "xi_c_change": 0.0, "phase_sync_change": -0.03220205791566422, "epi_magnitude_change": 0.0014938954631530388, "hash_signature": "1386f9827e08619d", "sequence_str": "RA -> REMESH"}