{"sequence": ["AL", "AL", "RA", "REMESH", "EN", "OZ"], "coherence_change": -0.011033784039109373, "sense_index_change": 0.007792578431815134, "phi_s_change": -0.029464439457843272, "grad_phi_change": 0.017785311334064247, "k_phi_change": 0.3555556980253848, "xi_c_change": 0.0, "phase_sync_change": -0.012635113184416902, "epi_magnitude_change": 0.00497018944305172, "hash_signature": "264d2a57f3da2e5a", "sequence_str": "AL -> AL -> RA -> REMESH -> EN -> OZ"}