{"sequence": ["RA", "NAV", "IL", "SHA"], "coherence_change": 0.008760550050059157, "sense_index_change": -0.010239637000957924, "phi_s_change": 0.0007311424290357138, "grad_phi_change": 0.07996125974672519, "k_phi_change": 0.13143040502533512, "xi_c_change": 0.0, "phase_sync_change": -0.030021818452237836, "epi_magnitude_change": 0.0, "hash_signature": "e92e8096bf293e0a", "sequence_str": "RA -> NAV -> IL -> SHA"}