{"sequence": ["REMESH", "ZHIR", "UM", "ZHIR", "SHA"], "coherence_change": 0.0, "sense_index_change": 0.028139589894307204, "phi_s_change": 0.0, "grad_phi_change": -0.14868742779750788, "k_phi_change": 0.6350323781318196, "xi_c_change": 0.0, "phase_sync_change": 0.058809905273658036, "epi_magnitude_change": 0.0012443313484608032, "hash_signature": "ed43b924e1aa2ebe", "sequence_str": "REMESH -> ZHIR -> UM -> ZHIR -> SHA"}