{"sequence": ["NUL", "NAV", "IL", "EN", "REMESH"], "coherence_change": 0.005955578156738861, "sense_index_change": 0.0041880979939319385, "phi_s_change": 0.003798575080737665, "grad_phi_change": 0.0, "k_phi_change": 0.0, "xi_c_change": 0.0, "phase_sync_change": 0.0, "epi_magnitude_change": -0.013592704851702497, "hash_signature": "c4fa86789cfdd48a", "sequence_str": "NUL -> NAV -> IL -> EN -> REMESH"}