{"sequence": ["OZ", "SHA", "RA", "REMESH"], "coherence_change": -0.013947192556050259, "sense_index_change": 0.0028450351826088127, "phi_s_change": -0.06478411017113828, "grad_phi_change": 0.017281787436813856, "k_phi_change": 0.36623048960125915, "xi_c_change": 0.0, "phase_sync_change": -0.01310364334490699, "epi_magnitude_change": 0.0011708962992471594, "hash_signature": "f44829529e00032a", "sequence_str": "OZ -> SHA -> RA -> REMESH"}