{"sequence": ["NUL", "SHA", "REMESH", "SHA", "ZHIR", "NAV"], "coherence_change": 0.0, "sense_index_change": -0.006170950600909553, "phi_s_change": 0.0, "grad_phi_change": 0.013201764169212593, "k_phi_change": 0.0293766481763032, "xi_c_change": 0.0, "phase_sync_change": -0.0033932316769875737, "epi_magnitude_change": -0.015496714092455566, "hash_signature": "2790bf0320cf8abb", "sequence_str": "NUL -> SHA -> REMESH -> SHA -> ZHIR -> NAV"}