{"sequence": ["NAV", "VAL", "THOL", "VAL", "OZ"], "coherence_change": -0.005708418688107897, "sense_index_change": -0.015393712912699586, "phi_s_change": 0.06750556584294964, "grad_phi_change": 0.0, "k_phi_change": 0.0, "xi_c_change": 0.0, "phase_sync_change": 0.0, "epi_magnitude_change": 0.03028998214378753, "hash_signature": "526e647c70a01fee", "sequence_str": "NAV -> VAL -> THOL -> VAL -> OZ"}