{"sequence": ["EN", "UM", "NUL", "SHA"], "coherence_change": 0.0, "sense_index_change": 0.00836610271199656, "phi_s_change": 0.0, "grad_phi_change": -0.12694395009069748, "k_phi_change": 0.31722771642581177, "xi_c_change": 0.0, "phase_sync_change": 0.04627738291478989, "epi_magnitude_change": -0.013070176515751153, "hash_signature": "5c2b06b067bbc504", "sequence_str": "EN -> UM -> NUL -> SHA"}