{"sequence": ["OZ", "EN", "ZHIR", "RA", "AL", "NAV"], "coherence_change": -0.01183122718685592, "sense_index_change": 0.022936538490388902, "phi_s_change": -0.01653015116685075, "grad_phi_change": -0.15919321371315642, "k_phi_change": -0.07061229735179897, "xi_c_change": 0.0, "phase_sync_change": 0.053261931601102264, "epi_magnitude_change": -0.009354749144089403, "hash_signature": "6b18780cb2d34b0e", "sequence_str": "OZ -> EN -> ZHIR -> RA -> AL -> NAV"}