{"sequence": ["SHA", "THOL", "IL", "UM", "NAV"], "coherence_change": 0.011295598902507753, "sense_index_change": 0.0625831528951375, "phi_s_change": 0.0007322537565189746, "grad_phi_change": -0.313618470269992, "k_phi_change": 0.3893392959087969, "xi_c_change": 0.0, "phase_sync_change": 0.09062407200196787, "epi_magnitude_change": 0.0, "hash_signature": "c303380ec9a60cf8", "sequence_str": "SHA -> THOL -> IL -> UM -> NAV"}