{"sequence": ["IL", "VAL", "RA", "REMESH"], "coherence_change": 0.0045620215245362195, "sense_index_change": -0.0015684613524150626, "phi_s_change": 0.025572161260753012, "grad_phi_change": 0.042041215350417716, "k_phi_change": 0.4511795774293179, "xi_c_change": 0.0, "phase_sync_change": -0.020054751691639172, "epi_magnitude_change": 0.019085136690527582, "hash_signature": "54b095b3e954202f", "sequence_str": "IL -> VAL -> RA -> REMESH"}