{"sequence": ["THOL", "VAL", "ZHIR", "OZ"], "coherence_change": -0.005006711085715265, "sense_index_change": -0.005501342589692815, "phi_s_change": 0.03691132293091226, "grad_phi_change": 0.0356142689909793, "k_phi_change": 0.15739116908124728, "xi_c_change": 0.0, "phase_sync_change": -0.012028742632627876, "epi_magnitude_change": 0.01420467496332789, "hash_signature": "abdf9aa496b0a30b", "sequence_str": "THOL -> VAL -> ZHIR -> OZ"}