{"sequence": ["REMESH", "NAV", "ZHIR", "ZHIR", "NAV"], "coherence_change": 0.0, "sense_index_change": 0.000167449483793769, "phi_s_change": 0.0, "grad_phi_change": 0.032303468301242644, "k_phi_change": 0.35999348712000223, "xi_c_change": 0.0, "phase_sync_change": -0.00636381751641979, "epi_magnitude_change": 0.001337100822673687, "hash_signature": "52c15ba9cb682124", "sequence_str": "REMESH -> NAV -> ZHIR -> ZHIR -> NAV"}