{"sequence": ["VAL", "THOL", "OZ", "REMESH", "RA", "OZ"], "coherence_change": -0.0197156504182997, "sense_index_change": -0.003997968751598857, "phi_s_change": 0.047352971552638734, "grad_phi_change": -0.015018423249651747, "k_phi_change": 0.2526755637103149, "xi_c_change": 0.0, "phase_sync_change": -0.0017851948191429656, "epi_magnitude_change": 0.01829345616765521, "hash_signature": "9533f7f9fa090ddf", "sequence_str": "VAL -> THOL -> OZ -> REMESH -> RA -> OZ"}