{"sequence": ["IL", "RA", "RA", "NUL", "OZ"], "coherence_change": -0.007454762780321311, "sense_index_change": 0.06814336286726264, "phi_s_change": -0.14530643058920156, "grad_phi_change": -0.32195839501560397, "k_phi_change": 0.04601470838277874, "xi_c_change": 0.0, "phase_sync_change": 0.09908723369252248, "epi_magnitude_change": -0.018241518904437592, "hash_signature": "709989d718a69892", "sequence_str": "IL -> RA -> RA -> NUL -> OZ"}