{"sequence": ["UM", "EN", "EN", "OZ", "VAL", "OZ"], "coherence_change": -0.030122441765150332, "sense_index_change": 0.03043062826928611, "phi_s_change": -0.2520441391631326, "grad_phi_change": -0.060093109386955, "k_phi_change": -0.3734944741035566, "xi_c_change": 0.0, "phase_sync_change": 0.02409190990914467, "epi_magnitude_change": 0.018714567494694467, "hash_signature": "1789710731b6f6cd", "sequence_str": "UM -> EN -> EN -> OZ -> VAL -> OZ"}