{"sequence": ["REMESH", "SHA", "SHA", "IL", "OZ"], "coherence_change": -0.0016449672249353453, "sense_index_change": -0.003890371915401536, "phi_s_change": 0.10954329510337568, "grad_phi_change": 0.0, "k_phi_change": 0.0, "xi_c_change": 0.0, "phase_sync_change": 0.0, "epi_magnitude_change": 0.000976556271549911, "hash_signature": "b41f19b44a5ce503", "sequence_str": "REMESH -> SHA -> SHA -> IL -> OZ"}