{"sequence": ["RA", "UM", "SHA"], "coherence_change": 0.0, "sense_index_change": 0.027720588925104095, "phi_s_change": 0.0, "grad_phi_change": -0.10908125170699168, "k_phi_change": -0.1318587790744397, "xi_c_change": 0.0, "phase_sync_change": 0.02314497587583142, "epi_magnitude_change": 0.0, "hash_signature": "e6dff924455b7956", "sequence_str": "RA -> UM -> SHA"}