{"sequence": ["ZHIR", "EN", "ZHIR", "UM", "VAL", "OZ"], "coherence_change": -0.01637293277900309, "sense_index_change": 0.04502597527498564, "phi_s_change": -0.11760662052792759, "grad_phi_change": -0.1817428434221966, "k_phi_change": -0.17848612909203004, "xi_c_change": 0.0, "phase_sync_change": 0.04637916621445537, "epi_magnitude_change": 0.017873012997394744, "hash_signature": "9bf60aeb205459c8", "sequence_str": "ZHIR -> EN -> ZHIR -> UM -> VAL -> OZ"}