{"sequence": ["SHA", "VAL", "AL", "OZ", "AL", "SHA"], "coherence_change": -0.012858474692043043, "sense_index_change": 0.005819745465662662, "phi_s_change": 0.0012384060432738542, "grad_phi_change": 0.0, "k_phi_change": 0.0, "xi_c_change": 0.0, "phase_sync_change": 0.0, "epi_magnitude_change": 0.009136874303216858, "hash_signature": "8c98a8e6b7de2868", "sequence_str": "SHA -> VAL -> AL -> OZ -> AL -> SHA"}