{"sequence": ["THOL", "NAV", "RA", "SHA", "ZHIR", "SHA"], "coherence_change": 0.0062705094782856685, "sense_index_change": -0.034342212277103545, "phi_s_change": 0.0009304099140775568, "grad_phi_change": 0.11990566634316369, "k_phi_change": 0.7643988728919393, "xi_c_change": 0.0, "phase_sync_change": -0.043443936078771506, "epi_magnitude_change": 0.0, "hash_signature": "2c79257e33535c25", "sequence_str": "THOL -> NAV -> RA -> SHA -> ZHIR -> SHA"}