{"sequence": ["IL", "REMESH"], "coherence_change": 0.009476502301218437, "sense_index_change": 0.006631426014177433, "phi_s_change": 0.0955535515291468, "grad_phi_change": 0.0, "k_phi_change": 0.0, "xi_c_change": 0.0, "phase_sync_change": 0.0, "epi_magnitude_change": 0.0010441989117460082, "hash_signature": "c360c9396334221c", "sequence_str": "IL -> REMESH"}