{"sequence": ["AL", "EN", "UM", "SHA"], "coherence_change": 0.0, "sense_index_change": 0.037338365813952556, "phi_s_change": 0.0, "grad_phi_change": -0.17768927074580398, "k_phi_change": 0.14117246060519406, "xi_c_change": 0.0, "phase_sync_change": 0.057162584994897014, "epi_magnitude_change": -0.0032124775862993893, "hash_signature": "a08c244626017929", "sequence_str": "AL -> EN -> UM -> SHA"}