{"sequence": ["AL", "OZ", "IL", "AL", "OZ"], "coherence_change": -0.02011587732414455, "sense_index_change": 0.00902432069192205, "phi_s_change": -0.0576652617034249, "grad_phi_change": 0.0, "k_phi_change": 0.0, "xi_c_change": 0.0, "phase_sync_change": 0.0, "epi_magnitude_change": 0.002123241792988284, "hash_signature": "c9b1310f7c31504c", "sequence_str": "AL -> OZ -> IL -> AL -> OZ"}