{"sequence": ["REMESH", "OZ", "NAV", "VAL", "SHA"], "coherence_change": -0.012493392460211417, "sense_index_change": 0.02708777306192478, "phi_s_change": -0.19052101275424493, "grad_phi_change": 0.0, "k_phi_change": 0.0, "xi_c_change": 0.0, "phase_sync_change": 0.0, "epi_magnitude_change": 0.009431355332003455, "hash_signature": "4881f0070da7c225", "sequence_str": "REMESH -> OZ -> NAV -> VAL -> SHA"}