{"sequence": ["AL", "EN", "IL", "AL", "NAV"], "coherence_change": 0.004008845367394431, "sense_index_change": 0.006978828672820514, "phi_s_change": 0.01971312467773012, "grad_phi_change": 0.0, "k_phi_change": 0.0, "xi_c_change": 0.0, "phase_sync_change": 0.0, "epi_magnitude_change": 0.0034515202736933315, "hash_signature": "e0ae1fb6f663211a", "sequence_str": "AL -> EN -> IL -> AL -> NAV"}