{"sequence": ["SHA", "VAL", "NUL", "THOL", "RA", "NAV"], "coherence_change": 0.005941713423574302, "sense_index_change": 0.027576006226449956, "phi_s_change": 0.005134872722435069, "grad_phi_change": -0.10669289070025556, "k_phi_change": -0.03040067433132798, "xi_c_change": 0.0, "phase_sync_change": 0.032553693654799765, "epi_magnitude_change": 0.011847789688115062, "hash_signature": "251e76fff71fa1c3", "sequence_str": "SHA -> VAL -> NUL -> THOL -> RA -> NAV"}