{"sequence": ["IL", "ZHIR", "THOL", "AL", "NAV"], "coherence_change": 0.012042380984549905, "sense_index_change": -0.019333443362827496, "phi_s_change": -0.02325618730201895, "grad_phi_change": 0.09447595953445997, "k_phi_change": -0.01791037014205643, "xi_c_change": 0.0, "phase_sync_change": -0.03359545815022613, "epi_magnitude_change": -0.004571850460071913, "hash_signature": "5abc7fcd324aaa8c", "sequence_str": "IL -> ZHIR -> THOL -> AL -> NAV"}