{"sequence": ["NAV", "AL", "RA", "SHA"], "coherence_change": 0.0, "sense_index_change": -0.02171790624786396, "phi_s_change": 0.0, "grad_phi_change": 0.0910730858324853, "k_phi_change": -0.21593744188431296, "xi_c_change": 0.0, "phase_sync_change": -0.03816131381616372, "epi_magnitude_change": 0.005496389660928469, "hash_signature": "b922f97ee6cb951d", "sequence_str": "NAV -> AL -> RA -> SHA"}