{"sequence": ["RA", "RA", "NAV", "NUL", "EN", "NAV"], "coherence_change": 0.0, "sense_index_change": 0.039640241721512814, "phi_s_change": 0.0, "grad_phi_change": -0.2171982589181547, "k_phi_change": -0.10908924438588918, "xi_c_change": 0.0, "phase_sync_change": 0.07066264394025523, "epi_magnitude_change": -0.019827627266895687, "hash_signature": "3fbc60a66c1798ef", "sequence_str": "RA -> RA -> NAV -> NUL -> EN -> NAV"}