{"sequence": ["AL", "EN", "SHA", "UM", "NUL", "OZ"], "coherence_change": -0.017191310427287942, "sense_index_change": 0.0749440575280379, "phi_s_change": -0.24801445945531697, "grad_phi_change": -0.2871124041187749, "k_phi_change": 0.3195487348124705, "xi_c_change": 0.0, "phase_sync_change": 0.10166488747204638, "epi_magnitude_change": -0.002758292950483243, "hash_signature": "1562b1c6cd889329", "sequence_str": "AL -> EN -> SHA -> UM -> NUL -> OZ"}