{"sequence": ["ZHIR", "AL", "UM", "AL", "IL", "OZ"], "coherence_change": -0.004402275266817801, "sense_index_change": 0.0222778327343659, "phi_s_change": 0.037403601323158564, "grad_phi_change": -0.08440702935665412, "k_phi_change": 0.033267081150744005, "xi_c_change": 0.0, "phase_sync_change": 0.016295494949478795, "epi_magnitude_change": 0.007849793364457014, "hash_signature": "aca1fba1b1282066", "sequence_str": "ZHIR -> AL -> UM -> AL -> IL -> OZ"}