{"sequence": ["EN", "SHA", "AL", "OZ"], "coherence_change": -0.015734960087850025, "sense_index_change": 0.016204543114013648, "phi_s_change": -0.16606551169224026, "grad_phi_change": 0.0, "k_phi_change": 0.0, "xi_c_change": 0.0, "phase_sync_change": 0.0, "epi_magnitude_change": -0.0017976869765125025, "hash_signature": "7b4db476a49e9768", "sequence_str": "EN -> SHA -> AL -> OZ"}