{"sequence": ["VAL", "SHA", "NUL", "UM", "ZHIR", "NAV"], "coherence_change": 0.0, "sense_index_change": 0.013659097150585442, "phi_s_change": 0.0, "grad_phi_change": -0.10882952780923993, "k_phi_change": -0.10997077148401202, "xi_c_change": 0.0, "phase_sync_change": 0.045277897617858165, "epi_magnitude_change": -0.0002228812200796293, "hash_signature": "68ed74ad5ee06b15", "sequence_str": "VAL -> SHA -> NUL -> UM -> ZHIR -> NAV"}