{"sequence": ["NAV", "VAL", "THOL", "RA", "NAV"], "coherence_change": 0.002809866316203946, "sense_index_change": 0.02206928576974032, "phi_s_change": 0.03564657508552782, "grad_phi_change": -0.14791631535972138, "k_phi_change": -0.07737183037716155, "xi_c_change": 0.0, "phase_sync_change": 0.05343651011268513, "epi_magnitude_change": 0.011803505919562696, "hash_signature": "c661dde3eaa72d8c", "sequence_str": "NAV -> VAL -> THOL -> RA -> NAV"}