{"sequence": ["AL", "SHA", "ZHIR", "AL", "REMESH"], "coherence_change": 0.0, "sense_index_change": -0.006648787335074902, "phi_s_change": 0.0, "grad_phi_change": 0.006724851482281746, "k_phi_change": 0.04368094776536663, "xi_c_change": 0.0, "phase_sync_change": 8.618701011431362e-06, "epi_magnitude_change": 0.007885370841780093, "hash_signature": "b05d0f5ae463a97b", "sequence_str": "AL -> SHA -> ZHIR -> AL -> REMESH"}