{"sequence": ["VAL", "OZ", "UM", "VAL", "NUL", "OZ"], "coherence_change": -0.02018097974274391, "sense_index_change": 0.009739761998474705, "phi_s_change": -0.13089129648963538, "grad_phi_change": -0.07566896525895439, "k_phi_change": 0.078878595123659, "xi_c_change": 0.0, "phase_sync_change": 0.028067395827351405, "epi_magnitude_change": 0.030567475222496365, "hash_signature": "0b2805bf3d45c569", "sequence_str": "VAL -> OZ -> UM -> VAL -> NUL -> OZ"}