{"sequence": ["IL", "AL", "THOL", "UM", "NAV"], "coherence_change": 0.014496598050623533, "sense_index_change": -0.014772882328910497, "phi_s_change": 0.121294062251743, "grad_phi_change": -0.0172653244612766, "k_phi_change": -0.05653781840790384, "xi_c_change": 0.0, "phase_sync_change": 0.014339516844259936, "epi_magnitude_change": -0.003074897073040206, "hash_signature": "5a5dff6aba3fc7dc", "sequence_str": "IL -> AL -> THOL -> UM -> NAV"}