{"sequence": ["ZHIR", "REMESH", "NAV", "AL", "SHA"], "coherence_change": 0.0, "sense_index_change": -0.008095850038620456, "phi_s_change": 0.0, "grad_phi_change": 0.057595865315812844, "k_phi_change": 0.02440525639502153, "xi_c_change": 0.0, "phase_sync_change": -0.02000000000000013, "epi_magnitude_change": -0.007804871033330496, "hash_signature": "3772b2b575630883", "sequence_str": "ZHIR -> REMESH -> NAV -> AL -> SHA"}