{"sequence": ["EN", "SHA", "UM", "SHA"], "coherence_change": 0.0, "sense_index_change": 0.04742318408800872, "phi_s_change": 0.0, "grad_phi_change": -0.19402824654659878, "k_phi_change": 0.3954852746603182, "xi_c_change": 0.0, "phase_sync_change": 0.0655259812580602, "epi_magnitude_change": 0.0, "hash_signature": "376857d0bf94b5d2", "sequence_str": "EN -> SHA -> UM -> SHA"}