{"sequence": ["NAV", "AL", "THOL", "OZ"], "coherence_change": -0.00783975071354992, "sense_index_change": 0.024723774012095467, "phi_s_change": -0.178771285330935, "grad_phi_change": 0.0, "k_phi_change": 0.0, "xi_c_change": 0.0, "phase_sync_change": 0.0, "epi_magnitude_change": 0.00013966751468441618, "hash_signature": "8e4c86c3e661a0f4", "sequence_str": "NAV -> AL -> THOL -> OZ"}