{"sequence": ["AL", "AL", "IL", "REMESH"], "coherence_change": 0.007355455122616705, "sense_index_change": 0.008792142680315584, "phi_s_change": 0.04081906803037949, "grad_phi_change": 0.0, "k_phi_change": 0.0, "xi_c_change": 0.0, "phase_sync_change": 0.0, "epi_magnitude_change": -0.009826776438225049, "hash_signature": "4c40746bd176550c", "sequence_str": "AL -> AL -> IL -> REMESH"}