{"sequence": ["THOL", "THOL", "NAV", "NUL", "RA", "OZ"], "coherence_change": -0.002384563516439342, "sense_index_change": -0.01587594217590882, "phi_s_change": 0.05371891797182782, "grad_phi_change": -0.017877112658711614, "k_phi_change": 0.31638824349049083, "xi_c_change": 0.0, "phase_sync_change": -0.001961435191020988, "epi_magnitude_change": -0.013397587177324533, "hash_signature": "2a35c753ea16a63f", "sequence_str": "THOL -> THOL -> NAV -> NUL -> RA -> OZ"}