{"sequence": ["VAL", "IL", "NUL", "REMESH"], "coherence_change": 0.010226638918093833, "sense_index_change": 0.007148887596727493, "phi_s_change": -0.0019968490151800466, "grad_phi_change": 0.0, "k_phi_change": 0.0, "xi_c_change": 0.0, "phase_sync_change": 0.0, "epi_magnitude_change": -0.0022046489600136, "hash_signature": "ef4d81d0afe7259e", "sequence_str": "VAL -> IL -> NUL -> REMESH"}