{"sequence": ["AL", "ZHIR", "UM", "RA", "REMESH"], "coherence_change": 0.0, "sense_index_change": 0.021355394156661656, "phi_s_change": 0.0, "grad_phi_change": -0.09427450781193691, "k_phi_change": 0.5494912503776078, "xi_c_change": 0.0, "phase_sync_change": 0.025546678704908232, "epi_magnitude_change": 0.008752715808741485, "hash_signature": "43e47ac504b015d9", "sequence_str": "AL -> ZHIR -> UM -> RA -> REMESH"}