{"sequence": ["NAV", "RA", "THOL", "RA", "REMESH"], "coherence_change": 0.004901171583882258, "sense_index_change": 0.03157828201483337, "phi_s_change": 0.008998094587884364, "grad_phi_change": -0.188799552178325, "k_phi_change": -0.19201467582016724, "xi_c_change": 0.0, "phase_sync_change": 0.05852537787571699, "epi_magnitude_change": 0.0016269892503482097, "hash_signature": "0eb0f9f26cfe7d66", "sequence_str": "NAV -> RA -> THOL -> RA -> REMESH"}