{"sequence": ["NAV", "UM", "UM", "ZHIR", "REMESH"], "coherence_change": 0.0, "sense_index_change": 0.05216691960957309, "phi_s_change": 0.0, "grad_phi_change": -0.30896599781750544, "k_phi_change": 0.21071959941409968, "xi_c_change": 0.0, "phase_sync_change": 0.10193762159446995, "epi_magnitude_change": 0.0007569797942698075, "hash_signature": "8301e27b31fa23b7", "sequence_str": "NAV -> UM -> UM -> ZHIR -> REMESH"}