{"sequence": ["EN", "ZHIR", "NUL", "OZ"], "coherence_change": -0.005473042359726343, "sense_index_change": 0.0015373689456344986, "phi_s_change": -0.0070849902464460435, "grad_phi_change": -0.006597071026613666, "k_phi_change": 0.08921493994289438, "xi_c_change": 0.0, "phase_sync_change": 0.005473698511413216, "epi_magnitude_change": -0.01393722427483568, "hash_signature": "87fbe6e230d7f980", "sequence_str": "EN -> ZHIR -> NUL -> OZ"}