{"sequence": ["UM", "RA", "IL", "VAL", "OZ"], "coherence_change": -0.004429050498929721, "sense_index_change": 0.07683066167704089, "phi_s_change": -0.03526616503362512, "grad_phi_change": -0.3323544851136091, "k_phi_change": 0.21761412291680626, "xi_c_change": 0.0, "phase_sync_change": 0.12119462036023676, "epi_magnitude_change": 0.010857097753134815, "hash_signature": "b1ee96d831692508", "sequence_str": "UM -> RA -> IL -> VAL -> OZ"}