{"sequence": ["REMESH", "ZHIR", "THOL", "IL", "SHA"], "coherence_change": 0.012415685500566931, "sense_index_change": 0.00015573199924445724, "phi_s_change": -0.030129676974337105, "grad_phi_change": -0.011072972679320614, "k_phi_change": 0.0018849480145460007, "xi_c_change": 0.0, "phase_sync_change": 0.0057316645532898836, "epi_magnitude_change": 0.0015978953727195933, "hash_signature": "6ab6d6cbb66cd531", "sequence_str": "REMESH -> ZHIR -> THOL -> IL -> SHA"}