{"sequence": ["VAL", "THOL", "ZHIR", "NAV", "UM", "NAV"], "coherence_change": 0.0050523670194962955, "sense_index_change": 0.043937262571106195, "phi_s_change": -0.0646094849544403, "grad_phi_change": -0.16632420153437777, "k_phi_change": 0.03011475360015553, "xi_c_change": 0.0, "phase_sync_change": 0.06180631410645543, "epi_magnitude_change": 0.00852118680792946, "hash_signature": "0ed41180f68550c0", "sequence_str": "VAL -> THOL -> ZHIR -> NAV -> UM -> NAV"}