{"sequence": ["THOL", "UM", "OZ"], "coherence_change": -0.008779837841633609, "sense_index_change": 0.04925771899314901, "phi_s_change": 0.03250499944151297, "grad_phi_change": -0.22699773571684911, "k_phi_change": 0.36807800126719353, "xi_c_change": 0.0, "phase_sync_change": 0.06955803484637657, "epi_magnitude_change": 0.0, "hash_signature": "c9fe4a59e2671c38", "sequence_str": "THOL -> UM -> OZ"}