{"sequence": ["VAL", "ZHIR", "IL", "UM", "ZHIR", "REMESH"], "coherence_change": 0.007077737168653342, "sense_index_change": 0.015535546798789546, "phi_s_change": -0.012984258555237105, "grad_phi_change": -0.11474945772543732, "k_phi_change": 0.8001184502445626, "xi_c_change": 0.0, "phase_sync_change": 0.04293638087124363, "epi_magnitude_change": 0.01632820907095589, "hash_signature": "0fc0e28b31a5c6bd", "sequence_str": "VAL -> ZHIR -> IL -> UM -> ZHIR -> REMESH"}