{"sequence": ["EN", "ZHIR", "NUL", "REMESH"], "coherence_change": 0.0, "sense_index_change": 0.0087895789204111, "phi_s_change": 0.0, "grad_phi_change": -0.03559096789762273, "k_phi_change": 0.030434405306003276, "xi_c_change": 0.0, "phase_sync_change": 0.011271074609075726, "epi_magnitude_change": -0.017563509284361012, "hash_signature": "6113ef5a45d320a4", "sequence_str": "EN -> ZHIR -> NUL -> REMESH"}