{"sequence": ["THOL", "SHA", "ZHIR", "ZHIR", "SHA"], "coherence_change": 0.004646752024691336, "sense_index_change": 0.010780141414238442, "phi_s_change": -0.03437618700655154, "grad_phi_change": -0.030590282921005407, "k_phi_change": 0.19472724259551458, "xi_c_change": 0.0, "phase_sync_change": 0.009641622011247741, "epi_magnitude_change": 0.0, "hash_signature": "f5d8371638679fbf", "sequence_str": "THOL -> SHA -> ZHIR -> ZHIR -> SHA"}