{"sequence": ["AL", "UM", "REMESH", "REMESH", "VAL", "NAV"], "coherence_change": 0.0, "sense_index_change": 0.006255585997563151, "phi_s_change": 0.0, "grad_phi_change": -0.07698463946091216, "k_phi_change": 0.050686496979348517, "xi_c_change": 0.0, "phase_sync_change": 0.021094460306845808, "epi_magnitude_change": 0.01809516648156928, "hash_signature": "332bbe7ff174bcc5", "sequence_str": "AL -> UM -> REMESH -> REMESH -> VAL -> NAV"}