{"sequence": ["OZ", "AL", "THOL", "VAL", "REMESH"], "coherence_change": -0.00442102487812035, "sense_index_change": -0.0009008955416295317, "phi_s_change": 0.01441180439885581, "grad_phi_change": 0.0, "k_phi_change": 0.0, "xi_c_change": 0.0, "phase_sync_change": 0.0, "epi_magnitude_change": 0.011849372258635249, "hash_signature": "5f721f7b43b8e996", "sequence_str": "OZ -> AL -> THOL -> VAL -> REMESH"}