{"sequence": ["NUL", "IL", "SHA", "SHA"], "coherence_change": 0.008276296521277149, "sense_index_change": -0.011658212192680817, "phi_s_change": 0.055086221336936636, "grad_phi_change": 0.0, "k_phi_change": 0.0, "xi_c_change": 0.0, "phase_sync_change": 0.0, "epi_magnitude_change": -0.011354639746664508, "hash_signature": "742e5b8e8f182f91", "sequence_str": "NUL -> IL -> SHA -> SHA"}