{"sequence": ["NAV", "RA", "VAL", "NAV"], "coherence_change": 0.0, "sense_index_change": 0.015356850614673512, "phi_s_change": 0.0, "grad_phi_change": -0.007264136494705253, "k_phi_change": 0.7404537458958, "xi_c_change": 0.0, "phase_sync_change": -0.005081140386245742, "epi_magnitude_change": 0.022608612660516836, "hash_signature": "865571f7b7b9de75", "sequence_str": "NAV -> RA -> VAL -> NAV"}