{"sequence": ["ZHIR", "VAL", "REMESH"], "coherence_change": 0.0, "sense_index_change": -0.009834880816272318, "phi_s_change": 0.0, "grad_phi_change": 0.04548833103555383, "k_phi_change": 0.1846925740667882, "xi_c_change": 0.0, "phase_sync_change": -0.014683141630549845, "epi_magnitude_change": 0.01898963708630197, "hash_signature": "48ac744405646751", "sequence_str": "ZHIR -> VAL -> REMESH"}