{"sequence": ["NAV", "EN", "UM", "VAL", "NAV"], "coherence_change": 0.0, "sense_index_change": 0.013585542062549805, "phi_s_change": 0.0, "grad_phi_change": -0.10683608120010368, "k_phi_change": -0.0904277657532293, "xi_c_change": 0.0, "phase_sync_change": 0.030954935389422955, "epi_magnitude_change": 0.009726651731645775, "hash_signature": "7dd727d0e179c09f", "sequence_str": "NAV -> EN -> UM -> VAL -> NAV"}