{"sequence": ["RA", "REMESH", "REMESH", "IL", "THOL", "REMESH"], "coherence_change": 0.01072788721059137, "sense_index_change": 0.00414058431758757, "phi_s_change": -0.06290236698774088, "grad_phi_change": -0.0346185721332275, "k_phi_change": 0.32823356109772944, "xi_c_change": 0.0, "phase_sync_change": 0.007257013689115355, "epi_magnitude_change": 0.0034157698175525386, "hash_signature": "67d4663b636d900c", "sequence_str": "RA -> REMESH -> REMESH -> IL -> THOL -> REMESH"}