{"sequence": ["REMESH", "THOL", "ZHIR", "AL", "NAV"], "coherence_change": 0.0041180800883875435, "sense_index_change": 0.014051918674946928, "phi_s_change": 0.013528372641866016, "grad_phi_change": -0.11750767967032272, "k_phi_change": 0.3044351499324747, "xi_c_change": 0.0, "phase_sync_change": 0.03630828867791436, "epi_magnitude_change": -0.0003525996619136995, "hash_signature": "c47ca6c10898763b", "sequence_str": "REMESH -> THOL -> ZHIR -> AL -> NAV"}