{"sequence": ["NAV", "NUL", "NAV", "IL", "ZHIR", "OZ"], "coherence_change": -0.0018253622822621551, "sense_index_change": -0.003629438748519398, "phi_s_change": 0.10086011446921372, "grad_phi_change": -0.02098083700905584, "k_phi_change": 0.2975388846862762, "xi_c_change": 0.0, "phase_sync_change": 0.009189229844572822, "epi_magnitude_change": -0.00985956858758208, "hash_signature": "cda3d2a52c8b4044", "sequence_str": "NAV -> NUL -> NAV -> IL -> ZHIR -> OZ"}