{"sequence": ["VAL", "IL", "VAL", "EN", "OZ"], "coherence_change": -0.004080085974970449, "sense_index_change": 0.0017762264450167375, "phi_s_change": -0.06329226657541731, "grad_phi_change": 0.0, "k_phi_change": 0.0, "xi_c_change": 0.0, "phase_sync_change": 0.0, "epi_magnitude_change": 0.03729835816385618, "hash_signature": "01f54664f31f7894", "sequence_str": "VAL -> IL -> VAL -> EN -> OZ"}