{"sequence": ["OZ", "ZHIR", "ZHIR", "NAV"], "coherence_change": -0.008886797832284743, "sense_index_change": 0.01737736228196718, "phi_s_change": 0.12438240815908419, "grad_phi_change": -0.1147638132995854, "k_phi_change": 0.079792250580584, "xi_c_change": 0.0, "phase_sync_change": 0.03873754409193564, "epi_magnitude_change": 0.0, "hash_signature": "0cc79a3c6898eae5", "sequence_str": "OZ -> ZHIR -> ZHIR -> NAV"}