{"sequence": ["AL", "ZHIR", "THOL", "SHA"], "coherence_change": 0.005537866973662431, "sense_index_change": 0.002885048394970391, "phi_s_change": 0.04592186822885247, "grad_phi_change": -0.05628544812554792, "k_phi_change": 0.1343176284481485, "xi_c_change": 0.0, "phase_sync_change": 0.015103827606651743, "epi_magnitude_change": 0.0010216625803562973, "hash_signature": "f98a3b3071608c8d", "sequence_str": "AL -> ZHIR -> THOL -> SHA"}