{"sequence": ["THOL", "NUL", "ZHIR", "NAV"], "coherence_change": 0.006628359000911188, "sense_index_change": 0.006764319114801132, "phi_s_change": 0.06035234765605069, "grad_phi_change": -0.04546440676318286, "k_phi_change": 0.006091261552735927, "xi_c_change": 0.0, "phase_sync_change": 0.015103827606651632, "epi_magnitude_change": -0.0065993514667598285, "hash_signature": "be11605eff9f0b77", "sequence_str": "THOL -> NUL -> ZHIR -> NAV"}