{"sequence": ["REMESH", "NAV", "OZ", "ZHIR", "ZHIR", "SHA"], "coherence_change": -0.008630796679847785, "sense_index_change": 0.016402245640903756, "phi_s_change": -0.027168447752871305, "grad_phi_change": 0.04536797939242776, "k_phi_change": 0.05939666877638583, "xi_c_change": 0.0, "phase_sync_change": -0.008427669963870899, "epi_magnitude_change": 0.0015014099077385046, "hash_signature": "f8da4668c4ed121b", "sequence_str": "REMESH -> NAV -> OZ -> ZHIR -> ZHIR -> SHA"}