{"sequence": ["NUL", "THOL", "NUL", "ZHIR", "RA", "REMESH"], "coherence_change": 0.005221459893792302, "sense_index_change": -0.0028504541125959904, "phi_s_change": 0.051715380578689296, "grad_phi_change": -0.015607276903214284, "k_phi_change": 0.1079022370853338, "xi_c_change": 0.0, "phase_sync_change": -0.004510432553108457, "epi_magnitude_change": -0.031064665680960224, "hash_signature": "132c61ad772bd0d0", "sequence_str": "NUL -> THOL -> NUL -> ZHIR -> RA -> REMESH"}