{"sequence": ["THOL", "ZHIR", "RA", "REMESH"], "coherence_change": 0.005512914810157921, "sense_index_change": -0.0038488301629520105, "phi_s_change": 0.059310189600193075, "grad_phi_change": 0.03732600688253562, "k_phi_change": 0.38883734195769887, "xi_c_change": 0.0, "phase_sync_change": -0.007537799547526647, "epi_magnitude_change": 0.001267419558278693, "hash_signature": "13d497e0f3e666ff", "sequence_str": "THOL -> ZHIR -> RA -> REMESH"}