{"sequence": ["NUL", "IL", "THOL", "NAV"], "coherence_change": 0.010167897744030818, "sense_index_change": 0.00781565832638731, "phi_s_change": -0.020807939682838894, "grad_phi_change": 0.0, "k_phi_change": 0.0, "xi_c_change": 0.0, "phase_sync_change": 0.0, "epi_magnitude_change": -0.016896171244416447, "hash_signature": "f8059be56a85a82a", "sequence_str": "NUL -> IL -> THOL -> NAV"}