{"sequence": ["THOL", "THOL", "UM", "NAV"], "coherence_change": 0.009939194016367559, "sense_index_change": 0.022829446376266938, "phi_s_change": 0.03642099852429648, "grad_phi_change": -0.14948022062976452, "k_phi_change": 0.026840806268824624, "xi_c_change": 0.0, "phase_sync_change": 0.041126628552317634, "epi_magnitude_change": 0.0, "hash_signature": "cafe96268ed345f5", "sequence_str": "THOL -> THOL -> UM -> NAV"}