{"sequence": ["EN", "RA", "RA", "THOL", "REMESH"], "coherence_change": 0.004205568385078795, "sense_index_change": 0.019944127953716917, "phi_s_change": -0.0061852891590939985, "grad_phi_change": -0.13006188723715506, "k_phi_change": 0.31951474273653435, "xi_c_change": 0.0, "phase_sync_change": 0.04044435489941389, "epi_magnitude_change": 0.0016726274163598731, "hash_signature": "46225f22b6d09181", "sequence_str": "EN -> RA -> RA -> THOL -> REMESH"}