{"sequence": ["EN", "RA", "AL", "ZHIR", "SHA"], "coherence_change": 0.0, "sense_index_change": -0.008563863921274173, "phi_s_change": 0.0, "grad_phi_change": 0.036127528680401255, "k_phi_change": 0.7989149719583146, "xi_c_change": 0.0, "phase_sync_change": -0.014101693949661764, "epi_magnitude_change": 0.002882652544923592, "hash_signature": "1fbba20a07b918c4", "sequence_str": "EN -> RA -> AL -> ZHIR -> SHA"}