{"sequence": ["RA", "ZHIR", "ZHIR", "THOL", "IL", "OZ"], "coherence_change": -0.002149689604321492, "sense_index_change": 0.01685219325026399, "phi_s_change": 0.09613865584766979, "grad_phi_change": 0.03873125420515766, "k_phi_change": 0.2538539701818933, "xi_c_change": 0.0, "phase_sync_change": -0.017186400628050102, "epi_magnitude_change": 0.0, "hash_signature": "e85e7bbc38f52723", "sequence_str": "RA -> ZHIR -> ZHIR -> THOL -> IL -> OZ"}