{"sequence": ["NAV", "EN", "NAV", "THOL", "REMESH"], "coherence_change": 0.004573816597011282, "sense_index_change": 0.0009233474924041918, "phi_s_change": 0.04420699386166582, "grad_phi_change": 0.0, "k_phi_change": 0.0, "xi_c_change": 0.0, "phase_sync_change": 0.0, "epi_magnitude_change": 0.0012986608727467708, "hash_signature": "0e37289b321cf713", "sequence_str": "NAV -> EN -> NAV -> THOL -> REMESH"}