{"sequence": ["OZ", "VAL", "SHA", "AL", "OZ"], "coherence_change": -0.025121864371751013, "sense_index_change": 0.022424043425096518, "phi_s_change": 0.0563252225726687, "grad_phi_change": 0.0, "k_phi_change": 0.0, "xi_c_change": 0.0, "phase_sync_change": 0.0, "epi_magnitude_change": 0.010014002865087135, "hash_signature": "ea5132c3abe30b68", "sequence_str": "OZ -> VAL -> SHA -> AL -> OZ"}