{"sequence": ["AL", "THOL", "UM", "SHA"], "coherence_change": 0.00518490867738719, "sense_index_change": -0.0006183421694638813, "phi_s_change": 0.023084186685099817, "grad_phi_change": -0.007382316098579977, "k_phi_change": 0.02300015469943653, "xi_c_change": 0.0, "phase_sync_change": 0.00124691724965742, "epi_magnitude_change": -0.0029309418855084646, "hash_signature": "291d7114cafee0eb", "sequence_str": "AL -> THOL -> UM -> SHA"}