{"sequence": ["THOL", "REMESH", "THOL", "OZ"], "coherence_change": -0.005259261364915613, "sense_index_change": 0.01816559350379021, "phi_s_change": -0.027567336689131916, "grad_phi_change": 0.0, "k_phi_change": 0.0, "xi_c_change": 0.0, "phase_sync_change": 0.0, "epi_magnitude_change": 0.0014921450844100903, "hash_signature": "0f1edd0a6f0b33b1", "sequence_str": "THOL -> REMESH -> THOL -> OZ"}