{"sequence": ["ZHIR", "UM", "VAL", "OZ"], "coherence_change": -0.005155052804228233, "sense_index_change": -0.005662544801955383, "phi_s_change": -0.07205058781573703, "grad_phi_change": -0.06977463605040013, "k_phi_change": 0.7630808927730126, "xi_c_change": 0.0, "phase_sync_change": 0.01946279134423523, "epi_magnitude_change": 0.01797971561603151, "hash_signature": "8ca979e3330d89c6", "sequence_str": "ZHIR -> UM -> VAL -> OZ"}