{"sequence": ["NAV", "RA", "OZ", "VAL", "IL", "OZ"], "coherence_change": -0.019734760994580602, "sense_index_change": 0.01651488515919175, "phi_s_change": -0.04172101330949218, "grad_phi_change": -0.11698469031982794, "k_phi_change": -0.2438055450132735, "xi_c_change": 0.0, "phase_sync_change": 0.03649908387737033, "epi_magnitude_change": 0.012368000929681155, "hash_signature": "2a91d4149a38faa3", "sequence_str": "NAV -> RA -> OZ -> VAL -> IL -> OZ"}