{"sequence": ["OZ", "ZHIR", "NUL", "NAV", "IL", "NAV"], "coherence_change": -0.002485868161194782, "sense_index_change": 0.0036816666189095626, "phi_s_change": 0.12774834358234033, "grad_phi_change": 0.006434583657668913, "k_phi_change": -0.08205705393502483, "xi_c_change": 0.0, "phase_sync_change": -0.0018483075689559314, "epi_magnitude_change": -0.016238185286730822, "hash_signature": "49d4402c59a3b1f0", "sequence_str": "OZ -> ZHIR -> NUL -> NAV -> IL -> NAV"}