{"sequence": ["AL", "IL", "REMESH", "IL", "NAV"], "coherence_change": 0.015303628000762126, "sense_index_change": 0.005035844899020203, "phi_s_change": 0.0409551306246726, "grad_phi_change": 0.0, "k_phi_change": 0.0, "xi_c_change": 0.0, "phase_sync_change": 0.0, "epi_magnitude_change": -0.007020625112016177, "hash_signature": "654374a0dea5ee13", "sequence_str": "AL -> IL -> REMESH -> IL -> NAV"}