{"sequence": ["ZHIR", "UM", "THOL", "VAL", "AL", "SHA"], "coherence_change": 0.0041406371660218655, "sense_index_change": 0.05418902639769929, "phi_s_change": 0.0028243040509006168, "grad_phi_change": -0.30202934287189076, "k_phi_change": -0.30133103740695644, "xi_c_change": 0.0, "phase_sync_change": 0.0944021137697143, "epi_magnitude_change": 0.01107594253502242, "hash_signature": "5c47ddc5478996fa", "sequence_str": "ZHIR -> UM -> THOL -> VAL -> AL -> SHA"}