{"sequence": ["EN", "IL", "VAL", "IL", "AL", "OZ"], "coherence_change": 0.004925051914509537, "sense_index_change": 0.0052341927868653215, "phi_s_change": -0.027373831890010414, "grad_phi_change": 0.0, "k_phi_change": 0.0, "xi_c_change": 0.0, "phase_sync_change": 0.0, "epi_magnitude_change": 0.011822418061162576, "hash_signature": "2c38537e67485c54", "sequence_str": "EN -> IL -> VAL -> IL -> AL -> OZ"}