{"sequence": ["AL", "IL", "EN", "RA", "NAV"], "coherence_change": 0.010039427971275772, "sense_index_change": 0.01069070978844211, "phi_s_change": 0.1462063342931087, "grad_phi_change": -0.024291452778106182, "k_phi_change": 0.41187443107334826, "xi_c_change": 0.0, "phase_sync_change": 0.004643962273325086, "epi_magnitude_change": 0.012543610323242027, "hash_signature": "25d2ae32b6665ba5", "sequence_str": "AL -> IL -> EN -> RA -> NAV"}