{"sequence": ["NAV", "RA", "ZHIR", "EN", "OZ"], "coherence_change": -0.013201620030016792, "sense_index_change": 0.01588032485626034, "phi_s_change": -0.021652774173883227, "grad_phi_change": -0.07142492066150297, "k_phi_change": 0.25279766376618185, "xi_c_change": 0.0, "phase_sync_change": 0.01739050354707261, "epi_magnitude_change": 0.0, "hash_signature": "ccaaaa9b3411aa54", "sequence_str": "NAV -> RA -> ZHIR -> EN -> OZ"}