{"sequence": ["OZ", "AL", "UM", "OZ"], "coherence_change": -0.025082119559323157, "sense_index_change": 0.030219493985862766, "phi_s_change": -0.03248060476924142, "grad_phi_change": -0.07255617975644735, "k_phi_change": 0.36947799583494495, "xi_c_change": 0.0, "phase_sync_change": 0.02365190775391679, "epi_magnitude_change": -0.009777661415919292, "hash_signature": "94c7f5c8702d1d7c", "sequence_str": "OZ -> AL -> UM -> OZ"}