{"sequence": ["SHA", "VAL", "NUL", "OZ"], "coherence_change": -0.01157320429570563, "sense_index_change": 0.021620451469499757, "phi_s_change": -0.049504087507921235, "grad_phi_change": 0.0, "k_phi_change": 0.0, "xi_c_change": 0.0, "phase_sync_change": 0.0, "epi_magnitude_change": -0.0005533265723354219, "hash_signature": "91362867d51d6131", "sequence_str": "SHA -> VAL -> NUL -> OZ"}