{"sequence": ["AL", "NAV", "IL", "REMESH"], "coherence_change": 0.005959991766178896, "sense_index_change": -0.015477672551431787, "phi_s_change": 0.01229571983452915, "grad_phi_change": 0.0, "k_phi_change": 0.0, "xi_c_change": 0.0, "phase_sync_change": 0.0, "epi_magnitude_change": 0.007032752341844528, "hash_signature": "deb902793debeb14", "sequence_str": "AL -> NAV -> IL -> REMESH"}