{"sequence": ["IL", "NUL", "REMESH", "RA", "NAV"], "coherence_change": 0.006582366911761395, "sense_index_change": -0.001218925824681527, "phi_s_change": 0.056534951128552446, "grad_phi_change": 0.03864702729151226, "k_phi_change": 0.08811403967926407, "xi_c_change": 0.0, "phase_sync_change": -0.02309918756406293, "epi_magnitude_change": -0.006869221120486713, "hash_signature": "ec57ed708143d28b", "sequence_str": "IL -> NUL -> REMESH -> RA -> NAV"}