{"sequence": ["SHA", "IL", "UM", "VAL", "RA", "OZ"], "coherence_change": -0.000871185193963564, "sense_index_change": -0.0028941051015770602, "phi_s_change": 0.08892371579335501, "grad_phi_change": -0.07831147655878379, "k_phi_change": -0.1715198916739658, "xi_c_change": 0.0, "phase_sync_change": 0.012333624536305599, "epi_magnitude_change": 0.009859547191307882, "hash_signature": "4c26254247ccdeea", "sequence_str": "SHA -> IL -> UM -> VAL -> RA -> OZ"}