{"sequence": ["SHA", "IL", "IL", "VAL", "OZ"], "coherence_change": 0.0005578102226432291, "sense_index_change": 0.026576775841167133, "phi_s_change": -0.030154753186939387, "grad_phi_change": 0.0, "k_phi_change": 0.0, "xi_c_change": 0.0, "phase_sync_change": 0.0, "epi_magnitude_change": 0.02812776714861953, "hash_signature": "90a7bda00cc99cfb", "sequence_str": "SHA -> IL -> IL -> VAL -> OZ"}