{"sequence": ["NAV", "NUL", "EN", "OZ"], "coherence_change": -0.016915027818732775, "sense_index_change": 0.017117816799844587, "phi_s_change": -0.09344827332876882, "grad_phi_change": 0.0, "k_phi_change": 0.0, "xi_c_change": 0.0, "phase_sync_change": 0.0, "epi_magnitude_change": -0.009003862385976502, "hash_signature": "f0ff1cbd217722c4", "sequence_str": "NAV -> NUL -> EN -> OZ"}