{"sequence": ["SHA", "UM", "NAV", "ZHIR", "OZ"], "coherence_change": -0.01322400680329383, "sense_index_change": 0.03323675005774718, "phi_s_change": -0.04548080968510293, "grad_phi_change": -0.2530046219730544, "k_phi_change": -0.1917439310468702, "xi_c_change": 0.0, "phase_sync_change": 0.07233663704648563, "epi_magnitude_change": 0.0, "hash_signature": "5de12df411a2b423", "sequence_str": "SHA -> UM -> NAV -> ZHIR -> OZ"}