{"sequence": ["REMESH", "EN", "THOL", "OZ"], "coherence_change": -0.004114087602321237, "sense_index_change": 0.00030127229069731865, "phi_s_change": -0.029904933942298317, "grad_phi_change": 0.0, "k_phi_change": 0.0, "xi_c_change": 0.0, "phase_sync_change": 0.0, "epi_magnitude_change": 0.0017142472554980692, "hash_signature": "591754f906f6334f", "sequence_str": "REMESH -> EN -> THOL -> OZ"}