{"sequence": ["REMESH", "AL", "ZHIR", "OZ", "VAL", "NAV"], "coherence_change": -0.014658503456777994, "sense_index_change": 0.01254799328810352, "phi_s_change": 0.033076037476797215, "grad_phi_change": 0.02697709432943629, "k_phi_change": 0.16571129565073356, "xi_c_change": 0.0, "phase_sync_change": -0.010653454305912469, "epi_magnitude_change": 0.014401081316326336, "hash_signature": "14941347b7f93ed2", "sequence_str": "REMESH -> AL -> ZHIR -> OZ -> VAL -> NAV"}