{"sequence": ["UM", "VAL", "REMESH", "NUL", "OZ"], "coherence_change": -0.01505805001064131, "sense_index_change": 0.05826342090071557, "phi_s_change": -0.051348877917666735, "grad_phi_change": -0.3553395357372673, "k_phi_change": 0.14478334606326945, "xi_c_change": 0.0, "phase_sync_change": 0.12163054217249358, "epi_magnitude_change": 0.003494072347350108, "hash_signature": "3da981171f872856", "sequence_str": "UM -> VAL -> REMESH -> NUL -> OZ"}