{"sequence": ["NAV", "ZHIR", "AL", "AL", "NAV"], "coherence_change": 0.0, "sense_index_change": 0.011241715351202441, "phi_s_change": 0.0, "grad_phi_change": -0.04011237377123833, "k_phi_change": -0.15873991726301517, "xi_c_change": 0.0, "phase_sync_change": 0.016837821758292848, "epi_magnitude_change": 0.01604550162522622, "hash_signature": "9cdd4cde8565419a", "sequence_str": "NAV -> ZHIR -> AL -> AL -> NAV"}