{"sequence": ["RA", "UM", "EN", "SHA"], "coherence_change": 0.0, "sense_index_change": 0.022327648398700717, "phi_s_change": 0.0, "grad_phi_change": -0.18493042205366006, "k_phi_change": -0.18666841766956205, "xi_c_change": 0.0, "phase_sync_change": 0.04528602989558295, "epi_magnitude_change": 0.0, "hash_signature": "4b886b0f32f9cdc3", "sequence_str": "RA -> UM -> EN -> SHA"}