{"sequence": ["EN", "NUL", "RA", "NAV"], "coherence_change": 0.0, "sense_index_change": -0.030204787135972022, "phi_s_change": 0.0, "grad_phi_change": 0.12388298221716343, "k_phi_change": 0.19029239792348207, "xi_c_change": 0.0, "phase_sync_change": -0.049075835266087164, "epi_magnitude_change": -0.011394673202158812, "hash_signature": "c94059c4069c129a", "sequence_str": "EN -> NUL -> RA -> NAV"}