{"sequence": ["IL", "UM", "ZHIR", "NAV"], "coherence_change": 0.006295433681899443, "sense_index_change": 0.00606464460326217, "phi_s_change": 0.05549638253929501, "grad_phi_change": 0.02228511613070938, "k_phi_change": -0.1460049993326452, "xi_c_change": 0.0, "phase_sync_change": -0.01793657637276691, "epi_magnitude_change": 0.0, "hash_signature": "4418b7e83532d698", "sequence_str": "IL -> UM -> ZHIR -> NAV"}