{"sequence": ["AL", "EN", "NAV", "AL", "NUL", "OZ"], "coherence_change": -0.007482270175052652, "sense_index_change": -0.009954112140414473, "phi_s_change": 0.0671093483751477, "grad_phi_change": 0.0, "k_phi_change": 0.0, "xi_c_change": 0.0, "phase_sync_change": 0.0, "epi_magnitude_change": -0.008050712822879502, "hash_signature": "99392f2d2f439d74", "sequence_str": "AL -> EN -> NAV -> AL -> NUL -> OZ"}