{"sequence": ["SHA", "ZHIR", "ZHIR", "OZ"], "coherence_change": -0.013218755487304779, "sense_index_change": -0.006807950727188761, "phi_s_change": 0.07083949347252883, "grad_phi_change": 0.030964350543668084, "k_phi_change": -0.03553326505768861, "xi_c_change": 0.0, "phase_sync_change": -0.005299770879673704, "epi_magnitude_change": 0.0, "hash_signature": "ed047041689b8460", "sequence_str": "SHA -> ZHIR -> ZHIR -> OZ"}