{"sequence": ["ZHIR", "THOL", "AL", "AL", "EN", "SHA"], "coherence_change": 0.004179664979606534, "sense_index_change": -0.006646451987934454, "phi_s_change": 0.017090793864622866, "grad_phi_change": 0.029749448765545194, "k_phi_change": -0.1602866953647744, "xi_c_change": 0.0, "phase_sync_change": -0.007929122574730996, "epi_magnitude_change": -0.007773875415168052, "hash_signature": "eebffe3f3ed917b5", "sequence_str": "ZHIR -> THOL -> AL -> AL -> EN -> SHA"}