{"sequence": ["REMESH", "RA", "IL", "THOL", "NUL", "SHA"], "coherence_change": 0.014502829255604421, "sense_index_change": -0.028905515902645174, "phi_s_change": 0.11591687121160732, "grad_phi_change": 0.08271622166603532, "k_phi_change": 0.3017628187667509, "xi_c_change": 0.0, "phase_sync_change": -0.03420018934039393, "epi_magnitude_change": -0.014031580595536997, "hash_signature": "6727ef6cf0933c4a", "sequence_str": "REMESH -> RA -> IL -> THOL -> NUL -> SHA"}