{"sequence": ["ZHIR", "THOL", "UM", "REMESH"], "coherence_change": 0.005699095323872139, "sense_index_change": -0.01612977281614958, "phi_s_change": 0.060852754462836, "grad_phi_change": 0.031122084252676707, "k_phi_change": 0.23240110958784413, "xi_c_change": 0.0, "phase_sync_change": -0.021622804655601402, "epi_magnitude_change": 0.0014346909486331327, "hash_signature": "969d9be16c704fa7", "sequence_str": "ZHIR -> THOL -> UM -> REMESH"}