{"sequence": ["AL", "NUL", "ZHIR", "SHA", "IL", "REMESH"], "coherence_change": 0.00890159475296981, "sense_index_change": 0.030505167197573235, "phi_s_change": 0.04066111768874181, "grad_phi_change": -0.06352998477259364, "k_phi_change": 0.17060739241843254, "xi_c_change": 0.0, "phase_sync_change": 0.019999999999999907, "epi_magnitude_change": -0.009714254681215784, "hash_signature": "db14e6ceb15aee0d", "sequence_str": "AL -> NUL -> ZHIR -> SHA -> IL -> REMESH"}