{"sequence": ["AL", "AL", "NAV", "IL", "NAV"], "coherence_change": 0.006749322726592122, "sense_index_change": 0.00020334368463748032, "phi_s_change": 0.03767038011139845, "grad_phi_change": 0.0, "k_phi_change": 0.0, "xi_c_change": 0.0, "phase_sync_change": 0.0, "epi_magnitude_change": -0.0031308909265765905, "hash_signature": "4ad086ee7f38b60a", "sequence_str": "AL -> AL -> NAV -> IL -> NAV"}