{"sequence": ["RA", "OZ", "AL", "SHA"], "coherence_change": -0.012415954991015887, "sense_index_change": -0.0012546803423628683, "phi_s_change": -0.021743702633937323, "grad_phi_change": 0.002738671485502664, "k_phi_change": 0.718100670635264, "xi_c_change": 0.0, "phase_sync_change": -0.007804135832644277, "epi_magnitude_change": 0.0019689135339971964, "hash_signature": "d1d2953d6b95182d", "sequence_str": "RA -> OZ -> AL -> SHA"}