{"sequence": ["RA", "EN", "NAV", "IL", "EN", "REMESH"], "coherence_change": 0.008844213812148394, "sense_index_change": 0.014865544796190955, "phi_s_change": 0.05163929735915451, "grad_phi_change": -0.06358066763039627, "k_phi_change": -0.06834406755666816, "xi_c_change": 0.0, "phase_sync_change": 0.016499324563090334, "epi_magnitude_change": 0.0015399695905886635, "hash_signature": "d0ed49b210aed4c9", "sequence_str": "RA -> EN -> NAV -> IL -> EN -> REMESH"}