{"sequence": ["AL", "UM", "UM", "SHA"], "coherence_change": 0.0, "sense_index_change": 0.08023391698154658, "phi_s_change": 0.0, "grad_phi_change": -0.43869050580935687, "k_phi_change": 0.15538405900181235, "xi_c_change": 0.0, "phase_sync_change": 0.14944146072731945, "epi_magnitude_change": 0.0004032714450894481, "hash_signature": "5ca6eb6278291590", "sequence_str": "AL -> UM -> UM -> SHA"}