{"sequence": ["AL", "AL", "IL", "THOL", "NAV"], "coherence_change": 0.012481569485385258, "sense_index_change": 0.002748214408056282, "phi_s_change": 0.06954756139191742, "grad_phi_change": 0.0, "k_phi_change": 0.0, "xi_c_change": 0.0, "phase_sync_change": 0.0, "epi_magnitude_change": -0.010999702296081493, "hash_signature": "6d8d1864a9d64f0e", "sequence_str": "AL -> AL -> IL -> THOL -> NAV"}