{"sequence": ["RA", "SHA", "UM", "RA", "RA", "OZ"], "coherence_change": -0.011807879067085025, "sense_index_change": 0.08060002696463298, "phi_s_change": -0.04556427107706573, "grad_phi_change": -0.5797851892501868, "k_phi_change": 0.05655617062380741, "xi_c_change": 0.0, "phase_sync_change": 0.18754348831327194, "epi_magnitude_change": 0.0, "hash_signature": "430f502c1adc2929", "sequence_str": "RA -> SHA -> UM -> RA -> RA -> OZ"}