{"sequence": ["AL", "SHA", "VAL", "IL", "NUL", "OZ"], "coherence_change": -0.009252025328872149, "sense_index_change": 0.024021838374351456, "phi_s_change": -0.06069158680536424, "grad_phi_change": 0.0, "k_phi_change": 0.0, "xi_c_change": 0.0, "phase_sync_change": 0.0, "epi_magnitude_change": -0.002834093864586995, "hash_signature": "600438f1ae1c0343", "sequence_str": "AL -> SHA -> VAL -> IL -> NUL -> OZ"}