{"sequence": ["UM", "RA", "IL", "IL", "REMESH"], "coherence_change": 0.010344575716948912, "sense_index_change": 0.05631808680667594, "phi_s_change": 0.06241375770744506, "grad_phi_change": -0.22519481362797245, "k_phi_change": 0.3463770837819467, "xi_c_change": 0.0, "phase_sync_change": 0.0757235468515497, "epi_magnitude_change": 0.0013383255196327548, "hash_signature": "d40a12d0fdb3285b", "sequence_str": "UM -> RA -> IL -> IL -> REMESH"}