{"sequence": ["THOL", "THOL", "EN", "AL", "SHA"], "coherence_change": 0.011057742012636651, "sense_index_change": 0.010370020721915285, "phi_s_change": 0.05317514538343515, "grad_phi_change": 0.0, "k_phi_change": 0.0, "xi_c_change": 0.0, "phase_sync_change": 0.0, "epi_magnitude_change": -0.006948429753961594, "hash_signature": "91c8d30f8b361b13", "sequence_str": "THOL -> THOL -> EN -> AL -> SHA"}