{"sequence": ["VAL", "RA", "NUL", "NAV"], "coherence_change": 0.0, "sense_index_change": -0.010127180186435603, "phi_s_change": 0.0, "grad_phi_change": 0.04370171371027998, "k_phi_change": -0.047016829566553425, "xi_c_change": 0.0, "phase_sync_change": -0.023224249649113515, "epi_magnitude_change": 0.01152621954733235, "hash_signature": "bd65bfbf0f209efc", "sequence_str": "VAL -> RA -> NUL -> NAV"}