{"sequence": ["NUL", "VAL", "THOL", "AL", "UM", "SHA"], "coherence_change": 0.00456458075845434, "sense_index_change": 0.007345363894729395, "phi_s_change": -0.0018377147175744346, "grad_phi_change": -0.06808351466533069, "k_phi_change": -0.35234549381218166, "xi_c_change": 0.0, "phase_sync_change": 0.016581555627540268, "epi_magnitude_change": 0.001813902516150212, "hash_signature": "5b3683869a0f3f2b", "sequence_str": "NUL -> VAL -> THOL -> AL -> UM -> SHA"}