{"sequence": ["THOL", "RA", "IL", "IL", "EN", "OZ"], "coherence_change": 0.009309954414165933, "sense_index_change": 0.02801653670053672, "phi_s_change": 0.01977870633642853, "grad_phi_change": -0.0989476558274398, "k_phi_change": 0.16579453593578344, "xi_c_change": 0.0, "phase_sync_change": 0.029062532202183022, "epi_magnitude_change": 0.0, "hash_signature": "963d663b54fd578b", "sequence_str": "THOL -> RA -> IL -> IL -> EN -> OZ"}