{"sequence": ["AL", "AL", "UM", "THOL", "EN", "REMESH"], "coherence_change": 0.005604206430386616, "sense_index_change": -0.006676796345417624, "phi_s_change": -0.014893718050512095, "grad_phi_change": 0.010846773821569178, "k_phi_change": 0.7122762129231146, "xi_c_change": 0.0, "phase_sync_change": 0.005877173229541732, "epi_magnitude_change": -0.0013905099409615707, "hash_signature": "f1c15dc137163175", "sequence_str": "AL -> AL -> UM -> THOL -> EN -> REMESH"}