{"sequence": ["SHA", "RA", "THOL", "REMESH"], "coherence_change": 0.006145360030957225, "sense_index_change": -0.019807921386572502, "phi_s_change": 0.01395593165748188, "grad_phi_change": 0.021269639961505327, "k_phi_change": -0.01402788007446329, "xi_c_change": 0.0, "phase_sync_change": -0.012979102948040722, "epi_magnitude_change": 0.0016781851389884306, "hash_signature": "9aa763ed8062c968", "sequence_str": "SHA -> RA -> THOL -> REMESH"}