{"sequence": ["RA", "ZHIR", "NUL", "NAV"], "coherence_change": 0.0, "sense_index_change": 0.010841419035559907, "phi_s_change": 0.0, "grad_phi_change": -0.0526930280046467, "k_phi_change": 0.3281408210474617, "xi_c_change": 0.0, "phase_sync_change": 0.013764941736736369, "epi_magnitude_change": -0.01296465413981529, "hash_signature": "e3473d4ee529f338", "sequence_str": "RA -> ZHIR -> NUL -> NAV"}