{"sequence": ["OZ", "EN", "UM", "VAL", "REMESH"], "coherence_change": -0.00821065022454548, "sense_index_change": 0.0455132898667141, "phi_s_change": -0.11603407942022292, "grad_phi_change": -0.15123775193482536, "k_phi_change": -0.2175827367413844, "xi_c_change": 0.0, "phase_sync_change": 0.04849194190337791, "epi_magnitude_change": 0.018002234129633976, "hash_signature": "4f9f863426c81f74", "sequence_str": "OZ -> EN -> UM -> VAL -> REMESH"}