{"sequence": ["ZHIR", "RA", "EN", "REMESH"], "coherence_change": 0.0, "sense_index_change": 0.010250332076040203, "phi_s_change": 0.0, "grad_phi_change": -0.018307000227983927, "k_phi_change": 0.08145401461002993, "xi_c_change": 0.0, "phase_sync_change": 0.007870505893484814, "epi_magnitude_change": 0.0010789020512088632, "hash_signature": "44dbc490c7682b28", "sequence_str": "ZHIR -> RA -> EN -> REMESH"}