{"sequence": ["SHA", "RA", "NUL", "OZ"], "coherence_change": -0.0081081060888053, "sense_index_change": -0.012662021987250305, "phi_s_change": -0.023721914667152344, "grad_phi_change": 0.06188028721138883, "k_phi_change": 0.5196645084246316, "xi_c_change": 0.0, "phase_sync_change": -0.023986394942030698, "epi_magnitude_change": -0.010725466879270784, "hash_signature": "f490f528330a2f4e", "sequence_str": "SHA -> RA -> NUL -> OZ"}