{"sequence": ["SHA", "NAV", "VAL", "ZHIR", "EN", "REMESH"], "coherence_change": 0.0, "sense_index_change": -0.004510797559673763, "phi_s_change": 0.0, "grad_phi_change": 0.03465030812315084, "k_phi_change": 0.1130532081931172, "xi_c_change": 0.0, "phase_sync_change": -0.009572381473885172, "epi_magnitude_change": 0.013614794776326655, "hash_signature": "3d43775d4b89dbd2", "sequence_str": "SHA -> NAV -> VAL -> ZHIR -> EN -> REMESH"}