{"sequence": ["IL", "AL", "NAV"], "coherence_change": 0.01031686718157332, "sense_index_change": -0.013663373185088534, "phi_s_change": 0.12190855623724262, "grad_phi_change": 0.0, "k_phi_change": 0.0, "xi_c_change": 0.0, "phase_sync_change": 0.0, "epi_magnitude_change": 0.004751687005869476, "hash_signature": "989586ca30f3e0b3", "sequence_str": "IL -> AL -> NAV"}