{"sequence": ["EN", "IL", "OZ", "AL", "EN", "SHA"], "coherence_change": -0.010009845514578508, "sense_index_change": 0.011421726220673944, "phi_s_change": -0.1475507302467557, "grad_phi_change": 0.0, "k_phi_change": 0.0, "xi_c_change": 0.0, "phase_sync_change": 0.0, "epi_magnitude_change": -0.001867092465347886, "hash_signature": "578af65ad014c8d8", "sequence_str": "EN -> IL -> OZ -> AL -> EN -> SHA"}