{"sequence": ["IL", "UM", "IL", "OZ"], "coherence_change": 0.00732837340154513, "sense_index_change": 0.01765444436465602, "phi_s_change": -0.01639947836844846, "grad_phi_change": -0.08069098783683315, "k_phi_change": 0.16958797289781782, "xi_c_change": 0.0, "phase_sync_change": 0.022758175770513422, "epi_magnitude_change": 0.0, "hash_signature": "7914c9c1e06397f5", "sequence_str": "IL -> UM -> IL -> OZ"}