{"sequence": ["IL", "EN", "UM", "NAV"], "coherence_change": 0.008666363320196546, "sense_index_change": -0.03551867774249329, "phi_s_change": 0.04844804158417537, "grad_phi_change": 0.10828315243053321, "k_phi_change": 0.18148911910769033, "xi_c_change": 0.0, "phase_sync_change": -0.044756741941502254, "epi_magnitude_change": 0.0, "hash_signature": "846a748a388bdd30", "sequence_str": "IL -> EN -> UM -> NAV"}