{"sequence": ["ZHIR", "THOL", "OZ", "OZ", "RA", "SHA"], "coherence_change": -0.024802635803978235, "sense_index_change": -0.028556967263679622, "phi_s_change": 0.10280319851699882, "grad_phi_change": 0.09209566608662678, "k_phi_change": 0.41161290246649795, "xi_c_change": 0.0, "phase_sync_change": -0.03527218432342161, "epi_magnitude_change": 0.0, "hash_signature": "48095580c5d56852", "sequence_str": "ZHIR -> THOL -> OZ -> OZ -> RA -> SHA"}