{"sequence": ["AL", "IL", "ZHIR", "SHA"], "coherence_change": 0.012501435549879147, "sense_index_change": 0.0015418034252575596, "phi_s_change": -0.032325796390590966, "grad_phi_change": 0.09626777006433218, "k_phi_change": -0.1632886532617932, "xi_c_change": 0.0, "phase_sync_change": -0.029976700551845203, "epi_magnitude_change": -0.0073912572562790935, "hash_signature": "7144096f9cd6f757", "sequence_str": "AL -> IL -> ZHIR -> SHA"}