{"sequence": ["THOL", "EN", "IL", "ZHIR", "SHA"], "coherence_change": 0.012303829873521077, "sense_index_change": -0.004597271908596268, "phi_s_change": -0.017648311240472947, "grad_phi_change": 0.018151424220740786, "k_phi_change": 0.3537884245802772, "xi_c_change": 0.0, "phase_sync_change": -0.00666666666666671, "epi_magnitude_change": 0.0, "hash_signature": "12a8a1f76750dc18", "sequence_str": "THOL -> EN -> IL -> ZHIR -> SHA"}