{"sequence": ["IL", "ZHIR", "OZ"], "coherence_change": -0.0029115577111893387, "sense_index_change": -0.026727216033131496, "phi_s_change": 0.12111002239769597, "grad_phi_change": 0.04577689224516335, "k_phi_change": 0.07323010906146937, "xi_c_change": 0.0, "phase_sync_change": -0.013625539613168813, "epi_magnitude_change": 0.0, "hash_signature": "a3a3fa9945a04044", "sequence_str": "IL -> ZHIR -> OZ"}