{"sequence": ["ZHIR", "RA", "NUL", "SHA"], "coherence_change": 0.0, "sense_index_change": -0.04324424311534969, "phi_s_change": 0.0, "grad_phi_change": 0.14925158634893965, "k_phi_change": 0.4390321084955604, "xi_c_change": 0.0, "phase_sync_change": -0.05665425665244517, "epi_magnitude_change": -0.010857993823635836, "hash_signature": "b70dcc017acbc091", "sequence_str": "ZHIR -> RA -> NUL -> SHA"}