{"sequence": ["NAV", "NUL", "NUL", "IL", "REMESH"], "coherence_change": 0.0068113661784183765, "sense_index_change": 0.004784179568487978, "phi_s_change": 0.01940605834804565, "grad_phi_change": 0.0, "k_phi_change": 0.0, "xi_c_change": 0.0, "phase_sync_change": 0.0, "epi_magnitude_change": -0.028469341681604865, "hash_signature": "cb51120870e267d8", "sequence_str": "NAV -> NUL -> NUL -> IL -> REMESH"}