{"sequence": ["SHA", "THOL", "THOL", "REMESH"], "coherence_change": 0.007559548467392818, "sense_index_change": 0.010186067961285405, "phi_s_change": 0.05953151664542766, "grad_phi_change": 0.0, "k_phi_change": 0.0, "xi_c_change": 0.0, "phase_sync_change": 0.0, "epi_magnitude_change": 0.0010434060492856556, "hash_signature": "4b720cdd7016ff33", "sequence_str": "SHA -> THOL -> THOL -> REMESH"}