{"sequence": ["THOL", "OZ", "NUL", "REMESH"], "coherence_change": -0.009976216914989178, "sense_index_change": -0.006488930850761299, "phi_s_change": -0.06377153000312807, "grad_phi_change": 0.0, "k_phi_change": 0.0, "xi_c_change": 0.0, "phase_sync_change": 0.0, "epi_magnitude_change": -0.024017085855463804, "hash_signature": "91813f3604ca5aa4", "sequence_str": "THOL -> OZ -> NUL -> REMESH"}