{"sequence": ["UM", "VAL", "NAV", "ZHIR", "NAV"], "coherence_change": 0.0, "sense_index_change": 0.007388288733914172, "phi_s_change": 0.0, "grad_phi_change": -0.10423827197978364, "k_phi_change": 0.1349157817842742, "xi_c_change": 0.0, "phase_sync_change": 0.025413995000392542, "epi_magnitude_change": 0.012409889691205378, "hash_signature": "4625f8baf5ba3290", "sequence_str": "UM -> VAL -> NAV -> ZHIR -> NAV"}