{"sequence": ["AL", "IL", "NUL", "UM", "NAV"], "coherence_change": 0.008850382203544394, "sense_index_change": 0.00452690619937135, "phi_s_change": 0.0019050454455147303, "grad_phi_change": -0.02209741533040832, "k_phi_change": 0.7021243407548519, "xi_c_change": 0.0, "phase_sync_change": -4.998928292188065e-05, "epi_magnitude_change": -0.005587661838177049, "hash_signature": "ec70053cc8305497", "sequence_str": "AL -> IL -> NUL -> UM -> NAV"}