{"sequence": ["NUL", "EN", "THOL", "NUL", "RA", "OZ"], "coherence_change": -0.00485313941437393, "sense_index_change": -0.019975941699264255, "phi_s_change": 0.006777106089393303, "grad_phi_change": 0.06567206737392328, "k_phi_change": 0.03760102544781138, "xi_c_change": 0.0, "phase_sync_change": -0.028723338885784266, "epi_magnitude_change": -0.041963321382071817, "hash_signature": "dd561f2ab5c076cc", "sequence_str": "NUL -> EN -> THOL -> NUL -> RA -> OZ"}