{"sequence": ["REMESH", "VAL", "OZ", "OZ"], "coherence_change": -0.024148420277916416, "sense_index_change": 0.013844424669916089, "phi_s_change": -0.11104437960156521, "grad_phi_change": 0.0, "k_phi_change": 0.0, "xi_c_change": 0.0, "phase_sync_change": 0.0, "epi_magnitude_change": 0.022925164291859645, "hash_signature": "e704c2c611c5f7fb", "sequence_str": "REMESH -> VAL -> OZ -> OZ"}