{"sequence": ["THOL", "EN", "VAL", "SHA"], "coherence_change": 0.0065552597942867274, "sense_index_change": -0.0037963429758701706, "phi_s_change": 0.027498963918021202, "grad_phi_change": 0.0, "k_phi_change": 0.0, "xi_c_change": 0.0, "phase_sync_change": 0.0, "epi_magnitude_change": 0.011704641460227094, "hash_signature": "3fa9aa3825c3ffbc", "sequence_str": "THOL -> EN -> VAL -> SHA"}