{"sequence": ["ZHIR", "RA", "OZ"], "coherence_change": -0.012645305649693461, "sense_index_change": 0.01671703874497843, "phi_s_change": 0.04713478129400328, "grad_phi_change": -0.11665828503047204, "k_phi_change": 0.21080998767951453, "xi_c_change": 0.0, "phase_sync_change": 0.029648619324412873, "epi_magnitude_change": 0.0, "hash_signature": "9640004c70c18163", "sequence_str": "ZHIR -> RA -> OZ"}