{"sequence": ["NAV", "EN", "NUL", "IL", "SHA"], "coherence_change": 0.008286661718534538, "sense_index_change": 0.01125029115577969, "phi_s_change": 4.439235410524933e-05, "grad_phi_change": 0.0, "k_phi_change": 0.0, "xi_c_change": 0.0, "phase_sync_change": 0.0, "epi_magnitude_change": -0.019777433891405072, "hash_signature": "d1adcc5435a07895", "sequence_str": "NAV -> EN -> NUL -> IL -> SHA"}