{"sequence": ["NAV", "UM", "REMESH", "ZHIR", "SHA"], "coherence_change": 0.0, "sense_index_change": 0.0020995515539091736, "phi_s_change": 0.0, "grad_phi_change": -0.09534779969678553, "k_phi_change": 0.335610329077569, "xi_c_change": 0.0, "phase_sync_change": 0.024062825255571796, "epi_magnitude_change": 0.0018112447160335554, "hash_signature": "c7b30b2b27eda0b1", "sequence_str": "NAV -> UM -> REMESH -> ZHIR -> SHA"}