{"sequence": ["NUL", "UM", "VAL", "NAV"], "coherence_change": 0.0, "sense_index_change": 0.03171723379164282, "phi_s_change": 0.0, "grad_phi_change": -0.14781629516474548, "k_phi_change": 0.2599517749324055, "xi_c_change": 0.0, "phase_sync_change": 0.0427113038812742, "epi_magnitude_change": 0.006308749103218103, "hash_signature": "e51aeabc12a79426", "sequence_str": "NUL -> UM -> VAL -> NAV"}