{"sequence": ["RA", "REMESH", "NAV", "ZHIR", "RA", "NAV"], "coherence_change": 0.0, "sense_index_change": 0.02885408935514089, "phi_s_change": 0.0, "grad_phi_change": -0.1784035299365625, "k_phi_change": 0.27770112165397437, "xi_c_change": 0.0, "phase_sync_change": 0.047945402858774355, "epi_magnitude_change": 0.0015243525073996844, "hash_signature": "1dac229306f1c380", "sequence_str": "RA -> REMESH -> NAV -> ZHIR -> RA -> NAV"}