{"sequence": ["AL", "THOL", "NUL", "UM", "EN", "REMESH"], "coherence_change": 0.0038914452239798836, "sense_index_change": 0.05399388595708132, "phi_s_change": -0.014904933220742045, "grad_phi_change": -0.24511423415401734, "k_phi_change": 0.3205102913251504, "xi_c_change": 0.0, "phase_sync_change": 0.08690058692456348, "epi_magnitude_change": -0.01254901909356998, "hash_signature": "057f45f8823f4769", "sequence_str": "AL -> THOL -> NUL -> UM -> EN -> REMESH"}