{"sequence": ["RA", "NAV", "NAV", "SHA"], "coherence_change": 0.0, "sense_index_change": 0.015012082391044235, "phi_s_change": 0.0, "grad_phi_change": -0.058530714197705835, "k_phi_change": 0.30102643814796604, "xi_c_change": 0.0, "phase_sync_change": 0.015184987914863779, "epi_magnitude_change": 0.0, "hash_signature": "0c14c0d544cf7503", "sequence_str": "RA -> NAV -> NAV -> SHA"}