{"sequence": ["IL", "REMESH", "THOL", "OZ"], "coherence_change": -0.0020229035629150127, "sense_index_change": 0.02641651991047811, "phi_s_change": 0.07097830830379992, "grad_phi_change": 0.0, "k_phi_change": 0.0, "xi_c_change": 0.0, "phase_sync_change": 0.0, "epi_magnitude_change": 0.001301303142004273, "hash_signature": "7c87a411ce424dae", "sequence_str": "IL -> REMESH -> THOL -> OZ"}