{"sequence": ["UM", "EN", "THOL", "REMESH", "IL", "REMESH"], "coherence_change": 0.01408335554539164, "sense_index_change": 0.030511647761971017, "phi_s_change": 0.06471062531268412, "grad_phi_change": -0.17979107231847746, "k_phi_change": -0.19134162058951182, "xi_c_change": 0.0, "phase_sync_change": 0.07949637934659748, "epi_magnitude_change": 0.0025798733051017875, "hash_signature": "aad5027389fc9294", "sequence_str": "UM -> EN -> THOL -> REMESH -> IL -> REMESH"}