{"sequence": ["REMESH", "NUL", "AL", "ZHIR", "SHA"], "coherence_change": 0.0, "sense_index_change": -0.015223657259405332, "phi_s_change": 0.0, "grad_phi_change": 0.04608952123087939, "k_phi_change": 0.2667863670395022, "xi_c_change": 0.0, "phase_sync_change": -0.01600874825708576, "epi_magnitude_change": -0.01630758523988496, "hash_signature": "23579d7ff82c2955", "sequence_str": "REMESH -> NUL -> AL -> ZHIR -> SHA"}