{"sequence": ["RA", "EN", "UM", "EN", "SHA"], "coherence_change": 0.0, "sense_index_change": 0.062086244401253654, "phi_s_change": 0.0, "grad_phi_change": -0.3566444187232427, "k_phi_change": 0.3690898417082999, "xi_c_change": 0.0, "phase_sync_change": 0.12093689153778453, "epi_magnitude_change": 0.0, "hash_signature": "86f67b9b7278cd8d", "sequence_str": "RA -> EN -> UM -> EN -> SHA"}