{"sequence": ["REMESH", "NAV", "ZHIR", "IL", "NAV"], "coherence_change": 0.008109141993660196, "sense_index_change": 0.007643491790561563, "phi_s_change": 0.001911671630249523, "grad_phi_change": 0.0610292959069465, "k_phi_change": 0.1277001787345606, "xi_c_change": 0.0, "phase_sync_change": -0.01625573694041027, "epi_magnitude_change": 0.001563423628470284, "hash_signature": "9f6ca452a74f2ea2", "sequence_str": "REMESH -> NAV -> ZHIR -> IL -> NAV"}