{"sequence": ["EN", "ZHIR", "IL", "OZ"], "coherence_change": -0.008531031817074042, "sense_index_change": -0.008467482460653986, "phi_s_change": -0.033512163869817035, "grad_phi_change": 0.05689102457756934, "k_phi_change": 0.2736073343069008, "xi_c_change": 0.0, "phase_sync_change": -0.019313492897149565, "epi_magnitude_change": 0.0, "hash_signature": "42a7c1a86ae701ad", "sequence_str": "EN -> ZHIR -> IL -> OZ"}