{"sequence": ["NAV", "UM", "ZHIR", "OZ", "IL", "SHA"], "coherence_change": -0.0014667465273243696, "sense_index_change": 0.029102984507233698, "phi_s_change": 0.21507790197362464, "grad_phi_change": -0.20650768622819227, "k_phi_change": 0.33434063044212664, "xi_c_change": 0.0, "phase_sync_change": 0.06046883560665994, "epi_magnitude_change": 0.0, "hash_signature": "44488143b16c00a9", "sequence_str": "NAV -> UM -> ZHIR -> OZ -> IL -> SHA"}