{"sequence": ["OZ", "NUL", "OZ"], "coherence_change": -0.0349383102264913, "sense_index_change": 0.01752153121674127, "phi_s_change": 0.1481868454577986, "grad_phi_change": 0.0, "k_phi_change": 0.0, "xi_c_change": 0.0, "phase_sync_change": 0.0, "epi_magnitude_change": -0.008683573130335853, "hash_signature": "37035ef456d9d35a", "sequence_str": "OZ -> NUL -> OZ"}