{"sequence": ["NAV", "THOL", "ZHIR", "EN", "OZ"], "coherence_change": -0.009523028099124309, "sense_index_change": 0.00843284750612927, "phi_s_change": -0.012339068552408072, "grad_phi_change": -0.03138866395665785, "k_phi_change": -0.18409312241660403, "xi_c_change": 0.0, "phase_sync_change": 0.013150341299851487, "epi_magnitude_change": 0.0, "hash_signature": "2f2c64ff88e1b58b", "sequence_str": "NAV -> THOL -> ZHIR -> EN -> OZ"}