{"sequence": ["NAV", "NUL", "ZHIR", "UM", "THOL", "OZ"], "coherence_change": -0.008225731538525238, "sense_index_change": 0.05592349186468648, "phi_s_change": -0.10623540317075175, "grad_phi_change": -0.17059962848010257, "k_phi_change": 0.4223782860427493, "xi_c_change": 0.0, "phase_sync_change": 0.05616448178668365, "epi_magnitude_change": -0.01322480143670246, "hash_signature": "a2b39921864462a5", "sequence_str": "NAV -> NUL -> ZHIR -> UM -> THOL -> OZ"}