{"sequence": ["RA", "NUL", "IL", "OZ", "RA", "NAV"], "coherence_change": -0.0020947720338592157, "sense_index_change": 0.02512427968803832, "phi_s_change": 0.09066635997241435, "grad_phi_change": -0.2495450747888961, "k_phi_change": 0.3050590837579218, "xi_c_change": 0.0, "phase_sync_change": 0.08339215364547714, "epi_magnitude_change": -0.017699962017044935, "hash_signature": "0a9e5be9bef87573", "sequence_str": "RA -> NUL -> IL -> OZ -> RA -> NAV"}