{"sequence": ["IL", "THOL", "NUL", "OZ"], "coherence_change": 0.000508143203743372, "sense_index_change": -0.005078947195261252, "phi_s_change": 0.03936129573744973, "grad_phi_change": 0.0, "k_phi_change": 0.0, "xi_c_change": 0.0, "phase_sync_change": 0.0, "epi_magnitude_change": -0.016817393679756876, "hash_signature": "197a5a16537e86fa", "sequence_str": "IL -> THOL -> NUL -> OZ"}