{"sequence": ["THOL", "SHA", "NUL", "REMESH"], "coherence_change": 0.00290263680302727, "sense_index_change": -4.0095776105086856e-05, "phi_s_change": 0.0048857120583224445, "grad_phi_change": 0.0, "k_phi_change": 0.0, "xi_c_change": 0.0, "phase_sync_change": 0.0, "epi_magnitude_change": -0.013364802827088185, "hash_signature": "bedcd402905be202", "sequence_str": "THOL -> SHA -> NUL -> REMESH"}