{"sequence": ["ZHIR", "ZHIR", "REMESH"], "coherence_change": 0.0, "sense_index_change": -0.014362825054239525, "phi_s_change": 0.0, "grad_phi_change": 0.04883141230806598, "k_phi_change": 0.399048344552647, "xi_c_change": 0.0, "phase_sync_change": -0.01574575044060167, "epi_magnitude_change": 0.0014126721987646196, "hash_signature": "a64c953220d40d36", "sequence_str": "ZHIR -> ZHIR -> REMESH"}