{"sequence": ["RA", "NAV", "ZHIR", "THOL", "VAL", "SHA"], "coherence_change": 0.0058500919075581415, "sense_index_change": -0.018393870725037564, "phi_s_change": -0.020391846462151197, "grad_phi_change": 0.024792449549074558, "k_phi_change": 0.5740936272141564, "xi_c_change": 0.0, "phase_sync_change": -0.017275692027790446, "epi_magnitude_change": 0.015639337581342283, "hash_signature": "89fe8d23fb8ba5b3", "sequence_str": "RA -> NAV -> ZHIR -> THOL -> VAL -> SHA"}