{"sequence": ["THOL", "NAV", "SHA", "AL", "NAV"], "coherence_change": 0.00618568106018802, "sense_index_change": 0.010157393820318994, "phi_s_change": 0.06926567771296688, "grad_phi_change": 0.0, "k_phi_change": 0.0, "xi_c_change": 0.0, "phase_sync_change": 0.0, "epi_magnitude_change": -0.008912966860615934, "hash_signature": "42b3881d55377f75", "sequence_str": "THOL -> NAV -> SHA -> AL -> NAV"}