{"sequence": ["VAL", "IL", "REMESH", "ZHIR", "REMESH"], "coherence_change": 0.01052868253476913, "sense_index_change": 0.01102688183361955, "phi_s_change": -0.008503021253195353, "grad_phi_change": -0.013843507952647327, "k_phi_change": 0.3819780534702566, "xi_c_change": 0.0, "phase_sync_change": 0.006916964079409338, "epi_magnitude_change": 0.017374571087494073, "hash_signature": "157455da88d6a039", "sequence_str": "VAL -> IL -> REMESH -> ZHIR -> REMESH"}