{"sequence": ["ZHIR", "UM", "NUL", "THOL", "SHA"], "coherence_change": 0.005138231951438477, "sense_index_change": -0.02057008927410392, "phi_s_change": 0.021718639537386286, "grad_phi_change": 0.021267557057335962, "k_phi_change": 0.4531448315112597, "xi_c_change": 0.0, "phase_sync_change": -0.005718487394089755, "epi_magnitude_change": -0.014481313665693385, "hash_signature": "1d228bd64828a2a6", "sequence_str": "ZHIR -> UM -> NUL -> THOL -> SHA"}