{"sequence": ["IL", "RA", "REMESH", "NUL", "SHA"], "coherence_change": 0.007910790363745535, "sense_index_change": -0.013353429952601081, "phi_s_change": 0.05309058375611364, "grad_phi_change": 0.03054810909838168, "k_phi_change": 0.07177791394739376, "xi_c_change": 0.0, "phase_sync_change": -0.011842484785489438, "epi_magnitude_change": -0.0162161473196073, "hash_signature": "deb6b91f4593ceef", "sequence_str": "IL -> RA -> REMESH -> NUL -> SHA"}