{"sequence": ["AL", "RA", "AL", "AL", "AL", "REMESH"], "coherence_change": 0.0, "sense_index_change": -0.017217331438433292, "phi_s_change": 0.0, "grad_phi_change": 0.06998879172969286, "k_phi_change": 0.09930458196833587, "xi_c_change": 0.0, "phase_sync_change": -0.022176541334049893, "epi_magnitude_change": 0.02190577178492814, "hash_signature": "ecf86af19cb0fa68", "sequence_str": "AL -> RA -> AL -> AL -> AL -> REMESH"}