{"sequence": ["NAV", "OZ", "AL", "NAV"], "coherence_change": -0.009988643785606821, "sense_index_change": 0.0017797703123022535, "phi_s_change": 0.02977128067798529, "grad_phi_change": 0.0, "k_phi_change": 0.0, "xi_c_change": 0.0, "phase_sync_change": 0.0, "epi_magnitude_change": -0.010036869092316048, "hash_signature": "49dc119013b04646", "sequence_str": "NAV -> OZ -> AL -> NAV"}