{"sequence": ["NAV", "IL", "SHA", "UM", "SHA"], "coherence_change": 0.007164710489616644, "sense_index_change": 0.02713829687637337, "phi_s_change": 0.021259485593157823, "grad_phi_change": -0.05799476640613288, "k_phi_change": -0.23583295590157727, "xi_c_change": 0.0, "phase_sync_change": 0.01479799172403995, "epi_magnitude_change": 0.0, "hash_signature": "e73f28883b99dcbb", "sequence_str": "NAV -> IL -> SHA -> UM -> SHA"}