{"sequence": ["VAL", "THOL", "AL", "UM", "REMESH"], "coherence_change": 0.005728010444162379, "sense_index_change": 0.03394723410235523, "phi_s_change": 0.04261447889199865, "grad_phi_change": -0.3379692341658307, "k_phi_change": -0.0695356178298045, "xi_c_change": 0.0, "phase_sync_change": 0.10059736498416882, "epi_magnitude_change": 0.016342219003962155, "hash_signature": "588b0653c829efe9", "sequence_str": "VAL -> THOL -> AL -> UM -> REMESH"}