{"sequence": ["NAV", "IL", "REMESH", "SHA"], "coherence_change": 0.0046949982157589165, "sense_index_change": 0.009998325578148504, "phi_s_change": 0.07332310970342226, "grad_phi_change": 0.0, "k_phi_change": 0.0, "xi_c_change": 0.0, "phase_sync_change": 0.0, "epi_magnitude_change": 0.0012391671285385542, "hash_signature": "afc54323e232349e", "sequence_str": "NAV -> IL -> REMESH -> SHA"}