{"sequence": ["REMESH", "AL", "UM", "AL", "REMESH"], "coherence_change": 0.0, "sense_index_change": 0.04872563388056006, "phi_s_change": 0.0, "grad_phi_change": -0.20893215696618617, "k_phi_change": 0.26821811853830274, "xi_c_change": 0.0, "phase_sync_change": 0.08089855284681002, "epi_magnitude_change": 0.0014011774383944076, "hash_signature": "65c6ebcee36cb387", "sequence_str": "REMESH -> AL -> UM -> AL -> REMESH"}