{"sequence": ["OZ", "SHA", "VAL", "REMESH"], "coherence_change": -0.016338461962121742, "sense_index_change": 0.02485467083865822, "phi_s_change": -0.14479633050000873, "grad_phi_change": 0.0, "k_phi_change": 0.0, "xi_c_change": 0.0, "phase_sync_change": 0.0, "epi_magnitude_change": 0.01665117059376975, "hash_signature": "089738a22c64f148", "sequence_str": "OZ -> SHA -> VAL -> REMESH"}