{"sequence": ["REMESH", "THOL", "NAV", "EN", "SHA"], "coherence_change": 0.0044752795277644974, "sense_index_change": 0.0024463300076678074, "phi_s_change": 0.0038645723200033677, "grad_phi_change": 0.0, "k_phi_change": 0.0, "xi_c_change": 0.0, "phase_sync_change": 0.0, "epi_magnitude_change": 0.0013714124633299463, "hash_signature": "4d22c6a01f6c3607", "sequence_str": "REMESH -> THOL -> NAV -> EN -> SHA"}