{"sequence": ["RA", "AL", "THOL", "REMESH"], "coherence_change": 0.005469473784330048, "sense_index_change": -0.00023448966865857734, "phi_s_change": 0.05401239271690983, "grad_phi_change": -0.010060771399990731, "k_phi_change": 0.10181218008362677, "xi_c_change": 0.0, "phase_sync_change": -0.0014558029655974414, "epi_magnitude_change": 0.005884099583864155, "hash_signature": "53ec9cb99bd2c820", "sequence_str": "RA -> AL -> THOL -> REMESH"}