{"sequence": ["NUL", "AL", "OZ"], "coherence_change": -0.009255250795807135, "sense_index_change": -0.0043738489951202775, "phi_s_change": 0.002812035817516545, "grad_phi_change": 0.0, "k_phi_change": 0.0, "xi_c_change": 0.0, "phase_sync_change": 0.0, "epi_magnitude_change": -0.008508928557630857, "hash_signature": "386cc29831874b29", "sequence_str": "NUL -> AL -> OZ"}