{"sequence": ["UM", "IL", "EN", "EN", "NAV"], "coherence_change": 0.008198660794720425, "sense_index_change": -0.0005103237064966182, "phi_s_change": 0.0374252956384552, "grad_phi_change": -0.00668126247284162, "k_phi_change": 0.5147672441847253, "xi_c_change": 0.0, "phase_sync_change": 0.011847999656564911, "epi_magnitude_change": 0.0, "hash_signature": "45274b0f5f88ff82", "sequence_str": "UM -> IL -> EN -> EN -> NAV"}