{"sequence": ["NAV", "AL", "UM", "SHA"], "coherence_change": 0.0, "sense_index_change": 0.010286628330407166, "phi_s_change": 0.0, "grad_phi_change": -0.006857767801478065, "k_phi_change": 0.24215263110371488, "xi_c_change": 0.0, "phase_sync_change": 0.001226086943946214, "epi_magnitude_change": 0.005989497311953085, "hash_signature": "cea0be1f3f5ed678", "sequence_str": "NAV -> AL -> UM -> SHA"}