{"sequence": ["NAV", "IL", "AL", "SHA", "IL", "SHA"], "coherence_change": 0.01605059094265493, "sense_index_change": 0.002840411349565919, "phi_s_change": 0.026811009718509915, "grad_phi_change": 0.0, "k_phi_change": 0.0, "xi_c_change": 0.0, "phase_sync_change": 0.0, "epi_magnitude_change": 0.0008754506495158854, "hash_signature": "04ec66e455fb84ab", "sequence_str": "NAV -> IL -> AL -> SHA -> IL -> SHA"}