{"sequence": ["VAL", "VAL", "THOL", "EN", "SHA"], "coherence_change": 0.005167872795665662, "sense_index_change": -0.011513672563017552, "phi_s_change": 0.01261170044911153, "grad_phi_change": 0.0, "k_phi_change": 0.0, "xi_c_change": 0.0, "phase_sync_change": 0.0, "epi_magnitude_change": 0.03463307861520992, "hash_signature": "defb630686a7b872", "sequence_str": "VAL -> VAL -> THOL -> EN -> SHA"}