{"sequence": ["SHA", "NAV", "UM", "OZ", "NUL", "NAV"], "coherence_change": -0.011607009065285112, "sense_index_change": 0.06126087821192672, "phi_s_change": -0.12266186114654487, "grad_phi_change": -0.1992131472014378, "k_phi_change": 0.04822135371945796, "xi_c_change": 0.0, "phase_sync_change": 0.06891318020031256, "epi_magnitude_change": -0.014102132172174264, "hash_signature": "2ce766fd2ca26352", "sequence_str": "SHA -> NAV -> UM -> OZ -> NUL -> NAV"}