{"sequence": ["THOL", "UM", "EN", "SHA"], "coherence_change": 0.004308185945349874, "sense_index_change": -0.02087650952352116, "phi_s_change": 0.03526538963290771, "grad_phi_change": 0.03989579402713406, "k_phi_change": -0.02110196884878543, "xi_c_change": 0.0, "phase_sync_change": -0.021987231396096374, "epi_magnitude_change": 0.0, "hash_signature": "6495b4888a3faaff", "sequence_str": "THOL -> UM -> EN -> SHA"}