{"sequence": ["THOL", "THOL", "NUL", "SHA"], "coherence_change": 0.011004576825572654, "sense_index_change": -0.014208103696909169, "phi_s_change": 0.09101918820574861, "grad_phi_change": 0.0, "k_phi_change": 0.0, "xi_c_change": 0.0, "phase_sync_change": 0.0, "epi_magnitude_change": -0.01641105580907576, "hash_signature": "93db1144f6562df0", "sequence_str": "THOL -> THOL -> NUL -> SHA"}