{"sequence": ["REMESH", "UM", "EN", "VAL", "REMESH"], "coherence_change": 0.0, "sense_index_change": 0.029136274571374132, "phi_s_change": 0.0, "grad_phi_change": -0.20511821218873494, "k_phi_change": -0.20145107435174553, "xi_c_change": 0.0, "phase_sync_change": 0.06615758510282788, "epi_magnitude_change": 0.020657597251084514, "hash_signature": "f304fe3711832ff0", "sequence_str": "REMESH -> UM -> EN -> VAL -> REMESH"}