{"sequence": ["NAV", "SHA", "ZHIR", "THOL", "AL", "SHA"], "coherence_change": 0.006612989710689909, "sense_index_change": 0.0091988473138096, "phi_s_change": 0.08991068289004689, "grad_phi_change": 0.01935973130156654, "k_phi_change": 0.2668114372433121, "xi_c_change": 0.0, "phase_sync_change": -0.006286426820713342, "epi_magnitude_change": 0.010604726412626442, "hash_signature": "f8429e04180108af", "sequence_str": "NAV -> SHA -> ZHIR -> THOL -> AL -> SHA"}