{"sequence": ["VAL", "VAL", "THOL", "NAV"], "coherence_change": 0.004613018746955744, "sense_index_change": 0.0038128435502643443, "phi_s_change": -0.030057839334833192, "grad_phi_change": 0.0, "k_phi_change": 0.0, "xi_c_change": 0.0, "phase_sync_change": 0.0, "epi_magnitude_change": 0.04775482791299357, "hash_signature": "a481ff21d9c2237f", "sequence_str": "VAL -> VAL -> THOL -> NAV"}