{"sequence": ["EN", "NAV", "RA", "UM", "SHA"], "coherence_change": 0.0, "sense_index_change": 0.057103842761382584, "phi_s_change": 0.0, "grad_phi_change": -0.26710005015201443, "k_phi_change": -0.06936165141406098, "xi_c_change": 0.0, "phase_sync_change": 0.08132499354570166, "epi_magnitude_change": 0.0, "hash_signature": "e4b12ed3768a9917", "sequence_str": "EN -> NAV -> RA -> UM -> SHA"}