{"sequence": ["SHA", "EN", "ZHIR", "RA", "NAV"], "coherence_change": 0.0, "sense_index_change": -0.012633395836639305, "phi_s_change": 0.0, "grad_phi_change": 0.06886844235872291, "k_phi_change": 0.11533532200733523, "xi_c_change": 0.0, "phase_sync_change": -0.03212070145036894, "epi_magnitude_change": 0.0, "hash_signature": "e2bbd28a89730578", "sequence_str": "SHA -> EN -> ZHIR -> RA -> NAV"}