{"sequence": ["AL", "UM", "ZHIR", "REMESH", "NUL", "OZ"], "coherence_change": -0.016418811171016068, "sense_index_change": -0.008930444058704468, "phi_s_change": -0.019577809086253395, "grad_phi_change": 0.008803896906646402, "k_phi_change": 0.6049537797566611, "xi_c_change": 0.0, "phase_sync_change": -0.01394179972228371, "epi_magnitude_change": -0.01768628716455045, "hash_signature": "5fee127bfb231e03", "sequence_str": "AL -> UM -> ZHIR -> REMESH -> NUL -> OZ"}