{"sequence": ["REMESH", "UM", "OZ", "SHA", "REMESH"], "coherence_change": -0.012334308505612235, "sense_index_change": 0.033215582198880655, "phi_s_change": -0.0697805870296111, "grad_phi_change": -0.21234853744317506, "k_phi_change": 0.10199450842942626, "xi_c_change": 0.0, "phase_sync_change": 0.06064946190409726, "epi_magnitude_change": 0.0026681354022958237, "hash_signature": "32f4320c60c50350", "sequence_str": "REMESH -> UM -> OZ -> SHA -> REMESH"}