{"sequence": ["SHA", "RA", "RA", "THOL", "NAV"], "coherence_change": 0.00520281931446942, "sense_index_change": 0.0322162014982631, "phi_s_change": 0.04472849292022396, "grad_phi_change": -0.08465340870832105, "k_phi_change": 0.2471136869502872, "xi_c_change": 0.0, "phase_sync_change": 0.017150052972355057, "epi_magnitude_change": 0.0, "hash_signature": "32cbff33d3a1914e", "sequence_str": "SHA -> RA -> RA -> THOL -> NAV"}