{"sequence": ["NAV", "EN", "RA", "OZ"], "coherence_change": -0.008911455314200012, "sense_index_change": 0.014743223876199862, "phi_s_change": -0.027190770597509295, "grad_phi_change": 0.0005833115142606093, "k_phi_change": 0.03449136694722049, "xi_c_change": 0.0, "phase_sync_change": -0.009825587980683337, "epi_magnitude_change": 0.0, "hash_signature": "cead36a9236aa9f6", "sequence_str": "NAV -> EN -> RA -> OZ"}