{"sequence": ["ZHIR", "SHA", "IL", "NAV"], "coherence_change": 0.008459291442533767, "sense_index_change": -0.012637423066277631, "phi_s_change": 0.05072836555667004, "grad_phi_change": 0.01790576986616088, "k_phi_change": 0.19009990275094832, "xi_c_change": 0.0, "phase_sync_change": -0.005093168298097361, "epi_magnitude_change": 0.0, "hash_signature": "20f3f41ce552964e", "sequence_str": "ZHIR -> SHA -> IL -> NAV"}