{"sequence": ["OZ", "SHA", "NAV", "VAL", "OZ"], "coherence_change": -0.01956846966842629, "sense_index_change": -0.014965605928438097, "phi_s_change": -0.03384660611468493, "grad_phi_change": 0.0, "k_phi_change": 0.0, "xi_c_change": 0.0, "phase_sync_change": 0.0, "epi_magnitude_change": 0.018556600155766767, "hash_signature": "9b9d69ed87314fb0", "sequence_str": "OZ -> SHA -> NAV -> VAL -> OZ"}