{"sequence": ["THOL", "NUL", "UM", "RA", "SHA"], "coherence_change": 0.0041226564042144975, "sense_index_change": 0.019197517571477696, "phi_s_change": 0.009868929993293807, "grad_phi_change": -0.07906848199148397, "k_phi_change": 0.341485953128001, "xi_c_change": 0.0, "phase_sync_change": 0.019689042499428044, "epi_magnitude_change": -0.008591807650932148, "hash_signature": "dd7fc12100a52e1c", "sequence_str": "THOL -> NUL -> UM -> RA -> SHA"}