{"sequence": ["OZ", "IL", "SHA", "AL", "REMESH"], "coherence_change": -0.0021665994479721506, "sense_index_change": 0.010396749153303353, "phi_s_change": 0.07103703508239756, "grad_phi_change": 0.0, "k_phi_change": 0.0, "xi_c_change": 0.0, "phase_sync_change": 0.0, "epi_magnitude_change": -0.00784196741275145, "hash_signature": "6a8826f7d7e934c0", "sequence_str": "OZ -> IL -> SHA -> AL -> REMESH"}