{"sequence": ["IL", "IL", "ZHIR", "REMESH"], "coherence_change": 0.016869734157770044, "sense_index_change": -0.012708893835215451, "phi_s_change": 0.06840206699929308, "grad_phi_change": 0.075143723884886, "k_phi_change": -0.015373091253578247, "xi_c_change": 0.0, "phase_sync_change": -0.022585656863891024, "epi_magnitude_change": 0.0015185654011705685, "hash_signature": "56ca8bca5761c314", "sequence_str": "IL -> IL -> ZHIR -> REMESH"}