{"sequence": ["EN", "AL", "EN", "AL", "OZ"], "coherence_change": -0.017732598424118895, "sense_index_change": 0.010672513323582544, "phi_s_change": -0.06408796451842136, "grad_phi_change": 0.0, "k_phi_change": 0.0, "xi_c_change": 0.0, "phase_sync_change": 0.0, "epi_magnitude_change": -0.0016382240155374816, "hash_signature": "2b13f105a5d14357", "sequence_str": "EN -> AL -> EN -> AL -> OZ"}