{"sequence": ["OZ", "ZHIR", "RA", "OZ", "UM", "OZ"], "coherence_change": -0.04306540948246873, "sense_index_change": 0.027365372618087025, "phi_s_change": 0.010989688787957141, "grad_phi_change": -0.09773793417418908, "k_phi_change": -0.011236334120474034, "xi_c_change": 0.0, "phase_sync_change": 0.017137765769290825, "epi_magnitude_change": 0.0, "hash_signature": "5872882dae111a6a", "sequence_str": "OZ -> ZHIR -> RA -> OZ -> UM -> OZ"}