{"sequence": ["OZ", "UM", "UM", "NAV", "REMESH"], "coherence_change": -0.013340728693754023, "sense_index_change": 0.08027895079511627, "phi_s_change": -0.05240343952395021, "grad_phi_change": -0.27806004626456016, "k_phi_change": 0.22745606007233501, "xi_c_change": 0.0, "phase_sync_change": 0.07439552677174588, "epi_magnitude_change": 0.001419090467032036, "hash_signature": "8c49aa1c463d8353", "sequence_str": "OZ -> UM -> UM -> NAV -> REMESH"}