{"sequence": ["OZ", "ZHIR", "OZ", "NUL", "EN", "NAV"], "coherence_change": -0.021448632996041606, "sense_index_change": 0.04596138213602241, "phi_s_change": -0.07884960730012147, "grad_phi_change": -0.05433582017669902, "k_phi_change": 0.1762326403988878, "xi_c_change": 0.0, "phase_sync_change": 0.015924413555905348, "epi_magnitude_change": -0.011443016365500602, "hash_signature": "34e4770b472a89a1", "sequence_str": "OZ -> ZHIR -> OZ -> NUL -> EN -> NAV"}