{"sequence": ["VAL", "THOL", "RA", "ZHIR", "EN", "OZ"], "coherence_change": -0.008200143614490174, "sense_index_change": 0.01550569983683292, "phi_s_change": -0.09191261159612629, "grad_phi_change": -0.09775749055578542, "k_phi_change": 0.460845438017405, "xi_c_change": 0.0, "phase_sync_change": 0.030741859968785312, "epi_magnitude_change": 0.022911417471288775, "hash_signature": "11f395aa1cba49ae", "sequence_str": "VAL -> THOL -> RA -> ZHIR -> EN -> OZ"}