{"sequence": ["NUL", "IL", "EN", "REMESH"], "coherence_change": 0.007895748489653576, "sense_index_change": 0.005537439167350389, "phi_s_change": 0.032251165628462974, "grad_phi_change": 0.0, "k_phi_change": 0.0, "xi_c_change": 0.0, "phase_sync_change": 0.0, "epi_magnitude_change": -0.010838043681568155, "hash_signature": "3dedfad2e6e38941", "sequence_str": "NUL -> IL -> EN -> REMESH"}