{"sequence": ["REMESH", "SHA", "RA", "NUL", "NAV"], "coherence_change": 0.0, "sense_index_change": 3.7368668020953955e-05, "phi_s_change": 0.0, "grad_phi_change": -0.06562268570208118, "k_phi_change": 0.591149384375235, "xi_c_change": 0.0, "phase_sync_change": 0.01589984630536645, "epi_magnitude_change": -0.012944937722460637, "hash_signature": "81b8bb4ef41ca38d", "sequence_str": "REMESH -> SHA -> RA -> NUL -> NAV"}