{"sequence": ["NAV", "UM", "RA", "THOL", "OZ"], "coherence_change": -0.0072054664517972045, "sense_index_change": 0.048765858992628086, "phi_s_change": -0.1253184678797682, "grad_phi_change": -0.14762018721730574, "k_phi_change": 0.3010006638349014, "xi_c_change": 0.0, "phase_sync_change": 0.04536836801016708, "epi_magnitude_change": 0.0, "hash_signature": "f8d8b15ee9db836c", "sequence_str": "NAV -> UM -> RA -> THOL -> OZ"}