{"sequence": ["IL", "VAL", "IL", "IL", "OZ"], "coherence_change": 0.010371074079948528, "sense_index_change": -0.007979230337063936, "phi_s_change": 0.17505756746702794, "grad_phi_change": 0.0, "k_phi_change": 0.0, "xi_c_change": 0.0, "phase_sync_change": 0.0, "epi_magnitude_change": 0.014167816591469151, "hash_signature": "8c4965d5da35b5f2", "sequence_str": "IL -> VAL -> IL -> IL -> OZ"}