{"sequence": ["AL", "RA", "ZHIR", "OZ"], "coherence_change": -0.012348815083186748, "sense_index_change": -0.0344841327342828, "phi_s_change": -0.08518862264502547, "grad_phi_change": 0.1088170772115633, "k_phi_change": -0.05115037617075527, "xi_c_change": 0.0, "phase_sync_change": -0.047368066721970026, "epi_magnitude_change": -0.00830385954480306, "hash_signature": "db63f9ddf2e2bfa9", "sequence_str": "AL -> RA -> ZHIR -> OZ"}