{"sequence": ["REMESH", "EN", "ZHIR", "SHA"], "coherence_change": 0.0, "sense_index_change": -0.026396931955736835, "phi_s_change": 0.0, "grad_phi_change": 0.09905583906792925, "k_phi_change": -0.23367021697010076, "xi_c_change": 0.0, "phase_sync_change": -0.03190890310982375, "epi_magnitude_change": 0.0015015243514013843, "hash_signature": "e9096e035d41d744", "sequence_str": "REMESH -> EN -> ZHIR -> SHA"}