{"sequence": ["RA", "THOL", "RA", "THOL", "SHA"], "coherence_change": 0.011763588445664386, "sense_index_change": 0.01241849261358563, "phi_s_change": 0.010696071129749463, "grad_phi_change": -0.13953554851060246, "k_phi_change": 0.12092343213753068, "xi_c_change": 0.0, "phase_sync_change": 0.03886022638904929, "epi_magnitude_change": 0.0, "hash_signature": "7a1f16e96965082d", "sequence_str": "RA -> THOL -> RA -> THOL -> SHA"}