{"sequence": ["ZHIR", "ZHIR", "VAL", "AL", "NAV"], "coherence_change": 0.0, "sense_index_change": -0.026723533493478002, "phi_s_change": 0.0, "grad_phi_change": 0.04788280028060066, "k_phi_change": 0.02706965432264266, "xi_c_change": 0.0, "phase_sync_change": -0.014051833670970737, "epi_magnitude_change": 0.018839647442034146, "hash_signature": "5f6867dc08cb35ac", "sequence_str": "ZHIR -> ZHIR -> VAL -> AL -> NAV"}