{"sequence": ["EN", "RA", "EN", "OZ"], "coherence_change": -0.013705032674913409, "sense_index_change": 0.026913004014082698, "phi_s_change": -0.13070755505357623, "grad_phi_change": -0.03971747978445661, "k_phi_change": 0.03722871781702247, "xi_c_change": 0.0, "phase_sync_change": 0.013624169588406398, "epi_magnitude_change": 0.0, "hash_signature": "54246caf315f7fe4", "sequence_str": "EN -> RA -> EN -> OZ"}