{"sequence": ["AL", "RA", "AL", "THOL", "SHA"], "coherence_change": 0.005137235343410929, "sense_index_change": 0.008606663658557112, "phi_s_change": 0.04200417872054496, "grad_phi_change": -0.003337031521678746, "k_phi_change": 0.18430726967771716, "xi_c_change": 0.0, "phase_sync_change": -0.005703558003986031, "epi_magnitude_change": 0.009658491826213922, "hash_signature": "bc8f6abcb2064020", "sequence_str": "AL -> RA -> AL -> THOL -> SHA"}