{"sequence": ["NAV", "SHA", "UM", "SHA"], "coherence_change": 0.0, "sense_index_change": -0.011137523654381087, "phi_s_change": 0.0, "grad_phi_change": 0.027160440997505475, "k_phi_change": 0.00866524501713728, "xi_c_change": 0.0, "phase_sync_change": -0.011148066732144302, "epi_magnitude_change": 0.0, "hash_signature": "72cfa159b9fdbd1c", "sequence_str": "NAV -> SHA -> UM -> SHA"}