{"sequence": ["REMESH", "NUL", "OZ"], "coherence_change": -0.01281667838576972, "sense_index_change": 0.02149732655300629, "phi_s_change": -0.07241914958766338, "grad_phi_change": 0.0, "k_phi_change": 0.0, "xi_c_change": 0.0, "phase_sync_change": 0.0, "epi_magnitude_change": -0.009899507140149422, "hash_signature": "aaf527ddf553d584", "sequence_str": "REMESH -> NUL -> OZ"}