{"sequence": ["OZ", "EN", "UM", "EN", "ZHIR", "NAV"], "coherence_change": -0.014039353015600886, "sense_index_change": 0.0023660601267693204, "phi_s_change": 0.11425324054798613, "grad_phi_change": -0.08030158848210611, "k_phi_change": 0.4059839504270083, "xi_c_change": 0.0, "phase_sync_change": 0.024149829121114963, "epi_magnitude_change": 0.0, "hash_signature": "eebf93e6655d2f30", "sequence_str": "OZ -> EN -> UM -> EN -> ZHIR -> NAV"}