{"sequence": ["AL", "SHA", "EN", "ZHIR", "OZ"], "coherence_change": -0.016101114971849517, "sense_index_change": 0.04156932509429101, "phi_s_change": -0.17564286137208018, "grad_phi_change": -0.016017428114465382, "k_phi_change": 0.3086477627776436, "xi_c_change": 0.0, "phase_sync_change": 0.003853536130636326, "epi_magnitude_change": 0.003705869884245483, "hash_signature": "38f257458b1b7119", "sequence_str": "AL -> SHA -> EN -> ZHIR -> OZ"}