{"sequence": ["ZHIR", "AL", "EN", "NAV"], "coherence_change": 0.0, "sense_index_change": 0.001936334199143741, "phi_s_change": 0.0, "grad_phi_change": -0.03450649426439911, "k_phi_change": 0.19090352199167016, "xi_c_change": 0.0, "phase_sync_change": 0.011643982391850938, "epi_magnitude_change": 0.0018862653211191294, "hash_signature": "f1c8eb3ef69a3f5a", "sequence_str": "ZHIR -> AL -> EN -> NAV"}