{"sequence": ["REMESH", "AL", "IL", "REMESH"], "coherence_change": 0.007487891632820709, "sense_index_change": 0.006795269544874527, "phi_s_change": 0.06650108677913247, "grad_phi_change": 0.0, "k_phi_change": 0.0, "xi_c_change": 0.0, "phase_sync_change": 0.0, "epi_magnitude_change": 0.0005129486401090899, "hash_signature": "69953d4a162a3a24", "sequence_str": "REMESH -> AL -> IL -> REMESH"}