{"sequence": ["RA", "RA", "THOL", "VAL", "NUL", "SHA"], "coherence_change": 0.003378766759435936, "sense_index_change": 0.028364590569084913, "phi_s_change": 0.011682875216804334, "grad_phi_change": -0.12576492818308327, "k_phi_change": 0.4577305471765575, "xi_c_change": 0.0, "phase_sync_change": 0.035560595077629764, "epi_magnitude_change": -0.0066398424951027435, "hash_signature": "a1860c42ad9243fc", "sequence_str": "RA -> RA -> THOL -> VAL -> NUL -> SHA"}