{"sequence": ["UM", "UM", "UM", "REMESH", "EN", "REMESH"], "coherence_change": 0.0, "sense_index_change": 0.1095764708352499, "phi_s_change": 0.0, "grad_phi_change": -0.7290534023696331, "k_phi_change": 0.22114031444556642, "xi_c_change": 0.0, "phase_sync_change": 0.23682142591050803, "epi_magnitude_change": 0.002572601831925425, "hash_signature": "a922e7acce3e33fe", "sequence_str": "UM -> UM -> UM -> REMESH -> EN -> REMESH"}