{"sequence": ["REMESH", "OZ", "OZ"], "coherence_change": -0.02553757421506664, "sense_index_change": 0.001699417028017458, "phi_s_change": -0.1834874073676297, "grad_phi_change": 0.0, "k_phi_change": 0.0, "xi_c_change": 0.0, "phase_sync_change": 0.0, "epi_magnitude_change": 0.0011016118560803756, "hash_signature": "d267e17e9ccc01cb", "sequence_str": "REMESH -> OZ -> OZ"}