{"sequence": ["NAV", "RA", "THOL", "IL", "AL", "OZ"], "coherence_change": 0.0009765854900795068, "sense_index_change": -0.022763891595004526, "phi_s_change": -0.03455415657872818, "grad_phi_change": 0.10649590704502487, "k_phi_change": 0.7298099121985264, "xi_c_change": 0.0, "phase_sync_change": -0.03935273594771205, "epi_magnitude_change": -0.004192277923770971, "hash_signature": "41083b25b88b18b7", "sequence_str": "NAV -> RA -> THOL -> IL -> AL -> OZ"}