{"sequence": ["THOL", "IL", "AL", "AL", "REMESH"], "coherence_change": 0.01149357727486422, "sense_index_change": -0.0029198656774137577, "phi_s_change": 0.03195321441270094, "grad_phi_change": 0.0, "k_phi_change": 0.0, "xi_c_change": 0.0, "phase_sync_change": 0.0, "epi_magnitude_change": 0.005315206908212744, "hash_signature": "f02db5910bfde220", "sequence_str": "THOL -> IL -> AL -> AL -> REMESH"}