{"sequence": ["REMESH", "RA", "OZ", "OZ", "UM", "REMESH"], "coherence_change": -0.025773127798180084, "sense_index_change": 0.04588104981115926, "phi_s_change": -0.29026029410199405, "grad_phi_change": -0.2256544800244289, "k_phi_change": 0.5186107051695525, "xi_c_change": 0.0, "phase_sync_change": 0.057671798302363686, "epi_magnitude_change": 0.0024487429076366363, "hash_signature": "e73f2848d46e92fe", "sequence_str": "REMESH -> RA -> OZ -> OZ -> UM -> REMESH"}