{"sequence": ["AL", "VAL", "UM", "THOL", "REMESH"], "coherence_change": 0.005620466146487368, "sense_index_change": 0.017155601807739007, "phi_s_change": 0.05890534679746151, "grad_phi_change": -0.09110361048333648, "k_phi_change": 0.17968827055103953, "xi_c_change": 0.0, "phase_sync_change": 0.027741259766538517, "epi_magnitude_change": 0.014679043209855136, "hash_signature": "33c6ab797ac82154", "sequence_str": "AL -> VAL -> UM -> THOL -> REMESH"}