{"sequence": ["AL", "ZHIR", "SHA", "UM", "VAL", "NAV"], "coherence_change": 0.0, "sense_index_change": 0.044279756790506775, "phi_s_change": 0.0, "grad_phi_change": -0.22394662950664146, "k_phi_change": 0.4303618208699006, "xi_c_change": 0.0, "phase_sync_change": 0.06876557614199774, "epi_magnitude_change": 0.01649192312118486, "hash_signature": "4ba1214c0ceac1a7", "sequence_str": "AL -> ZHIR -> SHA -> UM -> VAL -> NAV"}