{"sequence": ["AL", "NAV", "NUL", "OZ"], "coherence_change": -0.011483041358966606, "sense_index_change": -0.00624831312493801, "phi_s_change": 0.1121975515902851, "grad_phi_change": 0.0, "k_phi_change": 0.0, "xi_c_change": 0.0, "phase_sync_change": 0.0, "epi_magnitude_change": -0.022651624073856902, "hash_signature": "2e20f6856bd5cee1", "sequence_str": "AL -> NAV -> NUL -> OZ"}