{"sequence": ["EN", "SHA", "RA", "OZ"], "coherence_change": -0.014281152865931013, "sense_index_change": 0.014602910372335742, "phi_s_change": 0.11070902352098666, "grad_phi_change": -0.08667637199843559, "k_phi_change": 0.23339635849342388, "xi_c_change": 0.0, "phase_sync_change": 0.02289563140194173, "epi_magnitude_change": 0.0, "hash_signature": "e4217313621e1e38", "sequence_str": "EN -> SHA -> RA -> OZ"}