{"sequence": ["REMESH", "NUL", "VAL", "RA", "THOL", "REMESH"], "coherence_change": 0.004385729272650907, "sense_index_change": -0.027909584241874397, "phi_s_change": -0.017005023129582963, "grad_phi_change": 0.10976084502195804, "k_phi_change": 0.07742290978330227, "xi_c_change": 0.0, "phase_sync_change": -0.043462480754227095, "epi_magnitude_change": 0.01240658960435026, "hash_signature": "1e643bb4b6abfcc5", "sequence_str": "REMESH -> NUL -> VAL -> RA -> THOL -> REMESH"}