{"sequence": ["UM", "SHA", "ZHIR", "REMESH"], "coherence_change": 0.0, "sense_index_change": 0.028813104403385914, "phi_s_change": 0.0, "grad_phi_change": -0.2473845748463961, "k_phi_change": -0.32417522431690843, "xi_c_change": 0.0, "phase_sync_change": 0.07379623118225564, "epi_magnitude_change": 0.001090972206026053, "hash_signature": "aef738b379739bc2", "sequence_str": "UM -> SHA -> ZHIR -> REMESH"}