{"sequence": ["ZHIR", "RA", "REMESH", "IL", "EN", "SHA"], "coherence_change": 0.004932949047146917, "sense_index_change": 0.03701824457763625, "phi_s_change": -0.013380377619068184, "grad_phi_change": -0.14331969090289887, "k_phi_change": 0.4391387036911224, "xi_c_change": 0.0, "phase_sync_change": 0.04954860458989063, "epi_magnitude_change": 0.0012951492159646305, "hash_signature": "f1c190b4e689b436", "sequence_str": "ZHIR -> RA -> REMESH -> IL -> EN -> SHA"}