{"sequence": ["EN", "AL", "UM", "IL", "NAV"], "coherence_change": 0.007409587661616812, "sense_index_change": -0.023179017724834605, "phi_s_change": 0.04491581840818626, "grad_phi_change": 0.06553892168580444, "k_phi_change": 0.06760254264313184, "xi_c_change": 0.0, "phase_sync_change": -0.021141268523991896, "epi_magnitude_change": 0.0004893599194731868, "hash_signature": "a59bd611894a882f", "sequence_str": "EN -> AL -> UM -> IL -> NAV"}