{"sequence": ["SHA", "OZ", "UM", "EN", "NAV"], "coherence_change": -0.010072930648097556, "sense_index_change": 0.020620662635328135, "phi_s_change": -0.0030265322015268215, "grad_phi_change": -0.09031125890158265, "k_phi_change": 0.7097060909522488, "xi_c_change": 0.0, "phase_sync_change": 0.03085031662494664, "epi_magnitude_change": 0.0, "hash_signature": "7ef10f4b7730e305", "sequence_str": "SHA -> OZ -> UM -> EN -> NAV"}