{"sequence": ["NUL", "NAV", "NUL", "VAL", "RA", "REMESH"], "coherence_change": 0.0, "sense_index_change": 0.011871923306197352, "phi_s_change": 0.0, "grad_phi_change": -0.007124445527194823, "k_phi_change": -0.00181095587189678, "xi_c_change": 0.0, "phase_sync_change": -0.005996167694948373, "epi_magnitude_change": -0.009384041319565162, "hash_signature": "8c39ca6479b53b6f", "sequence_str": "NUL -> NAV -> NUL -> VAL -> RA -> REMESH"}