{"sequence": ["THOL", "AL", "VAL", "REMESH"], "coherence_change": 0.004503326642028016, "sense_index_change": 0.005203785077782963, "phi_s_change": -0.04629390099531294, "grad_phi_change": 0.0, "k_phi_change": 0.0, "xi_c_change": 0.0, "phase_sync_change": 0.0, "epi_magnitude_change": 0.00952066910376892, "hash_signature": "ebe8ab29891f6290", "sequence_str": "THOL -> AL -> VAL -> REMESH"}