{"sequence": ["SHA", "UM", "NUL", "NAV"], "coherence_change": 0.0, "sense_index_change": 0.03796638502307015, "phi_s_change": 0.0, "grad_phi_change": -0.24234241632595843, "k_phi_change": 0.3295497377857016, "xi_c_change": 0.0, "phase_sync_change": 0.08181376825482978, "epi_magnitude_change": -0.01175324155705293, "hash_signature": "38185a1f2b5cbbfe", "sequence_str": "SHA -> UM -> NUL -> NAV"}