{"sequence": ["VAL", "UM", "THOL", "OZ"], "coherence_change": -0.01037878539964776, "sense_index_change": 0.037177883062782247, "phi_s_change": -0.004081223817651414, "grad_phi_change": -0.07689051220726051, "k_phi_change": -0.16928136627853096, "xi_c_change": 0.0, "phase_sync_change": 0.03229592878209553, "epi_magnitude_change": 0.01821570672126882, "hash_signature": "d63c39e66d47bed0", "sequence_str": "VAL -> UM -> THOL -> OZ"}