{"sequence": ["REMESH", "ZHIR", "OZ", "AL", "ZHIR", "SHA"], "coherence_change": -0.010748334184212172, "sense_index_change": -0.03985027169811467, "phi_s_change": -0.03885405857880386, "grad_phi_change": 0.11959587178494968, "k_phi_change": 0.16036062927166886, "xi_c_change": 0.0, "phase_sync_change": -0.03425337655980709, "epi_magnitude_change": -0.002190669349131369, "hash_signature": "cbe49c8d8fd4b4be", "sequence_str": "REMESH -> ZHIR -> OZ -> AL -> ZHIR -> SHA"}