{"sequence": ["REMESH", "VAL", "THOL", "ZHIR", "NAV"], "coherence_change": 0.004684083581564025, "sense_index_change": 0.023773097147313127, "phi_s_change": 0.06362240208745584, "grad_phi_change": -0.09090819844544806, "k_phi_change": 0.06713152015728568, "xi_c_change": 0.0, "phase_sync_change": 0.028825867189232857, "epi_magnitude_change": 0.012392308007738828, "hash_signature": "a34d191de54741ac", "sequence_str": "REMESH -> VAL -> THOL -> ZHIR -> NAV"}