{"sequence": ["NAV", "SHA", "UM", "REMESH"], "coherence_change": 0.0, "sense_index_change": 0.03941051545729335, "phi_s_change": 0.0, "grad_phi_change": -0.15013258468490864, "k_phi_change": -0.017483846241137857, "xi_c_change": 0.0, "phase_sync_change": 0.053672628971675684, "epi_magnitude_change": 0.0018026488444969901, "hash_signature": "e74bc3e36994368b", "sequence_str": "NAV -> SHA -> UM -> REMESH"}