{"sequence": ["UM", "THOL", "REMESH"], "coherence_change": 0.003303466386562093, "sense_index_change": -0.003185965118970957, "phi_s_change": -0.028796917667483712, "grad_phi_change": 0.015570488212337974, "k_phi_change": -0.24310241522269882, "xi_c_change": 0.0, "phase_sync_change": -0.011990408089596949, "epi_magnitude_change": 0.001894056946757039, "hash_signature": "495c4002463f40e6", "sequence_str": "UM -> THOL -> REMESH"}