{"sequence": ["RA", "OZ", "EN", "SHA"], "coherence_change": -0.010200205741067836, "sense_index_change": -0.01091153492377045, "phi_s_change": 0.01442361000567427, "grad_phi_change": 0.097753509999426, "k_phi_change": 0.44981127304225804, "xi_c_change": 0.0, "phase_sync_change": -0.03810270538971128, "epi_magnitude_change": 0.0, "hash_signature": "56c8a8c987cd345e", "sequence_str": "RA -> OZ -> EN -> SHA"}