{"sequence": ["UM", "THOL", "OZ"], "coherence_change": -0.01231636557123994, "sense_index_change": 0.0251984952847103, "phi_s_change": 0.07787233105573454, "grad_phi_change": -0.00835839720038245, "k_phi_change": 0.046290993492816124, "xi_c_change": 0.0, "phase_sync_change": 0.003233651738865584, "epi_magnitude_change": 0.0, "hash_signature": "5cb38cd5580b863c", "sequence_str": "UM -> THOL -> OZ"}