{"sequence": ["AL", "REMESH", "THOL", "IL", "SHA"], "coherence_change": 0.011799101859850891, "sense_index_change": -0.014296470545691442, "phi_s_change": 0.12391282846105456, "grad_phi_change": 0.0, "k_phi_change": 0.0, "xi_c_change": 0.0, "phase_sync_change": 0.0, "epi_magnitude_change": 0.0003716605544673568, "hash_signature": "ba5e61417da12e67", "sequence_str": "AL -> REMESH -> THOL -> IL -> SHA"}