{"sequence": ["IL", "UM", "REMESH", "IL", "OZ"], "coherence_change": 0.009402503524302497, "sense_index_change": 0.025812724518332386, "phi_s_change": 0.07281554605595586, "grad_phi_change": -0.1351212886875417, "k_phi_change": -0.18717883002803637, "xi_c_change": 0.0, "phase_sync_change": 0.047945682139158285, "epi_magnitude_change": 0.0012518214343822942, "hash_signature": "d585cb5d30e0e623", "sequence_str": "IL -> UM -> REMESH -> IL -> OZ"}