{"sequence": ["AL", "NUL", "SHA", "AL", "OZ"], "coherence_change": -0.016328628310487314, "sense_index_change": 0.005043357054117847, "phi_s_change": -0.13837303508965726, "grad_phi_change": 0.0, "k_phi_change": 0.0, "xi_c_change": 0.0, "phase_sync_change": 0.0, "epi_magnitude_change": -0.010401208692566555, "hash_signature": "c9286cdc0fb9b34e", "sequence_str": "AL -> NUL -> SHA -> AL -> OZ"}