{"sequence": ["NAV", "THOL", "UM", "IL", "AL", "SHA"], "coherence_change": 0.011773757107060856, "sense_index_change": 0.014043969326747119, "phi_s_change": -0.03685926003281059, "grad_phi_change": -0.07610570945804151, "k_phi_change": 0.20563005101614784, "xi_c_change": 0.0, "phase_sync_change": 0.01768579532845249, "epi_magnitude_change": -0.008102668537746549, "hash_signature": "4f7f2c9fe8f27a83", "sequence_str": "NAV -> THOL -> UM -> IL -> AL -> SHA"}