{"sequence": ["REMESH", "UM", "EN", "OZ"], "coherence_change": -0.010154628464489446, "sense_index_change": 0.00753749451287955, "phi_s_change": -0.09218018980318476, "grad_phi_change": -0.032439945875430753, "k_phi_change": 0.1369978455178541, "xi_c_change": 0.0, "phase_sync_change": 0.011991124025538258, "epi_magnitude_change": 0.001674790329211695, "hash_signature": "7a24194c1c667dcb", "sequence_str": "REMESH -> UM -> EN -> OZ"}