{"sequence": ["AL", "RA", "REMESH", "RA", "REMESH"], "coherence_change": 0.0, "sense_index_change": 0.018922318337583288, "phi_s_change": 0.0, "grad_phi_change": -0.12717652610636798, "k_phi_change": 0.5517738299350423, "xi_c_change": 0.0, "phase_sync_change": 0.03191873194576711, "epi_magnitude_change": 0.0017101065079290212, "hash_signature": "78027f667282d1ed", "sequence_str": "AL -> RA -> REMESH -> RA -> REMESH"}