{"sequence": ["NAV", "EN", "UM", "REMESH", "EN", "OZ"], "coherence_change": -0.008852370722688518, "sense_index_change": 0.011671219647946263, "phi_s_change": -0.017966583056987284, "grad_phi_change": -0.048009655583512334, "k_phi_change": 0.2981446710003087, "xi_c_change": 0.0, "phase_sync_change": 0.012856283834159377, "epi_magnitude_change": 0.0014358479815650416, "hash_signature": "6c23b817f62e690f", "sequence_str": "NAV -> EN -> UM -> REMESH -> EN -> OZ"}