{"sequence": ["UM", "IL", "AL", "IL", "OZ"], "coherence_change": 0.00021434368536110693, "sense_index_change": 0.04269427196432363, "phi_s_change": -0.004637320937751821, "grad_phi_change": -0.06412197485985605, "k_phi_change": 0.2563912241654112, "xi_c_change": 0.0, "phase_sync_change": 0.012141817731286975, "epi_magnitude_change": -0.00886925150340001, "hash_signature": "44afcd086060baa7", "sequence_str": "UM -> IL -> AL -> IL -> OZ"}