{"sequence": ["OZ", "NAV", "ZHIR", "THOL", "NUL", "REMESH"], "coherence_change": -0.006134752081525696, "sense_index_change": 0.00694705907863169, "phi_s_change": 0.0019498422634566248, "grad_phi_change": 0.04242322537097021, "k_phi_change": -0.08261086583009303, "xi_c_change": 0.0, "phase_sync_change": -0.013352168677819853, "epi_magnitude_change": -0.010203649862043807, "hash_signature": "ec9bf6de4ee6c400", "sequence_str": "OZ -> NAV -> ZHIR -> THOL -> NUL -> REMESH"}