{"sequence": ["OZ", "NUL", "THOL", "RA", "RA", "NAV"], "coherence_change": -0.0024232955933258804, "sense_index_change": 0.029906780450108972, "phi_s_change": -0.09892334829477667, "grad_phi_change": -0.1921490908958281, "k_phi_change": -0.14441369782008812, "xi_c_change": 0.0, "phase_sync_change": 0.0490207799411001, "epi_magnitude_change": -0.01709087148220434, "hash_signature": "3f798c45a214202e", "sequence_str": "OZ -> NUL -> THOL -> RA -> RA -> NAV"}