{"sequence": ["AL", "AL", "THOL", "OZ"], "coherence_change": -0.007653290032724747, "sense_index_change": 0.012843046552851844, "phi_s_change": -0.007207844584986356, "grad_phi_change": 0.0, "k_phi_change": 0.0, "xi_c_change": 0.0, "phase_sync_change": 0.0, "epi_magnitude_change": -0.00815067390959967, "hash_signature": "65e2252816c1aed4", "sequence_str": "AL -> AL -> THOL -> OZ"}