{"sequence": ["SHA", "THOL", "EN", "RA", "NAV"], "coherence_change": 0.0064618838896451924, "sense_index_change": -0.02781856730257315, "phi_s_change": 0.03474924911899957, "grad_phi_change": 0.10800718529048892, "k_phi_change": 0.13595116996833467, "xi_c_change": 0.0, "phase_sync_change": -0.042450332538786495, "epi_magnitude_change": 0.0, "hash_signature": "4516396aff26a421", "sequence_str": "SHA -> THOL -> EN -> RA -> NAV"}