{"sequence": ["NUL", "RA", "NAV", "NAV", "ZHIR", "OZ"], "coherence_change": -0.00809848306148131, "sense_index_change": -0.0058216688654497695, "phi_s_change": -0.10035915591980449, "grad_phi_change": 0.067092037943977, "k_phi_change": 0.8826069974973554, "xi_c_change": 0.0, "phase_sync_change": -0.03014469312724455, "epi_magnitude_change": -0.009679453162753537, "hash_signature": "904c4a80883c58a8", "sequence_str": "NUL -> RA -> NAV -> NAV -> ZHIR -> OZ"}