{"sequence": ["ZHIR", "NAV", "ZHIR", "THOL", "NUL", "OZ"], "coherence_change": -0.0029249092909366947, "sense_index_change": -0.01696668094084358, "phi_s_change": 0.041976538404083, "grad_phi_change": 0.08880072746621726, "k_phi_change": 0.16518247547374595, "xi_c_change": 0.0, "phase_sync_change": -0.03426614945280959, "epi_magnitude_change": -0.012260157390249438, "hash_signature": "3baa6a905bc6aa3d", "sequence_str": "ZHIR -> NAV -> ZHIR -> THOL -> NUL -> OZ"}