{"sequence": ["NAV", "REMESH", "THOL", "OZ", "SHA"], "coherence_change": -0.0056574410061940306, "sense_index_change": -0.005698153710014808, "phi_s_change": 0.023884830117356537, "grad_phi_change": 0.0, "k_phi_change": 0.0, "xi_c_change": 0.0, "phase_sync_change": 0.0, "epi_magnitude_change": 0.0012528463886101182, "hash_signature": "b541d180eb21bd3d", "sequence_str": "NAV -> REMESH -> THOL -> OZ -> SHA"}