{"sequence": ["NAV", "SHA", "RA", "EN", "NUL", "REMESH"], "coherence_change": 0.0, "sense_index_change": 0.007848781572832642, "phi_s_change": 0.0, "grad_phi_change": -0.012696574581774422, "k_phi_change": 0.5317098571710133, "xi_c_change": 0.0, "phase_sync_change": 0.002201252494347883, "epi_magnitude_change": -0.014634003117081518, "hash_signature": "2cfac6a458e9afe3", "sequence_str": "NAV -> SHA -> RA -> EN -> NUL -> REMESH"}