{"sequence": ["AL", "RA", "OZ", "OZ"], "coherence_change": -0.025356382330300797, "sense_index_change": -0.01381255526995362, "phi_s_change": 0.0291080723093452, "grad_phi_change": 0.08688077254020166, "k_phi_change": 0.6634900052709576, "xi_c_change": 0.0, "phase_sync_change": -0.03188148836382054, "epi_magnitude_change": -0.0007789861729698977, "hash_signature": "34c7c315274286ff", "sequence_str": "AL -> RA -> OZ -> OZ"}