{"sequence": ["NAV", "AL", "UM", "REMESH", "UM", "SHA"], "coherence_change": 0.0, "sense_index_change": 0.0036317172937235798, "phi_s_change": 0.0, "grad_phi_change": 0.0034600402696758348, "k_phi_change": 0.16218557183824703, "xi_c_change": 0.0, "phase_sync_change": -0.013598449330824769, "epi_magnitude_change": 0.00021269733305473437, "hash_signature": "8b88cf3b6b5fc1e5", "sequence_str": "NAV -> AL -> UM -> REMESH -> UM -> SHA"}