{"sequence": ["VAL", "IL", "NUL", "RA", "OZ"], "coherence_change": -0.0036123406406467495, "sense_index_change": -0.04312348104547098, "phi_s_change": 0.10218066024909034, "grad_phi_change": 0.07690761530542134, "k_phi_change": -0.08116140768542601, "xi_c_change": 0.0, "phase_sync_change": -0.031321943227504256, "epi_magnitude_change": 0.004460001135285885, "hash_signature": "0a20190f2f6d5344", "sequence_str": "VAL -> IL -> NUL -> RA -> OZ"}