{"sequence": ["REMESH", "SHA", "VAL", "OZ", "RA", "REMESH"], "coherence_change": -0.01101206414453304, "sense_index_change": -0.011171814742218733, "phi_s_change": -0.09800775213006618, "grad_phi_change": 0.07405705527642459, "k_phi_change": 0.476436919932905, "xi_c_change": 0.0, "phase_sync_change": -0.03215794284280127, "epi_magnitude_change": 0.021539847633818, "hash_signature": "b2cb10a5a57a9395", "sequence_str": "REMESH -> SHA -> VAL -> OZ -> RA -> REMESH"}