{"sequence": ["REMESH", "VAL", "RA", "RA", "OZ"], "coherence_change": -0.014182390132897238, "sense_index_change": 0.03951236145005277, "phi_s_change": -0.10883690132329571, "grad_phi_change": -0.11516151549091913, "k_phi_change": 0.20304885161572875, "xi_c_change": 0.0, "phase_sync_change": 0.027159564628270627, "epi_magnitude_change": 0.019722636439148067, "hash_signature": "fe4087eaea6aa032", "sequence_str": "REMESH -> VAL -> RA -> RA -> OZ"}