{"sequence": ["UM", "EN", "UM", "EN", "NAV"], "coherence_change": 0.0, "sense_index_change": 0.047026652264283486, "phi_s_change": 0.0, "grad_phi_change": -0.24217002166903612, "k_phi_change": 0.4442810510163341, "xi_c_change": 0.0, "phase_sync_change": 0.08411268776266945, "epi_magnitude_change": 0.0, "hash_signature": "9d70049b5ed57faa", "sequence_str": "UM -> EN -> UM -> EN -> NAV"}