{"sequence": ["RA", "NAV", "NUL", "SHA"], "coherence_change": 0.0, "sense_index_change": 0.0014208583517405504, "phi_s_change": 0.0, "grad_phi_change": -0.02641410911401576, "k_phi_change": 0.3317926074200603, "xi_c_change": 0.0, "phase_sync_change": 0.002963862762546121, "epi_magnitude_change": -0.01141132273776102, "hash_signature": "941fd9e296921baf", "sequence_str": "RA -> NAV -> NUL -> SHA"}