{"sequence": ["IL", "EN", "OZ", "AL", "RA", "SHA"], "coherence_change": -0.005964594158500702, "sense_index_change": 0.031221525113531046, "phi_s_change": 0.004513122510741097, "grad_phi_change": -0.1594923201526397, "k_phi_change": 0.06496343743975305, "xi_c_change": 0.0, "phase_sync_change": 0.05473846785613257, "epi_magnitude_change": 0.00036398193219688846, "hash_signature": "9be816b24161f6cf", "sequence_str": "IL -> EN -> OZ -> AL -> RA -> SHA"}