{"sequence": ["NAV", "SHA", "VAL", "ZHIR", "IL", "REMESH"], "coherence_change": 0.005445677122101422, "sense_index_change": 0.010080965431280009, "phi_s_change": 0.04308291951547516, "grad_phi_change": -0.009135173528381113, "k_phi_change": 0.09249930691037868, "xi_c_change": 0.0, "phase_sync_change": 0.00262676269855433, "epi_magnitude_change": 0.017307017014893122, "hash_signature": "89ef824fc33a0e4c", "sequence_str": "NAV -> SHA -> VAL -> ZHIR -> IL -> REMESH"}