{"sequence": ["AL", "AL", "OZ", "OZ"], "coherence_change": -0.02317127707446609, "sense_index_change": 0.011689501745014041, "phi_s_change": -0.15461703523010017, "grad_phi_change": 0.0, "k_phi_change": 0.0, "xi_c_change": 0.0, "phase_sync_change": 0.0, "epi_magnitude_change": -0.0014005639262466563, "hash_signature": "59979c915348c50b", "sequence_str": "AL -> AL -> OZ -> OZ"}