{"sequence": ["AL", "OZ", "AL", "EN", "SHA"], "coherence_change": -0.014148004741019293, "sense_index_change": 0.016540495410022893, "phi_s_change": -0.08851275700780736, "grad_phi_change": 0.0, "k_phi_change": 0.0, "xi_c_change": 0.0, "phase_sync_change": 0.0, "epi_magnitude_change": -0.006055354755123421, "hash_signature": "8c69fa2c35cd1716", "sequence_str": "AL -> OZ -> AL -> EN -> SHA"}