{"sequence": ["IL", "ZHIR", "IL", "ZHIR", "SHA"], "coherence_change": 0.01648428261344148, "sense_index_change": -0.03021454354821368, "phi_s_change": 0.0793420029500943, "grad_phi_change": 0.047624391840711766, "k_phi_change": 0.2366901375779316, "xi_c_change": 0.0, "phase_sync_change": -0.013271025345983567, "epi_magnitude_change": 0.0, "hash_signature": "991541dd8c717588", "sequence_str": "IL -> ZHIR -> IL -> ZHIR -> SHA"}