{"sequence": ["RA", "AL", "SHA", "SHA"], "coherence_change": 0.0, "sense_index_change": -0.03981512023941236, "phi_s_change": 0.0, "grad_phi_change": 0.16146917498547864, "k_phi_change": 0.49704181673252196, "xi_c_change": 0.0, "phase_sync_change": -0.06190530804325556, "epi_magnitude_change": 0.010448251547343412, "hash_signature": "c32621ffa4895cb2", "sequence_str": "RA -> AL -> SHA -> SHA"}