{"sequence": ["ZHIR", "VAL", "AL", "NAV"], "coherence_change": 0.0, "sense_index_change": 0.01440377283419314, "phi_s_change": 0.0, "grad_phi_change": -0.017264738733456575, "k_phi_change": 0.342807977551431, "xi_c_change": 0.0, "phase_sync_change": 0.006494741738531706, "epi_magnitude_change": 0.005031922060043437, "hash_signature": "928a42db7d983124", "sequence_str": "ZHIR -> VAL -> AL -> NAV"}