{"sequence": ["THOL", "NUL", "SHA", "IL", "SHA"], "coherence_change": 0.010218949881500405, "sense_index_change": -0.0007796153185999355, "phi_s_change": 0.028474207942897567, "grad_phi_change": 0.0, "k_phi_change": 0.0, "xi_c_change": 0.0, "phase_sync_change": 0.0, "epi_magnitude_change": -0.01715262425840569, "hash_signature": "420c386c9036530d", "sequence_str": "THOL -> NUL -> SHA -> IL -> SHA"}