{"sequence": ["THOL", "AL", "AL", "NAV"], "coherence_change": 0.0025614821540050903, "sense_index_change": 0.006224024013267826, "phi_s_change": -0.004923076336922572, "grad_phi_change": 0.0, "k_phi_change": 0.0, "xi_c_change": 0.0, "phase_sync_change": 0.0, "epi_magnitude_change": -0.022949394432736137, "hash_signature": "a1faf6b6d8bdc6b2", "sequence_str": "THOL -> AL -> AL -> NAV"}