{"sequence": ["RA", "AL", "NUL", "REMESH"], "coherence_change": 0.0, "sense_index_change": -0.030071440562889018, "phi_s_change": 0.0, "grad_phi_change": 0.11543826164286575, "k_phi_change": 0.10351065434372898, "xi_c_change": 0.0, "phase_sync_change": -0.043389800255946964, "epi_magnitude_change": -0.022269297465890348, "hash_signature": "aaafe721dc7b66dc", "sequence_str": "RA -> AL -> NUL -> REMESH"}