{"sequence": ["SHA", "ZHIR", "REMESH", "IL", "ZHIR", "SHA"], "coherence_change": 0.008160040740945784, "sense_index_change": -0.02272641832161071, "phi_s_change": 0.07545130915506448, "grad_phi_change": 0.13741194514796007, "k_phi_change": -0.31692609340819994, "xi_c_change": 0.0, "phase_sync_change": -0.03893266507219917, "epi_magnitude_change": 0.0017670210715012846, "hash_signature": "fdef097b92199c2c", "sequence_str": "SHA -> ZHIR -> REMESH -> IL -> ZHIR -> SHA"}