{"sequence": ["VAL", "VAL", "NUL", "NAV", "RA", "SHA"], "coherence_change": 0.0, "sense_index_change": -0.018308774980430653, "phi_s_change": 0.0, "grad_phi_change": 0.07291589988508607, "k_phi_change": 0.3768201487529813, "xi_c_change": 0.0, "phase_sync_change": -0.03320504672499047, "epi_magnitude_change": 0.015097538308429748, "hash_signature": "1c942db1281ccfc0", "sequence_str": "VAL -> VAL -> NUL -> NAV -> RA -> SHA"}