{"sequence": ["UM", "ZHIR", "REMESH", "NAV", "REMESH"], "coherence_change": 0.0, "sense_index_change": 0.003653582539739797, "phi_s_change": 0.0, "grad_phi_change": -0.14807898868855762, "k_phi_change": 0.17109283702443476, "xi_c_change": 0.0, "phase_sync_change": 0.04698413733479334, "epi_magnitude_change": 0.0026631711266950076, "hash_signature": "bb6c3d628a4694a4", "sequence_str": "UM -> ZHIR -> REMESH -> NAV -> REMESH"}