{"sequence": ["NAV", "NAV", "UM", "OZ"], "coherence_change": -0.013855167480883668, "sense_index_change": 0.0032227716794879235, "phi_s_change": 0.12058891229174629, "grad_phi_change": -0.021805565560080398, "k_phi_change": 0.11125527930634707, "xi_c_change": 0.0, "phase_sync_change": -0.0073642895794531205, "epi_magnitude_change": 0.0, "hash_signature": "34cfa122ecc27abb", "sequence_str": "NAV -> NAV -> UM -> OZ"}