{"sequence": ["AL", "THOL", "VAL", "NAV"], "coherence_change": 0.006086384840646275, "sense_index_change": -0.013941998261649102, "phi_s_change": 0.007544376659925134, "grad_phi_change": 0.0, "k_phi_change": 0.0, "xi_c_change": 0.0, "phase_sync_change": 0.0, "epi_magnitude_change": 0.020173158688296722, "hash_signature": "045d301ea679f2b3", "sequence_str": "AL -> THOL -> VAL -> NAV"}