{"sequence": ["RA", "RA", "EN", "UM", "NAV"], "coherence_change": 0.0, "sense_index_change": 0.09059844687923424, "phi_s_change": 0.0, "grad_phi_change": -0.48472199288424234, "k_phi_change": 0.035366906353981487, "xi_c_change": 0.0, "phase_sync_change": 0.1421467206948852, "epi_magnitude_change": 0.0, "hash_signature": "867dd87309d82a85", "sequence_str": "RA -> RA -> EN -> UM -> NAV"}