{"sequence": ["NAV", "OZ", "SHA", "AL", "SHA"], "coherence_change": -0.01062111500943741, "sense_index_change": 0.008231547248238824, "phi_s_change": 0.02299000190024736, "grad_phi_change": 0.0, "k_phi_change": 0.0, "xi_c_change": 0.0, "phase_sync_change": 0.0, "epi_magnitude_change": 0.001124141039371973, "hash_signature": "7d6632711861f33c", "sequence_str": "NAV -> OZ -> SHA -> AL -> SHA"}