{"sequence": ["ZHIR", "EN", "UM", "EN", "SHA"], "coherence_change": 0.0, "sense_index_change": 0.035822397456286015, "phi_s_change": 0.0, "grad_phi_change": -0.08785869176044736, "k_phi_change": 0.26674985034260457, "xi_c_change": 0.0, "phase_sync_change": 0.038352053444550394, "epi_magnitude_change": 0.0, "hash_signature": "67524e4fd23f8897", "sequence_str": "ZHIR -> EN -> UM -> EN -> SHA"}