{"sequence": ["VAL", "ZHIR", "EN", "REMESH"], "coherence_change": 0.0, "sense_index_change": -0.00019330048421029034, "phi_s_change": 0.0, "grad_phi_change": 0.016579512499518057, "k_phi_change": -0.14915546486818654, "xi_c_change": 0.0, "phase_sync_change": -0.003848112771955292, "epi_magnitude_change": 0.02556861255453613, "hash_signature": "3eeeef595ae3f300", "sequence_str": "VAL -> ZHIR -> EN -> REMESH"}