{"sequence": ["REMESH", "VAL", "RA", "REMESH"], "coherence_change": 0.0, "sense_index_change": 0.003900162163668064, "phi_s_change": 0.0, "grad_phi_change": -0.010502837050013314, "k_phi_change": 0.10653917586026218, "xi_c_change": 0.0, "phase_sync_change": -0.007946699666366963, "epi_magnitude_change": 0.01930553635110599, "hash_signature": "7e4b1cc5ead18bc3", "sequence_str": "REMESH -> VAL -> RA -> REMESH"}