{"sequence": ["IL", "NUL", "ZHIR", "AL", "SHA"], "coherence_change": 0.008949530871831146, "sense_index_change": 0.009507590559610923, "phi_s_change": 0.05555295252880221, "grad_phi_change": -0.025687849466107693, "k_phi_change": 0.33305684654568063, "xi_c_change": 0.0, "phase_sync_change": 0.011931726850426871, "epi_magnitude_change": -0.02137835376758479, "hash_signature": "e23d06ada52aa041", "sequence_str": "IL -> NUL -> ZHIR -> AL -> SHA"}