{"sequence": ["VAL", "EN", "EN", "THOL", "SHA"], "coherence_change": 0.003818482574549642, "sense_index_change": 0.0008557571605271042, "phi_s_change": -0.030668221197724055, "grad_phi_change": 0.0, "k_phi_change": 0.0, "xi_c_change": 0.0, "phase_sync_change": 0.0, "epi_magnitude_change": 0.01758003383915352, "hash_signature": "e2ff12a7b423c223", "sequence_str": "VAL -> EN -> EN -> THOL -> SHA"}