{"sequence": ["VAL", "VAL", "UM", "NAV", "NUL", "SHA"], "coherence_change": 0.0, "sense_index_change": 0.031106379910064375, "phi_s_change": 0.0, "grad_phi_change": -0.08901965254830069, "k_phi_change": 0.01855516815786612, "xi_c_change": 0.0, "phase_sync_change": 0.024268444710388026, "epi_magnitude_change": 0.008803265069726507, "hash_signature": "3e6a0d6ac4bda1db", "sequence_str": "VAL -> VAL -> UM -> NAV -> NUL -> SHA"}