{"sequence": ["UM", "REMESH", "SHA"], "coherence_change": 0.0, "sense_index_change": 0.017170534484809985, "phi_s_change": 0.0, "grad_phi_change": -0.013239120090558387, "k_phi_change": 0.2518691603401678, "xi_c_change": 0.0, "phase_sync_change": -0.0002543769392171491, "epi_magnitude_change": 0.001437173272409109, "hash_signature": "e7f0ff6c035ee2fe", "sequence_str": "UM -> REMESH -> SHA"}