{"sequence": ["OZ", "SHA", "IL", "NUL", "SHA"], "coherence_change": -0.008549760480331847, "sense_index_change": 0.02779048281521701, "phi_s_change": -0.03513869533277547, "grad_phi_change": 0.0, "k_phi_change": 0.0, "xi_c_change": 0.0, "phase_sync_change": 0.0, "epi_magnitude_change": -0.013340258861063048, "hash_signature": "fb19dd0695ec79e9", "sequence_str": "OZ -> SHA -> IL -> NUL -> SHA"}