{"sequence": ["REMESH", "EN", "RA", "AL", "OZ"], "coherence_change": -0.012082208544622275, "sense_index_change": -0.04389981592116038, "phi_s_change": -0.036588903114465166, "grad_phi_change": 0.12743157366564462, "k_phi_change": 0.3853641873516388, "xi_c_change": 0.0, "phase_sync_change": -0.05338295064808907, "epi_magnitude_change": 0.008532439587477514, "hash_signature": "8ee2e658e80e8e0f", "sequence_str": "REMESH -> EN -> RA -> AL -> OZ"}