{"sequence": ["IL", "NAV", "SHA", "AL", "REMESH"], "coherence_change": 0.0054333285488227245, "sense_index_change": 0.004522736646011882, "phi_s_change": 0.027560232239343896, "grad_phi_change": 0.0, "k_phi_change": 0.0, "xi_c_change": 0.0, "phase_sync_change": 0.0, "epi_magnitude_change": 0.0006653242492097311, "hash_signature": "2872dde490f6f7db", "sequence_str": "IL -> NAV -> SHA -> AL -> REMESH"}