{"sequence": ["THOL", "SHA", "ZHIR", "SHA", "OZ"], "coherence_change": -0.004962920716812036, "sense_index_change": 0.005833502707367266, "phi_s_change": -0.031689901008849275, "grad_phi_change": -0.0029262417050521794, "k_phi_change": 0.07300049188484402, "xi_c_change": 0.0, "phase_sync_change": 0.0024132901068596446, "epi_magnitude_change": 0.0, "hash_signature": "86b955aa6d2235e9", "sequence_str": "THOL -> SHA -> ZHIR -> SHA -> OZ"}