{"sequence": ["REMESH", "EN", "NUL", "ZHIR", "OZ"], "coherence_change": -0.01675202227696071, "sense_index_change": -0.0009781089578861923, "phi_s_change": -0.03336284005399215, "grad_phi_change": -0.059036712303384586, "k_phi_change": -0.06668167149433785, "xi_c_change": 0.0, "phase_sync_change": 0.021456064516474305, "epi_magnitude_change": -0.010753145633627392, "hash_signature": "b3c88f29670df271", "sequence_str": "REMESH -> EN -> NUL -> ZHIR -> OZ"}