{"sequence": ["EN", "NUL", "OZ", "REMESH", "OZ"], "coherence_change": -0.020842718417814488, "sense_index_change": -0.006644152207599174, "phi_s_change": -0.10640552823590188, "grad_phi_change": 0.0, "k_phi_change": 0.0, "xi_c_change": 0.0, "phase_sync_change": 0.0, "epi_magnitude_change": -0.010975355227949124, "hash_signature": "d2db2698a85d9b74", "sequence_str": "EN -> NUL -> OZ -> REMESH -> OZ"}