{"sequence": ["SHA", "THOL", "NUL", "EN", "OZ"], "coherence_change": -0.0061958561527935, "sense_index_change": -0.003192395453178287, "phi_s_change": 0.0005451543978625129, "grad_phi_change": 0.0, "k_phi_change": 0.0, "xi_c_change": 0.0, "phase_sync_change": 0.0, "epi_magnitude_change": -0.013169256273374508, "hash_signature": "37a01d95fa55b84f", "sequence_str": "SHA -> THOL -> NUL -> EN -> OZ"}