{"sequence": ["AL", "UM", "OZ", "IL", "NAV"], "coherence_change": -0.005334946362863913, "sense_index_change": 0.005242285700109539, "phi_s_change": -0.033732837776604074, "grad_phi_change": -0.014165598056977036, "k_phi_change": 0.03142804691557555, "xi_c_change": 0.0, "phase_sync_change": 0.0045970750244221925, "epi_magnitude_change": -0.0029597818468480863, "hash_signature": "1100035f0fc2a843", "sequence_str": "AL -> UM -> OZ -> IL -> NAV"}