{"sequence": ["IL", "RA", "OZ", "SHA", "SHA"], "coherence_change": -0.01250059351822086, "sense_index_change": 0.030231490969556907, "phi_s_change": -0.19332720272754733, "grad_phi_change": -0.1516969873627112, "k_phi_change": 0.16589077544784658, "xi_c_change": 0.0, "phase_sync_change": 0.04972051235178232, "epi_magnitude_change": 0.0, "hash_signature": "d6a946df8cb61069", "sequence_str": "IL -> RA -> OZ -> SHA -> SHA"}