{"sequence": ["OZ", "UM", "NUL", "IL", "SHA"], "coherence_change": -0.0047245724035593906, "sense_index_change": -0.00016043965370216018, "phi_s_change": -0.21209065823627649, "grad_phi_change": -0.019676757976527126, "k_phi_change": 0.041088041873207276, "xi_c_change": 0.0, "phase_sync_change": 0.009309732462586928, "epi_magnitude_change": -0.014236810354023022, "hash_signature": "16787614442583b8", "sequence_str": "OZ -> UM -> NUL -> IL -> SHA"}