{"sequence": ["UM", "REMESH", "UM", "AL", "REMESH"], "coherence_change": 0.0, "sense_index_change": 0.009176706313683947, "phi_s_change": 0.0, "grad_phi_change": -0.11519897902594889, "k_phi_change": 0.10513960946086925, "xi_c_change": 0.0, "phase_sync_change": 0.025734794721714693, "epi_magnitude_change": 0.004325367865333329, "hash_signature": "e0406aaec854a00d", "sequence_str": "UM -> REMESH -> UM -> AL -> REMESH"}