{"sequence": ["IL", "RA", "OZ"], "coherence_change": -0.0014258585972029003, "sense_index_change": 0.01358183793443335, "phi_s_change": 0.031033986378166456, "grad_phi_change": 0.09855490181305648, "k_phi_change": 0.5876312722534658, "xi_c_change": 0.0, "phase_sync_change": -0.0397816833228366, "epi_magnitude_change": 0.0, "hash_signature": "74f1aa8b4ed1ef45", "sequence_str": "IL -> RA -> OZ"}