{"sequence": ["VAL", "IL", "NUL", "NAV"], "coherence_change": 0.007174893814975825, "sense_index_change": 0.0050369560742131725, "phi_s_change": -0.006369493071123333, "grad_phi_change": 0.0, "k_phi_change": 0.0, "xi_c_change": 0.0, "phase_sync_change": 0.0, "epi_magnitude_change": -0.004624722396551095, "hash_signature": "c0fa62bfc67fc96a", "sequence_str": "VAL -> IL -> NUL -> NAV"}