{"sequence": ["SHA", "UM", "RA", "SHA"], "coherence_change": 0.0, "sense_index_change": 0.059628274224118094, "phi_s_change": 0.0, "grad_phi_change": -0.3792797563522692, "k_phi_change": 0.23236418505380368, "xi_c_change": 0.0, "phase_sync_change": 0.1153949489349787, "epi_magnitude_change": 0.0, "hash_signature": "9abbee910095b2c0", "sequence_str": "SHA -> UM -> RA -> SHA"}