{"sequence": ["NAV", "THOL", "VAL", "REMESH"], "coherence_change": 0.005910128940765147, "sense_index_change": 0.00185889963617758, "phi_s_change": 0.0243277235318613, "grad_phi_change": 0.0, "k_phi_change": 0.0, "xi_c_change": 0.0, "phase_sync_change": 0.0, "epi_magnitude_change": 0.016912295066999428, "hash_signature": "bb78c362286214bf", "sequence_str": "NAV -> THOL -> VAL -> REMESH"}