{"sequence": ["REMESH", "RA", "NUL", "RA", "NAV"], "coherence_change": 0.0, "sense_index_change": 0.04608230894891907, "phi_s_change": 0.0, "grad_phi_change": -0.27609718095242486, "k_phi_change": -0.31135518184143735, "xi_c_change": 0.0, "phase_sync_change": 0.09112780385865515, "epi_magnitude_change": -0.009571263399826724, "hash_signature": "9dc7ee07a925e02e", "sequence_str": "REMESH -> RA -> NUL -> RA -> NAV"}