{"sequence": ["VAL", "IL", "RA", "AL", "VAL", "OZ"], "coherence_change": 0.0005261730152235078, "sense_index_change": -0.012195372337686194, "phi_s_change": -0.00922693529271712, "grad_phi_change": 0.020246211528043068, "k_phi_change": 0.5279228508068812, "xi_c_change": 0.0, "phase_sync_change": -0.011492158188438184, "epi_magnitude_change": 0.020525019119132293, "hash_signature": "cdf0d6e67ad6a3b5", "sequence_str": "VAL -> IL -> RA -> AL -> VAL -> OZ"}