{"sequence": ["ZHIR", "EN", "OZ", "OZ"], "coherence_change": -0.021285987598145484, "sense_index_change": 0.016726682570503915, "phi_s_change": -0.08491766619068986, "grad_phi_change": -0.08057892538814482, "k_phi_change": 0.017379594620992866, "xi_c_change": 0.0, "phase_sync_change": 0.027205033292416414, "epi_magnitude_change": 0.0, "hash_signature": "dcd63ecc1b491fe6", "sequence_str": "ZHIR -> EN -> OZ -> OZ"}