{"sequence": ["REMESH", "THOL", "RA", "SHA", "NAV"], "coherence_change": 0.005324835169068787, "sense_index_change": -0.0005390995457862369, "phi_s_change": -0.013280000334797593, "grad_phi_change": -0.01489145523306612, "k_phi_change": 0.2844747679256251, "xi_c_change": 0.0, "phase_sync_change": -0.0008751279900421904, "epi_magnitude_change": 0.0015056718102938182, "hash_signature": "f467f9b06e7043b3", "sequence_str": "REMESH -> THOL -> RA -> SHA -> NAV"}