{"sequence": ["SHA", "EN", "UM", "UM", "OZ"], "coherence_change": -0.016243848847435793, "sense_index_change": 0.07206884627879317, "phi_s_change": 0.044407586117319764, "grad_phi_change": -0.23456812167114616, "k_phi_change": 0.19878550543718987, "xi_c_change": 0.0, "phase_sync_change": 0.06529748776635702, "epi_magnitude_change": 0.0, "hash_signature": "f44a07348694ac0f", "sequence_str": "SHA -> EN -> UM -> UM -> OZ"}