{"sequence": ["OZ", "THOL", "EN", "VAL", "NAV"], "coherence_change": -0.009720981936615969, "sense_index_change": 0.01131914792904365, "phi_s_change": -0.20094218085464755, "grad_phi_change": 0.0, "k_phi_change": 0.0, "xi_c_change": 0.0, "phase_sync_change": 0.0, "epi_magnitude_change": 0.011042360665362905, "hash_signature": "7d241542c4d0ad70", "sequence_str": "OZ -> THOL -> EN -> VAL -> NAV"}