{"sequence": ["AL", "UM", "RA", "NAV"], "coherence_change": 0.0, "sense_index_change": 0.01624361651192152, "phi_s_change": 0.0, "grad_phi_change": -0.22606400905980473, "k_phi_change": 0.3547448897863605, "xi_c_change": 0.0, "phase_sync_change": 0.06719125463184883, "epi_magnitude_change": -0.0025513400638997874, "hash_signature": "771822235779f250", "sequence_str": "AL -> UM -> RA -> NAV"}