{"sequence": ["ZHIR", "VAL", "EN", "RA", "OZ"], "coherence_change": -0.012431986382571258, "sense_index_change": -0.004993485802675335, "phi_s_change": -0.029909440300744716, "grad_phi_change": 0.09444573802318956, "k_phi_change": 0.46121746253026635, "xi_c_change": 0.0, "phase_sync_change": -0.032405275262988975, "epi_magnitude_change": 0.01619791166393958, "hash_signature": "47fb1c4007cf5f79", "sequence_str": "ZHIR -> VAL -> EN -> RA -> OZ"}