{"sequence": ["REMESH", "SHA", "REMESH", "UM", "ZHIR", "OZ"], "coherence_change": -0.018826808860901934, "sense_index_change": 0.07573049094700368, "phi_s_change": -0.09880630685015168, "grad_phi_change": -0.45002977135547395, "k_phi_change": 0.13416494858353145, "xi_c_change": 0.0, "phase_sync_change": 0.15043871516528473, "epi_magnitude_change": 0.0033496528150687155, "hash_signature": "f53d6b97ba509cb7", "sequence_str": "REMESH -> SHA -> REMESH -> UM -> ZHIR -> OZ"}