{"sequence": ["AL", "AL", "IL", "NAV", "SHA"], "coherence_change": 0.009159379718380767, "sense_index_change": 0.00875944871075418, "phi_s_change": 0.128905109566956, "grad_phi_change": 0.0, "k_phi_change": 0.0, "xi_c_change": 0.0, "phase_sync_change": 0.0, "epi_magnitude_change": -0.009085402815708687, "hash_signature": "0f0371cf0527cc9e", "sequence_str": "AL -> AL -> IL -> NAV -> SHA"}