{"sequence": ["NAV", "VAL", "VAL", "ZHIR", "REMESH"], "coherence_change": 0.0, "sense_index_change": 0.011354192981895328, "phi_s_change": 0.0, "grad_phi_change": -0.03330395824255428, "k_phi_change": 0.014803875968263158, "xi_c_change": 0.0, "phase_sync_change": 0.015045832769850276, "epi_magnitude_change": 0.024038812612325655, "hash_signature": "1513701ed3b443fb", "sequence_str": "NAV -> VAL -> VAL -> ZHIR -> REMESH"}