{"sequence": ["UM", "THOL", "EN", "SHA", "NAV"], "coherence_change": 0.004316687082656978, "sense_index_change": -0.0027729208106166414, "phi_s_change": -0.019365813895034778, "grad_phi_change": 0.04348631105938994, "k_phi_change": 0.37191367145969145, "xi_c_change": 0.0, "phase_sync_change": -0.005361773029391004, "epi_magnitude_change": 0.0, "hash_signature": "46a900e947e35b2b", "sequence_str": "UM -> THOL -> EN -> SHA -> NAV"}