{"sequence": ["UM", "OZ", "RA", "SHA", "REMESH"], "coherence_change": -0.014398906821222912, "sense_index_change": 0.009999514767665585, "phi_s_change": -0.05359760283770143, "grad_phi_change": -0.02358848531372293, "k_phi_change": 0.16936186318810983, "xi_c_change": 0.0, "phase_sync_change": 0.0002921210568060939, "epi_magnitude_change": 0.0014303447076517983, "hash_signature": "82b1de647759c644", "sequence_str": "UM -> OZ -> RA -> SHA -> REMESH"}