{"sequence": ["NUL", "AL", "IL", "EN", "UM", "OZ"], "coherence_change": -0.0016175101955789861, "sense_index_change": 0.014563467729136637, "phi_s_change": 0.1743026958830799, "grad_phi_change": -0.06038672745367202, "k_phi_change": 0.6265801140099234, "xi_c_change": 0.0, "phase_sync_change": 0.009363334506507948, "epi_magnitude_change": -0.010889504892471313, "hash_signature": "9c66ca1484bbb3a9", "sequence_str": "NUL -> AL -> IL -> EN -> UM -> OZ"}