{"sequence": ["IL", "IL", "IL", "SHA", "RA", "OZ"], "coherence_change": 0.0030403789095759803, "sense_index_change": 0.0030611828408616537, "phi_s_change": -0.057485659867194006, "grad_phi_change": 0.1293396371559985, "k_phi_change": 0.4025916612482109, "xi_c_change": 0.0, "phase_sync_change": -0.0514499784500867, "epi_magnitude_change": 0.0, "hash_signature": "1abb2de360ca6bcb", "sequence_str": "IL -> IL -> IL -> SHA -> RA -> OZ"}