{"sequence": ["NAV", "ZHIR", "OZ", "IL", "VAL", "NAV"], "coherence_change": -0.0012886579360723571, "sense_index_change": 0.027553172546949334, "phi_s_change": -0.010693783234121401, "grad_phi_change": 0.0029968633360220043, "k_phi_change": -0.01717174658687845, "xi_c_change": 0.0, "phase_sync_change": -0.003935465161107654, "epi_magnitude_change": 0.019487339168814954, "hash_signature": "399b7e5d2041c1f7", "sequence_str": "NAV -> ZHIR -> OZ -> IL -> VAL -> NAV"}