{"sequence": ["AL", "ZHIR", "UM", "ZHIR", "REMESH"], "coherence_change": 0.0, "sense_index_change": -0.010083635890671794, "phi_s_change": 0.0, "grad_phi_change": 0.011286502132020537, "k_phi_change": 0.3591908316077416, "xi_c_change": 0.0, "phase_sync_change": -0.005782501056843969, "epi_magnitude_change": -0.0034925137859835864, "hash_signature": "abb12ea5a0a422ac", "sequence_str": "AL -> ZHIR -> UM -> ZHIR -> REMESH"}