{"sequence": ["REMESH", "UM", "EN", "ZHIR", "VAL", "OZ"], "coherence_change": -0.009905108968316534, "sense_index_change": 0.019658190684499255, "phi_s_change": -0.12396175567656775, "grad_phi_change": -0.036043620618260164, "k_phi_change": -0.19360782611713023, "xi_c_change": 0.0, "phase_sync_change": 0.0019514665487840865, "epi_magnitude_change": 0.022205129646058808, "hash_signature": "a3144ca4b0582e1c", "sequence_str": "REMESH -> UM -> EN -> ZHIR -> VAL -> OZ"}