{"sequence": ["UM", "EN", "RA", "NAV"], "coherence_change": 0.0, "sense_index_change": 0.05393988291401408, "phi_s_change": 0.0, "grad_phi_change": -0.33540829519680426, "k_phi_change": 0.3444130346396859, "xi_c_change": 0.0, "phase_sync_change": 0.11844152470952463, "epi_magnitude_change": 0.0, "hash_signature": "963fdfd02898f110", "sequence_str": "UM -> EN -> RA -> NAV"}