{"sequence": ["REMESH", "AL", "OZ", "NUL", "UM", "SHA"], "coherence_change": -0.013209034725192637, "sense_index_change": 0.0257490909474265, "phi_s_change": 0.059533163531556355, "grad_phi_change": -0.08790997390923772, "k_phi_change": 0.13756845536957674, "xi_c_change": 0.0, "phase_sync_change": 0.03422971226870841, "epi_magnitude_change": -0.023796430533017165, "hash_signature": "4024690420862521", "sequence_str": "REMESH -> AL -> OZ -> NUL -> UM -> SHA"}