{"sequence": ["THOL", "IL", "AL", "THOL", "SHA"], "coherence_change": 0.01935585342640256, "sense_index_change": -0.003149442012966186, "phi_s_change": 0.08104792997762811, "grad_phi_change": 0.0, "k_phi_change": 0.0, "xi_c_change": 0.0, "phase_sync_change": 0.0, "epi_magnitude_change": -0.0022170589389697293, "hash_signature": "fe3e72f6581291b3", "sequence_str": "THOL -> IL -> AL -> THOL -> SHA"}