{"sequence": ["UM", "VAL", "NAV", "NAV", "AL", "REMESH"], "coherence_change": 0.0, "sense_index_change": 0.054619328344232776, "phi_s_change": 0.0, "grad_phi_change": -0.2022648638779898, "k_phi_change": 0.30959514891301276, "xi_c_change": 0.0, "phase_sync_change": 0.06247326187986346, "epi_magnitude_change": 0.019003944844721232, "hash_signature": "d9d79cc83e502a6e", "sequence_str": "UM -> VAL -> NAV -> NAV -> AL -> REMESH"}