{"sequence": ["IL", "OZ", "REMESH", "RA", "VAL", "NAV"], "coherence_change": -0.0027074155387827314, "sense_index_change": -0.021171373235346624, "phi_s_change": -0.049503318794782425, "grad_phi_change": 0.06167452149698427, "k_phi_change": 0.3554972162785639, "xi_c_change": 0.0, "phase_sync_change": -0.0343609307191316, "epi_magnitude_change": 0.008409678692496536, "hash_signature": "fd997918cf38ac49", "sequence_str": "IL -> OZ -> REMESH -> RA -> VAL -> NAV"}