{"sequence": ["NUL", "THOL", "THOL", "VAL", "REMESH"], "coherence_change": 0.01113052267180803, "sense_index_change": 0.003097169332115013, "phi_s_change": 0.06411806739059212, "grad_phi_change": 0.0, "k_phi_change": 0.0, "xi_c_change": 0.0, "phase_sync_change": 0.0, "epi_magnitude_change": 0.007593987497982013, "hash_signature": "2754729d970c443e", "sequence_str": "NUL -> THOL -> THOL -> VAL -> REMESH"}