{"sequence": ["IL", "NAV", "UM", "UM", "ZHIR", "NAV"], "coherence_change": 0.006571122922070072, "sense_index_change": 0.047676159446439104, "phi_s_change": 0.041277782164310106, "grad_phi_change": -0.24504019155327783, "k_phi_change": 0.07819761392205316, "xi_c_change": 0.0, "phase_sync_change": 0.07279417589649351, "epi_magnitude_change": 0.0, "hash_signature": "b6c122571f4d9c50", "sequence_str": "IL -> NAV -> UM -> UM -> ZHIR -> NAV"}