{"sequence": ["ZHIR", "NUL", "SHA"], "coherence_change": 0.0, "sense_index_change": -0.008646346658744086, "phi_s_change": 0.0, "grad_phi_change": 0.006296014285408491, "k_phi_change": 0.2796373331014572, "xi_c_change": 0.0, "phase_sync_change": -0.006008748257085861, "epi_magnitude_change": -0.018879716440825978, "hash_signature": "88601b3ecb2dbbcd", "sequence_str": "ZHIR -> NUL -> SHA"}