{"sequence": ["THOL", "REMESH", "UM", "AL", "THOL", "SHA"], "coherence_change": 0.008583325700618483, "sense_index_change": 0.047122790291926786, "phi_s_change": 0.10244194631700743, "grad_phi_change": -0.23444864033344182, "k_phi_change": -0.0006405202930318821, "xi_c_change": 0.0, "phase_sync_change": 0.0703493433810608, "epi_magnitude_change": -0.005988346128916633, "hash_signature": "fd3a3bf61ecb0482", "sequence_str": "THOL -> REMESH -> UM -> AL -> THOL -> SHA"}