{"sequence": ["REMESH", "ZHIR", "VAL", "NAV", "NAV"], "coherence_change": 0.0, "sense_index_change": 0.02669360354461814, "phi_s_change": 0.0, "grad_phi_change": -0.07225663103256519, "k_phi_change": 0.07529061669111645, "xi_c_change": 0.0, "phase_sync_change": 0.026666666666666616, "epi_magnitude_change": 0.02424662332954519, "hash_signature": "32706ee86967f526", "sequence_str": "REMESH -> ZHIR -> VAL -> NAV -> NAV"}