{"sequence": ["EN", "NAV", "RA", "OZ"], "coherence_change": -0.010030370479719664, "sense_index_change": -0.003610089686407414, "phi_s_change": -0.12392022953568604, "grad_phi_change": 0.05038170094898886, "k_phi_change": 0.14041061812077604, "xi_c_change": 0.0, "phase_sync_change": -0.023704979082468602, "epi_magnitude_change": 0.0, "hash_signature": "de72ec665d90a890", "sequence_str": "EN -> NAV -> RA -> OZ"}