{"sequence": ["NAV", "OZ", "RA", "RA", "OZ"], "coherence_change": -0.0320732148049413, "sense_index_change": 0.08156176821279093, "phi_s_change": -0.26429167892991323, "grad_phi_change": -0.2896900125494706, "k_phi_change": -0.03917209125520618, "xi_c_change": 0.0, "phase_sync_change": 0.09901486875176568, "epi_magnitude_change": 0.0, "hash_signature": "d1660417924ffaf4", "sequence_str": "NAV -> OZ -> RA -> RA -> OZ"}