{"sequence": ["THOL", "NUL", "REMESH", "RA", "THOL", "SHA"], "coherence_change": 0.010193509062043526, "sense_index_change": -0.00825987684373386, "phi_s_change": 0.0298366186044956, "grad_phi_change": 0.03016442581441714, "k_phi_change": 0.4850537627454748, "xi_c_change": 0.0, "phase_sync_change": -0.022293495646604544, "epi_magnitude_change": -0.006191540808634044, "hash_signature": "8d60be92d55c65c8", "sequence_str": "THOL -> NUL -> REMESH -> RA -> THOL -> SHA"}