{"sequence": ["IL", "UM", "SHA"], "coherence_change": 0.0065080038931382145, "sense_index_change": 0.03826937093942728, "phi_s_change": 0.07765469791269908, "grad_phi_change": -0.21713078693524945, "k_phi_change": 0.43763884613550746, "xi_c_change": 0.0, "phase_sync_change": 0.06395313402150682, "epi_magnitude_change": 0.0, "hash_signature": "70ad6ba29b877808", "sequence_str": "IL -> UM -> SHA"}