{"sequence": ["AL", "EN", "THOL", "EN", "SHA"], "coherence_change": 0.007365544010908942, "sense_index_change": -0.009793899730688838, "phi_s_change": 0.06866048702836947, "grad_phi_change": 0.0, "k_phi_change": 0.0, "xi_c_change": 0.0, "phase_sync_change": 0.0, "epi_magnitude_change": 0.003564158001782558, "hash_signature": "d36d07c4e02b8a01", "sequence_str": "AL -> EN -> THOL -> EN -> SHA"}