{"sequence": ["NAV", "RA", "ZHIR", "VAL", "IL", "SHA"], "coherence_change": 0.008020460397114348, "sense_index_change": 0.022824051101812293, "phi_s_change": 0.04387256229682035, "grad_phi_change": -0.001552269939226525, "k_phi_change": 0.029256314336899403, "xi_c_change": 0.0, "phase_sync_change": -0.006037160442862066, "epi_magnitude_change": 0.0115971734719994, "hash_signature": "df40ebda157d28a2", "sequence_str": "NAV -> RA -> ZHIR -> VAL -> IL -> SHA"}