{"sequence": ["NAV", "RA", "NAV", "SHA", "AL", "OZ"], "coherence_change": -0.007602286113002399, "sense_index_change": 0.028326190064202783, "phi_s_change": -0.06822905563540083, "grad_phi_change": -0.09520483907467803, "k_phi_change": 0.2165424188526895, "xi_c_change": 0.0, "phase_sync_change": 0.02853415739539411, "epi_magnitude_change": 0.004284211659264847, "hash_signature": "e291fb4a8be90f22", "sequence_str": "NAV -> RA -> NAV -> SHA -> AL -> OZ"}