{"sequence": ["THOL", "THOL", "UM", "IL", "NUL", "NAV"], "coherence_change": 0.014724177109361247, "sense_index_change": 0.045513437976189675, "phi_s_change": -0.03096214763555849, "grad_phi_change": -0.19148713409889906, "k_phi_change": 0.10501315124802339, "xi_c_change": 0.0, "phase_sync_change": 0.069136229944193, "epi_magnitude_change": -0.011716578122688559, "hash_signature": "096354b00f3a55c5", "sequence_str": "THOL -> THOL -> UM -> IL -> NUL -> NAV"}