{"sequence": ["VAL", "SHA", "THOL", "OZ"], "coherence_change": -0.00787885368129937, "sense_index_change": 0.0027897129386521557, "phi_s_change": -0.060428725484281576, "grad_phi_change": 0.0, "k_phi_change": 0.0, "xi_c_change": 0.0, "phase_sync_change": 0.0, "epi_magnitude_change": 0.017106971641987045, "hash_signature": "f41e313002e7cbf2", "sequence_str": "VAL -> SHA -> THOL -> OZ"}