{"sequence": ["RA", "AL", "UM", "NAV", "REMESH"], "coherence_change": 0.0, "sense_index_change": 0.037156974210275084, "phi_s_change": 0.0, "grad_phi_change": -0.2066424857150646, "k_phi_change": 0.3575264755519836, "xi_c_change": 0.0, "phase_sync_change": 0.06146315002722624, "epi_magnitude_change": -0.0049532425239927624, "hash_signature": "4ce720dc7f69f8b9", "sequence_str": "RA -> AL -> UM -> NAV -> REMESH"}