{"sequence": ["AL", "ZHIR", "REMESH", "REMESH"], "coherence_change": 0.0, "sense_index_change": -0.005064777095177719, "phi_s_change": 0.0, "grad_phi_change": 0.04461218652249377, "k_phi_change": -0.12835300774174657, "xi_c_change": 0.0, "phase_sync_change": -0.012604492208377338, "epi_magnitude_change": -0.0036623676342755207, "hash_signature": "5fe9d9c2bbc418f0", "sequence_str": "AL -> ZHIR -> REMESH -> REMESH"}