{"sequence": ["NUL", "OZ", "EN", "SHA"], "coherence_change": -0.01654751164307544, "sense_index_change": 0.019239231143245106, "phi_s_change": -0.05359522161358776, "grad_phi_change": 0.0, "k_phi_change": 0.0, "xi_c_change": 0.0, "phase_sync_change": 0.0, "epi_magnitude_change": -0.01955695609001118, "hash_signature": "3d31deca47783196", "sequence_str": "NUL -> OZ -> EN -> SHA"}