{"sequence": ["REMESH", "ZHIR", "AL", "IL", "OZ"], "coherence_change": -0.0010450405705452193, "sense_index_change": 0.016649919753540243, "phi_s_change": -0.05162890342436233, "grad_phi_change": -0.07054176513949284, "k_phi_change": 0.07695471369682974, "xi_c_change": 0.0, "phase_sync_change": 0.024205332751969233, "epi_magnitude_change": 0.0008918619140869666, "hash_signature": "54aa680bac491f87", "sequence_str": "REMESH -> ZHIR -> AL -> IL -> OZ"}