{"sequence": ["NAV", "EN", "VAL", "IL", "REMESH"], "coherence_change": 0.00850783838466751, "sense_index_change": -0.007345142080383171, "phi_s_change": 0.06333572488509343, "grad_phi_change": 0.0, "k_phi_change": 0.0, "xi_c_change": 0.0, "phase_sync_change": 0.0, "epi_magnitude_change": 0.013822898788458327, "hash_signature": "9ff476b8b167e6d0", "sequence_str": "NAV -> EN -> VAL -> IL -> REMESH"}