{"sequence": ["NAV", "AL", "IL", "NAV"], "coherence_change": 0.004019402165276298, "sense_index_change": 0.004781204613136469, "phi_s_change": 0.024997750068083024, "grad_phi_change": 0.0, "k_phi_change": 0.0, "xi_c_change": 0.0, "phase_sync_change": 0.0, "epi_magnitude_change": -0.0034613539333530063, "hash_signature": "9f14c9c638914e1d", "sequence_str": "NAV -> AL -> IL -> NAV"}