{"sequence": ["RA", "THOL", "UM", "NUL", "OZ"], "coherence_change": -0.003014407133532404, "sense_index_change": 0.01647469504480148, "phi_s_change": 0.0212814997198828, "grad_phi_change": -0.22879175651863215, "k_phi_change": 0.5158291454785617, "xi_c_change": 0.0, "phase_sync_change": 0.06947631125826403, "epi_magnitude_change": -0.0053302433779900404, "hash_signature": "b9dd02dfcf5fd801", "sequence_str": "RA -> THOL -> UM -> NUL -> OZ"}