{"sequence": ["REMESH", "UM", "UM", "EN", "VAL", "SHA"], "coherence_change": 0.0, "sense_index_change": -0.008007963476686197, "phi_s_change": 0.0, "grad_phi_change": -0.08256287202130919, "k_phi_change": 0.07602409045087846, "xi_c_change": 0.0, "phase_sync_change": 0.014995511406946549, "epi_magnitude_change": 0.008421691578487378, "hash_signature": "f5309a153c4f18d7", "sequence_str": "REMESH -> UM -> UM -> EN -> VAL -> SHA"}