{"sequence": ["VAL", "NUL", "SHA", "NUL", "THOL", "REMESH"], "coherence_change": 0.0057199619859101825, "sense_index_change": 0.0024902686949500596, "phi_s_change": 0.024263241412970427, "grad_phi_change": 0.0, "k_phi_change": 0.0, "xi_c_change": 0.0, "phase_sync_change": 0.0, "epi_magnitude_change": -0.013375429106940784, "hash_signature": "61a5a22d756db951", "sequence_str": "VAL -> NUL -> SHA -> NUL -> THOL -> REMESH"}