{"sequence": ["AL", "UM", "THOL", "OZ"], "coherence_change": -0.003801493575817716, "sense_index_change": 0.04968825407668198, "phi_s_change": 0.006209886917729279, "grad_phi_change": -0.1705097646787126, "k_phi_change": 0.2776281378013529, "xi_c_change": 0.0, "phase_sync_change": 0.050335892792065295, "epi_magnitude_change": 0.004028657748975428, "hash_signature": "7ad8e4a4dd415e7e", "sequence_str": "AL -> UM -> THOL -> OZ"}