{"sequence": ["UM", "SHA", "NUL", "NAV", "UM", "OZ"], "coherence_change": -0.012485460587763453, "sense_index_change": 0.016784136761644808, "phi_s_change": -0.14297866760332867, "grad_phi_change": -0.21989001372045358, "k_phi_change": 0.32016817772419176, "xi_c_change": 0.0, "phase_sync_change": 0.04721070888508361, "epi_magnitude_change": -0.01382888043858288, "hash_signature": "76afc5b8bb1c3921", "sequence_str": "UM -> SHA -> NUL -> NAV -> UM -> OZ"}