{"sequence": ["RA", "NAV", "SHA", "VAL", "SHA"], "coherence_change": 0.0, "sense_index_change": -0.0092470594953874, "phi_s_change": 0.0, "grad_phi_change": 0.008475595549763293, "k_phi_change": -0.002979958983218123, "xi_c_change": 0.0, "phase_sync_change": -0.00808068811989382, "epi_magnitude_change": 0.020290157373750506, "hash_signature": "22f5d06aa8494b18", "sequence_str": "RA -> NAV -> SHA -> VAL -> SHA"}