{"sequence": ["IL", "REMESH", "NUL", "UM", "RA", "REMESH"], "coherence_change": 0.008097385200759533, "sense_index_change": 0.03934168503016022, "phi_s_change": 0.025128166179792633, "grad_phi_change": -0.09693078392470578, "k_phi_change": 0.32908883421589497, "xi_c_change": 0.0, "phase_sync_change": 0.02345274854062762, "epi_magnitude_change": -0.012679467211902051, "hash_signature": "7018fdfdf8ab9b21", "sequence_str": "IL -> REMESH -> NUL -> UM -> RA -> REMESH"}