{"sequence": ["NAV", "THOL", "ZHIR", "THOL", "OZ"], "coherence_change": -0.0019797258247147287, "sense_index_change": 0.013694817139418003, "phi_s_change": -0.06918987177711955, "grad_phi_change": 0.010143082028648998, "k_phi_change": 0.2029023790221186, "xi_c_change": 0.0, "phase_sync_change": -0.002724331731181473, "epi_magnitude_change": 0.0, "hash_signature": "6ba1295290545bf9", "sequence_str": "NAV -> THOL -> ZHIR -> THOL -> OZ"}