{"sequence": ["THOL", "ZHIR", "THOL", "UM", "REMESH"], "coherence_change": 0.010131559384992439, "sense_index_change": 0.0430963057999415, "phi_s_change": 0.01075606911913729, "grad_phi_change": -0.26068908409399105, "k_phi_change": 0.11856291030126308, "xi_c_change": 0.0, "phase_sync_change": 0.08032474756259, "epi_magnitude_change": 0.001303198761541502, "hash_signature": "b44d42e4efe6dd4c", "sequence_str": "THOL -> ZHIR -> THOL -> UM -> REMESH"}