{"sequence": ["NUL", "THOL", "ZHIR", "THOL", "NAV"], "coherence_change": 0.00752033233852234, "sense_index_change": 0.007200716237758753, "phi_s_change": 0.01567140404676004, "grad_phi_change": -0.01807257273909979, "k_phi_change": -0.09005554085207118, "xi_c_change": 0.0, "phase_sync_change": 0.0054042107586023125, "epi_magnitude_change": -0.016745536910571346, "hash_signature": "b4900da7d0ed09da", "sequence_str": "NUL -> THOL -> ZHIR -> THOL -> NAV"}