{"sequence": ["AL", "RA", "SHA", "OZ", "REMESH"], "coherence_change": -0.014066360319106241, "sense_index_change": 0.03379185990288691, "phi_s_change": -0.1082116655210098, "grad_phi_change": -0.1117642840145403, "k_phi_change": 0.017432729102895173, "xi_c_change": 0.0, "phase_sync_change": 0.03178880993692501, "epi_magnitude_change": 0.007125661031930575, "hash_signature": "21341cc84adc15d7", "sequence_str": "AL -> RA -> SHA -> OZ -> REMESH"}