{"sequence": ["UM", "REMESH", "IL", "AL", "OZ"], "coherence_change": -0.0030647150062804718, "sense_index_change": 0.0501004409315271, "phi_s_change": -0.06267496640257642, "grad_phi_change": -0.2242578161892208, "k_phi_change": 0.20603196368511592, "xi_c_change": 0.0, "phase_sync_change": 0.07153700111682915, "epi_magnitude_change": 0.0009754202729040928, "hash_signature": "95ecbbf40d2f786d", "sequence_str": "UM -> REMESH -> IL -> AL -> OZ"}