{"sequence": ["REMESH", "ZHIR", "OZ", "IL", "SHA"], "coherence_change": -0.0024967965097425493, "sense_index_change": 0.0030167502598376084, "phi_s_change": -0.058894121811491895, "grad_phi_change": 0.002101149215766096, "k_phi_change": -0.022485483327538136, "xi_c_change": 0.0, "phase_sync_change": -0.0015542203590034331, "epi_magnitude_change": 0.0013122105769665104, "hash_signature": "991dac2d260a50af", "sequence_str": "REMESH -> ZHIR -> OZ -> IL -> SHA"}