{"sequence": ["NAV", "NUL", "AL", "THOL", "ZHIR", "SHA"], "coherence_change": 0.006435381579511401, "sense_index_change": 0.0008059824044684971, "phi_s_change": -0.002062621975550405, "grad_phi_change": 0.05150206620761577, "k_phi_change": -0.05779511591111669, "xi_c_change": 0.0, "phase_sync_change": -0.014718838303523718, "epi_magnitude_change": -0.028906110435658827, "hash_signature": "4eb58e3bc86ce0d6", "sequence_str": "NAV -> NUL -> AL -> THOL -> ZHIR -> SHA"}