{"sequence": ["SHA", "SHA", "NUL", "SHA", "UM", "SHA"], "coherence_change": 0.0, "sense_index_change": 0.0147616591144627, "phi_s_change": 0.0, "grad_phi_change": -0.1009060950880365, "k_phi_change": 0.1592171357057538, "xi_c_change": 0.0, "phase_sync_change": 0.027434638158226998, "epi_magnitude_change": -0.024866981055302162, "hash_signature": "b3cd73fac4263b3b", "sequence_str": "SHA -> SHA -> NUL -> SHA -> UM -> SHA"}