{"sequence": ["NAV", "ZHIR", "IL", "EN", "NAV"], "coherence_change": 0.008039340611276091, "sense_index_change": -0.004799460648937215, "phi_s_change": 0.007704676928984466, "grad_phi_change": 0.022895988622381847, "k_phi_change": 0.04500571561671601, "xi_c_change": 0.0, "phase_sync_change": -0.0019892954013396302, "epi_magnitude_change": 0.0, "hash_signature": "962118ebd15262d9", "sequence_str": "NAV -> ZHIR -> IL -> EN -> NAV"}