{"sequence": ["AL", "THOL", "IL", "IL", "REMESH"], "coherence_change": 0.026826028615235864, "sense_index_change": -0.0008566918249300892, "phi_s_change": 0.12076618552676754, "grad_phi_change": 0.0, "k_phi_change": 0.0, "xi_c_change": 0.0, "phase_sync_change": 0.0, "epi_magnitude_change": 0.004225992376002519, "hash_signature": "f7d3b3bb5a75402d", "sequence_str": "AL -> THOL -> IL -> IL -> REMESH"}