{"sequence": ["AL", "ZHIR", "NAV", "RA", "NAV"], "coherence_change": 0.0, "sense_index_change": -0.043994030705330645, "phi_s_change": 0.0, "grad_phi_change": 0.17923975714406004, "k_phi_change": 0.2468404592029808, "xi_c_change": 0.0, "phase_sync_change": -0.05868872655270729, "epi_magnitude_change": 0.004509317299616011, "hash_signature": "f2112d03029b870c", "sequence_str": "AL -> ZHIR -> NAV -> RA -> NAV"}