{"sequence": ["REMESH", "OZ", "UM", "OZ"], "coherence_change": -0.02484722530743011, "sense_index_change": 0.021032714729314783, "phi_s_change": -0.07136760666698316, "grad_phi_change": 0.009145726352027372, "k_phi_change": 0.17036443694525086, "xi_c_change": 0.0, "phase_sync_change": 0.005256059898442911, "epi_magnitude_change": 0.0013766313768069915, "hash_signature": "eb38d5880e5944bb", "sequence_str": "REMESH -> OZ -> UM -> OZ"}