{"sequence": ["RA", "SHA", "REMESH", "UM", "NAV"], "coherence_change": 0.0, "sense_index_change": 0.010685569026286701, "phi_s_change": 0.0, "grad_phi_change": -0.06186971031142052, "k_phi_change": 0.3594160145619685, "xi_c_change": 0.0, "phase_sync_change": 0.015055540403510648, "epi_magnitude_change": 0.001479545239161939, "hash_signature": "4544fb0302b9bde4", "sequence_str": "RA -> SHA -> REMESH -> UM -> NAV"}