{"sequence": ["EN", "ZHIR", "THOL", "NUL", "OZ"], "coherence_change": -0.01006609241196299, "sense_index_change": 0.023330197923536633, "phi_s_change": 0.02280855939418358, "grad_phi_change": 0.0019101793023637015, "k_phi_change": 0.3528871713708627, "xi_c_change": 0.0, "phase_sync_change": 0.0008002282069465849, "epi_magnitude_change": -0.01854238362719418, "hash_signature": "c9008bf4860cc542", "sequence_str": "EN -> ZHIR -> THOL -> NUL -> OZ"}