{"sequence": ["AL", "ZHIR", "IL", "RA", "OZ"], "coherence_change": 0.0005191883690472965, "sense_index_change": -0.005878979140195528, "phi_s_change": 0.10910263582089741, "grad_phi_change": 0.0513614402303757, "k_phi_change": -0.35157349195945925, "xi_c_change": 0.0, "phase_sync_change": -0.031301406008278465, "epi_magnitude_change": 0.0015446129309734102, "hash_signature": "76c61735d714cab0", "sequence_str": "AL -> ZHIR -> IL -> RA -> OZ"}