{"sequence": ["UM", "NAV", "VAL", "AL", "SHA"], "coherence_change": 0.0, "sense_index_change": 0.03646382134248771, "phi_s_change": 0.0, "grad_phi_change": -0.13998720065487635, "k_phi_change": 0.19239499966095733, "xi_c_change": 0.0, "phase_sync_change": 0.05699852470722322, "epi_magnitude_change": 0.010070667524173738, "hash_signature": "945fb6e8ae5db92e", "sequence_str": "UM -> NAV -> VAL -> AL -> SHA"}