{"sequence": ["THOL", "NUL", "NAV"], "coherence_change": 0.0035036767948462, "sense_index_change": 4.3057459248041496e-05, "phi_s_change": 0.0062699175067824076, "grad_phi_change": 0.0, "k_phi_change": 0.0, "xi_c_change": 0.0, "phase_sync_change": 0.0, "epi_magnitude_change": -0.014261674443070471, "hash_signature": "05111a5df33c0312", "sequence_str": "THOL -> NUL -> NAV"}