{"sequence": ["OZ", "VAL", "SHA"], "coherence_change": -0.013544663996600592, "sense_index_change": -0.0004781839202060434, "phi_s_change": -0.1108021923161383, "grad_phi_change": 0.0, "k_phi_change": 0.0, "xi_c_change": 0.0, "phase_sync_change": 0.0, "epi_magnitude_change": 0.01696419009917549, "hash_signature": "572b7d9598fe5790", "sequence_str": "OZ -> VAL -> SHA"}