{"sequence": ["SHA", "NUL", "NUL", "UM", "SHA"], "coherence_change": 0.0, "sense_index_change": -0.006923376803778081, "phi_s_change": 0.0, "grad_phi_change": -0.006147118264655305, "k_phi_change": 0.26371076914418023, "xi_c_change": 0.0, "phase_sync_change": -0.0007767627943443545, "epi_magnitude_change": -0.03465301933246412, "hash_signature": "8c05c17e4227ec8a", "sequence_str": "SHA -> NUL -> NUL -> UM -> SHA"}