{"sequence": ["UM", "UM", "REMESH", "SHA", "THOL", "SHA"], "coherence_change": 0.005201073921247357, "sense_index_change": 0.050920778181978044, "phi_s_change": -0.028419277380265173, "grad_phi_change": -0.16979042148318046, "k_phi_change": 0.2052361164800152, "xi_c_change": 0.0, "phase_sync_change": 0.06367493010628611, "epi_magnitude_change": 0.0008266267482982537, "hash_signature": "ccfd464bc62a9a8d", "sequence_str": "UM -> UM -> REMESH -> SHA -> THOL -> SHA"}