{"sequence": ["REMESH", "AL", "NUL", "THOL", "NUL", "SHA"], "coherence_change": 0.0026068173809530304, "sense_index_change": 0.0015430422357358697, "phi_s_change": 0.032125740607829134, "grad_phi_change": 0.0, "k_phi_change": 0.0, "xi_c_change": 0.0, "phase_sync_change": 0.0, "epi_magnitude_change": -0.036855002149402405, "hash_signature": "7411e356dd768d2d", "sequence_str": "REMESH -> AL -> NUL -> THOL -> NUL -> SHA"}