{"sequence": ["RA", "EN", "RA", "AL", "REMESH"], "coherence_change": 0.0, "sense_index_change": 0.0042929999084503345, "phi_s_change": 0.0, "grad_phi_change": -0.10487507191917977, "k_phi_change": -0.22679256354171773, "xi_c_change": 0.0, "phase_sync_change": 0.03829794363865069, "epi_magnitude_change": 0.00012322398783781718, "hash_signature": "cbe281dec8af964e", "sequence_str": "RA -> EN -> RA -> AL -> REMESH"}