{"sequence": ["REMESH", "AL", "VAL", "UM", "OZ"], "coherence_change": -0.013842504534586353, "sense_index_change": 0.01485199038442997, "phi_s_change": -0.0437665855170285, "grad_phi_change": 0.03379569226497847, "k_phi_change": 0.46806176862948184, "xi_c_change": 0.0, "phase_sync_change": -0.010521796623525481, "epi_magnitude_change": 0.013608412597429953, "hash_signature": "6553c0797f3f2878", "sequence_str": "REMESH -> AL -> VAL -> UM -> OZ"}