{"sequence": ["THOL", "SHA", "THOL", "UM", "SHA"], "coherence_change": 0.011359415741306389, "sense_index_change": 0.018632083371130204, "phi_s_change": 0.07055651476812508, "grad_phi_change": -0.09492932325485293, "k_phi_change": 0.27049069220076627, "xi_c_change": 0.0, "phase_sync_change": 0.030922515292482022, "epi_magnitude_change": 0.0, "hash_signature": "17e6fb2d8e63626d", "sequence_str": "THOL -> SHA -> THOL -> UM -> SHA"}