{"sequence": ["OZ", "UM", "REMESH", "AL", "VAL", "REMESH"], "coherence_change": -0.016534117359945477, "sense_index_change": 0.024058066197196304, "phi_s_change": -0.13689306469790952, "grad_phi_change": -0.015524740104325918, "k_phi_change": -0.13989571654862448, "xi_c_change": 0.0, "phase_sync_change": -0.0014621171285154055, "epi_magnitude_change": 0.009618510793058088, "hash_signature": "0cea2cf09b0ceeb9", "sequence_str": "OZ -> UM -> REMESH -> AL -> VAL -> REMESH"}