{"sequence": ["OZ", "OZ", "IL", "REMESH"], "coherence_change": -0.01134053904615917, "sense_index_change": -0.00817268776823421, "phi_s_change": 0.0094562058655705, "grad_phi_change": 0.0, "k_phi_change": 0.0, "xi_c_change": 0.0, "phase_sync_change": 0.0, "epi_magnitude_change": 0.0016359364482221306, "hash_signature": "93248c5939875432", "sequence_str": "OZ -> OZ -> IL -> REMESH"}