{"sequence": ["EN", "NAV", "UM", "NAV"], "coherence_change": 0.0, "sense_index_change": 0.013735000737377767, "phi_s_change": 0.0, "grad_phi_change": -0.01834347767594835, "k_phi_change": 0.23810399895415496, "xi_c_change": 0.0, "phase_sync_change": 0.005655243915323127, "epi_magnitude_change": 0.0, "hash_signature": "63a91838333516e7", "sequence_str": "EN -> NAV -> UM -> NAV"}