{"sequence": ["NAV", "UM", "EN", "NAV"], "coherence_change": 0.0, "sense_index_change": 0.03479952667878272, "phi_s_change": 0.0, "grad_phi_change": -0.20205791455636035, "k_phi_change": 0.09350901054194369, "xi_c_change": 0.0, "phase_sync_change": 0.04833420478006378, "epi_magnitude_change": 0.0, "hash_signature": "cb04e7157e99ab4d", "sequence_str": "NAV -> UM -> EN -> NAV"}