{"sequence": ["ZHIR", "REMESH", "ZHIR", "IL", "OZ"], "coherence_change": -0.0033672344527032605, "sense_index_change": -0.010257578244652732, "phi_s_change": -0.08735789743323474, "grad_phi_change": 0.09195103995760734, "k_phi_change": 0.003675939103542386, "xi_c_change": 0.0, "phase_sync_change": -0.03174797871004886, "epi_magnitude_change": 0.0011104497645663125, "hash_signature": "249ccb47b4d33ba5", "sequence_str": "ZHIR -> REMESH -> ZHIR -> IL -> OZ"}