{"sequence": ["AL", "NUL", "NAV", "IL", "NAV"], "coherence_change": 0.0068418608009354065, "sense_index_change": -0.00051904444305928, "phi_s_change": 0.07845606187356291, "grad_phi_change": 0.0, "k_phi_change": 0.0, "xi_c_change": 0.0, "phase_sync_change": 0.0, "epi_magnitude_change": -0.01375153796994999, "hash_signature": "b53d9d3184779921", "sequence_str": "AL -> NUL -> NAV -> IL -> NAV"}