{"sequence": ["VAL", "AL", "THOL", "REMESH"], "coherence_change": 0.004228876127071568, "sense_index_change": 0.005050085835739848, "phi_s_change": 0.008225877925880587, "grad_phi_change": 0.0, "k_phi_change": 0.0, "xi_c_change": 0.0, "phase_sync_change": 0.0, "epi_magnitude_change": 0.008660364727390069, "hash_signature": "27ccf31db01f7093", "sequence_str": "VAL -> AL -> THOL -> REMESH"}