{"sequence": ["THOL", "UM", "UM", "SHA"], "coherence_change": 0.005408979690173732, "sense_index_change": 0.011136929849919652, "phi_s_change": 0.03618706835189045, "grad_phi_change": -0.07688268537546006, "k_phi_change": 0.28880610457864503, "xi_c_change": 0.0, "phase_sync_change": 0.01963323540631612, "epi_magnitude_change": 0.0, "hash_signature": "d6ee98ea4e2545ce", "sequence_str": "THOL -> UM -> UM -> SHA"}