{"sequence": ["EN", "ZHIR", "EN", "THOL", "NAV"], "coherence_change": 0.005225348726938472, "sense_index_change": 0.0015225909305555119, "phi_s_change": 0.033211492887462835, "grad_phi_change": 0.011028582121315855, "k_phi_change": 0.18005132566613857, "xi_c_change": 0.0, "phase_sync_change": 0.00013045788993837348, "epi_magnitude_change": 0.0, "hash_signature": "a06edfbbbe005275", "sequence_str": "EN -> ZHIR -> EN -> THOL -> NAV"}