{"sequence": ["EN", "NUL", "THOL", "UM", "SHA"], "coherence_change": 0.005196929616825163, "sense_index_change": -0.0007572023101242165, "phi_s_change": 0.04915591487494331, "grad_phi_change": -0.06941043170263184, "k_phi_change": 0.08403539080864401, "xi_c_change": 0.0, "phase_sync_change": 0.02877678162760522, "epi_magnitude_change": -0.011652651485022925, "hash_signature": "dbba29c0db26b799", "sequence_str": "EN -> NUL -> THOL -> UM -> SHA"}