{"sequence": ["ZHIR", "THOL", "REMESH"], "coherence_change": 0.006256761297231184, "sense_index_change": -0.00261277747832378, "phi_s_change": 0.010184375244839727, "grad_phi_change": 0.05567039853189426, "k_phi_change": -0.1522403542947563, "xi_c_change": 0.0, "phase_sync_change": -0.02197007247641558, "epi_magnitude_change": 0.001201020077258641, "hash_signature": "869c306eb677af02", "sequence_str": "ZHIR -> THOL -> REMESH"}