{"sequence": ["NAV", "RA", "NUL", "THOL", "AL", "NAV"], "coherence_change": 0.0031969149466686275, "sense_index_change": -0.020090070418053663, "phi_s_change": 0.03866264752216653, "grad_phi_change": 0.08170047484278409, "k_phi_change": -0.20633118785076404, "xi_c_change": 0.0, "phase_sync_change": -0.034505257998517225, "epi_magnitude_change": -0.000865306049640302, "hash_signature": "be0e2974fa77d7ae", "sequence_str": "NAV -> RA -> NUL -> THOL -> AL -> NAV"}