{"sequence": ["NAV", "IL", "THOL", "ZHIR", "REMESH"], "coherence_change": 0.014250208718618596, "sense_index_change": 0.00010712443299543128, "phi_s_change": 0.12462699864323956, "grad_phi_change": -0.021343682954696686, "k_phi_change": 0.11859185605471781, "xi_c_change": 0.0, "phase_sync_change": 0.01057752611806484, "epi_magnitude_change": 0.0014856695611766835, "hash_signature": "8ccb91162db4c452", "sequence_str": "NAV -> IL -> THOL -> ZHIR -> REMESH"}