{"sequence": ["OZ", "NAV", "ZHIR", "EN", "SHA"], "coherence_change": -0.015492321015758037, "sense_index_change": 0.009982605412655943, "phi_s_change": 0.009024686612547295, "grad_phi_change": 0.03793192645107624, "k_phi_change": 0.27421797500948997, "xi_c_change": 0.0, "phase_sync_change": -0.008954358455520728, "epi_magnitude_change": 0.0, "hash_signature": "dfbd80c875bd8215", "sequence_str": "OZ -> NAV -> ZHIR -> EN -> SHA"}