{"sequence": ["ZHIR", "REMESH", "IL", "REMESH"], "coherence_change": 0.007009664633985335, "sense_index_change": 0.018844773002598902, "phi_s_change": 0.0319064695312532, "grad_phi_change": -0.05435092570254252, "k_phi_change": 0.30145206808805214, "xi_c_change": 0.0, "phase_sync_change": 0.012645598043040773, "epi_magnitude_change": 0.00256116640735371, "hash_signature": "38b918bbf6a7f6cf", "sequence_str": "ZHIR -> REMESH -> IL -> REMESH"}