{"sequence": ["AL", "ZHIR", "UM", "AL", "IL", "SHA"], "coherence_change": 0.010079690582898149, "sense_index_change": 0.014362592329794421, "phi_s_change": -0.049775739325345736, "grad_phi_change": -0.06923182987804588, "k_phi_change": 0.23685500734247827, "xi_c_change": 0.0, "phase_sync_change": 0.01547618276822127, "epi_magnitude_change": 0.011724567217569204, "hash_signature": "56f84505cc80d278", "sequence_str": "AL -> ZHIR -> UM -> AL -> IL -> SHA"}