{"sequence": ["NAV", "ZHIR", "EN", "AL", "REMESH"], "coherence_change": 0.0, "sense_index_change": 0.007608799806227418, "phi_s_change": 0.0, "grad_phi_change": -0.026823156096242196, "k_phi_change": 0.07519142726037177, "xi_c_change": 0.0, "phase_sync_change": 0.014340624522141132, "epi_magnitude_change": -0.001163465401708197, "hash_signature": "f6b3838256033fe5", "sequence_str": "NAV -> ZHIR -> EN -> AL -> REMESH"}