{"sequence": ["RA", "IL", "RA", "OZ"], "coherence_change": -0.0037462092216016263, "sense_index_change": 0.05470010115556034, "phi_s_change": 0.022467949774070406, "grad_phi_change": -0.30746977525932717, "k_phi_change": 0.3413019395779662, "xi_c_change": 0.0, "phase_sync_change": 0.09502809299067805, "epi_magnitude_change": 0.0, "hash_signature": "934b6e030cd9b60f", "sequence_str": "RA -> IL -> RA -> OZ"}