{"sequence": ["SHA", "UM", "ZHIR", "OZ"], "coherence_change": -0.010105794959058945, "sense_index_change": 0.0006914905700033946, "phi_s_change": -0.044841109921775923, "grad_phi_change": 0.004165949405486424, "k_phi_change": 0.4242268335751863, "xi_c_change": 0.0, "phase_sync_change": -0.010008857137612237, "epi_magnitude_change": 0.0, "hash_signature": "4f8b02f303230db0", "sequence_str": "SHA -> UM -> ZHIR -> OZ"}