{"sequence": ["VAL", "AL", "NAV", "UM", "SHA"], "coherence_change": 0.0, "sense_index_change": -0.007067807222574718, "phi_s_change": 0.0, "grad_phi_change": 0.026932773207666294, "k_phi_change": 0.5057611376650666, "xi_c_change": 0.0, "phase_sync_change": -0.00806492747926224, "epi_magnitude_change": 0.007254996133822966, "hash_signature": "3a6e484249419a78", "sequence_str": "VAL -> AL -> NAV -> UM -> SHA"}