{"sequence": ["THOL", "EN", "SHA", "IL", "RA", "NAV"], "coherence_change": 0.011964758289531807, "sense_index_change": 0.02489596330229682, "phi_s_change": 0.018793396549564023, "grad_phi_change": -0.022278375939748907, "k_phi_change": 0.2115548252847735, "xi_c_change": 0.0, "phase_sync_change": -0.0001691772664318414, "epi_magnitude_change": 0.0, "hash_signature": "e83b7015a12a3fd0", "sequence_str": "THOL -> EN -> SHA -> IL -> RA -> NAV"}