{"sequence": ["OZ", "UM", "EN", "NAV"], "coherence_change": -0.012492137424933825, "sense_index_change": 0.04676580168922306, "phi_s_change": -0.13858118584963963, "grad_phi_change": -0.15406994510392846, "k_phi_change": 0.18992056899088763, "xi_c_change": 0.0, "phase_sync_change": 0.05011762475396109, "epi_magnitude_change": 0.0, "hash_signature": "ef19bc3f1df8cfe0", "sequence_str": "OZ -> UM -> EN -> NAV"}