{"sequence": ["NAV", "SHA", "OZ", "EN", "REMESH"], "coherence_change": -0.01890556634646523, "sense_index_change": 0.01564365681117852, "phi_s_change": -0.13505864386529998, "grad_phi_change": 0.0, "k_phi_change": 0.0, "xi_c_change": 0.0, "phase_sync_change": 0.0, "epi_magnitude_change": 0.0015309129531196897, "hash_signature": "9595451baa06ac92", "sequence_str": "NAV -> SHA -> OZ -> EN -> REMESH"}