{"sequence": ["REMESH", "RA", "SHA", "ZHIR", "NAV"], "coherence_change": 0.0, "sense_index_change": -0.01932176825752424, "phi_s_change": 0.0, "grad_phi_change": 0.06768813549450803, "k_phi_change": 0.2257181776089518, "xi_c_change": 0.0, "phase_sync_change": -0.033794358428058224, "epi_magnitude_change": 0.0013928653380852474, "hash_signature": "f5419272f5ee43f4", "sequence_str": "REMESH -> RA -> SHA -> ZHIR -> NAV"}