{"sequence": ["VAL", "IL", "EN", "ZHIR", "REMESH"], "coherence_change": 0.005698438807647088, "sense_index_change": 0.017599069215322505, "phi_s_change": 0.028043152021918316, "grad_phi_change": -0.04935128318785953, "k_phi_change": 0.256901330920539, "xi_c_change": 0.0, "phase_sync_change": 0.01824257070594515, "epi_magnitude_change": 0.0180443159509045, "hash_signature": "3ef2c92d33cc8bb4", "sequence_str": "VAL -> IL -> EN -> ZHIR -> REMESH"}