{"sequence": ["REMESH", "VAL", "EN", "ZHIR", "AL", "SHA"], "coherence_change": 0.0, "sense_index_change": 0.0035410952113991145, "phi_s_change": 0.0, "grad_phi_change": 0.011133221227639822, "k_phi_change": 0.24835373064220792, "xi_c_change": 0.0, "phase_sync_change": -0.004144103488760598, "epi_magnitude_change": 0.00848493725342081, "hash_signature": "ff75ebcabdd6a19f", "sequence_str": "REMESH -> VAL -> EN -> ZHIR -> AL -> SHA"}