{"sequence": ["REMESH", "REMESH", "RA", "NUL", "NAV"], "coherence_change": 0.0, "sense_index_change": 0.00667390945856472, "phi_s_change": 0.0, "grad_phi_change": -0.03496015196251867, "k_phi_change": 0.5163108801621501, "xi_c_change": 0.0, "phase_sync_change": 0.004058082619247005, "epi_magnitude_change": -0.013508675964464478, "hash_signature": "89cb61674dcf4e51", "sequence_str": "REMESH -> REMESH -> RA -> NUL -> NAV"}