{"sequence": ["REMESH", "THOL", "AL", "VAL", "NAV"], "coherence_change": 0.005330188518435808, "sense_index_change": 0.006724405487776863, "phi_s_change": 0.028831491924759756, "grad_phi_change": 0.0, "k_phi_change": 0.0, "xi_c_change": 0.0, "phase_sync_change": 0.0, "epi_magnitude_change": 0.006559061006380151, "hash_signature": "52d502882c48dc9b", "sequence_str": "REMESH -> THOL -> AL -> VAL -> NAV"}