{"sequence": ["VAL", "THOL", "OZ", "ZHIR", "THOL", "NAV"], "coherence_change": -0.0021512523538252948, "sense_index_change": 0.02283023139172291, "phi_s_change": -0.06065405677810909, "grad_phi_change": 0.032755678644880604, "k_phi_change": -0.10544567455471432, "xi_c_change": 0.0, "phase_sync_change": -0.003759789674658065, "epi_magnitude_change": 0.01593139022939538, "hash_signature": "075c92f0c4e5ba59", "sequence_str": "VAL -> THOL -> OZ -> ZHIR -> THOL -> NAV"}