{"sequence": ["REMESH", "THOL", "NUL", "IL", "VAL", "OZ"], "coherence_change": 0.0009297302503692428, "sense_index_change": 0.0013763562485087366, "phi_s_change": 0.012626669217498665, "grad_phi_change": 0.0, "k_phi_change": 0.0, "xi_c_change": 0.0, "phase_sync_change": 0.0, "epi_magnitude_change": 0.0021134851073507654, "hash_signature": "58f1d31d1346e9b3", "sequence_str": "REMESH -> THOL -> NUL -> IL -> VAL -> OZ"}