{"sequence": ["UM", "UM", "IL", "AL", "IL", "REMESH"], "coherence_change": 0.011971562755838328, "sense_index_change": 0.0632404145965344, "phi_s_change": 0.13105204302609463, "grad_phi_change": -0.4555734335446069, "k_phi_change": 0.17570334665130316, "xi_c_change": 0.0, "phase_sync_change": 0.13471643072593353, "epi_magnitude_change": -0.007559197251565619, "hash_signature": "118a200ddb079ff9", "sequence_str": "UM -> UM -> IL -> AL -> IL -> REMESH"}