{"sequence": ["OZ", "UM", "RA", "NAV"], "coherence_change": -0.012412235298546848, "sense_index_change": 0.014299180454458993, "phi_s_change": -0.10607572273003418, "grad_phi_change": -0.06790751558685049, "k_phi_change": 0.4152933376728869, "xi_c_change": 0.0, "phase_sync_change": 0.014391109801984325, "epi_magnitude_change": 0.0, "hash_signature": "164a265e9c30b365", "sequence_str": "OZ -> UM -> RA -> NAV"}