{"sequence": ["AL", "ZHIR", "RA", "AL", "NUL", "SHA"], "coherence_change": 0.0, "sense_index_change": 0.03592451393947971, "phi_s_change": 0.0, "grad_phi_change": -0.21644962978354054, "k_phi_change": 0.1715178457310641, "xi_c_change": 0.0, "phase_sync_change": 0.06868164064259907, "epi_magnitude_change": 0.0009016502436850482, "hash_signature": "fb4b359420380e47", "sequence_str": "AL -> ZHIR -> RA -> AL -> NUL -> SHA"}