{"sequence": ["UM", "NUL", "UM", "ZHIR", "ZHIR", "REMESH"], "coherence_change": 0.0, "sense_index_change": 0.0760314887277943, "phi_s_change": 0.0, "grad_phi_change": -0.44855639363788513, "k_phi_change": 0.16421639282100697, "xi_c_change": 0.0, "phase_sync_change": 0.14905373137271039, "epi_magnitude_change": -0.018583472685014257, "hash_signature": "6ccec6c222f6a76f", "sequence_str": "UM -> NUL -> UM -> ZHIR -> ZHIR -> REMESH"}