{"sequence": ["UM", "NAV", "AL", "SHA"], "coherence_change": 0.0, "sense_index_change": 0.00822354104136136, "phi_s_change": 0.0, "grad_phi_change": -0.030033731938794883, "k_phi_change": 0.016865014441264425, "xi_c_change": 0.0, "phase_sync_change": 0.001235033981682232, "epi_magnitude_change": -0.00495884875326269, "hash_signature": "fecca961dade7364", "sequence_str": "UM -> NAV -> AL -> SHA"}