{"sequence": ["THOL", "EN", "REMESH", "ZHIR", "EN", "SHA"], "coherence_change": 0.004829672324563661, "sense_index_change": 0.0013318175415365507, "phi_s_change": -0.03072319803292467, "grad_phi_change": -0.011077506888060418, "k_phi_change": 0.07016068037071499, "xi_c_change": 0.0, "phase_sync_change": 0.0033419520343448417, "epi_magnitude_change": 0.0019446249823240613, "hash_signature": "e1d8ec1abf4f47f2", "sequence_str": "THOL -> EN -> REMESH -> ZHIR -> EN -> SHA"}