{"sequence": ["UM", "RA", "IL", "UM", "REMESH"], "coherence_change": 0.004558147810377333, "sense_index_change": 0.07671777049267237, "phi_s_change": -0.027634373078341712, "grad_phi_change": -0.35277971276689835, "k_phi_change": 0.16887844801533994, "xi_c_change": 0.0, "phase_sync_change": 0.10157475591436949, "epi_magnitude_change": 0.0013423083570650585, "hash_signature": "1325205300c4892a", "sequence_str": "UM -> RA -> IL -> UM -> REMESH"}