{"sequence": ["THOL", "THOL", "REMESH"], "coherence_change": 0.009662016278038754, "sense_index_change": 0.008708272405465789, "phi_s_change": 0.04009113536695663, "grad_phi_change": 0.0, "k_phi_change": 0.0, "xi_c_change": 0.0, "phase_sync_change": 0.0, "epi_magnitude_change": 0.0014399800377025151, "hash_signature": "4c05f2cdae23bdec", "sequence_str": "THOL -> THOL -> REMESH"}