{"sequence": ["AL", "NUL", "AL", "IL", "RA", "OZ"], "coherence_change": -0.004609568685949417, "sense_index_change": 0.014782211416105917, "phi_s_change": -0.07828057872868688, "grad_phi_change": 0.0030737302179877357, "k_phi_change": 0.2508247732028624, "xi_c_change": 0.0, "phase_sync_change": -0.006680505000394854, "epi_magnitude_change": -0.006632442244197567, "hash_signature": "3c547c4b5eef3865", "sequence_str": "AL -> NUL -> AL -> IL -> RA -> OZ"}