{"sequence": ["REMESH", "OZ", "THOL", "NAV"], "coherence_change": -0.008225777853847926, "sense_index_change": 0.027391757711317855, "phi_s_change": -0.05774189507345584, "grad_phi_change": 0.0, "k_phi_change": 0.0, "xi_c_change": 0.0, "phase_sync_change": 0.0, "epi_magnitude_change": 0.0012788486343541239, "hash_signature": "6f2e307ab5cfe6c6", "sequence_str": "REMESH -> OZ -> THOL -> NAV"}