{"sequence": ["RA", "SHA", "UM", "THOL", "NUL", "SHA"], "coherence_change": 0.0061690471567151794, "sense_index_change": 0.04437965014214529, "phi_s_change": 0.030451107867627503, "grad_phi_change": -0.21885247930405605, "k_phi_change": 0.27567704576980767, "xi_c_change": 0.0, "phase_sync_change": 0.06588481170461857, "epi_magnitude_change": -0.012673554681360666, "hash_signature": "983acb2c46140a51", "sequence_str": "RA -> SHA -> UM -> THOL -> NUL -> SHA"}