{"sequence": ["ZHIR", "SHA", "VAL", "SHA"], "coherence_change": 0.0, "sense_index_change": 0.004885050233482846, "phi_s_change": 0.0, "grad_phi_change": 0.013205040897146691, "k_phi_change": -0.11313902772206796, "xi_c_change": 0.0, "phase_sync_change": -0.0007065706347788581, "epi_magnitude_change": 0.01301958110809065, "hash_signature": "80755161558abc99", "sequence_str": "ZHIR -> SHA -> VAL -> SHA"}