{"sequence": ["NUL", "NAV", "RA", "EN", "NAV"], "coherence_change": 0.0, "sense_index_change": -0.0016665561592177358, "phi_s_change": 0.0, "grad_phi_change": 0.015521912452876041, "k_phi_change": 0.3481211500503757, "xi_c_change": 0.0, "phase_sync_change": -0.007860296280798318, "epi_magnitude_change": -0.012149423412481597, "hash_signature": "489367a738ee4c10", "sequence_str": "NUL -> NAV -> RA -> EN -> NAV"}