{"sequence": ["NAV", "VAL", "VAL", "UM", "NUL", "REMESH"], "coherence_change": 0.0, "sense_index_change": 0.037352364293630536, "phi_s_change": 0.0, "grad_phi_change": -0.1496591560467806, "k_phi_change": -0.002498016486491811, "xi_c_change": 0.0, "phase_sync_change": 0.03652577982198202, "epi_magnitude_change": 0.02005725621286758, "hash_signature": "8f656d48a6ea9292", "sequence_str": "NAV -> VAL -> VAL -> UM -> NUL -> REMESH"}