{"sequence": ["REMESH", "AL", "REMESH", "UM", "SHA"], "coherence_change": 0.0, "sense_index_change": 0.02591869593842777, "phi_s_change": 0.0, "grad_phi_change": -0.1922971620851599, "k_phi_change": 0.1084877703446044, "xi_c_change": 0.0, "phase_sync_change": 0.06386928268057557, "epi_magnitude_change": 0.00556803534666328, "hash_signature": "eb4df515ec11ae19", "sequence_str": "REMESH -> AL -> REMESH -> UM -> SHA"}