{"sequence": ["OZ", "AL", "RA", "SHA"], "coherence_change": -0.011483222017584116, "sense_index_change": 0.016082444499963988, "phi_s_change": 0.037443243450516306, "grad_phi_change": -0.08236400134674193, "k_phi_change": 0.13949674214446714, "xi_c_change": 0.0, "phase_sync_change": 0.018237747452882647, "epi_magnitude_change": -0.0014179535109358765, "hash_signature": "9f74404534a8e32e", "sequence_str": "OZ -> AL -> RA -> SHA"}