{"sequence": ["REMESH", "UM", "SHA"], "coherence_change": 0.0, "sense_index_change": 0.047471507728207074, "phi_s_change": 0.0, "grad_phi_change": -0.24572124806842877, "k_phi_change": 0.33391755381748667, "xi_c_change": 0.0, "phase_sync_change": 0.07471057275196258, "epi_magnitude_change": 0.0010493764229325686, "hash_signature": "40c910c4ad9238da", "sequence_str": "REMESH -> UM -> SHA"}