{"sequence": ["REMESH", "IL", "UM", "REMESH"], "coherence_change": 0.009599797858496628, "sense_index_change": 0.041411156616045885, "phi_s_change": -0.006269869753851576, "grad_phi_change": -0.20741612596427017, "k_phi_change": 0.19011978026204676, "xi_c_change": 0.0, "phase_sync_change": 0.06209357285633066, "epi_magnitude_change": 0.0028965945990693243, "hash_signature": "0e88ba7eb73d917d", "sequence_str": "REMESH -> IL -> UM -> REMESH"}