{"sequence": ["NAV", "SHA", "OZ", "UM", "OZ"], "coherence_change": -0.020046404714242794, "sense_index_change": 0.013697525097692065, "phi_s_change": -0.10238289022483826, "grad_phi_change": -0.09394323478281974, "k_phi_change": 0.5815225404002486, "xi_c_change": 0.0, "phase_sync_change": 0.03234080411321416, "epi_magnitude_change": 0.0, "hash_signature": "e4e55612bce51ac8", "sequence_str": "NAV -> SHA -> OZ -> UM -> OZ"}