{"sequence": ["REMESH", "UM", "SHA", "NAV", "AL", "SHA"], "coherence_change": 0.0, "sense_index_change": 0.020810166921503392, "phi_s_change": 0.0, "grad_phi_change": -0.09078411466864944, "k_phi_change": 0.15861149082442058, "xi_c_change": 0.0, "phase_sync_change": 0.019445801729033207, "epi_magnitude_change": -0.0033923292925722714, "hash_signature": "5725d91398b1b475", "sequence_str": "REMESH -> UM -> SHA -> NAV -> AL -> SHA"}