{"sequence": ["SHA", "SHA", "RA", "AL", "NAV"], "coherence_change": 0.0, "sense_index_change": 0.005611837422070165, "phi_s_change": 0.0, "grad_phi_change": -0.11386020069647418, "k_phi_change": 0.39853534582570094, "xi_c_change": 0.0, "phase_sync_change": 0.03587690939310162, "epi_magnitude_change": 0.0008676260602261676, "hash_signature": "81c35c25ed2ad34f", "sequence_str": "SHA -> SHA -> RA -> AL -> NAV"}