{"sequence": ["RA", "EN", "NUL", "RA", "NUL", "OZ"], "coherence_change": -0.01630373674890373, "sense_index_change": 0.06930761993289802, "phi_s_change": -0.23881758097213657, "grad_phi_change": -0.26982331805977067, "k_phi_change": 0.027484007298986868, "xi_c_change": 0.0, "phase_sync_change": 0.08600374648821152, "epi_magnitude_change": -0.027287008505624155, "hash_signature": "4970e93d7d9aeaba", "sequence_str": "RA -> EN -> NUL -> RA -> NUL -> OZ"}