{"sequence": ["RA", "EN", "IL", "REMESH"], "coherence_change": 0.00663063753281512, "sense_index_change": 0.016486256721830905, "phi_s_change": 0.03136215713763091, "grad_phi_change": -0.031826191310227125, "k_phi_change": 0.13246930881745245, "xi_c_change": 0.0, "phase_sync_change": 0.004330675033099585, "epi_magnitude_change": 0.0011450897029505747, "hash_signature": "87a5097425e24249", "sequence_str": "RA -> EN -> IL -> REMESH"}