{"sequence": ["RA", "THOL", "OZ", "REMESH", "SHA"], "coherence_change": -0.006439658602004794, "sense_index_change": 0.03514969577037108, "phi_s_change": -0.06591633910180072, "grad_phi_change": -0.19839353828557726, "k_phi_change": 0.3296562514020278, "xi_c_change": 0.0, "phase_sync_change": 0.0669785684478611, "epi_magnitude_change": 0.0014833685431019372, "hash_signature": "d162c98f0aef22fd", "sequence_str": "RA -> THOL -> OZ -> REMESH -> SHA"}