{"sequence": ["AL", "VAL", "NUL", "IL", "UM", "SHA"], "coherence_change": 0.007472612655688993, "sense_index_change": 0.020614979760751106, "phi_s_change": 0.00479579357153026, "grad_phi_change": -0.19936770585697383, "k_phi_change": 0.1862836650909401, "xi_c_change": 0.0, "phase_sync_change": 0.06298953899275872, "epi_magnitude_change": -0.01214145125238153, "hash_signature": "79a8c20d42c63f8c", "sequence_str": "AL -> VAL -> NUL -> IL -> UM -> SHA"}