{"sequence": ["IL", "IL", "RA", "AL", "UM", "SHA"], "coherence_change": 0.011636079408525846, "sense_index_change": 0.05267550615591543, "phi_s_change": 0.0013258570333918307, "grad_phi_change": -0.24564468319537336, "k_phi_change": 0.09656906314057644, "xi_c_change": 0.0, "phase_sync_change": 0.07407424924134853, "epi_magnitude_change": -0.0029386903898350747, "hash_signature": "ae25fb41e059c989", "sequence_str": "IL -> IL -> RA -> AL -> UM -> SHA"}