{"sequence": ["AL", "VAL", "IL", "REMESH"], "coherence_change": 0.005912340415033301, "sense_index_change": 0.005806833690506608, "phi_s_change": 0.01922828600977622, "grad_phi_change": 0.0, "k_phi_change": 0.0, "xi_c_change": 0.0, "phase_sync_change": 0.0, "epi_magnitude_change": 0.014888946259705382, "hash_signature": "190b58c924aecef6", "sequence_str": "AL -> VAL -> IL -> REMESH"}