{"sequence": ["VAL", "VAL", "THOL", "OZ"], "coherence_change": -0.0030638281742280116, "sense_index_change": 0.0045407968809759724, "phi_s_change": 0.08617229131452175, "grad_phi_change": 0.0, "k_phi_change": 0.0, "xi_c_change": 0.0, "phase_sync_change": 0.0, "epi_magnitude_change": 0.021953520987008313, "hash_signature": "91c34a7c6c7e719d", "sequence_str": "VAL -> VAL -> THOL -> OZ"}