{"sequence": ["NAV", "RA", "RA", "OZ"], "coherence_change": -0.012634010057958056, "sense_index_change": 0.027484973416489478, "phi_s_change": -0.050082749377736824, "grad_phi_change": -0.10174479616333132, "k_phi_change": 0.0678012830965593, "xi_c_change": 0.0, "phase_sync_change": 0.025471795000145847, "epi_magnitude_change": 0.0, "hash_signature": "97308f210c83d296", "sequence_str": "NAV -> RA -> RA -> OZ"}