{"sequence": ["RA", "VAL", "UM", "EN", "ZHIR", "NAV"], "coherence_change": 0.0, "sense_index_change": 0.025894438117121887, "phi_s_change": 0.0, "grad_phi_change": -0.107996375613431, "k_phi_change": 0.32838965247228546, "xi_c_change": 0.0, "phase_sync_change": 0.03701116379189184, "epi_magnitude_change": 0.011842267867349543, "hash_signature": "167ba8971fbb5566", "sequence_str": "RA -> VAL -> UM -> EN -> ZHIR -> NAV"}