{"sequence": ["RA", "UM", "RA", "UM", "NAV"], "coherence_change": 0.0, "sense_index_change": 0.09690158120531689, "phi_s_change": 0.0, "grad_phi_change": -0.5936135488416667, "k_phi_change": 0.11128454825500919, "xi_c_change": 0.0, "phase_sync_change": 0.20442095988269793, "epi_magnitude_change": 0.0, "hash_signature": "523cc8174c693b1d", "sequence_str": "RA -> UM -> RA -> UM -> NAV"}