{"sequence": ["NAV", "RA", "UM", "THOL", "SHA"], "coherence_change": 0.005561746990816685, "sense_index_change": 0.03047836292028383, "phi_s_change": 0.03052111884672959, "grad_phi_change": -0.16795230001604433, "k_phi_change": -0.07258805015927416, "xi_c_change": 0.0, "phase_sync_change": 0.04686201550183633, "epi_magnitude_change": 0.0, "hash_signature": "4b957d894d491492", "sequence_str": "NAV -> RA -> UM -> THOL -> SHA"}