{"sequence": ["IL", "RA", "IL", "IL", "EN", "REMESH"], "coherence_change": 0.020882816204744747, "sense_index_change": 0.035683988389136, "phi_s_change": 0.10930632636401416, "grad_phi_change": -0.1228839932546204, "k_phi_change": 0.28361577288783324, "xi_c_change": 0.0, "phase_sync_change": 0.0380998532663257, "epi_magnitude_change": 0.0016590626183591306, "hash_signature": "d7ec8419d4aa360b", "sequence_str": "IL -> RA -> IL -> IL -> EN -> REMESH"}