{"sequence": ["NUL", "REMESH", "IL", "OZ"], "coherence_change": 0.0005939162148541621, "sense_index_change": 0.028548903870630027, "phi_s_change": 0.00899702344089015, "grad_phi_change": 0.0, "k_phi_change": 0.0, "xi_c_change": 0.0, "phase_sync_change": 0.0, "epi_magnitude_change": -0.006759877726018937, "hash_signature": "cb90b7711a5de979", "sequence_str": "NUL -> REMESH -> IL -> OZ"}