{"sequence": ["THOL", "IL", "RA", "ZHIR", "VAL", "SHA"], "coherence_change": 0.013420616694585497, "sense_index_change": -0.008467499277868162, "phi_s_change": -0.005622988509875748, "grad_phi_change": 0.009589255118412021, "k_phi_change": 0.4252940240804555, "xi_c_change": 0.0, "phase_sync_change": -0.0002711306914655598, "epi_magnitude_change": 0.01287728964074386, "hash_signature": "99167c594ae8fe55", "sequence_str": "THOL -> IL -> RA -> ZHIR -> VAL -> SHA"}