{"sequence": ["VAL", "VAL", "RA", "OZ"], "coherence_change": -0.016915569795202146, "sense_index_change": -0.01257665656002066, "phi_s_change": -0.05474521187557735, "grad_phi_change": -0.04326347891142679, "k_phi_change": 0.0014205653531084717, "xi_c_change": 0.0, "phase_sync_change": 0.005325071606355203, "epi_magnitude_change": 0.023797709147820534, "hash_signature": "01cd6452f63adf7c", "sequence_str": "VAL -> VAL -> RA -> OZ"}