{"sequence": ["VAL", "RA", "SHA"], "coherence_change": 0.0, "sense_index_change": 0.00931398084406343, "phi_s_change": 0.0, "grad_phi_change": -0.07956677642594645, "k_phi_change": -0.1139866857071854, "xi_c_change": 0.0, "phase_sync_change": 0.023003897188446976, "epi_magnitude_change": 0.015725370842436193, "hash_signature": "0f99909f2d18a0b7", "sequence_str": "VAL -> RA -> SHA"}