{"sequence": ["VAL", "THOL", "VAL", "UM", "THOL", "SHA"], "coherence_change": 0.011520390089757138, "sense_index_change": -0.030625024551792057, "phi_s_change": 0.014260515115389949, "grad_phi_change": 0.044786699306405664, "k_phi_change": -0.538737054123624, "xi_c_change": 0.0, "phase_sync_change": -0.02245578747258281, "epi_magnitude_change": 0.025814270924581884, "hash_signature": "301c7b597e30c013", "sequence_str": "VAL -> THOL -> VAL -> UM -> THOL -> SHA"}