{"sequence": ["ZHIR", "IL", "EN", "NAV", "THOL", "REMESH"], "coherence_change": 0.011408353482631695, "sense_index_change": 0.0007648728637420499, "phi_s_change": 0.0736290853508812, "grad_phi_change": 0.044355847514988556, "k_phi_change": 0.03266038356751383, "xi_c_change": 0.0, "phase_sync_change": -0.015929971733449566, "epi_magnitude_change": 0.0016283897072673081, "hash_signature": "69d2816c6c9e18fc", "sequence_str": "ZHIR -> IL -> EN -> NAV -> THOL -> REMESH"}