{"sequence": ["NAV", "IL", "RA", "SHA"], "coherence_change": 0.00766921992878955, "sense_index_change": 0.006920355316457294, "phi_s_change": 0.10297477825104528, "grad_phi_change": -0.0878322265422804, "k_phi_change": 0.339586267228847, "xi_c_change": 0.0, "phase_sync_change": 0.02581547846373311, "epi_magnitude_change": 0.0, "hash_signature": "bcbfe5101a4efa80", "sequence_str": "NAV -> IL -> RA -> SHA"}