{"sequence": ["AL", "OZ", "SHA"], "coherence_change": -0.01684494666170011, "sense_index_change": 0.015927484901700706, "phi_s_change": -0.09212934326674971, "grad_phi_change": 0.0, "k_phi_change": 0.0, "xi_c_change": 0.0, "phase_sync_change": 0.0, "epi_magnitude_change": 0.002631244603031213, "hash_signature": "05b95bef223c5493", "sequence_str": "AL -> OZ -> SHA"}