{"sequence": ["ZHIR", "AL", "IL", "ZHIR", "NAV"], "coherence_change": 0.00495901675054411, "sense_index_change": -0.0012383909285355044, "phi_s_change": -0.009272274813329373, "grad_phi_change": 0.009863706832360819, "k_phi_change": 0.12255690694758116, "xi_c_change": 0.0, "phase_sync_change": 0.0012480747413176063, "epi_magnitude_change": -0.0031391939029090654, "hash_signature": "5683084b51f84159", "sequence_str": "ZHIR -> AL -> IL -> ZHIR -> NAV"}