{"sequence": ["NAV", "RA", "NUL", "IL", "OZ"], "coherence_change": -0.007231537167240454, "sense_index_change": -0.010745544365656334, "phi_s_change": -0.1261348329193509, "grad_phi_change": -0.019571273364589636, "k_phi_change": 0.4347957235069213, "xi_c_change": 0.0, "phase_sync_change": 0.0031734968077393733, "epi_magnitude_change": -0.00803516039672958, "hash_signature": "2f3446d146b6f926", "sequence_str": "NAV -> RA -> NUL -> IL -> OZ"}