{"sequence": ["RA", "UM", "UM", "SHA"], "coherence_change": 0.0, "sense_index_change": 0.052282475627113634, "phi_s_change": 0.0, "grad_phi_change": -0.2552156222452524, "k_phi_change": 0.3294669469018861, "xi_c_change": 0.0, "phase_sync_change": 0.0803341300652064, "epi_magnitude_change": 0.0, "hash_signature": "c053589ef8135dd9", "sequence_str": "RA -> UM -> UM -> SHA"}