{"sequence": ["EN", "AL", "IL", "SHA"], "coherence_change": 0.008526805354646672, "sense_index_change": 0.005647969482063586, "phi_s_change": 0.008166899472278444, "grad_phi_change": 0.0, "k_phi_change": 0.0, "xi_c_change": 0.0, "phase_sync_change": 0.0, "epi_magnitude_change": 0.0053879384124895235, "hash_signature": "ef0c21d2c00b51be", "sequence_str": "EN -> AL -> IL -> SHA"}