{"sequence": ["UM", "UM", "NAV"], "coherence_change": 0.0, "sense_index_change": 0.05708971371637728, "phi_s_change": 0.0, "grad_phi_change": -0.24436979889224708, "k_phi_change": 0.10949068728962537, "xi_c_change": 0.0, "phase_sync_change": 0.08536428669095952, "epi_magnitude_change": 0.0, "hash_signature": "9fc20ead3f3a715c", "sequence_str": "UM -> UM -> NAV"}