{"sequence": ["NAV", "REMESH", "AL", "OZ"], "coherence_change": -0.010838364925009891, "sense_index_change": -0.006176263624555367, "phi_s_change": -0.1205516791334994, "grad_phi_change": 0.0, "k_phi_change": 0.0, "xi_c_change": 0.0, "phase_sync_change": 0.0, "epi_magnitude_change": -0.0006238274468447491, "hash_signature": "c73d23a7b1d7d232", "sequence_str": "NAV -> REMESH -> AL -> OZ"}