{"sequence": ["ZHIR", "REMESH", "EN", "OZ"], "coherence_change": -0.013826556772769005, "sense_index_change": 0.03827985551246538, "phi_s_change": -0.06090734197518777, "grad_phi_change": -0.09668560155003214, "k_phi_change": 0.08684181022915975, "xi_c_change": 0.0, "phase_sync_change": 0.03066853414832582, "epi_magnitude_change": 0.0016074828250479678, "hash_signature": "1ec18f334f59131f", "sequence_str": "ZHIR -> REMESH -> EN -> OZ"}