{"sequence": ["ZHIR", "REMESH", "SHA", "IL", "REMESH"], "coherence_change": 0.00779323967490031, "sense_index_change": -0.004420442755805887, "phi_s_change": -0.03647394253478731, "grad_phi_change": 0.05229211040862314, "k_phi_change": -0.11503018812236615, "xi_c_change": 0.0, "phase_sync_change": -0.015479468876635982, "epi_magnitude_change": 0.0028237809867843744, "hash_signature": "94cfe521414f5255", "sequence_str": "ZHIR -> REMESH -> SHA -> IL -> REMESH"}