{"sequence": ["RA", "VAL", "EN", "IL", "VAL", "SHA"], "coherence_change": 0.005802788346111032, "sense_index_change": -0.005817150773165025, "phi_s_change": -0.015495996190492911, "grad_phi_change": 0.10960171255267426, "k_phi_change": 0.03314158616124335, "xi_c_change": 0.0, "phase_sync_change": -0.03959328978218302, "epi_magnitude_change": 0.029399038862979676, "hash_signature": "8cc08c4841254fdb", "sequence_str": "RA -> VAL -> EN -> IL -> VAL -> SHA"}