{"sequence": ["UM", "IL", "NAV", "ZHIR", "SHA"], "coherence_change": 0.008220581748595746, "sense_index_change": -0.002878782678693015, "phi_s_change": 0.00888554538713826, "grad_phi_change": 0.07165085207769328, "k_phi_change": 0.30996166113560575, "xi_c_change": 0.0, "phase_sync_change": -0.021261664146515646, "epi_magnitude_change": 0.0, "hash_signature": "015444b7247189c9", "sequence_str": "UM -> IL -> NAV -> ZHIR -> SHA"}