{"sequence": ["VAL", "EN", "THOL", "THOL", "ZHIR", "NAV"], "coherence_change": 0.013298240659852079, "sense_index_change": 0.0013816965765061084, "phi_s_change": 0.07261209018023196, "grad_phi_change": 0.01958286775330076, "k_phi_change": -0.12237968642419444, "xi_c_change": 0.0, "phase_sync_change": -0.0011929681552534932, "epi_magnitude_change": 0.012501580280568025, "hash_signature": "2a27752bfead1ccb", "sequence_str": "VAL -> EN -> THOL -> THOL -> ZHIR -> NAV"}