{"sequence": ["VAL", "VAL", "IL", "REMESH"], "coherence_change": 0.00778740454385729, "sense_index_change": 0.00546228120914638, "phi_s_change": -0.03365010212487496, "grad_phi_change": 0.0, "k_phi_change": 0.0, "xi_c_change": 0.0, "phase_sync_change": 0.0, "epi_magnitude_change": 0.02896173112515743, "hash_signature": "76d25c89b3671ab0", "sequence_str": "VAL -> VAL -> IL -> REMESH"}