{"sequence": ["NAV", "REMESH", "EN", "THOL", "OZ"], "coherence_change": -0.008676486718889986, "sense_index_change": 0.010668938135430905, "phi_s_change": -0.09678979161866996, "grad_phi_change": 0.0, "k_phi_change": 0.0, "xi_c_change": 0.0, "phase_sync_change": 0.0, "epi_magnitude_change": 0.0013893900368909806, "hash_signature": "af98ba6589432245", "sequence_str": "NAV -> REMESH -> EN -> THOL -> OZ"}