{"sequence": ["OZ", "ZHIR", "NUL", "SHA"], "coherence_change": -0.013410275802674732, "sense_index_change": 0.021087025501022927, "phi_s_change": -0.03336515148176611, "grad_phi_change": 0.03399750855586503, "k_phi_change": 0.09905153982520389, "xi_c_change": 0.0, "phase_sync_change": -0.007558659438527293, "epi_magnitude_change": -0.01831384782385015, "hash_signature": "3d20c2f7afc682c5", "sequence_str": "OZ -> ZHIR -> NUL -> SHA"}