{"sequence": ["ZHIR", "OZ", "AL", "EN", "NAV"], "coherence_change": -0.010202274233936603, "sense_index_change": 0.009672860229467672, "phi_s_change": 0.08591866230201783, "grad_phi_change": -0.03260856241838361, "k_phi_change": -0.08763619999538658, "xi_c_change": 0.0, "phase_sync_change": 0.016161068004225454, "epi_magnitude_change": -0.01010172622882477, "hash_signature": "3023b28f0e886ea5", "sequence_str": "ZHIR -> OZ -> AL -> EN -> NAV"}