{"sequence": ["ZHIR", "RA", "IL", "OZ", "VAL", "NAV"], "coherence_change": -0.0011151098884329969, "sense_index_change": -0.021101122756247037, "phi_s_change": -0.048260733727292116, "grad_phi_change": 0.07006807880877952, "k_phi_change": -0.1787971999888029, "xi_c_change": 0.0, "phase_sync_change": -0.031216430463506084, "epi_magnitude_change": 0.015297784000436687, "hash_signature": "9a2bd0a31b2ab0fc", "sequence_str": "ZHIR -> RA -> IL -> OZ -> VAL -> NAV"}