{"sequence": ["VAL", "RA", "NUL", "VAL", "SHA"], "coherence_change": 0.0, "sense_index_change": 0.007246033284763587, "phi_s_change": 0.0, "grad_phi_change": -0.041670589108549816, "k_phi_change": 0.3137285941759646, "xi_c_change": 0.0, "phase_sync_change": 0.009206713904201802, "epi_magnitude_change": 0.00028203348255961824, "hash_signature": "1eecef722cd18864", "sequence_str": "VAL -> RA -> NUL -> VAL -> SHA"}