{"sequence": ["UM", "VAL", "UM", "VAL", "REMESH"], "coherence_change": 0.0, "sense_index_change": 0.056547904867726095, "phi_s_change": 0.0, "grad_phi_change": -0.24069538718123606, "k_phi_change": 0.3630355916849527, "xi_c_change": 0.0, "phase_sync_change": 0.08572482829031347, "epi_magnitude_change": 0.025096069407140265, "hash_signature": "7332b1fdb87a3309", "sequence_str": "UM -> VAL -> UM -> VAL -> REMESH"}