{"sequence": ["AL", "OZ", "NUL", "OZ"], "coherence_change": -0.023969247715068365, "sense_index_change": 0.040805834242960026, "phi_s_change": -0.04796370601313127, "grad_phi_change": 0.0, "k_phi_change": 0.0, "xi_c_change": 0.0, "phase_sync_change": 0.0, "epi_magnitude_change": -0.013526393814317417, "hash_signature": "95dc055025cf4730", "sequence_str": "AL -> OZ -> NUL -> OZ"}