{"sequence": ["VAL", "RA", "REMESH", "ZHIR", "IL", "NAV"], "coherence_change": 0.00710395512173756, "sense_index_change": 0.01530419641421199, "phi_s_change": -0.022689733613525664, "grad_phi_change": -0.08100682524876723, "k_phi_change": 0.07712353639753193, "xi_c_change": 0.0, "phase_sync_change": 0.01791889232400723, "epi_magnitude_change": 0.024248102578907194, "hash_signature": "16fb63e53735db17", "sequence_str": "VAL -> RA -> REMESH -> ZHIR -> IL -> NAV"}