{"sequence": ["NAV", "ZHIR", "SHA", "OZ", "ZHIR", "REMESH"], "coherence_change": -0.011615367371477503, "sense_index_change": 0.0025438382360385425, "phi_s_change": 0.08843243657509348, "grad_phi_change": 0.05045166237248555, "k_phi_change": 0.31119902090915413, "xi_c_change": 0.0, "phase_sync_change": -0.01114506832937101, "epi_magnitude_change": 0.0015791265921345499, "hash_signature": "edaa12ab7e0af0a3", "sequence_str": "NAV -> ZHIR -> SHA -> OZ -> ZHIR -> REMESH"}