{"sequence": ["VAL", "ZHIR", "EN", "AL", "REMESH"], "coherence_change": 0.0, "sense_index_change": 0.012929083843982059, "phi_s_change": 0.0, "grad_phi_change": -0.029315892423051215, "k_phi_change": 0.002156867750186253, "xi_c_change": 0.0, "phase_sync_change": 0.007335200814992504, "epi_magnitude_change": 0.014098996112930862, "hash_signature": "b861073717a5a2f8", "sequence_str": "VAL -> ZHIR -> EN -> AL -> REMESH"}