{"sequence": ["EN", "NAV", "VAL", "UM", "OZ"], "coherence_change": -0.011301799819547154, "sense_index_change": -0.031254570285087935, "phi_s_change": -0.027432691168718715, "grad_phi_change": 0.07525040645206693, "k_phi_change": -0.23542257953340207, "xi_c_change": 0.0, "phase_sync_change": -0.03422115648627144, "epi_magnitude_change": 0.022192069460889363, "hash_signature": "3b1c2e5f27e74466", "sequence_str": "EN -> NAV -> VAL -> UM -> OZ"}