{"sequence": ["NUL", "ZHIR", "IL", "IL", "UM", "NAV"], "coherence_change": 0.016477610198039172, "sense_index_change": 0.03396123261018069, "phi_s_change": 0.06862986062978693, "grad_phi_change": -0.10336628063789077, "k_phi_change": 0.46043578253887346, "xi_c_change": 0.0, "phase_sync_change": 0.02844933695736851, "epi_magnitude_change": -0.009353107235827718, "hash_signature": "bde1f63cdd3eb32c", "sequence_str": "NUL -> ZHIR -> IL -> IL -> UM -> NAV"}