{"sequence": ["AL", "AL", "NUL", "IL", "NUL", "SHA"], "coherence_change": 0.009396152385642176, "sense_index_change": 0.007917311142429329, "phi_s_change": -0.024283750930975234, "grad_phi_change": 0.0, "k_phi_change": 0.0, "xi_c_change": 0.0, "phase_sync_change": 0.0, "epi_magnitude_change": -0.03384952480584946, "hash_signature": "a7106836f597deab", "sequence_str": "AL -> AL -> NUL -> IL -> NUL -> SHA"}