{"sequence": ["EN", "UM", "NAV", "REMESH"], "coherence_change": 0.0, "sense_index_change": 0.020577312235939282, "phi_s_change": 0.0, "grad_phi_change": -0.036019314927401735, "k_phi_change": 0.020255047922661668, "xi_c_change": 0.0, "phase_sync_change": -0.0001479559605673808, "epi_magnitude_change": 0.0015410018709466344, "hash_signature": "d731b4d49c94a878", "sequence_str": "EN -> UM -> NAV -> REMESH"}