{"sequence": ["SHA", "THOL", "AL", "OZ", "REMESH"], "coherence_change": -0.010486675777135024, "sense_index_change": 0.02319942327663338, "phi_s_change": -0.10124224559806427, "grad_phi_change": 0.0, "k_phi_change": 0.0, "xi_c_change": 0.0, "phase_sync_change": 0.0, "epi_magnitude_change": 0.0009087135618376374, "hash_signature": "88604fb56e547f62", "sequence_str": "SHA -> THOL -> AL -> OZ -> REMESH"}