{"sequence": ["UM", "AL", "NAV", "NAV"], "coherence_change": 0.0, "sense_index_change": 0.016788029194482634, "phi_s_change": 0.0, "grad_phi_change": -0.038561055001457456, "k_phi_change": 0.056039357067421414, "xi_c_change": 0.0, "phase_sync_change": -0.0003788170020183612, "epi_magnitude_change": -0.0017243586559759772, "hash_signature": "80f9a33462d87845", "sequence_str": "UM -> AL -> NAV -> NAV"}