{"sequence": ["AL", "THOL", "EN", "OZ"], "coherence_change": -0.008800915401227627, "sense_index_change": 0.027590931407917574, "phi_s_change": -0.050570850713532844, "grad_phi_change": 0.0, "k_phi_change": 0.0, "xi_c_change": 0.0, "phase_sync_change": 0.0, "epi_magnitude_change": -0.0008368920613648356, "hash_signature": "3cb2cd20d44acb7b", "sequence_str": "AL -> THOL -> EN -> OZ"}