{"sequence": ["ZHIR", "VAL", "AL", "VAL", "ZHIR", "OZ"], "coherence_change": -0.010992052217496995, "sense_index_change": 0.027953183270655102, "phi_s_change": 0.05448009098365192, "grad_phi_change": -0.09944420650635344, "k_phi_change": 0.20761007352505984, "xi_c_change": 0.0, "phase_sync_change": 0.03627901963507252, "epi_magnitude_change": 0.02121480499837014, "hash_signature": "7da8d8f1006ae470", "sequence_str": "ZHIR -> VAL -> AL -> VAL -> ZHIR -> OZ"}