{"sequence": ["UM", "THOL", "IL", "REMESH"], "coherence_change": 0.015921239270899723, "sense_index_change": 0.01341948402832438, "phi_s_change": 0.1285221985404621, "grad_phi_change": -0.07000788967693206, "k_phi_change": -0.1272565929275365, "xi_c_change": 0.0, "phase_sync_change": 0.014652263236456298, "epi_magnitude_change": 0.0013737082179118287, "hash_signature": "a8a05be12b1889e5", "sequence_str": "UM -> THOL -> IL -> REMESH"}