{"sequence": ["REMESH", "OZ", "ZHIR", "OZ"], "coherence_change": -0.026902655564456146, "sense_index_change": 0.025453899932944668, "phi_s_change": 0.07612124736222847, "grad_phi_change": -0.0023413162299654733, "k_phi_change": -0.13691140401556828, "xi_c_change": 0.0, "phase_sync_change": -0.0012601047147602351, "epi_magnitude_change": 0.001212520614874979, "hash_signature": "5c49867ab158069b", "sequence_str": "REMESH -> OZ -> ZHIR -> OZ"}