{"sequence": ["OZ", "RA", "OZ"], "coherence_change": -0.02261509573974052, "sense_index_change": 0.028276964276960803, "phi_s_change": -0.25591611769128786, "grad_phi_change": -0.0741458528761545, "k_phi_change": 0.07207124065606181, "xi_c_change": 0.0, "phase_sync_change": 0.020786045626932537, "epi_magnitude_change": 0.0, "hash_signature": "17e01a50ade0dee2", "sequence_str": "OZ -> RA -> OZ"}