{"sequence": ["NUL", "IL", "IL", "SHA"], "coherence_change": 0.01152270142506806, "sense_index_change": 0.006112894489279097, "phi_s_change": -0.05017222616348538, "grad_phi_change": 0.0, "k_phi_change": 0.0, "xi_c_change": 0.0, "phase_sync_change": 0.0, "epi_magnitude_change": -0.02201179144100507, "hash_signature": "e1f1a0f2a389ca2a", "sequence_str": "NUL -> IL -> IL -> SHA"}