{"sequence": ["NUL", "THOL", "UM", "NUL", "NAV"], "coherence_change": 0.004187719517496191, "sense_index_change": 0.03783636203233931, "phi_s_change": -0.01663643198578746, "grad_phi_change": -0.14543350744254746, "k_phi_change": 0.41437245255830035, "xi_c_change": 0.0, "phase_sync_change": 0.06118924907217094, "epi_magnitude_change": -0.03049194569473379, "hash_signature": "f8512fc6c128dd5e", "sequence_str": "NUL -> THOL -> UM -> NUL -> NAV"}