{"sequence": ["RA", "REMESH", "NAV", "ZHIR", "SHA"], "coherence_change": 0.0, "sense_index_change": 0.026678436778134973, "phi_s_change": 0.0, "grad_phi_change": -0.09672171889830472, "k_phi_change": 0.4439192636235344, "xi_c_change": 0.0, "phase_sync_change": 0.02525216664094121, "epi_magnitude_change": 0.001370756596016709, "hash_signature": "f3c5ebb50b66307b", "sequence_str": "RA -> REMESH -> NAV -> ZHIR -> SHA"}