{"sequence": ["RA", "RA", "SHA", "NAV", "NAV"], "coherence_change": 0.0, "sense_index_change": 0.007822067720911763, "phi_s_change": 0.0, "grad_phi_change": -0.0506095173773089, "k_phi_change": 0.35437962503427967, "xi_c_change": 0.0, "phase_sync_change": 0.004340292330669904, "epi_magnitude_change": 0.0, "hash_signature": "4ab5188849c2f2b7", "sequence_str": "RA -> RA -> SHA -> NAV -> NAV"}