{"sequence": ["RA", "NAV", "THOL", "ZHIR", "SHA"], "coherence_change": 0.0041204903067082466, "sense_index_change": -0.026413523924368076, "phi_s_change": 0.01928039571142459, "grad_phi_change": 0.1009319972849605, "k_phi_change": 0.423901020529174, "xi_c_change": 0.0, "phase_sync_change": -0.0437610369484418, "epi_magnitude_change": 0.0, "hash_signature": "81b73f0e73f5478d", "sequence_str": "RA -> NAV -> THOL -> ZHIR -> SHA"}