{"sequence": ["IL", "ZHIR", "REMESH", "OZ"], "coherence_change": -0.006323329917930609, "sense_index_change": 0.02730845037434937, "phi_s_change": -0.04620932599656091, "grad_phi_change": 0.0046653679692802985, "k_phi_change": 0.21641882489426473, "xi_c_change": 0.0, "phase_sync_change": -0.00035837798875226756, "epi_magnitude_change": 0.0014608945117886574, "hash_signature": "afa6651e477050f3", "sequence_str": "IL -> ZHIR -> REMESH -> OZ"}