{"sequence": ["REMESH", "OZ", "NUL", "AL", "NAV"], "coherence_change": -0.010842600397669044, "sense_index_change": 0.0063379572773998305, "phi_s_change": 0.11536377763478944, "grad_phi_change": 0.0, "k_phi_change": 0.0, "xi_c_change": 0.0, "phase_sync_change": 0.0, "epi_magnitude_change": -0.013861688992437227, "hash_signature": "b7c2577a319b652d", "sequence_str": "REMESH -> OZ -> NUL -> AL -> NAV"}