{"sequence": ["EN", "SHA", "RA", "EN", "EN", "OZ"], "coherence_change": -0.013187640207711793, "sense_index_change": 0.020833012970730258, "phi_s_change": -0.027435540825955562, "grad_phi_change": -0.07580940010900195, "k_phi_change": 0.18057803136337255, "xi_c_change": 0.0, "phase_sync_change": 0.017973035652551927, "epi_magnitude_change": 0.0, "hash_signature": "6b2205923ad2ba85", "sequence_str": "EN -> SHA -> RA -> EN -> EN -> OZ"}