{"sequence": ["OZ", "UM", "ZHIR", "OZ", "RA", "SHA"], "coherence_change": -0.021589382839811933, "sense_index_change": -0.0014371410350536573, "phi_s_change": 0.01599248488547156, "grad_phi_change": -0.10516250873555077, "k_phi_change": 0.37578501036867284, "xi_c_change": 0.0, "phase_sync_change": 0.04771461048014747, "epi_magnitude_change": 0.0, "hash_signature": "705df6cb9402a54f", "sequence_str": "OZ -> UM -> ZHIR -> OZ -> RA -> SHA"}