{"sequence": ["THOL", "VAL", "VAL", "ZHIR", "SHA"], "coherence_change": 0.005630643970926386, "sense_index_change": 0.0005445134839335841, "phi_s_change": 0.02158545654787014, "grad_phi_change": 0.012858208551902894, "k_phi_change": 0.4172318773584843, "xi_c_change": 0.0, "phase_sync_change": -0.002922403607076962, "epi_magnitude_change": 0.032882248616599385, "hash_signature": "2392776744bac5bb", "sequence_str": "THOL -> VAL -> VAL -> ZHIR -> SHA"}