{"sequence": ["RA", "OZ", "IL", "THOL", "NAV"], "coherence_change": 0.004101214483949178, "sense_index_change": -0.007545063622565795, "phi_s_change": 0.024883120824901406, "grad_phi_change": 0.033375739109273495, "k_phi_change": 0.5448648507532929, "xi_c_change": 0.0, "phase_sync_change": -0.014699606470068627, "epi_magnitude_change": 0.0, "hash_signature": "486a5abe97b9ef19", "sequence_str": "RA -> OZ -> IL -> THOL -> NAV"}