{"sequence": ["EN", "RA", "THOL", "REMESH"], "coherence_change": 0.005847660117673348, "sense_index_change": -0.0022482540976576093, "phi_s_change": -0.006938651246639949, "grad_phi_change": -0.023408356875320058, "k_phi_change": 0.04413355845668812, "xi_c_change": 0.0, "phase_sync_change": -0.003220569815184704, "epi_magnitude_change": 0.0014122912689182865, "hash_signature": "eb6f2a20e455ec1c", "sequence_str": "EN -> RA -> THOL -> REMESH"}