{"sequence": ["THOL", "ZHIR", "SHA", "AL", "IL", "OZ"], "coherence_change": 0.004687390190748375, "sense_index_change": 0.021409575396781788, "phi_s_change": -0.11332807762131725, "grad_phi_change": -0.009791470720140971, "k_phi_change": 0.09598538964183252, "xi_c_change": 0.0, "phase_sync_change": 0.0009311325235594747, "epi_magnitude_change": 0.0015086311790111218, "hash_signature": "c95e59c6343ad012", "sequence_str": "THOL -> ZHIR -> SHA -> AL -> IL -> OZ"}