{"sequence": ["NAV", "SHA", "UM", "IL", "REMESH"], "coherence_change": 0.007131024963945798, "sense_index_change": 0.040195857220538866, "phi_s_change": -0.027884173782134702, "grad_phi_change": -0.10517348517544844, "k_phi_change": 0.28475343683819343, "xi_c_change": 0.0, "phase_sync_change": 0.03196941440043799, "epi_magnitude_change": 0.0014827878164805908, "hash_signature": "703d499963e9ff07", "sequence_str": "NAV -> SHA -> UM -> IL -> REMESH"}