{"sequence": ["THOL", "NUL", "VAL", "OZ"], "coherence_change": -0.007495578788193402, "sense_index_change": -0.004535263130929668, "phi_s_change": -0.09976071287884625, "grad_phi_change": 0.0, "k_phi_change": 0.0, "xi_c_change": 0.0, "phase_sync_change": 0.0, "epi_magnitude_change": -0.015127899750576712, "hash_signature": "f9254de8721f0462", "sequence_str": "THOL -> NUL -> VAL -> OZ"}