{"sequence": ["THOL", "IL", "RA", "EN", "ZHIR", "NAV"], "coherence_change": 0.013569471570485048, "sense_index_change": -0.020759869308627832, "phi_s_change": 0.10438430041419444, "grad_phi_change": 0.09666964350815466, "k_phi_change": 0.5155640752050081, "xi_c_change": 0.0, "phase_sync_change": -0.03659401219989089, "epi_magnitude_change": 0.0, "hash_signature": "6c3372c3940a4b87", "sequence_str": "THOL -> IL -> RA -> EN -> ZHIR -> NAV"}