{"sequence": ["NAV", "REMESH", "RA", "RA", "OZ"], "coherence_change": -0.008808538695684875, "sense_index_change": 0.0243971852516236, "phi_s_change": 0.03868103693422731, "grad_phi_change": -0.08909291991169987, "k_phi_change": 0.046621701385056585, "xi_c_change": 0.0, "phase_sync_change": 0.018238702847983013, "epi_magnitude_change": 0.0018575373595034472, "hash_signature": "2f0ccbe337cc97fe", "sequence_str": "NAV -> REMESH -> RA -> RA -> OZ"}