{"sequence": ["EN", "SHA", "UM", "THOL", "SHA"], "coherence_change": 0.008064001119293618, "sense_index_change": 0.004223882915502353, "phi_s_change": 0.025048348553538213, "grad_phi_change": 0.08015262538166357, "k_phi_change": 0.5397924755461341, "xi_c_change": 0.0, "phase_sync_change": -0.026296732766064257, "epi_magnitude_change": 0.0, "hash_signature": "18b66416d45734a5", "sequence_str": "EN -> SHA -> UM -> THOL -> SHA"}