{"sequence": ["THOL", "ZHIR", "THOL", "RA", "VAL", "SHA"], "coherence_change": 0.008565397793622753, "sense_index_change": 0.01239688544704498, "phi_s_change": 0.04926305527635, "grad_phi_change": -0.012512593445519249, "k_phi_change": 0.19436466473510883, "xi_c_change": 0.0, "phase_sync_change": -0.0003136035960300543, "epi_magnitude_change": 0.009305489620958007, "hash_signature": "c05a45497dd1f1e1", "sequence_str": "THOL -> ZHIR -> THOL -> RA -> VAL -> SHA"}