{"sequence": ["SHA", "NUL", "AL", "UM", "NAV"], "coherence_change": 0.0, "sense_index_change": 0.008235786284857105, "phi_s_change": 0.0, "grad_phi_change": -0.04039646936916341, "k_phi_change": 0.06650671795677077, "xi_c_change": 0.0, "phase_sync_change": 0.01593674710163262, "epi_magnitude_change": -0.017213672673306535, "hash_signature": "ebc35918161c2a95", "sequence_str": "SHA -> NUL -> AL -> UM -> NAV"}