{"sequence": ["AL", "AL", "OZ", "RA", "THOL", "SHA"], "coherence_change": -0.00634978764140981, "sense_index_change": 0.010228596324522665, "phi_s_change": -0.04111562261187407, "grad_phi_change": -0.033147667976747064, "k_phi_change": 0.40441158759530965, "xi_c_change": 0.0, "phase_sync_change": 0.008329976558485663, "epi_magnitude_change": -0.0075416791645049885, "hash_signature": "1946f4ee6994e914", "sequence_str": "AL -> AL -> OZ -> RA -> THOL -> SHA"}