{"sequence": ["REMESH", "ZHIR", "OZ", "EN", "RA", "NAV"], "coherence_change": -0.012035340887470047, "sense_index_change": 0.02594601172041422, "phi_s_change": -0.11903715778327484, "grad_phi_change": 0.026159139159404488, "k_phi_change": 0.013316827178670138, "xi_c_change": 0.0, "phase_sync_change": -0.01180713330070371, "epi_magnitude_change": 0.0018982950393805487, "hash_signature": "12aafb271808aae4", "sequence_str": "REMESH -> ZHIR -> OZ -> EN -> RA -> NAV"}