{"sequence": ["NAV", "REMESH", "RA", "RA", "RA", "OZ"], "coherence_change": -0.01547015479077607, "sense_index_change": 0.09120712490275618, "phi_s_change": 0.05601318646340425, "grad_phi_change": -0.539340077446461, "k_phi_change": 0.2239102098483607, "xi_c_change": 0.0, "phase_sync_change": 0.1811541177280377, "epi_magnitude_change": 0.0010580988592646667, "hash_signature": "37f8ca72b4c93af6", "sequence_str": "NAV -> REMESH -> RA -> RA -> RA -> OZ"}