{"sequence": ["AL", "ZHIR", "NUL", "VAL", "OZ"], "coherence_change": -0.013328058599473058, "sense_index_change": 0.015061304152478194, "phi_s_change": -0.134867782209371, "grad_phi_change": -0.056376943648537514, "k_phi_change": 0.12850088706142615, "xi_c_change": 0.0, "phase_sync_change": 0.020040697201687663, "epi_magnitude_change": -0.0034867910082915232, "hash_signature": "f0d8b2dd05a6e221", "sequence_str": "AL -> ZHIR -> NUL -> VAL -> OZ"}