{"sequence": ["NAV", "AL", "OZ", "ZHIR", "SHA"], "coherence_change": -0.011647772485584018, "sense_index_change": -0.019918845219041192, "phi_s_change": -0.018467964828692174, "grad_phi_change": 0.07906871613883104, "k_phi_change": 0.08726377208210118, "xi_c_change": 0.0, "phase_sync_change": -0.02269009567089575, "epi_magnitude_change": 0.0015542403857400355, "hash_signature": "2959150baf572a4a", "sequence_str": "NAV -> AL -> OZ -> ZHIR -> SHA"}