{"sequence": ["OZ", "AL", "NUL", "OZ"], "coherence_change": -0.015293133474856613, "sense_index_change": 0.011366324412262152, "phi_s_change": -0.07452747546453697, "grad_phi_change": 0.0, "k_phi_change": 0.0, "xi_c_change": 0.0, "phase_sync_change": 0.0, "epi_magnitude_change": -0.016913870127090558, "hash_signature": "851c4605298733da", "sequence_str": "OZ -> AL -> NUL -> OZ"}