{"sequence": ["SHA", "IL", "OZ", "ZHIR", "NAV"], "coherence_change": -0.006491479244171705, "sense_index_change": -0.011630713084687938, "phi_s_change": -0.009986105773798215, "grad_phi_change": 0.04595750456485903, "k_phi_change": 0.2726274612378831, "xi_c_change": 0.0, "phase_sync_change": -0.0126418389139622, "epi_magnitude_change": 0.0, "hash_signature": "4d7c80e3971b07d4", "sequence_str": "SHA -> IL -> OZ -> ZHIR -> NAV"}