{"sequence": ["NUL", "SHA", "UM", "NAV"], "coherence_change": 0.0, "sense_index_change": 0.02090534350042228, "phi_s_change": 0.0, "grad_phi_change": -0.12744132072899017, "k_phi_change": -0.140965010341013, "xi_c_change": 0.0, "phase_sync_change": 0.044168897862685075, "epi_magnitude_change": -0.014833526440439337, "hash_signature": "b7ccb98d9a28dc2c", "sequence_str": "NUL -> SHA -> UM -> NAV"}