{"sequence": ["RA", "OZ", "VAL", "OZ"], "coherence_change": -0.016350654545015497, "sense_index_change": 0.010702259043145701, "phi_s_change": -0.17471778180061948, "grad_phi_change": 0.013939017961676736, "k_phi_change": 0.6098334881400753, "xi_c_change": 0.0, "phase_sync_change": -0.007267619532286496, "epi_magnitude_change": 0.01827719796452576, "hash_signature": "b966bd8c364a77e6", "sequence_str": "RA -> OZ -> VAL -> OZ"}