{"sequence": ["REMESH", "RA", "THOL", "IL", "EN", "REMESH"], "coherence_change": 0.011818088867959542, "sense_index_change": 0.006041631481182974, "phi_s_change": 0.06150282289027531, "grad_phi_change": 0.009257130373347522, "k_phi_change": 0.48518985244216345, "xi_c_change": 0.0, "phase_sync_change": -0.012556203957214573, "epi_magnitude_change": 0.00292500717964872, "hash_signature": "2973a1dd167e1871", "sequence_str": "REMESH -> RA -> THOL -> IL -> EN -> REMESH"}