{"sequence": ["NUL", "ZHIR", "NAV", "IL", "SHA"], "coherence_change": 0.007894247640394259, "sense_index_change": -0.001128366227342581, "phi_s_change": 0.08297681421637981, "grad_phi_change": -0.0009761969297144013, "k_phi_change": 0.1459198260814383, "xi_c_change": 0.0, "phase_sync_change": 0.005881832336589787, "epi_magnitude_change": -0.015723103638228375, "hash_signature": "d17a81fd59dd3eda", "sequence_str": "NUL -> ZHIR -> NAV -> IL -> SHA"}