{"sequence": ["NAV", "AL", "EN", "IL", "VAL", "OZ"], "coherence_change": -0.006218856203367262, "sense_index_change": 0.011188932500190707, "phi_s_change": -0.09852722339818198, "grad_phi_change": 0.0, "k_phi_change": 0.0, "xi_c_change": 0.0, "phase_sync_change": 0.0, "epi_magnitude_change": 0.010538792325969104, "hash_signature": "06b95d036c3cf7d7", "sequence_str": "NAV -> AL -> EN -> IL -> VAL -> OZ"}