{"sequence": ["SHA", "SHA", "OZ", "RA", "IL", "NAV"], "coherence_change": 0.0009025371488989853, "sense_index_change": 0.0251951086189125, "phi_s_change": -0.034733709335459495, "grad_phi_change": -0.10477356042202568, "k_phi_change": 0.5371022322723258, "xi_c_change": 0.0, "phase_sync_change": 0.027488441109375872, "epi_magnitude_change": 0.0, "hash_signature": "bf091f03077026d5", "sequence_str": "SHA -> SHA -> OZ -> RA -> IL -> NAV"}