{"sequence": ["THOL", "NUL", "VAL", "REMESH"], "coherence_change": 0.005117544701876531, "sense_index_change": 0.0013791229306566732, "phi_s_change": -0.037628072813450375, "grad_phi_change": 0.0, "k_phi_change": 0.0, "xi_c_change": 0.0, "phase_sync_change": 0.0, "epi_magnitude_change": 0.012443880222599346, "hash_signature": "48dac2671ee7bedd", "sequence_str": "THOL -> NUL -> VAL -> REMESH"}