{"sequence": ["REMESH", "THOL", "EN", "ZHIR", "ZHIR", "REMESH"], "coherence_change": 0.004142555942670878, "sense_index_change": 0.014498977267966895, "phi_s_change": 0.04961752046534984, "grad_phi_change": -0.05137913615633227, "k_phi_change": 0.06048406617918778, "xi_c_change": 0.0, "phase_sync_change": 0.009801467730475188, "epi_magnitude_change": 0.0027199302798679437, "hash_signature": "7bc9b6f265d40ef5", "sequence_str": "REMESH -> THOL -> EN -> ZHIR -> ZHIR -> REMESH"}