{"sequence": ["VAL", "EN", "VAL", "UM", "REMESH"], "coherence_change": 0.0, "sense_index_change": 0.01747109365889843, "phi_s_change": 0.0, "grad_phi_change": -0.06756816559234546, "k_phi_change": 0.4309056587113685, "xi_c_change": 0.0, "phase_sync_change": 0.03120493504365829, "epi_magnitude_change": 0.03871447874715628, "hash_signature": "28f04d48f7d8dce0", "sequence_str": "VAL -> EN -> VAL -> UM -> REMESH"}