{"sequence": ["REMESH", "NAV", "RA", "AL", "REMESH"], "coherence_change": 0.0, "sense_index_change": 0.026841361655719154, "phi_s_change": 0.0, "grad_phi_change": -0.11035703112132578, "k_phi_change": -0.05182832631443801, "xi_c_change": 0.0, "phase_sync_change": 0.031685891392986165, "epi_magnitude_change": 0.004818023881681066, "hash_signature": "ac9e5ace39de8f35", "sequence_str": "REMESH -> NAV -> RA -> AL -> REMESH"}