{"sequence": ["EN", "REMESH", "EN", "NAV", "UM", "NAV"], "coherence_change": 0.0, "sense_index_change": -0.012844797199383529, "phi_s_change": 0.0, "grad_phi_change": 0.04860917334550696, "k_phi_change": 0.25852026536540584, "xi_c_change": 0.0, "phase_sync_change": -0.030345181969832158, "epi_magnitude_change": 0.0009062749374345591, "hash_signature": "b5d7064c4db14c7d", "sequence_str": "EN -> REMESH -> EN -> NAV -> UM -> NAV"}