{"sequence": ["SHA", "OZ", "EN", "NUL", "VAL", "NAV"], "coherence_change": -0.014887249403139902, "sense_index_change": 0.01854276750530648, "phi_s_change": -0.031143788161093422, "grad_phi_change": 0.0, "k_phi_change": 0.0, "xi_c_change": 0.0, "phase_sync_change": 0.0, "epi_magnitude_change": -0.004328071742813799, "hash_signature": "af8f6925c8668651", "sequence_str": "SHA -> OZ -> EN -> NUL -> VAL -> NAV"}