{"sequence": ["AL", "EN", "RA", "IL", "RA", "SHA"], "coherence_change": 0.008571701923871244, "sense_index_change": -0.01223113323852204, "phi_s_change": -0.0015767002548189302, "grad_phi_change": -0.04617541989518248, "k_phi_change": 0.1011708050022203, "xi_c_change": 0.0, "phase_sync_change": 0.005602094844636141, "epi_magnitude_change": 0.005888366113093291, "hash_signature": "751b2b7889f160bb", "sequence_str": "AL -> EN -> RA -> IL -> RA -> SHA"}