{"sequence": ["NAV", "RA", "AL", "REMESH"], "coherence_change": 0.0, "sense_index_change": -0.01861927815318226, "phi_s_change": 0.0, "grad_phi_change": 0.09590340572570488, "k_phi_change": 0.5660562991324949, "xi_c_change": 0.0, "phase_sync_change": -0.04003893301966732, "epi_magnitude_change": -0.0020903584869124137, "hash_signature": "1b73be0b016f2b23", "sequence_str": "NAV -> RA -> AL -> REMESH"}