{"sequence": ["THOL", "IL", "UM", "EN", "NAV"], "coherence_change": 0.011541545508927387, "sense_index_change": 0.018374521628064522, "phi_s_change": 0.02807510559594939, "grad_phi_change": -0.08305646285320911, "k_phi_change": 0.02771337842091609, "xi_c_change": 0.0, "phase_sync_change": 0.018790840525762298, "epi_magnitude_change": 0.0, "hash_signature": "e7410e74eb2db253", "sequence_str": "THOL -> IL -> UM -> EN -> NAV"}