{"sequence": ["SHA", "AL", "ZHIR", "ZHIR", "VAL", "NAV"], "coherence_change": 0.0, "sense_index_change": 0.02665130540989824, "phi_s_change": 0.0, "grad_phi_change": -0.09890015488661419, "k_phi_change": 0.045293074673828315, "xi_c_change": 0.0, "phase_sync_change": 0.032998647193487884, "epi_magnitude_change": 0.01290292707750118, "hash_signature": "6446ef7fa4c94042", "sequence_str": "SHA -> AL -> ZHIR -> ZHIR -> VAL -> NAV"}