{"sequence": ["SHA", "EN", "VAL", "SHA", "OZ"], "coherence_change": -0.0057035296415201, "sense_index_change": -0.007444341060960591, "phi_s_change": 0.04336288084031259, "grad_phi_change": 0.0, "k_phi_change": 0.0, "xi_c_change": 0.0, "phase_sync_change": 0.0, "epi_magnitude_change": 0.005540636680924194, "hash_signature": "79d01165f6eca2e1", "sequence_str": "SHA -> EN -> VAL -> SHA -> OZ"}