{"sequence": ["RA", "IL", "VAL", "THOL", "SHA"], "coherence_change": 0.012705459892583648, "sense_index_change": 0.003827308432274079, "phi_s_change": 0.04044237636485215, "grad_phi_change": 0.021208613762197626, "k_phi_change": 0.3856886976498236, "xi_c_change": 0.0, "phase_sync_change": -0.012392087723489542, "epi_magnitude_change": 0.013496279840168768, "hash_signature": "f9d833f1528d7654", "sequence_str": "RA -> IL -> VAL -> THOL -> SHA"}