{"sequence": ["NUL", "VAL", "ZHIR", "NAV"], "coherence_change": 0.0, "sense_index_change": -0.01759996227796612, "phi_s_change": 0.0, "grad_phi_change": 0.08161447425462343, "k_phi_change": -0.0653122941545029, "xi_c_change": 0.0, "phase_sync_change": -0.026693048918691287, "epi_magnitude_change": 0.0074210304923263415, "hash_signature": "a8ad1432391d4e40", "sequence_str": "NUL -> VAL -> ZHIR -> NAV"}