{"sequence": ["AL", "NAV", "ZHIR", "SHA", "NAV"], "coherence_change": 0.0, "sense_index_change": 0.006258774153642621, "phi_s_change": 0.0, "grad_phi_change": -0.03728588497461871, "k_phi_change": 0.47591606897527766, "xi_c_change": 0.0, "phase_sync_change": 0.013356157073936559, "epi_magnitude_change": 0.0013350391116124793, "hash_signature": "0ace50095be9b48b", "sequence_str": "AL -> NAV -> ZHIR -> SHA -> NAV"}