{"sequence": ["NAV", "IL", "RA", "OZ"], "coherence_change": -0.005293078969111797, "sense_index_change": 0.022454732131251265, "phi_s_change": 0.03128765217322249, "grad_phi_change": -0.1457256147606556, "k_phi_change": 0.1136039960259938, "xi_c_change": 0.0, "phase_sync_change": 0.04325769291925863, "epi_magnitude_change": 0.0, "hash_signature": "294c3e49e5f672dc", "sequence_str": "NAV -> IL -> RA -> OZ"}