{"sequence": ["NAV", "REMESH", "ZHIR", "VAL", "EN", "OZ"], "coherence_change": -0.006854303725104538, "sense_index_change": -0.0031080149986744132, "phi_s_change": -0.0356021864381002, "grad_phi_change": -0.029198925397672548, "k_phi_change": 0.24479228707830314, "xi_c_change": 0.0, "phase_sync_change": 0.011054167388694025, "epi_magnitude_change": 0.024716602217271566, "hash_signature": "4fd72b6015fb87be", "sequence_str": "NAV -> REMESH -> ZHIR -> VAL -> EN -> OZ"}