{"sequence": ["NAV", "ZHIR", "REMESH", "UM", "NAV"], "coherence_change": 0.0, "sense_index_change": 0.03653525345959108, "phi_s_change": 0.0, "grad_phi_change": -0.25913301374504205, "k_phi_change": 0.3887399135508467, "xi_c_change": 0.0, "phase_sync_change": 0.0846070668520208, "epi_magnitude_change": 0.0014920381497864899, "hash_signature": "025b57d4bd5f83cd", "sequence_str": "NAV -> ZHIR -> REMESH -> UM -> NAV"}