{"sequence": ["ZHIR", "EN", "OZ", "EN", "VAL", "SHA"], "coherence_change": -0.00978847713754949, "sense_index_change": 0.01874509422929682, "phi_s_change": -0.1387517546385557, "grad_phi_change": -0.043411153336633035, "k_phi_change": -0.009866318611373492, "xi_c_change": 0.0, "phase_sync_change": 0.017055965147356855, "epi_magnitude_change": 0.00833794604680449, "hash_signature": "867ec235d12832de", "sequence_str": "ZHIR -> EN -> OZ -> EN -> VAL -> SHA"}