{"sequence": ["SHA", "UM", "THOL", "NUL", "REMESH"], "coherence_change": 0.003770707951351815, "sense_index_change": -0.016011183761372227, "phi_s_change": -0.026102870851811177, "grad_phi_change": 0.058530998229360476, "k_phi_change": 0.11499190890092283, "xi_c_change": 0.0, "phase_sync_change": -0.02972838672013811, "epi_magnitude_change": -0.01928756026124745, "hash_signature": "8ca988ce62e8b594", "sequence_str": "SHA -> UM -> THOL -> NUL -> REMESH"}