{"sequence": ["REMESH", "AL", "REMESH", "NAV", "OZ"], "coherence_change": -0.012287193993839929, "sense_index_change": -0.0004270401486119457, "phi_s_change": -0.05787678257449236, "grad_phi_change": 0.0, "k_phi_change": 0.0, "xi_c_change": 0.0, "phase_sync_change": 0.0, "epi_magnitude_change": 0.005697030060632158, "hash_signature": "a891094664966295", "sequence_str": "REMESH -> AL -> REMESH -> NAV -> OZ"}