{"sequence": ["NAV", "VAL", "VAL", "RA", "OZ"], "coherence_change": -0.010856654810528665, "sense_index_change": -0.022704074043670752, "phi_s_change": -0.061717330489610034, "grad_phi_change": 0.06152278302791281, "k_phi_change": 0.5893699500589836, "xi_c_change": 0.0, "phase_sync_change": -0.022808198474656427, "epi_magnitude_change": 0.034342602372356534, "hash_signature": "afac68f69f286703", "sequence_str": "NAV -> VAL -> VAL -> RA -> OZ"}