{"sequence": ["OZ", "NAV", "EN", "REMESH"], "coherence_change": -0.010905145888917112, "sense_index_change": 0.007560464122490784, "phi_s_change": -0.0654488860057002, "grad_phi_change": 0.0, "k_phi_change": 0.0, "xi_c_change": 0.0, "phase_sync_change": 0.0, "epi_magnitude_change": 0.0013723521544669604, "hash_signature": "3d0e6e5f5211f3ab", "sequence_str": "OZ -> NAV -> EN -> REMESH"}