{"sequence": ["AL", "UM", "IL", "REMESH"], "coherence_change": 0.009996968942123319, "sense_index_change": -0.0035441870956998134, "phi_s_change": 0.16142296505752163, "grad_phi_change": -0.06780385177856174, "k_phi_change": -0.12672574780769286, "xi_c_change": 0.0, "phase_sync_change": 0.025208731020260777, "epi_magnitude_change": 0.006529720871346734, "hash_signature": "f386fbb07cdfac50", "sequence_str": "AL -> UM -> IL -> REMESH"}