{"sequence": ["AL", "SHA", "OZ", "RA", "THOL", "NAV"], "coherence_change": -0.008376941621106804, "sense_index_change": -0.004767737057481125, "phi_s_change": 0.03379870260525264, "grad_phi_change": -0.004208856539739347, "k_phi_change": 0.6341238702506883, "xi_c_change": 0.0, "phase_sync_change": 0.0036604457100996024, "epi_magnitude_change": -0.0013161800929533118, "hash_signature": "4bd98f7fff242615", "sequence_str": "AL -> SHA -> OZ -> RA -> THOL -> NAV"}