{"sequence": ["REMESH", "REMESH", "UM", "IL", "VAL", "NAV"], "coherence_change": 0.006559771694053085, "sense_index_change": -0.018193969285164147, "phi_s_change": 0.10385468078498661, "grad_phi_change": 0.06366205612581544, "k_phi_change": 0.36320430465991116, "xi_c_change": 0.0, "phase_sync_change": -0.025874767516807506, "epi_magnitude_change": 0.028659693048648127, "hash_signature": "08279f20a2666414", "sequence_str": "REMESH -> REMESH -> UM -> IL -> VAL -> NAV"}