{"sequence": ["VAL", "OZ", "NUL", "REMESH"], "coherence_change": -0.008442786500146293, "sense_index_change": -0.006059215906046411, "phi_s_change": -0.08534897521226759, "grad_phi_change": 0.0, "k_phi_change": 0.0, "xi_c_change": 0.0, "phase_sync_change": 0.0, "epi_magnitude_change": -0.0036785110743059457, "hash_signature": "03981d235fa63f3a", "sequence_str": "VAL -> OZ -> NUL -> REMESH"}