{"sequence": ["AL", "NAV", "UM", "IL", "IL", "OZ"], "coherence_change": 0.005792030160735706, "sense_index_change": 0.01856349327022011, "phi_s_change": 0.1429979770005363, "grad_phi_change": -0.0346362174295074, "k_phi_change": 0.09869611969004315, "xi_c_change": 0.0, "phase_sync_change": 0.005473342697512207, "epi_magnitude_change": 0.0027983056539465645, "hash_signature": "5da02f9d354e9239", "sequence_str": "AL -> NAV -> UM -> IL -> IL -> OZ"}