{"sequence": ["NAV", "NUL", "NAV", "RA", "OZ"], "coherence_change": -0.008263324901849112, "sense_index_change": 0.01298669863688795, "phi_s_change": -0.08706537395902147, "grad_phi_change": -0.003687588123576946, "k_phi_change": 0.2536885181514751, "xi_c_change": 0.0, "phase_sync_change": -0.002381297632839563, "epi_magnitude_change": -0.009072763274696083, "hash_signature": "ad8a6d89c7c0d638", "sequence_str": "NAV -> NUL -> NAV -> RA -> OZ"}