{"sequence": ["REMESH", "NUL", "EN", "RA", "REMESH"], "coherence_change": 0.0, "sense_index_change": 0.014392498720687485, "phi_s_change": 0.0, "grad_phi_change": -0.05267902071292885, "k_phi_change": 0.3369090974588338, "xi_c_change": 0.0, "phase_sync_change": 0.010123000709397978, "epi_magnitude_change": -0.014845880676247702, "hash_signature": "ed978272457a097b", "sequence_str": "REMESH -> NUL -> EN -> RA -> REMESH"}