{"sequence": ["EN", "VAL", "UM", "NUL", "OZ"], "coherence_change": -0.018044555870378787, "sense_index_change": -0.004571437588247296, "phi_s_change": 0.03466088961982616, "grad_phi_change": 0.08288499581163156, "k_phi_change": 0.4252704024956538, "xi_c_change": 0.0, "phase_sync_change": -0.029896250252327006, "epi_magnitude_change": -0.013242462025792823, "hash_signature": "c57e3605d49c6d65", "sequence_str": "EN -> VAL -> UM -> NUL -> OZ"}