{"sequence": ["SHA", "NUL", "AL", "ZHIR", "IL", "NAV"], "coherence_change": 0.010401781766155582, "sense_index_change": -0.0011173823213235234, "phi_s_change": -0.05463062775210481, "grad_phi_change": -0.004354875310411899, "k_phi_change": 0.07488836933996325, "xi_c_change": 0.0, "phase_sync_change": 0.0006278369466380385, "epi_magnitude_change": -0.011754826226283988, "hash_signature": "7517ca018baff3db", "sequence_str": "SHA -> NUL -> AL -> ZHIR -> IL -> NAV"}