{"sequence": ["NUL", "OZ", "VAL", "THOL", "OZ"], "coherence_change": -0.02231898383587838, "sense_index_change": -0.006016033325573988, "phi_s_change": 0.014763277173343914, "grad_phi_change": 0.0, "k_phi_change": 0.0, "xi_c_change": 0.0, "phase_sync_change": 0.0, "epi_magnitude_change": -0.009852784004259041, "hash_signature": "44a9926a3f999f39", "sequence_str": "NUL -> OZ -> VAL -> THOL -> OZ"}