{"sequence": ["IL", "NAV", "NUL", "OZ", "IL", "REMESH"], "coherence_change": 0.008540879111736066, "sense_index_change": 0.0025957375500371693, "phi_s_change": 0.09493238661360281, "grad_phi_change": 0.0, "k_phi_change": 0.0, "xi_c_change": 0.0, "phase_sync_change": 0.0, "epi_magnitude_change": -0.011848837013212488, "hash_signature": "d15196624535a0df", "sequence_str": "IL -> NAV -> NUL -> OZ -> IL -> REMESH"}