{"sequence": ["NAV", "AL", "AL", "RA", "SHA"], "coherence_change": 0.0, "sense_index_change": 0.023057225277981708, "phi_s_change": 0.0, "grad_phi_change": -0.10586554765583789, "k_phi_change": 0.1422175546901366, "xi_c_change": 0.0, "phase_sync_change": 0.03099453666389118, "epi_magnitude_change": -0.006784562630068214, "hash_signature": "4cbb86b34ce1edb6", "sequence_str": "NAV -> AL -> AL -> RA -> SHA"}