{"sequence": ["ZHIR", "NAV", "NUL", "AL", "IL", "REMESH"], "coherence_change": 0.007135673827379341, "sense_index_change": -0.006543492679980112, "phi_s_change": 0.10378727811322619, "grad_phi_change": 0.003670492452675811, "k_phi_change": 0.20517017424673234, "xi_c_change": 0.0, "phase_sync_change": 0.000643237662437679, "epi_magnitude_change": -0.01291716267253007, "hash_signature": "fbe1ba7cd6b76f96", "sequence_str": "ZHIR -> NAV -> NUL -> AL -> IL -> REMESH"}