{"sequence": ["AL", "AL", "VAL", "UM", "REMESH"], "coherence_change": 0.0, "sense_index_change": 0.045571870013107696, "phi_s_change": 0.0, "grad_phi_change": -0.21206094309787904, "k_phi_change": 0.22475061694121767, "xi_c_change": 0.0, "phase_sync_change": 0.07917950321833733, "epi_magnitude_change": 0.019535542360249458, "hash_signature": "5fd7085be1e92af6", "sequence_str": "AL -> AL -> VAL -> UM -> REMESH"}