{"sequence": ["IL", "UM", "IL", "REMESH", "NAV"], "coherence_change": 0.011043899200044782, "sense_index_change": -0.018317694411779994, "phi_s_change": 0.04194502540006362, "grad_phi_change": 0.1376243483436379, "k_phi_change": 0.12937109652749162, "xi_c_change": 0.0, "phase_sync_change": -0.04658556683975934, "epi_magnitude_change": 0.0014542781952094908, "hash_signature": "a9fb2d03ff210a8d", "sequence_str": "IL -> UM -> IL -> REMESH -> NAV"}