{"sequence": ["ZHIR", "NUL", "EN", "IL", "NAV"], "coherence_change": 0.0074939810856898825, "sense_index_change": 0.010738011006522497, "phi_s_change": -0.022233395423942315, "grad_phi_change": -0.040912930356768795, "k_phi_change": 0.06941461563205098, "xi_c_change": 0.0, "phase_sync_change": 0.01756341128116856, "epi_magnitude_change": -0.008535627878388019, "hash_signature": "8093af33af9c4f76", "sequence_str": "ZHIR -> NUL -> EN -> IL -> NAV"}