{"sequence": ["SHA", "SHA", "THOL", "REMESH"], "coherence_change": 0.003537241901158894, "sense_index_change": -0.0030167891782426626, "phi_s_change": 0.01563570168773165, "grad_phi_change": 0.0, "k_phi_change": 0.0, "xi_c_change": 0.0, "phase_sync_change": 0.0, "epi_magnitude_change": 0.001364542420423609, "hash_signature": "de86a1822d004455", "sequence_str": "SHA -> SHA -> THOL -> REMESH"}