{"sequence": ["VAL", "UM", "EN", "SHA"], "coherence_change": 0.0, "sense_index_change": 0.028964947510151995, "phi_s_change": 0.0, "grad_phi_change": -0.09687397501497674, "k_phi_change": 0.5490162983758329, "xi_c_change": 0.0, "phase_sync_change": 0.02709776184836088, "epi_magnitude_change": 0.018146365556576005, "hash_signature": "c6dd97b023fcbab4", "sequence_str": "VAL -> UM -> EN -> SHA"}