{"sequence": ["RA", "UM", "VAL", "REMESH", "ZHIR", "SHA"], "coherence_change": 0.0, "sense_index_change": 0.03480919062634358, "phi_s_change": 0.0, "grad_phi_change": -0.143754570035159, "k_phi_change": 0.06324180113446778, "xi_c_change": 0.0, "phase_sync_change": 0.0365392058261812, "epi_magnitude_change": 0.01659655426988349, "hash_signature": "d49f0fb33612804a", "sequence_str": "RA -> UM -> VAL -> REMESH -> ZHIR -> SHA"}