{"sequence": ["ZHIR", "ZHIR", "THOL", "OZ"], "coherence_change": -0.007133814197736399, "sense_index_change": -0.010362540390451203, "phi_s_change": -0.09995845069230802, "grad_phi_change": 0.031000528890456902, "k_phi_change": 0.17978172777918536, "xi_c_change": 0.0, "phase_sync_change": -0.013431666490782979, "epi_magnitude_change": 0.0, "hash_signature": "dd7c9c6b10a060d1", "sequence_str": "ZHIR -> ZHIR -> THOL -> OZ"}