{"sequence": ["NAV", "REMESH", "UM", "REMESH"], "coherence_change": 0.0, "sense_index_change": -0.00959804229563671, "phi_s_change": 0.0, "grad_phi_change": 0.1006408895762374, "k_phi_change": 0.4809681481661335, "xi_c_change": 0.0, "phase_sync_change": -0.03976770003695629, "epi_magnitude_change": 0.0025737666129775905, "hash_signature": "fde86c9498da9790", "sequence_str": "NAV -> REMESH -> UM -> REMESH"}