{"sequence": ["UM", "REMESH", "ZHIR", "SHA"], "coherence_change": 0.0, "sense_index_change": -0.004772572190431257, "phi_s_change": 0.0, "grad_phi_change": 0.018340142004771298, "k_phi_change": 0.22233861032156743, "xi_c_change": 0.0, "phase_sync_change": -0.018871652116101645, "epi_magnitude_change": 0.0012325330100588783, "hash_signature": "b2a389b6dfadcba9", "sequence_str": "UM -> REMESH -> ZHIR -> SHA"}