{"sequence": ["REMESH", "OZ", "SHA", "RA", "REMESH"], "coherence_change": -0.009625849978004641, "sense_index_change": 0.014111355126439351, "phi_s_change": 0.054484404455719115, "grad_phi_change": -0.051988625826219215, "k_phi_change": 0.5256175728852919, "xi_c_change": 0.0, "phase_sync_change": 0.015274090681751784, "epi_magnitude_change": 0.00331628934699002, "hash_signature": "ae3a26457fd91521", "sequence_str": "REMESH -> OZ -> SHA -> RA -> REMESH"}