{"sequence": ["NAV", "NAV", "OZ", "NUL", "ZHIR", "OZ"], "coherence_change": -0.01815678271297061, "sense_index_change": 0.0013629982074178093, "phi_s_change": 0.0007421520696528905, "grad_phi_change": 0.08494367395759728, "k_phi_change": 0.008592568353838342, "xi_c_change": 0.0, "phase_sync_change": -0.029550719918072232, "epi_magnitude_change": -0.011481562722887806, "hash_signature": "a1cf68150b03e52a", "sequence_str": "NAV -> NAV -> OZ -> NUL -> ZHIR -> OZ"}