{"sequence": ["OZ", "OZ", "AL", "NAV"], "coherence_change": -0.013874037598189726, "sense_index_change": -0.015498468724156722, "phi_s_change": -0.022788347570418477, "grad_phi_change": 0.0, "k_phi_change": 0.0, "xi_c_change": 0.0, "phase_sync_change": 0.0, "epi_magnitude_change": -0.006348693671601291, "hash_signature": "ea454a66d5e10d18", "sequence_str": "OZ -> OZ -> AL -> NAV"}