{"sequence": ["REMESH", "VAL", "IL", "OZ"], "coherence_change": -0.006571144641446369, "sense_index_change": 0.004606996410527642, "phi_s_change": -0.06938389146822721, "grad_phi_change": 0.0, "k_phi_change": 0.0, "xi_c_change": 0.0, "phase_sync_change": 0.0, "epi_magnitude_change": 0.017145300808518393, "hash_signature": "6d87f4b898678eb0", "sequence_str": "REMESH -> VAL -> IL -> OZ"}