{"sequence": ["NAV", "RA", "NUL", "NUL", "OZ"], "coherence_change": -0.012290848441087965, "sense_index_change": -0.03309139333236366, "phi_s_change": -0.06143896701004414, "grad_phi_change": 0.14722012582166233, "k_phi_change": 0.12093538012363673, "xi_c_change": 0.0, "phase_sync_change": -0.05312462791350692, "epi_magnitude_change": -0.02508778152515101, "hash_signature": "dc6c5e9970648b5c", "sequence_str": "NAV -> RA -> NUL -> NUL -> OZ"}