{"sequence": ["SHA", "NUL", "NAV", "SHA", "ZHIR", "REMESH"], "coherence_change": 0.0, "sense_index_change": 0.006204421978210473, "phi_s_change": 0.0, "grad_phi_change": -0.023686097651392624, "k_phi_change": 0.1735785228097998, "xi_c_change": 0.0, "phase_sync_change": 0.01195091200319609, "epi_magnitude_change": -0.020078924335861004, "hash_signature": "a750ad580af6bc68", "sequence_str": "SHA -> NUL -> NAV -> SHA -> ZHIR -> REMESH"}