{"sequence": ["OZ", "UM", "NUL", "EN", "NUL", "SHA"], "coherence_change": -0.013351912445249026, "sense_index_change": -0.002301168735976855, "phi_s_change": -0.035306738503620094, "grad_phi_change": -0.0012407101029932033, "k_phi_change": 0.11098299671218687, "xi_c_change": 0.0, "phase_sync_change": 0.004797907283487612, "epi_magnitude_change": -0.03487149110645027, "hash_signature": "74c5540914522e3d", "sequence_str": "OZ -> UM -> NUL -> EN -> NUL -> SHA"}