{"sequence": ["OZ", "RA", "EN", "IL", "REMESH"], "coherence_change": -0.008881221198676292, "sense_index_change": 0.000881957581521986, "phi_s_change": -0.10440236075588416, "grad_phi_change": -0.01556189365754257, "k_phi_change": -0.016664120272921856, "xi_c_change": 0.0, "phase_sync_change": -0.001386178453089193, "epi_magnitude_change": 0.001590343105954961, "hash_signature": "3a62756cf567ca53", "sequence_str": "OZ -> RA -> EN -> IL -> REMESH"}