{"sequence": ["AL", "EN", "IL", "IL", "SHA"], "coherence_change": 0.010811695240260155, "sense_index_change": 0.007381450123613464, "phi_s_change": 0.06828416354147715, "grad_phi_change": 0.0, "k_phi_change": 0.0, "xi_c_change": 0.0, "phase_sync_change": 0.0, "epi_magnitude_change": 0.013173632703808114, "hash_signature": "59beeef6357110e2", "sequence_str": "AL -> EN -> IL -> IL -> SHA"}