{"sequence": ["OZ", "UM", "AL", "UM", "UM", "NAV"], "coherence_change": -0.013378549178407084, "sense_index_change": 0.06888292694844123, "phi_s_change": -0.1102097506689409, "grad_phi_change": -0.3277322501819975, "k_phi_change": -0.06474151604868461, "xi_c_change": 0.0, "phase_sync_change": 0.10300274241115892, "epi_magnitude_change": 0.0029355170427494137, "hash_signature": "5779f90da0aac713", "sequence_str": "OZ -> UM -> AL -> UM -> UM -> NAV"}