{"sequence": ["NUL", "THOL", "SHA", "NUL", "OZ"], "coherence_change": -0.008598967463971374, "sense_index_change": 0.0031909417319601063, "phi_s_change": 0.06108630605829235, "grad_phi_change": 0.0, "k_phi_change": 0.0, "xi_c_change": 0.0, "phase_sync_change": 0.0, "epi_magnitude_change": -0.038707885542021536, "hash_signature": "f6774fbd0bc867a7", "sequence_str": "NUL -> THOL -> SHA -> NUL -> OZ"}