{"sequence": ["IL", "AL", "VAL", "UM", "NUL", "NAV"], "coherence_change": 0.010163621617960916, "sense_index_change": -0.0036520245090564396, "phi_s_change": 0.03818819438203869, "grad_phi_change": 0.08738388133870445, "k_phi_change": 0.25572060525846074, "xi_c_change": 0.0, "phase_sync_change": -0.03432772840299869, "epi_magnitude_change": -0.002449623313588223, "hash_signature": "e6ebb14f8b2d1c50", "sequence_str": "IL -> AL -> VAL -> UM -> NUL -> NAV"}