{"sequence": ["EN", "UM", "NUL", "VAL", "OZ"], "coherence_change": -0.016564695159995035, "sense_index_change": 0.018370409148169675, "phi_s_change": -0.12068968104681455, "grad_phi_change": -0.03227472549112176, "k_phi_change": 0.22799217526822513, "xi_c_change": 0.0, "phase_sync_change": 0.014066082166323435, "epi_magnitude_change": -0.0016373536114726583, "hash_signature": "dedecd1ac44bd717", "sequence_str": "EN -> UM -> NUL -> VAL -> OZ"}