{"sequence": ["REMESH", "SHA", "UM", "NAV"], "coherence_change": 0.0, "sense_index_change": 0.0022078447312904315, "phi_s_change": 0.0, "grad_phi_change": -0.008056753563129737, "k_phi_change": -0.05906625154108658, "xi_c_change": 0.0, "phase_sync_change": 0.004188714047422715, "epi_magnitude_change": 0.0012090358622514064, "hash_signature": "feb4678c0af0d8b9", "sequence_str": "REMESH -> SHA -> UM -> NAV"}