{"sequence": ["ZHIR", "NUL", "UM", "VAL", "UM", "NAV"], "coherence_change": 0.0, "sense_index_change": 0.05726372546138936, "phi_s_change": 0.0, "grad_phi_change": -0.3059983775353481, "k_phi_change": 0.22020642775253718, "xi_c_change": 0.0, "phase_sync_change": 0.08631356871482598, "epi_magnitude_change": 0.0011679359183061067, "hash_signature": "25f7a8fc99b7c347", "sequence_str": "ZHIR -> NUL -> UM -> VAL -> UM -> NAV"}