{"sequence": ["UM", "VAL", "OZ", "OZ", "IL", "NAV"], "coherence_change": -0.017863540921970733, "sense_index_change": 0.013659782371284734, "phi_s_change": -0.32176359373209973, "grad_phi_change": 0.14030740645766726, "k_phi_change": 0.06354431926216617, "xi_c_change": 0.0, "phase_sync_change": -0.06011402278595246, "epi_magnitude_change": 0.014876920992001552, "hash_signature": "cdc26be7db89792b", "sequence_str": "UM -> VAL -> OZ -> OZ -> IL -> NAV"}