{"sequence": ["AL", "AL", "RA", "REMESH", "IL", "NAV"], "coherence_change": 0.006772182363577128, "sense_index_change": 0.010380040402903634, "phi_s_change": 0.04826860057651927, "grad_phi_change": 0.005227513686359764, "k_phi_change": 0.43785388416388815, "xi_c_change": 0.0, "phase_sync_change": -0.005397288886852758, "epi_magnitude_change": -0.0007796026830548808, "hash_signature": "6aae0dfc1f48b39b", "sequence_str": "AL -> AL -> RA -> REMESH -> IL -> NAV"}