{"sequence": ["UM", "AL", "IL", "SHA"], "coherence_change": 0.006173748619274444, "sense_index_change": 0.015769719527951143, "phi_s_change": -0.029926303460931947, "grad_phi_change": -0.11414169318703093, "k_phi_change": 0.6535477744193957, "xi_c_change": 0.0, "phase_sync_change": 0.036453365395972215, "epi_magnitude_change": 0.0029720503568542167, "hash_signature": "3d9ccb1cc47e2c90", "sequence_str": "UM -> AL -> IL -> SHA"}