{"sequence": ["NAV", "IL", "ZHIR", "EN", "EN", "SHA"], "coherence_change": 0.005070763974991288, "sense_index_change": 0.0023808476877832385, "phi_s_change": 0.04843248178517379, "grad_phi_change": 0.022033318063324314, "k_phi_change": -0.05506473301125944, "xi_c_change": 0.0, "phase_sync_change": -0.011162475785516102, "epi_magnitude_change": 0.0, "hash_signature": "4e3f198cdbaa76ca", "sequence_str": "NAV -> IL -> ZHIR -> EN -> EN -> SHA"}