{"sequence": ["REMESH", "NAV", "AL", "EN", "OZ"], "coherence_change": -0.009349460460742476, "sense_index_change": -0.00550948084695424, "phi_s_change": -0.13462129019921099, "grad_phi_change": 0.0, "k_phi_change": 0.0, "xi_c_change": 0.0, "phase_sync_change": 0.0, "epi_magnitude_change": 0.002407181581429052, "hash_signature": "1162f5d90b31d3a0", "sequence_str": "REMESH -> NAV -> AL -> EN -> OZ"}