{"sequence": ["RA", "RA", "AL", "NAV"], "coherence_change": 0.0, "sense_index_change": 0.007589975796442605, "phi_s_change": 0.0, "grad_phi_change": -0.09900146703505319, "k_phi_change": 0.21076202403000868, "xi_c_change": 0.0, "phase_sync_change": 0.029090691393129697, "epi_magnitude_change": 5.459960329956548e-05, "hash_signature": "743fb4ec0622842b", "sequence_str": "RA -> RA -> AL -> NAV"}