{"sequence": ["OZ", "EN", "ZHIR", "REMESH", "NAV"], "coherence_change": -0.011911814078746752, "sense_index_change": 0.007404198290832831, "phi_s_change": 0.11450788740201567, "grad_phi_change": -0.03645392578322526, "k_phi_change": -0.004202804382473002, "xi_c_change": 0.0, "phase_sync_change": 0.01549253385589966, "epi_magnitude_change": 0.0013201911882757544, "hash_signature": "6f7c6126ef27a0fa", "sequence_str": "OZ -> EN -> ZHIR -> REMESH -> NAV"}