{"sequence": ["ZHIR", "ZHIR", "THOL", "VAL", "THOL", "NAV"], "coherence_change": 0.010291953631467399, "sense_index_change": -0.011636473149785775, "phi_s_change": 0.05054255935595564, "grad_phi_change": 0.02360271668085301, "k_phi_change": 0.04140796362019916, "xi_c_change": 0.0, "phase_sync_change": -0.0047157854225186036, "epi_magnitude_change": 0.01167381959162539, "hash_signature": "8c7070cef7e44f56", "sequence_str": "ZHIR -> ZHIR -> THOL -> VAL -> THOL -> NAV"}