{"sequence": ["IL", "THOL", "ZHIR", "THOL", "REMESH"], "coherence_change": 0.015484400238815588, "sense_index_change": 0.01880871801040296, "phi_s_change": 0.009621901493892526, "grad_phi_change": -0.06417773629766077, "k_phi_change": 0.15836183085004363, "xi_c_change": 0.0, "phase_sync_change": 0.0252842453365294, "epi_magnitude_change": 0.0015902549603632465, "hash_signature": "1431ba70d67929b6", "sequence_str": "IL -> THOL -> ZHIR -> THOL -> REMESH"}