{"sequence": ["IL", "EN", "SHA", "RA", "ZHIR", "SHA"], "coherence_change": 0.00929410940775044, "sense_index_change": -0.00797446826942394, "phi_s_change": 0.14169203431987043, "grad_phi_change": -0.062212618638145756, "k_phi_change": 0.1717490329231459, "xi_c_change": 0.0, "phase_sync_change": 0.012427479022231736, "epi_magnitude_change": 0.0, "hash_signature": "2cbc02bfc558c093", "sequence_str": "IL -> EN -> SHA -> RA -> ZHIR -> SHA"}