{"sequence": ["THOL", "THOL", "AL", "NAV"], "coherence_change": 0.009944275085768894, "sense_index_change": 0.007983796154557465, "phi_s_change": 0.051724837640837906, "grad_phi_change": 0.0, "k_phi_change": 0.0, "xi_c_change": 0.0, "phase_sync_change": 0.0, "epi_magnitude_change": 0.003402878388084507, "hash_signature": "5a0be6bbe80352da", "sequence_str": "THOL -> THOL -> AL -> NAV"}