{"sequence": ["IL", "AL", "REMESH", "NAV"], "coherence_change": 0.0074212642336113355, "sense_index_change": -0.013902244059546265, "phi_s_change": 0.0925637944041624, "grad_phi_change": 0.0, "k_phi_change": 0.0, "xi_c_change": 0.0, "phase_sync_change": 0.0, "epi_magnitude_change": -0.002017066984748128, "hash_signature": "b97965f969c3526b", "sequence_str": "IL -> AL -> REMESH -> NAV"}