{"sequence": ["ZHIR", "NUL", "IL", "VAL", "NAV"], "coherence_change": 0.009076448175086793, "sense_index_change": 0.0034107624468778797, "phi_s_change": -0.03219426722089602, "grad_phi_change": 0.025525992400784014, "k_phi_change": 0.16269780099572934, "xi_c_change": 0.0, "phase_sync_change": -0.010881692870802318, "epi_magnitude_change": -0.005301808463352375, "hash_signature": "0bccd28abbd3e35b", "sequence_str": "ZHIR -> NUL -> IL -> VAL -> NAV"}