{"sequence": ["NAV", "NUL", "NUL", "RA", "NUL", "REMESH"], "coherence_change": 0.0, "sense_index_change": -0.03186931228850198, "phi_s_change": 0.0, "grad_phi_change": 0.1315236001597302, "k_phi_change": 0.642918960706965, "xi_c_change": 0.0, "phase_sync_change": -0.04601563791786267, "epi_magnitude_change": -0.02713215722781248, "hash_signature": "d67ca9a6b8bea8ab", "sequence_str": "NAV -> NUL -> NUL -> RA -> NUL -> REMESH"}