{"sequence": ["REMESH", "EN", "IL", "VAL", "NAV"], "coherence_change": 0.008520755502197441, "sense_index_change": 0.005970561921275652, "phi_s_change": -0.07291732013252306, "grad_phi_change": 0.0, "k_phi_change": 0.0, "xi_c_change": 0.0, "phase_sync_change": 0.0, "epi_magnitude_change": 0.013778059040841062, "hash_signature": "a5daa49754168d4d", "sequence_str": "REMESH -> EN -> IL -> VAL -> NAV"}