{"sequence": ["OZ", "THOL", "UM", "SHA"], "coherence_change": -0.0024853707015004556, "sense_index_change": -0.014928057822494789, "phi_s_change": 0.019361480128898934, "grad_phi_change": -0.0024817287228253715, "k_phi_change": 0.1883988851208103, "xi_c_change": 0.0, "phase_sync_change": -0.011080582997996302, "epi_magnitude_change": 0.0, "hash_signature": "c3972d1a169fc49b", "sequence_str": "OZ -> THOL -> UM -> SHA"}