{"sequence": ["OZ", "NUL", "RA", "SHA"], "coherence_change": -0.009136842460298555, "sense_index_change": 0.009243985814420097, "phi_s_change": -0.032431531060300944, "grad_phi_change": -0.09083829134236754, "k_phi_change": 0.12386509547573417, "xi_c_change": 0.0, "phase_sync_change": 0.03167458115972177, "epi_magnitude_change": -0.010446296300312019, "hash_signature": "8f4d0165ae2b0850", "sequence_str": "OZ -> NUL -> RA -> SHA"}