{"sequence": ["AL", "SHA", "THOL", "SHA"], "coherence_change": 0.0037194372359242722, "sense_index_change": 0.0008521561179322124, "phi_s_change": 0.022421383496555536, "grad_phi_change": 0.0, "k_phi_change": 0.0, "xi_c_change": 0.0, "phase_sync_change": 0.0, "epi_magnitude_change": 0.0016395431469380384, "hash_signature": "21011e090524090b", "sequence_str": "AL -> SHA -> THOL -> SHA"}