{"sequence": ["VAL", "EN", "UM", "SHA"], "coherence_change": 0.0, "sense_index_change": -0.02877057297079516, "phi_s_change": 0.0, "grad_phi_change": 0.060366558254467906, "k_phi_change": -0.2838133169750584, "xi_c_change": 0.0, "phase_sync_change": -0.027819941474869325, "epi_magnitude_change": 0.017589197116849697, "hash_signature": "0c39f78e44bf62dd", "sequence_str": "VAL -> EN -> UM -> SHA"}