{"sequence": ["REMESH", "NUL", "ZHIR", "NAV"], "coherence_change": 0.0, "sense_index_change": 0.0013829026623339846, "phi_s_change": 0.0, "grad_phi_change": 0.03516980467895525, "k_phi_change": 0.12740409451080142, "xi_c_change": 0.0, "phase_sync_change": -0.008229505726681685, "epi_magnitude_change": -0.015901952457496704, "hash_signature": "0e07b9c6d90c18c1", "sequence_str": "REMESH -> NUL -> ZHIR -> NAV"}