{"sequence": ["NAV", "SHA", "RA", "ZHIR", "OZ"], "coherence_change": -0.011790629954097742, "sense_index_change": -0.008584591968028077, "phi_s_change": -0.02626287465290078, "grad_phi_change": -0.014138181462440613, "k_phi_change": 0.24761340745029192, "xi_c_change": 0.0, "phase_sync_change": -0.005102296257139649, "epi_magnitude_change": 0.0, "hash_signature": "a732c012ac0c73df", "sequence_str": "NAV -> SHA -> RA -> ZHIR -> OZ"}