{"sequence": ["OZ", "VAL", "ZHIR", "THOL", "REMESH"], "coherence_change": -0.009722927041354024, "sense_index_change": 0.011785454052600786, "phi_s_change": -0.07236728243116353, "grad_phi_change": -0.0005408863853078039, "k_phi_change": 0.1770114433101091, "xi_c_change": 0.0, "phase_sync_change": 0.0027259696235231168, "epi_magnitude_change": 0.023751641103446852, "hash_signature": "76471ed371452aa7", "sequence_str": "OZ -> VAL -> ZHIR -> THOL -> REMESH"}