{"sequence": ["THOL", "NAV", "NAV", "UM", "NAV"], "coherence_change": 0.0062269147278684045, "sense_index_change": 0.032516133573267214, "phi_s_change": -0.002668455447635276, "grad_phi_change": -0.18853178904113643, "k_phi_change": 0.501356784748328, "xi_c_change": 0.0, "phase_sync_change": 0.07303372110091344, "epi_magnitude_change": 0.0, "hash_signature": "cd012c387ee7e64e", "sequence_str": "THOL -> NAV -> NAV -> UM -> NAV"}