{"sequence": ["RA", "IL", "ZHIR", "REMESH", "AL", "NAV"], "coherence_change": 0.007167375549492649, "sense_index_change": 0.0003037600410519259, "phi_s_change": 0.020319377454962373, "grad_phi_change": 0.013521220798825784, "k_phi_change": -0.15581129360966134, "xi_c_change": 0.0, "phase_sync_change": -0.002646041577741287, "epi_magnitude_change": 0.001091234046293743, "hash_signature": "cfc182dc040000ab", "sequence_str": "RA -> IL -> ZHIR -> REMESH -> AL -> NAV"}