{"sequence": ["NAV", "OZ", "UM", "SHA", "VAL", "SHA"], "coherence_change": -0.006733581592741955, "sense_index_change": 0.0402624143218, "phi_s_change": -0.058071748542336876, "grad_phi_change": -0.19352113181009112, "k_phi_change": -0.10307985141222775, "xi_c_change": 0.0, "phase_sync_change": 0.06638577587044325, "epi_magnitude_change": 0.017556551095658235, "hash_signature": "9c33f76d64f10e8b", "sequence_str": "NAV -> OZ -> UM -> SHA -> VAL -> SHA"}