{"sequence": ["THOL", "UM", "IL", "OZ"], "coherence_change": -0.001414746136217837, "sense_index_change": 0.050994571797436494, "phi_s_change": -0.0473144793583834, "grad_phi_change": -0.33622170429447795, "k_phi_change": 0.22185256772868572, "xi_c_change": 0.0, "phase_sync_change": 0.11289875220370216, "epi_magnitude_change": 0.0, "hash_signature": "b61b6c6bbff027c2", "sequence_str": "THOL -> UM -> IL -> OZ"}