{"sequence": ["NUL", "AL", "IL", "REMESH"], "coherence_change": 0.008363285654222397, "sense_index_change": -0.013184771451604849, "phi_s_change": 0.09531210844971194, "grad_phi_change": 0.0, "k_phi_change": 0.0, "xi_c_change": 0.0, "phase_sync_change": 0.0, "epi_magnitude_change": -0.006930258958218527, "hash_signature": "f531cbd22c7057eb", "sequence_str": "NUL -> AL -> IL -> REMESH"}