{"sequence": ["VAL", "OZ", "NUL", "NAV"], "coherence_change": -0.010488593960592651, "sense_index_change": 0.02385870377786059, "phi_s_change": -0.03731314421315335, "grad_phi_change": 0.0, "k_phi_change": 0.0, "xi_c_change": 0.0, "phase_sync_change": 0.0, "epi_magnitude_change": -0.003700954302122361, "hash_signature": "054e3d94d368d3fc", "sequence_str": "VAL -> OZ -> NUL -> NAV"}