{"sequence": ["NAV", "UM", "NAV", "AL", "OZ"], "coherence_change": -0.013182465238430474, "sense_index_change": 0.018798225601926566, "phi_s_change": -0.0874048107923524, "grad_phi_change": -0.1235094777474357, "k_phi_change": 0.4444148444894013, "xi_c_change": 0.0, "phase_sync_change": 0.044421231299833774, "epi_magnitude_change": -0.005004818073493511, "hash_signature": "f409d410123a8369", "sequence_str": "NAV -> UM -> NAV -> AL -> OZ"}