{"sequence": ["NAV", "OZ", "NUL", "NAV"], "coherence_change": -0.010181181692998309, "sense_index_change": 0.0016626261022334443, "phi_s_change": -0.08866843198169228, "grad_phi_change": 0.0, "k_phi_change": 0.0, "xi_c_change": 0.0, "phase_sync_change": 0.0, "epi_magnitude_change": -0.019199244881161093, "hash_signature": "0e064861ed574d2e", "sequence_str": "NAV -> OZ -> NUL -> NAV"}