{"sequence": ["NAV", "UM", "AL", "OZ"], "coherence_change": -0.012626222206743365, "sense_index_change": -0.0038838777268623836, "phi_s_change": 0.10037208275568099, "grad_phi_change": 0.09323555045999066, "k_phi_change": 0.29758190967221276, "xi_c_change": 0.0, "phase_sync_change": -0.03391633674438255, "epi_magnitude_change": 0.007026856835729456, "hash_signature": "fcbf9180e7023a12", "sequence_str": "NAV -> UM -> AL -> OZ"}