{"sequence": ["VAL", "ZHIR", "SHA", "UM", "SHA"], "coherence_change": 0.0, "sense_index_change": 0.019507224919882327, "phi_s_change": 0.0, "grad_phi_change": -0.0855162042596116, "k_phi_change": 0.38842284040057884, "xi_c_change": 0.0, "phase_sync_change": 0.03463172731363906, "epi_magnitude_change": 0.01259812192605858, "hash_signature": "5aa2e82f11949083", "sequence_str": "VAL -> ZHIR -> SHA -> UM -> SHA"}