{"sequence": ["REMESH", "THOL", "NAV"], "coherence_change": 0.005839376767699966, "sense_index_change": -0.01088386783001466, "phi_s_change": 0.0546587102404017, "grad_phi_change": 0.0, "k_phi_change": 0.0, "xi_c_change": 0.0, "phase_sync_change": 0.0, "epi_magnitude_change": 0.0018118979380359335, "hash_signature": "decb7328671693a3", "sequence_str": "REMESH -> THOL -> NAV"}