{"sequence": ["ZHIR", "THOL", "SHA", "REMESH"], "coherence_change": 0.004559592392188838, "sense_index_change": 0.015855340609815638, "phi_s_change": -0.002879778557852153, "grad_phi_change": -0.08916294469329866, "k_phi_change": 0.13102356906632878, "xi_c_change": 0.0, "phase_sync_change": 0.026726607845816486, "epi_magnitude_change": 0.001670743684314635, "hash_signature": "0aeb15eab23eb8ba", "sequence_str": "ZHIR -> THOL -> SHA -> REMESH"}