{"sequence": ["NAV", "OZ", "OZ", "REMESH", "UM", "REMESH"], "coherence_change": -0.029176319303048093, "sense_index_change": 0.03181778843537819, "phi_s_change": -0.2045125231411713, "grad_phi_change": -0.0024788434579292584, "k_phi_change": 0.4002719128454404, "xi_c_change": 0.0, "phase_sync_change": -0.0012515687282668164, "epi_magnitude_change": 0.0028392102177360323, "hash_signature": "d8f2391588d0ad34", "sequence_str": "NAV -> OZ -> OZ -> REMESH -> UM -> REMESH"}