{"sequence": ["ZHIR", "THOL", "ZHIR", "REMESH"], "coherence_change": 0.00670095325070208, "sense_index_change": -0.00013204379921916143, "phi_s_change": 0.03677781341422337, "grad_phi_change": 0.02608576528597073, "k_phi_change": 0.3642682614064225, "xi_c_change": 0.0, "phase_sync_change": -0.01070512225716802, "epi_magnitude_change": 0.001579480188814264, "hash_signature": "aba0fa117eb0cf56", "sequence_str": "ZHIR -> THOL -> ZHIR -> REMESH"}