{"sequence": ["REMESH", "THOL", "SHA", "EN", "EN", "REMESH"], "coherence_change": 0.006058358227561289, "sense_index_change": 0.0073595705665718825, "phi_s_change": -0.030854156439022562, "grad_phi_change": 0.0, "k_phi_change": 0.0, "xi_c_change": 0.0, "phase_sync_change": 0.0, "epi_magnitude_change": 0.0025480685470531395, "hash_signature": "13a07f4258498dd9", "sequence_str": "REMESH -> THOL -> SHA -> EN -> EN -> REMESH"}