{"sequence": ["ZHIR", "EN", "VAL", "UM", "SHA"], "coherence_change": 0.0, "sense_index_change": 0.027999536377071976, "phi_s_change": 0.0, "grad_phi_change": -0.13219990089667277, "k_phi_change": 0.332063275000719, "xi_c_change": 0.0, "phase_sync_change": 0.047288211090243504, "epi_magnitude_change": 0.020296229997437076, "hash_signature": "2d6ef6982c89f8b9", "sequence_str": "ZHIR -> EN -> VAL -> UM -> SHA"}