{"sequence": ["SHA", "REMESH", "OZ"], "coherence_change": -0.01078436165264729, "sense_index_change": -0.01011132212831306, "phi_s_change": -0.08964734393370755, "grad_phi_change": 0.0, "k_phi_change": 0.0, "xi_c_change": 0.0, "phase_sync_change": 0.0, "epi_magnitude_change": 0.0011934093687634428, "hash_signature": "d4aa72be1ca8ebd5", "sequence_str": "SHA -> REMESH -> OZ"}