{"sequence": ["NUL", "AL", "AL", "RA", "OZ"], "coherence_change": -0.012870776542153073, "sense_index_change": 0.0377970210237647, "phi_s_change": -0.004765848525774219, "grad_phi_change": -0.061985079583753766, "k_phi_change": -0.17145134857092942, "xi_c_change": 0.0, "phase_sync_change": 0.014028242120754153, "epi_magnitude_change": -0.016553362684344597, "hash_signature": "b31d514de14fb064", "sequence_str": "NUL -> AL -> AL -> RA -> OZ"}