{"sequence": ["IL", "VAL", "THOL", "VAL", "OZ"], "coherence_change": 0.00304013852466567, "sense_index_change": -0.000256023263727867, "phi_s_change": -0.032810978532833435, "grad_phi_change": 0.0, "k_phi_change": 0.0, "xi_c_change": 0.0, "phase_sync_change": 0.0, "epi_magnitude_change": 0.03682933051637405, "hash_signature": "b52225949f6760ca", "sequence_str": "IL -> VAL -> THOL -> VAL -> OZ"}