{"sequence": ["IL", "IL", "NUL", "REMESH"], "coherence_change": 0.015161247748545437, "sense_index_change": 0.010526166338003962, "phi_s_change": 0.05631763198815798, "grad_phi_change": 0.0, "k_phi_change": 0.0, "xi_c_change": 0.0, "phase_sync_change": 0.0, "epi_magnitude_change": -0.006961751015041817, "hash_signature": "fd31b1a80e9c5cd8", "sequence_str": "IL -> IL -> NUL -> REMESH"}