{"sequence": ["REMESH", "OZ", "AL", "EN", "SHA"], "coherence_change": -0.009358454747792622, "sense_index_change": -0.006068965328049347, "phi_s_change": 0.04281805999623356, "grad_phi_change": 0.0, "k_phi_change": 0.0, "xi_c_change": 0.0, "phase_sync_change": 0.0, "epi_magnitude_change": 0.0002169087749006593, "hash_signature": "a36c166d239e9583", "sequence_str": "REMESH -> OZ -> AL -> EN -> SHA"}