{"sequence": ["NAV", "ZHIR", "AL", "OZ", "SHA"], "coherence_change": -0.012792524623285506, "sense_index_change": 0.013933412829729042, "phi_s_change": 0.03803400971226578, "grad_phi_change": 0.02739577895734291, "k_phi_change": -0.18480916511267675, "xi_c_change": 0.0, "phase_sync_change": -0.005481874547345278, "epi_magnitude_change": -0.010316977785841508, "hash_signature": "d954184dd149f36f", "sequence_str": "NAV -> ZHIR -> AL -> OZ -> SHA"}