{"sequence": ["IL", "ZHIR", "AL", "NUL", "OZ"], "coherence_change": -0.004861872966959946, "sense_index_change": 0.014179968864535542, "phi_s_change": -0.056339846038938934, "grad_phi_change": 0.03887382130836903, "k_phi_change": -0.03466025612066359, "xi_c_change": 0.0, "phase_sync_change": -0.013691711322085576, "epi_magnitude_change": -0.012878362567479207, "hash_signature": "e4ff8f8affc32d35", "sequence_str": "IL -> ZHIR -> AL -> NUL -> OZ"}