{"sequence": ["RA", "VAL", "EN", "SHA"], "coherence_change": 0.0, "sense_index_change": -0.021689640355494033, "phi_s_change": 0.0, "grad_phi_change": 0.07155967939828023, "k_phi_change": 0.4194654686822742, "xi_c_change": 0.0, "phase_sync_change": -0.02595999682891048, "epi_magnitude_change": 0.019764033629658617, "hash_signature": "f5da80939e56dc81", "sequence_str": "RA -> VAL -> EN -> SHA"}