{"sequence": ["NUL", "ZHIR", "EN", "REMESH"], "coherence_change": 0.0, "sense_index_change": 0.0038444651146209985, "phi_s_change": 0.0, "grad_phi_change": -0.014811843058495366, "k_phi_change": 0.26275484027765034, "xi_c_change": 0.0, "phase_sync_change": 0.0054925338558994286, "epi_magnitude_change": -0.013355307407173722, "hash_signature": "40f8cb8ab3477b43", "sequence_str": "NUL -> ZHIR -> EN -> REMESH"}