{"sequence": ["VAL", "OZ", "NAV", "ZHIR", "AL", "REMESH"], "coherence_change": -0.005087028323374376, "sense_index_change": -0.008935068810474678, "phi_s_change": 0.04669591294894215, "grad_phi_change": 0.004173227994695772, "k_phi_change": 0.1915519076186422, "xi_c_change": 0.0, "phase_sync_change": 0.0018230460108227264, "epi_magnitude_change": 0.011414638723611259, "hash_signature": "69718778e9f30ec4", "sequence_str": "VAL -> OZ -> NAV -> ZHIR -> AL -> REMESH"}