{"sequence": ["RA", "SHA", "VAL", "AL", "SHA"], "coherence_change": 0.0, "sense_index_change": -0.011870812847229018, "phi_s_change": 0.0, "grad_phi_change": 0.03714044389706905, "k_phi_change": 0.2771867667371236, "xi_c_change": 0.0, "phase_sync_change": -0.020127443260513078, "epi_magnitude_change": 0.010844320399855278, "hash_signature": "8bda228b002af388", "sequence_str": "RA -> SHA -> VAL -> AL -> SHA"}