{"sequence": ["NAV", "RA", "UM", "THOL", "RA", "NAV"], "coherence_change": 0.003229141277787395, "sense_index_change": 0.06250810169395571, "phi_s_change": 0.02507322568108583, "grad_phi_change": -0.3596246122710558, "k_phi_change": 0.2872388831386116, "xi_c_change": 0.0, "phase_sync_change": 0.11310408097025626, "epi_magnitude_change": 0.0, "hash_signature": "bc1023c0252bba0b", "sequence_str": "NAV -> RA -> UM -> THOL -> RA -> NAV"}