{"sequence": ["IL", "VAL", "SHA", "OZ"], "coherence_change": -0.0027197464042143515, "sense_index_change": 0.003615749399054735, "phi_s_change": -0.051717340834639525, "grad_phi_change": 0.0, "k_phi_change": 0.0, "xi_c_change": 0.0, "phase_sync_change": 0.0, "epi_magnitude_change": 0.02462409083035355, "hash_signature": "3f5fb82b7098ccd8", "sequence_str": "IL -> VAL -> SHA -> OZ"}