{"sequence": ["THOL", "NAV", "IL", "RA", "NAV"], "coherence_change": 0.013344583195046944, "sense_index_change": 0.005256724686675263, "phi_s_change": 0.04673501251518741, "grad_phi_change": -0.06351415155535145, "k_phi_change": 0.10052603039619433, "xi_c_change": 0.0, "phase_sync_change": 0.011919855265835166, "epi_magnitude_change": 0.0, "hash_signature": "7c93f8d2d193a12c", "sequence_str": "THOL -> NAV -> IL -> RA -> NAV"}