{"sequence": ["NAV", "ZHIR", "NAV", "NUL", "REMESH"], "coherence_change": 0.0, "sense_index_change": 0.009679577136755269, "phi_s_change": 0.0, "grad_phi_change": -0.04392511989817893, "k_phi_change": 0.28075660322435725, "xi_c_change": 0.0, "phase_sync_change": 0.013702221123745306, "epi_magnitude_change": -0.009120640365897104, "hash_signature": "a9495987305c91c2", "sequence_str": "NAV -> ZHIR -> NAV -> NUL -> REMESH"}