{"sequence": ["AL", "IL", "NAV", "EN", "REMESH"], "coherence_change": 0.008656315424780403, "sense_index_change": -0.005547328873986568, "phi_s_change": -0.000446872868872461, "grad_phi_change": 0.0, "k_phi_change": 0.0, "xi_c_change": 0.0, "phase_sync_change": 0.0, "epi_magnitude_change": 0.008578158701907146, "hash_signature": "a8663d5841da1c35", "sequence_str": "AL -> IL -> NAV -> EN -> REMESH"}