{"sequence": ["OZ", "ZHIR", "EN", "IL", "NAV"], "coherence_change": -0.005377474319303799, "sense_index_change": 0.0362302454182406, "phi_s_change": 0.0065015966872520314, "grad_phi_change": -0.023207578028036968, "k_phi_change": 0.1271673414268682, "xi_c_change": 0.0, "phase_sync_change": 0.0073099043291042776, "epi_magnitude_change": 0.0, "hash_signature": "74b885eaf2dacf24", "sequence_str": "OZ -> ZHIR -> EN -> IL -> NAV"}