{"sequence": ["UM", "ZHIR", "IL", "OZ"], "coherence_change": -0.009102753161284949, "sense_index_change": 0.044986098099173755, "phi_s_change": -0.22877299720838185, "grad_phi_change": -0.14421799827962634, "k_phi_change": 0.20318307212413592, "xi_c_change": 0.0, "phase_sync_change": 0.043430303871069165, "epi_magnitude_change": 0.0, "hash_signature": "a32ed415385f61be", "sequence_str": "UM -> ZHIR -> IL -> OZ"}