{"sequence": ["NAV", "ZHIR", "UM", "UM", "OZ"], "coherence_change": -0.011880903975980295, "sense_index_change": 0.07288243710462905, "phi_s_change": 0.0720905246476452, "grad_phi_change": -0.40937734634986933, "k_phi_change": 0.1475024280546452, "xi_c_change": 0.0, "phase_sync_change": 0.13018419029073536, "epi_magnitude_change": 0.0, "hash_signature": "f82bfb1fbeb2ca09", "sequence_str": "NAV -> ZHIR -> UM -> UM -> OZ"}