{"sequence": ["EN", "IL", "NAV", "EN", "RA", "NAV"], "coherence_change": 0.01040429728339487, "sense_index_change": 0.010294863403202514, "phi_s_change": 0.0024393331552929887, "grad_phi_change": -0.02389451237345397, "k_phi_change": 0.15870018494997903, "xi_c_change": 0.0, "phase_sync_change": 0.0011401455290173113, "epi_magnitude_change": 0.0, "hash_signature": "3e24fe846e558497", "sequence_str": "EN -> IL -> NAV -> EN -> RA -> NAV"}