{"sequence": ["NAV", "EN", "RA", "AL", "NUL", "OZ"], "coherence_change": -0.014064256983980172, "sense_index_change": 0.008319389651822773, "phi_s_change": 0.03134937885367972, "grad_phi_change": -0.04470608207732596, "k_phi_change": 0.14198016307768258, "xi_c_change": 0.0, "phase_sync_change": 0.008886092411615976, "epi_magnitude_change": -0.007070340839345879, "hash_signature": "2506a87983b22026", "sequence_str": "NAV -> EN -> RA -> AL -> NUL -> OZ"}