{"sequence": ["SHA", "AL", "IL", "SHA"], "coherence_change": 0.007240437638886266, "sense_index_change": 0.002557520726380491, "phi_s_change": 0.00841778448678776, "grad_phi_change": 0.0, "k_phi_change": 0.0, "xi_c_change": 0.0, "phase_sync_change": 0.0, "epi_magnitude_change": -0.009347529213214023, "hash_signature": "ea9c5fcc73859687", "sequence_str": "SHA -> AL -> IL -> SHA"}