{"sequence": ["NAV", "THOL", "REMESH", "IL", "SHA"], "coherence_change": 0.01098175621187436, "sense_index_change": 0.0032557986287887752, "phi_s_change": 0.06774811950511883, "grad_phi_change": 0.0, "k_phi_change": 0.0, "xi_c_change": 0.0, "phase_sync_change": 0.0, "epi_magnitude_change": 0.0013042985818231267, "hash_signature": "738789521f72ec01", "sequence_str": "NAV -> THOL -> REMESH -> IL -> SHA"}