{"sequence": ["AL", "RA", "VAL", "REMESH"], "coherence_change": 0.0, "sense_index_change": 0.020682295036807075, "phi_s_change": 0.0, "grad_phi_change": -0.04656405705188371, "k_phi_change": 0.26510468873291787, "xi_c_change": 0.0, "phase_sync_change": 0.013968809692567197, "epi_magnitude_change": 0.022126305819948455, "hash_signature": "a2d534b03ee6a288", "sequence_str": "AL -> RA -> VAL -> REMESH"}