{"sequence": ["AL", "AL", "ZHIR", "EN", "NUL", "OZ"], "coherence_change": -0.010822940179765927, "sense_index_change": 0.023619406617444216, "phi_s_change": -0.053149415608010786, "grad_phi_change": -0.04384095041483005, "k_phi_change": -0.02866059791726408, "xi_c_change": 0.0, "phase_sync_change": 0.016130739743729694, "epi_magnitude_change": -0.01329540194847112, "hash_signature": "475cdeb5f3dfb081", "sequence_str": "AL -> AL -> ZHIR -> EN -> NUL -> OZ"}