{"sequence": ["ZHIR", "THOL", "NAV", "EN", "NAV"], "coherence_change": 0.004795699533780673, "sense_index_change": 0.017065073778401718, "phi_s_change": 0.02159828509774464, "grad_phi_change": -0.012414972263869783, "k_phi_change": 0.07025956855486644, "xi_c_change": 0.0, "phase_sync_change": 0.004818359097710889, "epi_magnitude_change": 0.0, "hash_signature": "f6856f76585e45e4", "sequence_str": "ZHIR -> THOL -> NAV -> EN -> NAV"}