{"sequence": ["UM", "IL", "NAV"], "coherence_change": 0.008262393145662017, "sense_index_change": 0.016089106911091777, "phi_s_change": 0.03581732279417915, "grad_phi_change": -0.08747109846172485, "k_phi_change": -0.06447064427856697, "xi_c_change": 0.0, "phase_sync_change": 0.02049935892446364, "epi_magnitude_change": 0.0, "hash_signature": "0cf1fedba72f5280", "sequence_str": "UM -> IL -> NAV"}