{"sequence": ["EN", "RA", "RA", "VAL", "IL", "REMESH"], "coherence_change": 0.01136083769061813, "sense_index_change": 0.012631686346330273, "phi_s_change": 0.03837864108821376, "grad_phi_change": -0.04812106995248011, "k_phi_change": -0.10692548393653767, "xi_c_change": 0.0, "phase_sync_change": 0.00818746637005574, "epi_magnitude_change": 0.026275260491937513, "hash_signature": "6e3b0502636ec472", "sequence_str": "EN -> RA -> RA -> VAL -> IL -> REMESH"}