{"sequence": ["OZ", "IL", "UM", "SHA"], "coherence_change": -0.004172261990620818, "sense_index_change": -0.02891180620857514, "phi_s_change": -0.07096071367287737, "grad_phi_change": 0.07768901847184395, "k_phi_change": 0.11632114517895696, "xi_c_change": 0.0, "phase_sync_change": -0.03538273616349008, "epi_magnitude_change": 0.0, "hash_signature": "4adcb41da72fd282", "sequence_str": "OZ -> IL -> UM -> SHA"}