{"sequence": ["REMESH", "THOL", "EN", "ZHIR", "REMESH"], "coherence_change": 0.005186736600971353, "sense_index_change": -0.005206532448998935, "phi_s_change": 0.059283737834937233, "grad_phi_change": -0.03735624898044532, "k_phi_change": 0.3138134980128382, "xi_c_change": 0.0, "phase_sync_change": 0.012054912118107497, "epi_magnitude_change": 0.0030153965150159223, "hash_signature": "49645472112ee2f0", "sequence_str": "REMESH -> THOL -> EN -> ZHIR -> REMESH"}