{"sequence": ["NUL", "UM", "ZHIR", "VAL", "REMESH"], "coherence_change": 0.0, "sense_index_change": -0.0005187270539841471, "phi_s_change": 0.0, "grad_phi_change": -0.05192472738787557, "k_phi_change": -0.43537570260109865, "xi_c_change": 0.0, "phase_sync_change": 0.006388230486502944, "epi_magnitude_change": 0.003329248559367337, "hash_signature": "d5b69bcb722e27f9", "sequence_str": "NUL -> UM -> ZHIR -> VAL -> REMESH"}