{"sequence": ["RA", "SHA", "NUL", "OZ"], "coherence_change": -0.012824802590152728, "sense_index_change": 0.02485392363290373, "phi_s_change": -0.04546806482727517, "grad_phi_change": -0.03985641772615178, "k_phi_change": 0.2906826750541298, "xi_c_change": 0.0, "phase_sync_change": 0.013995819926784003, "epi_magnitude_change": -0.015842165397381147, "hash_signature": "763f71cf0ba7c5a9", "sequence_str": "RA -> SHA -> NUL -> OZ"}