{"sequence": ["SHA", "IL", "IL", "REMESH", "IL", "SHA"], "coherence_change": 0.020085765267369382, "sense_index_change": 0.010218616585261464, "phi_s_change": 0.027085305383722003, "grad_phi_change": 0.0, "k_phi_change": 0.0, "xi_c_change": 0.0, "phase_sync_change": 0.0, "epi_magnitude_change": 0.0012296413138987994, "hash_signature": "195c239293a9956c", "sequence_str": "SHA -> IL -> IL -> REMESH -> IL -> SHA"}