{"sequence": ["AL", "NUL", "OZ"], "coherence_change": -0.01221798702965593, "sense_index_change": -0.006891827175865672, "phi_s_change": -0.03742856977854958, "grad_phi_change": 0.0, "k_phi_change": 0.0, "xi_c_change": 0.0, "phase_sync_change": 0.0, "epi_magnitude_change": 0.002047531861377405, "hash_signature": "2d6ddd7134ff17b7", "sequence_str": "AL -> NUL -> OZ"}