{"sequence": ["THOL", "REMESH", "RA", "NAV"], "coherence_change": 0.0038130886707368195, "sense_index_change": 0.017076193884802637, "phi_s_change": -0.04362028464665335, "grad_phi_change": -0.07928005028231078, "k_phi_change": 0.30581700151681357, "xi_c_change": 0.0, "phase_sync_change": 0.02608927785895221, "epi_magnitude_change": 0.0008788192657369631, "hash_signature": "1a4b14ac3450261e", "sequence_str": "THOL -> REMESH -> RA -> NAV"}