{"sequence": ["AL", "OZ", "AL", "AL", "RA", "OZ"], "coherence_change": -0.03016886351657444, "sense_index_change": -0.00894248913971124, "phi_s_change": -0.10052692574273336, "grad_phi_change": 0.07643704838216414, "k_phi_change": 0.4560548141800587, "xi_c_change": 0.0, "phase_sync_change": -0.03282791189341516, "epi_magnitude_change": 0.0014239630195590491, "hash_signature": "02537421bf8721b8", "sequence_str": "AL -> OZ -> AL -> AL -> RA -> OZ"}