{"sequence": ["SHA", "THOL", "RA", "OZ"], "coherence_change": -0.0054009005318261805, "sense_index_change": -0.003949184157407637, "phi_s_change": 0.04732764984259796, "grad_phi_change": 0.06110361020747335, "k_phi_change": 0.4363032737293495, "xi_c_change": 0.0, "phase_sync_change": -0.025022516400937778, "epi_magnitude_change": 0.0, "hash_signature": "25f24ca64c05895d", "sequence_str": "SHA -> THOL -> RA -> OZ"}