{"sequence": ["EN", "NAV", "THOL", "NUL", "ZHIR", "SHA"], "coherence_change": 0.006842085438727996, "sense_index_change": 0.007252996776767384, "phi_s_change": 0.10143294813323778, "grad_phi_change": -0.04793833107489709, "k_phi_change": 0.09709667837035359, "xi_c_change": 0.0, "phase_sync_change": 0.01597582702528766, "epi_magnitude_change": -0.02103315544343831, "hash_signature": "5d6fb433908c593c", "sequence_str": "EN -> NAV -> THOL -> NUL -> ZHIR -> SHA"}