{"sequence": ["NAV", "ZHIR", "OZ"], "coherence_change": -0.01594983929421112, "sense_index_change": 0.02154825612840383, "phi_s_change": -0.012310718998625791, "grad_phi_change": 0.006237268726796197, "k_phi_change": -0.060019266947223204, "xi_c_change": 0.0, "phase_sync_change": -0.006348290901351583, "epi_magnitude_change": 0.0, "hash_signature": "09636b933503c047", "sequence_str": "NAV -> ZHIR -> OZ"}