{"sequence": ["ZHIR", "NUL", "IL", "REMESH"], "coherence_change": 0.008974897629735024, "sense_index_change": 0.0014357170110533835, "phi_s_change": 0.06472862174553895, "grad_phi_change": -0.016429660396394707, "k_phi_change": 0.16835047198965336, "xi_c_change": 0.0, "phase_sync_change": 0.008467489200480793, "epi_magnitude_change": -0.01302776390395477, "hash_signature": "f52d82fcbc682cbf", "sequence_str": "ZHIR -> NUL -> IL -> REMESH"}