{"sequence": ["VAL", "SHA", "UM", "ZHIR", "REMESH"], "coherence_change": 0.0, "sense_index_change": -0.027904491162334455, "phi_s_change": 0.0, "grad_phi_change": 0.07914174773769944, "k_phi_change": 0.5588312956966, "xi_c_change": 0.0, "phase_sync_change": -0.032024120083755214, "epi_magnitude_change": 0.025050970322020305, "hash_signature": "b3512bbd7393fb04", "sequence_str": "VAL -> SHA -> UM -> ZHIR -> REMESH"}