{"sequence": ["NAV", "IL", "IL", "VAL", "NAV"], "coherence_change": 0.01614945734488149, "sense_index_change": -0.011673833038924553, "phi_s_change": 0.12055958914970843, "grad_phi_change": 0.0, "k_phi_change": 0.0, "xi_c_change": 0.0, "phase_sync_change": 0.0, "epi_magnitude_change": 0.01842572296278766, "hash_signature": "5426dcf521f83973", "sequence_str": "NAV -> IL -> IL -> VAL -> NAV"}