{"sequence": ["SHA", "VAL", "REMESH", "ZHIR", "REMESH"], "coherence_change": 0.0, "sense_index_change": -0.0018066019478291118, "phi_s_change": 0.0, "grad_phi_change": 0.06552980286214982, "k_phi_change": -0.000581774592362333, "xi_c_change": 0.0, "phase_sync_change": -0.02058570215399702, "epi_magnitude_change": 0.015683159517861922, "hash_signature": "b967e1a448e052cf", "sequence_str": "SHA -> VAL -> REMESH -> ZHIR -> REMESH"}