{"sequence": ["REMESH", "OZ", "VAL", "AL", "ZHIR", "OZ"], "coherence_change": -0.02295710573670806, "sense_index_change": 0.007098308912454665, "phi_s_change": -0.14454005420161498, "grad_phi_change": 0.10187226327122167, "k_phi_change": 0.1338418891290657, "xi_c_change": 0.0, "phase_sync_change": -0.030227473672139404, "epi_magnitude_change": 0.013101567568452821, "hash_signature": "fc558c0161691915", "sequence_str": "REMESH -> OZ -> VAL -> AL -> ZHIR -> OZ"}