{"sequence": ["NUL", "IL", "EN", "RA", "SHA"], "coherence_change": 0.008437524559184562, "sense_index_change": 0.008392340659439501, "phi_s_change": 0.006080259365741192, "grad_phi_change": -0.087770648692298, "k_phi_change": -0.256809952696583, "xi_c_change": 0.0, "phase_sync_change": 0.019754830484515096, "epi_magnitude_change": -0.014456048055199289, "hash_signature": "9341c4273eb8034a", "sequence_str": "NUL -> IL -> EN -> RA -> SHA"}