{"sequence": ["AL", "NUL", "NUL", "IL", "RA", "REMESH"], "coherence_change": 0.007663315409581206, "sense_index_change": 0.015265241609710878, "phi_s_change": 0.025508949794813107, "grad_phi_change": -0.021800480018228763, "k_phi_change": -0.2632770362813708, "xi_c_change": 0.0, "phase_sync_change": -0.00018246452064218932, "epi_magnitude_change": -0.027478811407323, "hash_signature": "bbd47abc8cd3eac3", "sequence_str": "AL -> NUL -> NUL -> IL -> RA -> REMESH"}