{"sequence": ["AL", "AL", "ZHIR", "SHA", "ZHIR", "OZ"], "coherence_change": -0.01644658113639641, "sense_index_change": 0.051533875660063844, "phi_s_change": -0.011262846678175786, "grad_phi_change": -0.15862035126941176, "k_phi_change": -0.017827443522049014, "xi_c_change": 0.0, "phase_sync_change": 0.052811799715483, "epi_magnitude_change": -0.014003676684501865, "hash_signature": "e28700db24ad8e5c", "sequence_str": "AL -> AL -> ZHIR -> SHA -> ZHIR -> OZ"}