{"sequence": ["RA", "SHA", "IL", "NUL", "REMESH"], "coherence_change": 0.009713033041200969, "sense_index_change": -0.011733851840845078, "phi_s_change": 0.10922763061854501, "grad_phi_change": -0.049389944552022724, "k_phi_change": 0.46358177383472404, "xi_c_change": 0.0, "phase_sync_change": 0.0167529113794872, "epi_magnitude_change": -0.01664403344303822, "hash_signature": "00fc6902bf164071", "sequence_str": "RA -> SHA -> IL -> NUL -> REMESH"}