{"sequence": ["SHA", "OZ", "VAL", "OZ"], "coherence_change": -0.0244600409133664, "sense_index_change": 0.04632840155931006, "phi_s_change": -0.3003413870240921, "grad_phi_change": 0.0, "k_phi_change": 0.0, "xi_c_change": 0.0, "phase_sync_change": 0.0, "epi_magnitude_change": 0.015352128957420996, "hash_signature": "4f117481be595dc8", "sequence_str": "SHA -> OZ -> VAL -> OZ"}