{"sequence": ["OZ", "REMESH", "UM", "EN", "ZHIR", "SHA"], "coherence_change": -0.01394722602130194, "sense_index_change": 0.05081018801196435, "phi_s_change": -0.11728156650824795, "grad_phi_change": -0.1399906445490815, "k_phi_change": 0.12867267097079038, "xi_c_change": 0.0, "phase_sync_change": 0.036209196257819376, "epi_magnitude_change": 0.0015705816120777927, "hash_signature": "d7d7071ac1ee7786", "sequence_str": "OZ -> REMESH -> UM -> EN -> ZHIR -> SHA"}