{"sequence": ["AL", "RA", "RA", "NAV"], "coherence_change": 0.0, "sense_index_change": 0.04169852566350507, "phi_s_change": 0.0, "grad_phi_change": -0.2075409194833544, "k_phi_change": 0.04076625062269379, "xi_c_change": 0.0, "phase_sync_change": 0.0668349594841332, "epi_magnitude_change": -0.004936591571734983, "hash_signature": "7f288af967623e0c", "sequence_str": "AL -> RA -> RA -> NAV"}