{"sequence": ["EN", "NUL", "OZ"], "coherence_change": -0.0054237960899967685, "sense_index_change": -0.003875841055317908, "phi_s_change": -0.00014450775119700943, "grad_phi_change": 0.0, "k_phi_change": 0.0, "xi_c_change": 0.0, "phase_sync_change": 0.0, "epi_magnitude_change": -0.02053874840674752, "hash_signature": "f017887643be635e", "sequence_str": "EN -> NUL -> OZ"}