{"sequence": ["REMESH", "THOL", "ZHIR", "OZ"], "coherence_change": -0.012393662853881215, "sense_index_change": 0.0167678378242635, "phi_s_change": -0.14506217665979737, "grad_phi_change": -0.007554478180307633, "k_phi_change": 0.06410255561825973, "xi_c_change": 0.0, "phase_sync_change": 0.0017940718612330375, "epi_magnitude_change": 0.0015553097084169965, "hash_signature": "47b71c9f8b9cc1c6", "sequence_str": "REMESH -> THOL -> ZHIR -> OZ"}