{"sequence": ["OZ", "SHA", "EN", "REMESH"], "coherence_change": -0.01430477905446037, "sense_index_change": 0.019196896030599375, "phi_s_change": -0.2284326233775893, "grad_phi_change": 0.0, "k_phi_change": 0.0, "xi_c_change": 0.0, "phase_sync_change": 0.0, "epi_magnitude_change": 0.0012079935417986798, "hash_signature": "14139c995a3475e8", "sequence_str": "OZ -> SHA -> EN -> REMESH"}