{"sequence": ["AL", "SHA", "UM", "VAL", "NAV"], "coherence_change": 0.0, "sense_index_change": 0.004898720237816456, "phi_s_change": 0.0, "grad_phi_change": -0.029561097346811893, "k_phi_change": 0.1884752837970747, "xi_c_change": 0.0, "phase_sync_change": 0.012162358626389147, "epi_magnitude_change": 0.015601790634851231, "hash_signature": "9907df47a472a73e", "sequence_str": "AL -> SHA -> UM -> VAL -> NAV"}