{"sequence": ["AL", "OZ", "EN", "THOL", "UM", "NAV"], "coherence_change": -0.01230917330322745, "sense_index_change": 0.04900445161749856, "phi_s_change": -0.0627781086962701, "grad_phi_change": -0.15559656802242072, "k_phi_change": 0.4333462735399447, "xi_c_change": 0.0, "phase_sync_change": 0.054302996354525734, "epi_magnitude_change": 0.0072672478945630115, "hash_signature": "ccee095875e30222", "sequence_str": "AL -> OZ -> EN -> THOL -> UM -> NAV"}