{"sequence": ["AL", "RA", "OZ", "THOL", "UM", "SHA"], "coherence_change": -0.012954630369615416, "sense_index_change": 0.026459209631271796, "phi_s_change": -0.020169311042733118, "grad_phi_change": -0.215325388787605, "k_phi_change": 0.18412371674461148, "xi_c_change": 0.0, "phase_sync_change": 0.07046748269566694, "epi_magnitude_change": 0.008380602215251165, "hash_signature": "32e23f16f380ed8a", "sequence_str": "AL -> RA -> OZ -> THOL -> UM -> SHA"}