{"sequence": ["NAV", "NAV", "ZHIR", "REMESH", "SHA"], "coherence_change": 0.0, "sense_index_change": 0.006315039861554239, "phi_s_change": 0.0, "grad_phi_change": 0.0059271247270920036, "k_phi_change": 0.3122964719123937, "xi_c_change": 0.0, "phase_sync_change": 0.0005080383652540377, "epi_magnitude_change": 0.0016573755267993429, "hash_signature": "f4af639569128f77", "sequence_str": "NAV -> NAV -> ZHIR -> REMESH -> SHA"}