{"sequence": ["OZ", "NAV", "RA", "OZ", "IL", "REMESH"], "coherence_change": -0.017117320807932157, "sense_index_change": 0.0629681324189797, "phi_s_change": -0.17925966902454205, "grad_phi_change": -0.23299839321504034, "k_phi_change": 0.1295137791381712, "xi_c_change": 0.0, "phase_sync_change": 0.07997233167190265, "epi_magnitude_change": 0.0010586702627208844, "hash_signature": "f8886329450b76c4", "sequence_str": "OZ -> NAV -> RA -> OZ -> IL -> REMESH"}