{"sequence": ["RA", "IL", "NUL", "REMESH"], "coherence_change": 0.0087936983106911, "sense_index_change": -6.157784607718764e-05, "phi_s_change": 0.04874914777241046, "grad_phi_change": 0.010923869396638253, "k_phi_change": 0.5224799809915874, "xi_c_change": 0.0, "phase_sync_change": -0.0138268615077477, "epi_magnitude_change": -0.018401470184654434, "hash_signature": "9d8c1dd7f8a58bea", "sequence_str": "RA -> IL -> NUL -> REMESH"}