{"sequence": ["NUL", "IL", "THOL", "REMESH"], "coherence_change": 0.012191064998072765, "sense_index_change": 0.009306376002095607, "phi_s_change": 0.08220805628222294, "grad_phi_change": 0.0, "k_phi_change": 0.0, "xi_c_change": 0.0, "phase_sync_change": 0.0, "epi_magnitude_change": -0.009335613185279756, "hash_signature": "640e8cb6c0dabd65", "sequence_str": "NUL -> IL -> THOL -> REMESH"}