{"sequence": ["RA", "NUL", "EN", "NAV"], "coherence_change": 0.0, "sense_index_change": 0.014595991031529643, "phi_s_change": 0.0, "grad_phi_change": -0.04014815766387536, "k_phi_change": 0.45752275045916113, "xi_c_change": 0.0, "phase_sync_change": -0.00029608617133702886, "epi_magnitude_change": -0.016303496701480347, "hash_signature": "8acebd9e343f4fc8", "sequence_str": "RA -> NUL -> EN -> NAV"}