{"sequence": ["SHA", "OZ", "ZHIR", "AL", "REMESH"], "coherence_change": -0.014389894221821242, "sense_index_change": 0.016763205625128896, "phi_s_change": -0.12069415550338447, "grad_phi_change": 0.047055647475285234, "k_phi_change": -0.04508468038696492, "xi_c_change": 0.0, "phase_sync_change": -0.012604492208377449, "epi_magnitude_change": -0.0031841352704863324, "hash_signature": "017c0c14b3ebc6c9", "sequence_str": "SHA -> OZ -> ZHIR -> AL -> REMESH"}