{"sequence": ["AL", "OZ", "IL", "NUL", "REMESH"], "coherence_change": -0.003687339673600576, "sense_index_change": 0.028030692128658163, "phi_s_change": 0.12683700306207946, "grad_phi_change": 0.0, "k_phi_change": 0.0, "xi_c_change": 0.0, "phase_sync_change": 0.0, "epi_magnitude_change": -0.010017333961254593, "hash_signature": "f3ef7801c711e90d", "sequence_str": "AL -> OZ -> IL -> NUL -> REMESH"}