{"sequence": ["OZ", "AL", "NUL", "UM", "REMESH"], "coherence_change": -0.010456501217841474, "sense_index_change": -0.012919084361180277, "phi_s_change": -0.02253447378712692, "grad_phi_change": 0.04207169036077363, "k_phi_change": -0.2868235487810104, "xi_c_change": 0.0, "phase_sync_change": -0.01353242537931909, "epi_magnitude_change": -0.008390071051393777, "hash_signature": "9cfe50f21574db74", "sequence_str": "OZ -> AL -> NUL -> UM -> REMESH"}