{"sequence": ["ZHIR", "ZHIR", "IL", "EN", "THOL", "NAV"], "coherence_change": 0.010471096295710192, "sense_index_change": 0.003950627571532084, "phi_s_change": -0.005489704548547469, "grad_phi_change": 0.03819957604396573, "k_phi_change": -0.02646382969145758, "xi_c_change": 0.0, "phase_sync_change": -0.01184830756895594, "epi_magnitude_change": 0.0, "hash_signature": "190b7b424ecf0970", "sequence_str": "ZHIR -> ZHIR -> IL -> EN -> THOL -> NAV"}