{"sequence": ["AL", "UM", "EN", "AL", "REMESH"], "coherence_change": 0.0, "sense_index_change": -0.015369829089442621, "phi_s_change": 0.0, "grad_phi_change": 0.040805502979083474, "k_phi_change": 0.11818650211702589, "xi_c_change": 0.0, "phase_sync_change": -0.01903294734841532, "epi_magnitude_change": -0.010164474419568581, "hash_signature": "02ff00fa5694f3c6", "sequence_str": "AL -> UM -> EN -> AL -> REMESH"}