{"sequence": ["NUL", "VAL", "RA", "UM", "IL", "SHA"], "coherence_change": 0.009413356701266862, "sense_index_change": 0.043377040623822194, "phi_s_change": 0.08610715043973072, "grad_phi_change": -0.30891987135477184, "k_phi_change": 0.06467139506453351, "xi_c_change": 0.0, "phase_sync_change": 0.1046633502897053, "epi_magnitude_change": 0.0024966522601115315, "hash_signature": "593f0d6f5835d0fe", "sequence_str": "NUL -> VAL -> RA -> UM -> IL -> SHA"}