{"sequence": ["THOL", "ZHIR", "REMESH", "ZHIR", "SHA"], "coherence_change": 0.004755235040892369, "sense_index_change": -0.046673669369832305, "phi_s_change": 0.006702778571973211, "grad_phi_change": 0.14283798109383228, "k_phi_change": 0.0924417145937942, "xi_c_change": 0.0, "phase_sync_change": -0.04452148416974999, "epi_magnitude_change": 0.0016899413824162934, "hash_signature": "283e4af1771fdf43", "sequence_str": "THOL -> ZHIR -> REMESH -> ZHIR -> SHA"}