{"sequence": ["AL", "AL", "IL", "SHA"], "coherence_change": 0.010164586847459911, "sense_index_change": -0.011518062736959545, "phi_s_change": -0.017735861404038156, "grad_phi_change": 0.0, "k_phi_change": 0.0, "xi_c_change": 0.0, "phase_sync_change": 0.0, "epi_magnitude_change": 0.009102137294322965, "hash_signature": "7dab4899aeada9c2", "sequence_str": "AL -> AL -> IL -> SHA"}