{"sequence": ["ZHIR", "REMESH", "IL", "UM", "VAL", "REMESH"], "coherence_change": 0.005478623900285862, "sense_index_change": 0.019149491642846517, "phi_s_change": -0.014005591352856062, "grad_phi_change": -0.08871705001588537, "k_phi_change": 0.10906651473152174, "xi_c_change": 0.0, "phase_sync_change": 0.019468757480250343, "epi_magnitude_change": 0.02686758600963879, "hash_signature": "aa823aaae298b30c", "sequence_str": "ZHIR -> REMESH -> IL -> UM -> VAL -> REMESH"}