{"sequence": ["ZHIR", "ZHIR", "THOL", "RA", "EN", "SHA"], "coherence_change": 0.004266303875682831, "sense_index_change": -0.008121133191444474, "phi_s_change": 0.024116749125774217, "grad_phi_change": 0.03334685059382969, "k_phi_change": 0.4448674801307356, "xi_c_change": 0.0, "phase_sync_change": -0.007619418760108965, "epi_magnitude_change": 0.0, "hash_signature": "f02c1faaf2633a14", "sequence_str": "ZHIR -> ZHIR -> THOL -> RA -> EN -> SHA"}