{"sequence": ["AL", "UM", "NUL", "OZ"], "coherence_change": -0.01125218964336272, "sense_index_change": 0.020232516492158625, "phi_s_change": -0.03189875356758798, "grad_phi_change": -0.07538349469831007, "k_phi_change": -0.03762362363992569, "xi_c_change": 0.0, "phase_sync_change": 0.023202305963002545, "epi_magnitude_change": -0.014851611762542904, "hash_signature": "e5f994846198943a", "sequence_str": "AL -> UM -> NUL -> OZ"}