{"sequence": ["NAV", "NAV", "ZHIR", "REMESH"], "coherence_change": 0.0, "sense_index_change": 0.004303936154511079, "phi_s_change": 0.0, "grad_phi_change": -0.0016727823831470534, "k_phi_change": 0.0659302963621207, "xi_c_change": 0.0, "phase_sync_change": 0.002747481672441765, "epi_magnitude_change": 0.0016668115480725776, "hash_signature": "1df3130801989259", "sequence_str": "NAV -> NAV -> ZHIR -> REMESH"}