{"sequence": ["UM", "UM", "VAL", "UM", "UM", "SHA"], "coherence_change": 0.0, "sense_index_change": 0.07021643355028284, "phi_s_change": 0.0, "grad_phi_change": -0.3979425156491383, "k_phi_change": -0.08840120398903284, "xi_c_change": 0.0, "phase_sync_change": 0.11915955383002397, "epi_magnitude_change": 0.010087463008673803, "hash_signature": "67161a26739c0bd6", "sequence_str": "UM -> UM -> VAL -> UM -> UM -> SHA"}