{"sequence": ["UM", "ZHIR", "AL", "ZHIR", "SHA"], "coherence_change": 0.0, "sense_index_change": 0.009208998397383317, "phi_s_change": 0.0, "grad_phi_change": -0.12460736025218222, "k_phi_change": 0.3234543894279008, "xi_c_change": 0.0, "phase_sync_change": 0.028792260865511454, "epi_magnitude_change": -0.0013070525523904974, "hash_signature": "affb1f20d7c943ae", "sequence_str": "UM -> ZHIR -> AL -> ZHIR -> SHA"}