{"sequence": ["NUL", "RA", "IL", "OZ"], "coherence_change": -0.006915907687173206, "sense_index_change": 0.002123492217171563, "phi_s_change": -0.04278935471600831, "grad_phi_change": -0.007723806340672823, "k_phi_change": 0.003968384360319571, "xi_c_change": 0.0, "phase_sync_change": -0.005726859222445535, "epi_magnitude_change": -0.009413386470213947, "hash_signature": "5a87337c806e2391", "sequence_str": "NUL -> RA -> IL -> OZ"}