{"sequence": ["RA", "NUL", "ZHIR", "RA", "VAL", "OZ"], "coherence_change": -0.010981919855346467, "sense_index_change": 0.03761706227400241, "phi_s_change": -0.009410137857114975, "grad_phi_change": -0.25163041773458183, "k_phi_change": 0.3598464480254169, "xi_c_change": 0.0, "phase_sync_change": 0.07547401847750301, "epi_magnitude_change": 0.0006745832915246996, "hash_signature": "1fa363e091fa042e", "sequence_str": "RA -> NUL -> ZHIR -> RA -> VAL -> OZ"}