{"sequence": ["AL", "THOL", "SHA"], "coherence_change": 0.006500011939452266, "sense_index_change": 0.01271822113095944, "phi_s_change": -0.036255087235911754, "grad_phi_change": 0.0, "k_phi_change": 0.0, "xi_c_change": 0.0, "phase_sync_change": 0.0, "epi_magnitude_change": -0.004497856683957635, "hash_signature": "853620f0efe208f6", "sequence_str": "AL -> THOL -> SHA"}