{"sequence": ["SHA", "UM", "VAL", "REMESH"], "coherence_change": 0.0, "sense_index_change": -0.003096486369527973, "phi_s_change": 0.0, "grad_phi_change": -0.008642791780934633, "k_phi_change": 0.21225025374955128, "xi_c_change": 0.0, "phase_sync_change": -0.007397690506338872, "epi_magnitude_change": 0.01792664563880908, "hash_signature": "828944b0537f6110", "sequence_str": "SHA -> UM -> VAL -> REMESH"}