{"sequence": ["OZ", "RA", "NUL", "EN", "NAV"], "coherence_change": -0.013530388438531382, "sense_index_change": -0.00798469026768489, "phi_s_change": -0.04256387717225696, "grad_phi_change": -0.01713928271772658, "k_phi_change": -0.09890075524404351, "xi_c_change": 0.0, "phase_sync_change": -0.0001778771476400598, "epi_magnitude_change": -0.013004256661841462, "hash_signature": "a265cde942474dec", "sequence_str": "OZ -> RA -> NUL -> EN -> NAV"}