{"sequence": ["AL", "AL", "VAL", "THOL", "AL", "NAV"], "coherence_change": 0.005419889174983039, "sense_index_change": -0.0031574701375636227, "phi_s_change": 0.053651071572449194, "grad_phi_change": 0.0, "k_phi_change": 0.0, "xi_c_change": 0.0, "phase_sync_change": 0.0, "epi_magnitude_change": 0.007251309401862249, "hash_signature": "d4857d064d6bdf87", "sequence_str": "AL -> AL -> VAL -> THOL -> AL -> NAV"}