{"sequence": ["NUL", "SHA", "VAL", "THOL", "SHA"], "coherence_change": 0.006607317568820825, "sense_index_change": 0.0017775517312227374, "phi_s_change": -0.011580628720948893, "grad_phi_change": 0.0, "k_phi_change": 0.0, "xi_c_change": 0.0, "phase_sync_change": 0.0, "epi_magnitude_change": 0.0022716835465481644, "hash_signature": "1165f09f8f57b5a0", "sequence_str": "NUL -> SHA -> VAL -> THOL -> SHA"}