{"sequence": ["AL", "REMESH", "OZ", "ZHIR", "AL", "SHA"], "coherence_change": -0.006200119539585769, "sense_index_change": -0.008814852734645273, "phi_s_change": -0.03832704575561097, "grad_phi_change": 0.02245934048883491, "k_phi_change": -0.11200458833004401, "xi_c_change": 0.0, "phase_sync_change": -0.003083035920590782, "epi_magnitude_change": -0.0064347154818444885, "hash_signature": "ba810b2503e08472", "sequence_str": "AL -> REMESH -> OZ -> ZHIR -> AL -> SHA"}