{"sequence": ["SHA", "SHA", "UM", "OZ"], "coherence_change": -0.011067242594284266, "sense_index_change": 0.053695083469092686, "phi_s_change": -0.1676923710133129, "grad_phi_change": -0.14326852962401482, "k_phi_change": 0.48787459059994925, "xi_c_change": 0.0, "phase_sync_change": 0.05232400276877114, "epi_magnitude_change": 0.0, "hash_signature": "58b0e119833eabf7", "sequence_str": "SHA -> SHA -> UM -> OZ"}