{"sequence": ["AL", "NAV", "RA", "REMESH"], "coherence_change": 0.0, "sense_index_change": 0.01895979000432202, "phi_s_change": 0.0, "grad_phi_change": -0.06601226151758688, "k_phi_change": 0.40567964004752, "xi_c_change": 0.0, "phase_sync_change": 0.013559972927909447, "epi_magnitude_change": 0.00015763761788378794, "hash_signature": "327e2808d4d3748d", "sequence_str": "AL -> NAV -> RA -> REMESH"}