{"sequence": ["NAV", "SHA", "IL", "VAL", "NAV"], "coherence_change": 0.009770551627067192, "sense_index_change": 0.005398152137255696, "phi_s_change": 0.0757774723150747, "grad_phi_change": 0.0, "k_phi_change": 0.0, "xi_c_change": 0.0, "phase_sync_change": 0.0, "epi_magnitude_change": 0.023077608808011796, "hash_signature": "59fb01b5bf827453", "sequence_str": "NAV -> SHA -> IL -> VAL -> NAV"}