{"sequence": ["AL", "RA", "ZHIR", "SHA"], "coherence_change": 0.0, "sense_index_change": -0.008903800592014788, "phi_s_change": 0.0, "grad_phi_change": 0.13243944006641484, "k_phi_change": 0.09162587920335352, "xi_c_change": 0.0, "phase_sync_change": -0.050509722380899125, "epi_magnitude_change": -0.006259447193103895, "hash_signature": "b569e44690b78a01", "sequence_str": "AL -> RA -> ZHIR -> SHA"}