{"sequence": ["REMESH", "REMESH", "EN", "NAV", "UM", "NAV"], "coherence_change": 0.0, "sense_index_change": -0.0010869571245126775, "phi_s_change": 0.0, "grad_phi_change": 0.0017584658512450613, "k_phi_change": 0.16999066486275952, "xi_c_change": 0.0, "phase_sync_change": -0.006777100813566306, "epi_magnitude_change": 0.002882410727344631, "hash_signature": "3f0e6890d8029e51", "sequence_str": "REMESH -> REMESH -> EN -> NAV -> UM -> NAV"}