{"sequence": ["THOL", "UM", "NUL", "RA", "UM", "REMESH"], "coherence_change": 0.005580052000029312, "sense_index_change": 0.05292283329878711, "phi_s_change": -0.007232898908424379, "grad_phi_change": -0.24384179581604815, "k_phi_change": 0.10958074460186344, "xi_c_change": 0.0, "phase_sync_change": 0.06567679852847197, "epi_magnitude_change": -0.022829191638305102, "hash_signature": "6b18010569b9b4b7", "sequence_str": "THOL -> UM -> NUL -> RA -> UM -> REMESH"}