{"sequence": ["NAV", "UM", "ZHIR", "THOL", "EN", "REMESH"], "coherence_change": 0.00280676318384232, "sense_index_change": 0.0026630570865687764, "phi_s_change": -0.022102556383600147, "grad_phi_change": 0.021118230486592227, "k_phi_change": 0.37290989825824966, "xi_c_change": 0.0, "phase_sync_change": -0.02065836423836953, "epi_magnitude_change": 0.0014136136293595447, "hash_signature": "091462c083668b78", "sequence_str": "NAV -> UM -> ZHIR -> THOL -> EN -> REMESH"}