{"sequence": ["OZ", "EN", "SHA", "UM", "AL", "OZ"], "coherence_change": -0.025097654055469376, "sense_index_change": -0.019459811713575192, "phi_s_change": 0.033426178402484075, "grad_phi_change": -0.01834045641424198, "k_phi_change": 0.3945148401613029, "xi_c_change": 0.0, "phase_sync_change": 0.01860445868846272, "epi_magnitude_change": -0.002902339491911432, "hash_signature": "3a93fc6a65ab8997", "sequence_str": "OZ -> EN -> SHA -> UM -> AL -> OZ"}