{"sequence": ["EN", "EN", "NUL", "OZ"], "coherence_change": -0.00975354140018081, "sense_index_change": -0.007013042924611579, "phi_s_change": -0.06469507816836428, "grad_phi_change": 0.0, "k_phi_change": 0.0, "xi_c_change": 0.0, "phase_sync_change": 0.0, "epi_magnitude_change": -0.019796379000747155, "hash_signature": "e0be5b3bc1126ead", "sequence_str": "EN -> EN -> NUL -> OZ"}