{"sequence": ["OZ", "EN", "RA", "REMESH", "REMESH"], "coherence_change": -0.01112716241089784, "sense_index_change": -0.03348519743536571, "phi_s_change": 0.016189049227024244, "grad_phi_change": 0.11097866339326012, "k_phi_change": 0.3302017800503094, "xi_c_change": 0.0, "phase_sync_change": -0.04220130513417297, "epi_magnitude_change": 0.0029750161372281703, "hash_signature": "704ec6fbc6b40e19", "sequence_str": "OZ -> EN -> RA -> REMESH -> REMESH"}