{"sequence": ["THOL", "REMESH", "NUL", "OZ"], "coherence_change": -0.007491618680142809, "sense_index_change": 0.023962370806642097, "phi_s_change": -0.08952935845578702, "grad_phi_change": 0.0, "k_phi_change": 0.0, "xi_c_change": 0.0, "phase_sync_change": 0.0, "epi_magnitude_change": -0.01676177252331479, "hash_signature": "80315dab427386c3", "sequence_str": "THOL -> REMESH -> NUL -> OZ"}