{"sequence": ["IL", "THOL", "RA", "EN", "THOL", "SHA"], "coherence_change": 0.014523260549809236, "sense_index_change": -0.010332166539191057, "phi_s_change": 0.0031497095179983114, "grad_phi_change": 0.08837625815503136, "k_phi_change": -0.03079233251113106, "xi_c_change": 0.0, "phase_sync_change": -0.041937438353956136, "epi_magnitude_change": 0.0, "hash_signature": "bdaa68ed8394f0ed", "sequence_str": "IL -> THOL -> RA -> EN -> THOL -> SHA"}