{"sequence": ["OZ", "NUL", "AL", "THOL", "NAV"], "coherence_change": -0.006245047991250252, "sense_index_change": -0.001598461903825843, "phi_s_change": -0.01786299455991014, "grad_phi_change": 0.0, "k_phi_change": 0.0, "xi_c_change": 0.0, "phase_sync_change": 0.0, "epi_magnitude_change": -0.018981590326100695, "hash_signature": "ddc1a587074caf23", "sequence_str": "OZ -> NUL -> AL -> THOL -> NAV"}