{"sequence": ["NUL", "AL", "NUL", "EN", "OZ"], "coherence_change": -0.013209975173316346, "sense_index_change": 0.016752667490194773, "phi_s_change": -0.06412031779787619, "grad_phi_change": 0.0, "k_phi_change": 0.0, "xi_c_change": 0.0, "phase_sync_change": 0.0, "epi_magnitude_change": -0.03227649186633086, "hash_signature": "ff748957feb08a87", "sequence_str": "NUL -> AL -> NUL -> EN -> OZ"}