{"sequence": ["SHA", "OZ", "RA", "IL", "OZ"], "coherence_change": -0.016157965369497318, "sense_index_change": -0.005213338307196724, "phi_s_change": -0.04447216074244764, "grad_phi_change": 0.12391459869402754, "k_phi_change": 0.11711687492035741, "xi_c_change": 0.0, "phase_sync_change": -0.04621823837708683, "epi_magnitude_change": 0.0, "hash_signature": "e91bb78613b243d0", "sequence_str": "SHA -> OZ -> RA -> IL -> OZ"}