{"sequence": ["REMESH", "VAL", "EN", "NUL", "RA", "REMESH"], "coherence_change": 0.0, "sense_index_change": 0.0006409859120362071, "phi_s_change": 0.0, "grad_phi_change": -0.02468056883998626, "k_phi_change": 0.10190683141289278, "xi_c_change": 0.0, "phase_sync_change": 0.007916917901605647, "epi_magnitude_change": 0.007605845934686717, "hash_signature": "928d4786ff49dfc5", "sequence_str": "REMESH -> VAL -> EN -> NUL -> RA -> REMESH"}