{"sequence": ["AL", "NUL", "UM", "OZ"], "coherence_change": -0.009459022846957543, "sense_index_change": 0.03289008020052353, "phi_s_change": -0.018892317997652897, "grad_phi_change": -0.11356905289797581, "k_phi_change": 0.36661078539004444, "xi_c_change": 0.0, "phase_sync_change": 0.04405939012236937, "epi_magnitude_change": -0.01693753412744614, "hash_signature": "92329373ee5484fd", "sequence_str": "AL -> NUL -> UM -> OZ"}