{"sequence": ["SHA", "SHA", "IL", "REMESH"], "coherence_change": 0.007050345866801311, "sense_index_change": 0.010328568371247626, "phi_s_change": 0.016158895068766777, "grad_phi_change": 0.0, "k_phi_change": 0.0, "xi_c_change": 0.0, "phase_sync_change": 0.0, "epi_magnitude_change": 0.0017875675953745729, "hash_signature": "be4be4368bef9aa1", "sequence_str": "SHA -> SHA -> IL -> REMESH"}