{"sequence": ["NUL", "RA", "SHA", "VAL", "SHA"], "coherence_change": 0.0, "sense_index_change": 0.0002011487483164487, "phi_s_change": 0.0, "grad_phi_change": -0.06267365132384861, "k_phi_change": -0.058944241067686254, "xi_c_change": 0.0, "phase_sync_change": 0.019476991586128478, "epi_magnitude_change": 0.00863592178440642, "hash_signature": "d5af37878b7dfac2", "sequence_str": "NUL -> RA -> SHA -> VAL -> SHA"}