{"sequence": ["OZ", "RA", "ZHIR", "ZHIR", "OZ"], "coherence_change": -0.02911124914092511, "sense_index_change": 0.03869337456544797, "phi_s_change": -0.11535582711202896, "grad_phi_change": -0.06444859423558813, "k_phi_change": -0.06923115888438025, "xi_c_change": 0.0, "phase_sync_change": 0.017066462287368078, "epi_magnitude_change": 0.0, "hash_signature": "1de249852b237692", "sequence_str": "OZ -> RA -> ZHIR -> ZHIR -> OZ"}