{"sequence": ["NAV", "UM", "EN", "OZ"], "coherence_change": -0.012875147974184209, "sense_index_change": 0.00979944805606936, "phi_s_change": -0.14823164874404215, "grad_phi_change": 0.03687289571306951, "k_phi_change": -0.1842881577417509, "xi_c_change": 0.0, "phase_sync_change": -0.004085185043101958, "epi_magnitude_change": 0.0, "hash_signature": "dbf80d8d31833271", "sequence_str": "NAV -> UM -> EN -> OZ"}