{"sequence": ["NAV", "RA", "NUL", "OZ", "UM", "SHA"], "coherence_change": -0.00894402847932485, "sense_index_change": 0.049559953079232, "phi_s_change": -0.06470927566851403, "grad_phi_change": -0.11669691091791168, "k_phi_change": 0.22568763193768468, "xi_c_change": 0.0, "phase_sync_change": 0.028111972312497735, "epi_magnitude_change": -0.006172523489528126, "hash_signature": "c4b824cab4db358f", "sequence_str": "NAV -> RA -> NUL -> OZ -> UM -> SHA"}