{"sequence": ["SHA", "THOL", "ZHIR", "RA", "NAV"], "coherence_change": 0.0027360774686723266, "sense_index_change": 0.01035409723928038, "phi_s_change": 0.0004038878607313112, "grad_phi_change": 0.026046753813220302, "k_phi_change": 0.08820935050437805, "xi_c_change": 0.0, "phase_sync_change": -0.014688533974144602, "epi_magnitude_change": 0.0, "hash_signature": "f320ef2081452f8a", "sequence_str": "SHA -> THOL -> ZHIR -> RA -> NAV"}