{"sequence": ["RA", "ZHIR", "AL", "EN", "OZ"], "coherence_change": -0.012933436356350358, "sense_index_change": -0.0027556313423289236, "phi_s_change": -0.035965566647219616, "grad_phi_change": 0.11946535172966266, "k_phi_change": -0.2636673935955154, "xi_c_change": 0.0, "phase_sync_change": -0.04695429288239805, "epi_magnitude_change": 0.005546118608541817, "hash_signature": "0ff1885232b83277", "sequence_str": "RA -> ZHIR -> AL -> EN -> OZ"}