{"sequence": ["REMESH", "ZHIR", "ZHIR", "AL", "SHA"], "coherence_change": 0.0, "sense_index_change": -0.004329022219571321, "phi_s_change": 0.0, "grad_phi_change": 0.04861471925457228, "k_phi_change": -0.030806702872009317, "xi_c_change": 0.0, "phase_sync_change": -0.015918990197224314, "epi_magnitude_change": -0.0033490196451995136, "hash_signature": "e7f96f1d363fbcd2", "sequence_str": "REMESH -> ZHIR -> ZHIR -> AL -> SHA"}