{"sequence": ["ZHIR", "AL", "SHA", "RA", "OZ"], "coherence_change": -0.01361768460538737, "sense_index_change": -0.015784267614252, "phi_s_change": -0.10036399691381426, "grad_phi_change": 0.04080545703741034, "k_phi_change": 0.20395180185061673, "xi_c_change": 0.0, "phase_sync_change": -0.020968118126147295, "epi_magnitude_change": -0.005970153607510742, "hash_signature": "2d9d778667626750", "sequence_str": "ZHIR -> AL -> SHA -> RA -> OZ"}