{"sequence": ["VAL", "OZ", "NUL", "ZHIR", "ZHIR", "OZ"], "coherence_change": -0.027630124735777084, "sense_index_change": -0.002455301717838587, "phi_s_change": -0.2793633375515141, "grad_phi_change": 0.004504102521535325, "k_phi_change": -0.17113337725801836, "xi_c_change": 0.0, "phase_sync_change": -0.006028000337463979, "epi_magnitude_change": 0.0010315234920990068, "hash_signature": "8636d0dd146258c7", "sequence_str": "VAL -> OZ -> NUL -> ZHIR -> ZHIR -> OZ"}