{"sequence": ["NAV", "IL", "UM", "REMESH"], "coherence_change": 0.00820885571493113, "sense_index_change": 0.05695855591264065, "phi_s_change": -0.006919636339782764, "grad_phi_change": -0.33283907096794585, "k_phi_change": -0.07953213833288264, "xi_c_change": 0.0, "phase_sync_change": 0.1122143737503215, "epi_magnitude_change": 0.0015619786967815408, "hash_signature": "a993d10d9473c1f2", "sequence_str": "NAV -> IL -> UM -> REMESH"}