{"sequence": ["NAV", "THOL", "ZHIR", "REMESH"], "coherence_change": 0.0057559131071514, "sense_index_change": 0.020858638668071694, "phi_s_change": 0.0002823480959862623, "grad_phi_change": -0.053676748628477045, "k_phi_change": -0.1100738919925906, "xi_c_change": 0.0, "phase_sync_change": 0.019206107035186437, "epi_magnitude_change": 0.0017787417728826194, "hash_signature": "261d7a8ebd7eb982", "sequence_str": "NAV -> THOL -> ZHIR -> REMESH"}