{"sequence": ["UM", "IL", "OZ", "EN", "SHA"], "coherence_change": -0.01185729311084549, "sense_index_change": 0.01321804501086854, "phi_s_change": -0.057313102764281254, "grad_phi_change": -0.03569775804595521, "k_phi_change": 0.16697239421861657, "xi_c_change": 0.0, "phase_sync_change": 0.019022802408364847, "epi_magnitude_change": 0.0, "hash_signature": "df56e68664e7035a", "sequence_str": "UM -> IL -> OZ -> EN -> SHA"}