{"sequence": ["NUL", "RA", "RA", "THOL", "ZHIR", "NAV"], "coherence_change": 0.004082733186492882, "sense_index_change": 0.05920233397492192, "phi_s_change": 0.015387700442770935, "grad_phi_change": -0.32257286533152163, "k_phi_change": 0.13459713198934167, "xi_c_change": 0.0, "phase_sync_change": 0.10233583784281108, "epi_magnitude_change": -0.012139537643396592, "hash_signature": "075588b548e4affe", "sequence_str": "NUL -> RA -> RA -> THOL -> ZHIR -> NAV"}