{"sequence": ["AL", "OZ", "REMESH", "NAV"], "coherence_change": -0.015710604792627536, "sense_index_change": 0.022385764212619397, "phi_s_change": -0.16905596924102473, "grad_phi_change": 0.0, "k_phi_change": 0.0, "xi_c_change": 0.0, "phase_sync_change": 0.0, "epi_magnitude_change": 0.007528122509829149, "hash_signature": "d93947cf392e8826", "sequence_str": "AL -> OZ -> REMESH -> NAV"}