{"sequence": ["NAV", "RA", "IL", "THOL", "IL", "NAV"], "coherence_change": 0.017563843842033244, "sense_index_change": -0.00421384913881051, "phi_s_change": -0.03488767770688761, "grad_phi_change": 0.000281849151017477, "k_phi_change": 0.27809042097314374, "xi_c_change": 0.0, "phase_sync_change": -0.003145312641258946, "epi_magnitude_change": 0.0, "hash_signature": "b91a9264efc26826", "sequence_str": "NAV -> RA -> IL -> THOL -> IL -> NAV"}