{"sequence": ["AL", "IL", "OZ", "VAL", "REMESH"], "coherence_change": -0.007115665903161261, "sense_index_change": 0.028467079540141937, "phi_s_change": -0.07486476243781881, "grad_phi_change": 0.0, "k_phi_change": 0.0, "xi_c_change": 0.0, "phase_sync_change": 0.0, "epi_magnitude_change": 0.0012884860352291305, "hash_signature": "f13aa05bcdf813f4", "sequence_str": "AL -> IL -> OZ -> VAL -> REMESH"}