{"sequence": ["REMESH", "NAV", "NAV", "RA", "THOL", "OZ"], "coherence_change": -0.010898562915224508, "sense_index_change": 0.028632283338565934, "phi_s_change": 0.032522143510091306, "grad_phi_change": -0.09746384016151821, "k_phi_change": 0.17293677512753947, "xi_c_change": 0.0, "phase_sync_change": 0.027939907701020616, "epi_magnitude_change": 0.0013868568203777576, "hash_signature": "cfdf23006ec97380", "sequence_str": "REMESH -> NAV -> NAV -> RA -> THOL -> OZ"}