{"sequence": ["VAL", "OZ", "AL", "UM", "SHA"], "coherence_change": -0.010746998351742199, "sense_index_change": 0.006936588175998626, "phi_s_change": 0.00015075778704387588, "grad_phi_change": -0.06011683537754342, "k_phi_change": 0.447610288290281, "xi_c_change": 0.0, "phase_sync_change": 0.019585637781242338, "epi_magnitude_change": 0.022139351767342497, "hash_signature": "376c87b84eab152f", "sequence_str": "VAL -> OZ -> AL -> UM -> SHA"}