{"sequence": ["UM", "NUL", "OZ", "VAL", "THOL", "SHA"], "coherence_change": -0.010508376850777101, "sense_index_change": 0.06509795808169061, "phi_s_change": 0.07259462233158176, "grad_phi_change": -0.26062982203226137, "k_phi_change": 0.1571489909322459, "xi_c_change": 0.0, "phase_sync_change": 0.09785884790101951, "epi_magnitude_change": 0.007595682231897105, "hash_signature": "09881844b2d1f1bd", "sequence_str": "UM -> NUL -> OZ -> VAL -> THOL -> SHA"}