{"sequence": ["OZ", "NUL", "NUL", "SHA"], "coherence_change": -0.013098214883470738, "sense_index_change": 0.02150831494977079, "phi_s_change": 0.0478875979989517, "grad_phi_change": 0.0, "k_phi_change": 0.0, "xi_c_change": 0.0, "phase_sync_change": 0.0, "epi_magnitude_change": -0.032216647554402233, "hash_signature": "174a747c4adfb66f", "sequence_str": "OZ -> NUL -> NUL -> SHA"}