{"sequence": ["THOL", "ZHIR", "IL", "AL", "RA", "REMESH"], "coherence_change": 0.012590237415352923, "sense_index_change": 0.021579785119354766, "phi_s_change": 0.13018344937577375, "grad_phi_change": -0.13703697533789616, "k_phi_change": -0.055808602020434195, "xi_c_change": 0.0, "phase_sync_change": 0.04538214626408543, "epi_magnitude_change": -0.0007630691273692314, "hash_signature": "622e943727d34545", "sequence_str": "THOL -> ZHIR -> IL -> AL -> RA -> REMESH"}