{"sequence": ["AL", "THOL", "NAV"], "coherence_change": 0.0037580284513680784, "sense_index_change": 0.0020329952190865086, "phi_s_change": -0.006831954802792528, "grad_phi_change": 0.0, "k_phi_change": 0.0, "xi_c_change": 0.0, "phase_sync_change": 0.0, "epi_magnitude_change": -0.006495982729948668, "hash_signature": "89bab8bbb13b744c", "sequence_str": "AL -> THOL -> NAV"}