{"sequence": ["REMESH", "NUL", "NUL", "THOL", "NAV"], "coherence_change": 0.003513172807462772, "sense_index_change": 0.0001795048384574116, "phi_s_change": 0.02682403667027622, "grad_phi_change": 0.0, "k_phi_change": 0.0, "xi_c_change": 0.0, "phase_sync_change": 0.0, "epi_magnitude_change": -0.027208005816043213, "hash_signature": "bd9522a77d879843", "sequence_str": "REMESH -> NUL -> NUL -> THOL -> NAV"}