{"sequence": ["UM", "NAV", "NAV", "THOL", "NAV"], "coherence_change": 0.00689160704792624, "sense_index_change": 0.016422815660800838, "phi_s_change": -0.011853125871131964, "grad_phi_change": -0.04635910858394077, "k_phi_change": 0.47416480835463753, "xi_c_change": 0.0, "phase_sync_change": 0.02002579773658697, "epi_magnitude_change": 0.0, "hash_signature": "f63d766aaa02ef6a", "sequence_str": "UM -> NAV -> NAV -> THOL -> NAV"}