{"sequence": ["AL", "UM", "EN", "REMESH"], "coherence_change": 0.0, "sense_index_change": -0.005327502230114023, "phi_s_change": 0.0, "grad_phi_change": -0.02584614301914301, "k_phi_change": -0.14101998533590715, "xi_c_change": 0.0, "phase_sync_change": -0.000916432242123455, "epi_magnitude_change": 0.0020242351425979743, "hash_signature": "acddd686409239c0", "sequence_str": "AL -> UM -> EN -> REMESH"}