{"sequence": ["OZ", "UM", "VAL", "THOL", "REMESH"], "coherence_change": -0.002889044037190369, "sense_index_change": 0.03897927459703865, "phi_s_change": -0.10186376133506747, "grad_phi_change": -0.17168662930636125, "k_phi_change": 0.5545607999907268, "xi_c_change": 0.0, "phase_sync_change": 0.06516208509283172, "epi_magnitude_change": 0.01044413470114225, "hash_signature": "9b866773cff595a2", "sequence_str": "OZ -> UM -> VAL -> THOL -> REMESH"}