{"sequence": ["UM", "UM", "THOL", "NAV"], "coherence_change": 0.0054321388820182115, "sense_index_change": 0.08512721617728769, "phi_s_change": 0.019098449067148304, "grad_phi_change": -0.4458560513651062, "k_phi_change": 0.22589922891766104, "xi_c_change": 0.0, "phase_sync_change": 0.14688733194474524, "epi_magnitude_change": 0.0, "hash_signature": "70a748bd768d4bd3", "sequence_str": "UM -> UM -> THOL -> NAV"}