{"sequence": ["ZHIR", "IL", "REMESH", "NAV"], "coherence_change": 0.00783249981589651, "sense_index_change": 0.016785762782559166, "phi_s_change": 0.003595082357462309, "grad_phi_change": -0.015593779297945032, "k_phi_change": 0.17787508053586143, "xi_c_change": 0.0, "phase_sync_change": 0.011377754325011757, "epi_magnitude_change": 0.0011410567318235199, "hash_signature": "bd6b5bde539b8117", "sequence_str": "ZHIR -> IL -> REMESH -> NAV"}