{"sequence": ["NAV", "REMESH", "UM", "THOL", "SHA"], "coherence_change": 0.004303319621567159, "sense_index_change": -0.001095390590924672, "phi_s_change": -0.006136466613108182, "grad_phi_change": -0.005150405951426462, "k_phi_change": -0.1415498453764365, "xi_c_change": 0.0, "phase_sync_change": 0.006647477757288467, "epi_magnitude_change": 0.001670140788501806, "hash_signature": "5a70168c33f29379", "sequence_str": "NAV -> REMESH -> UM -> THOL -> SHA"}