{"sequence": ["ZHIR", "AL", "ZHIR", "REMESH", "SHA"], "coherence_change": 0.0, "sense_index_change": 0.00955846249498049, "phi_s_change": 0.0, "grad_phi_change": -0.05869380444722072, "k_phi_change": 0.044838352130576326, "xi_c_change": 0.0, "phase_sync_change": 0.01847826677464859, "epi_magnitude_change": 0.0028934933599319423, "hash_signature": "806490b179c41c97", "sequence_str": "ZHIR -> AL -> ZHIR -> REMESH -> SHA"}