{"sequence": ["NAV", "IL", "NUL", "EN", "UM", "OZ"], "coherence_change": -0.0038244973235721513, "sense_index_change": 0.01932178120385364, "phi_s_change": 0.09533626574562148, "grad_phi_change": 0.1081550615818434, "k_phi_change": 0.6384907048767157, "xi_c_change": 0.0, "phase_sync_change": -0.03077332786334097, "epi_magnitude_change": -0.018954183579789396, "hash_signature": "c6b50e14533adeb5", "sequence_str": "NAV -> IL -> NUL -> EN -> UM -> OZ"}