{"sequence": ["SHA", "AL", "THOL", "NUL", "NAV"], "coherence_change": 0.0038560569962750035, "sense_index_change": 0.002756237175986387, "phi_s_change": -0.026321345122997775, "grad_phi_change": 0.0, "k_phi_change": 0.0, "xi_c_change": 0.0, "phase_sync_change": 0.0, "epi_magnitude_change": -0.010002444273344846, "hash_signature": "293af5bfe925133e", "sequence_str": "SHA -> AL -> THOL -> NUL -> NAV"}