{"sequence": ["NAV", "EN", "IL", "SHA", "REMESH"], "coherence_change": 0.008074838656465855, "sense_index_change": -0.0014871786288825906, "phi_s_change": 0.021983125899008638, "grad_phi_change": 0.0, "k_phi_change": 0.0, "xi_c_change": 0.0, "phase_sync_change": 0.0, "epi_magnitude_change": 0.0017322453421760864, "hash_signature": "17e6e56756e0cfe8", "sequence_str": "NAV -> EN -> IL -> SHA -> REMESH"}