{"sequence": ["EN", "THOL", "UM", "SHA"], "coherence_change": 0.005855929186526443, "sense_index_change": 0.035011428594698746, "phi_s_change": -0.00848196099926768, "grad_phi_change": -0.23507018361091192, "k_phi_change": 0.3578262688274172, "xi_c_change": 0.0, "phase_sync_change": 0.08275115842222969, "epi_magnitude_change": 0.0, "hash_signature": "2325ecd254fa1ed2", "sequence_str": "EN -> THOL -> UM -> SHA"}