{"sequence": ["REMESH", "RA", "THOL", "ZHIR", "OZ"], "coherence_change": -0.014881358763682684, "sense_index_change": 0.03244821785909402, "phi_s_change": -0.1341826734130298, "grad_phi_change": -0.0636071203556905, "k_phi_change": 0.44046209330024455, "xi_c_change": 0.0, "phase_sync_change": 0.01288628794913349, "epi_magnitude_change": 0.0014010672107771516, "hash_signature": "83dac0c8763f9bad", "sequence_str": "REMESH -> RA -> THOL -> ZHIR -> OZ"}