{"sequence": ["NAV", "SHA", "OZ", "UM", "NAV"], "coherence_change": -0.0095070877212321, "sense_index_change": 0.013768298246965682, "phi_s_change": -0.0011798314033200086, "grad_phi_change": -0.11882547171981539, "k_phi_change": 0.4887589056733476, "xi_c_change": 0.0, "phase_sync_change": 0.044856296641352156, "epi_magnitude_change": 0.0, "hash_signature": "66d8ab668e702816", "sequence_str": "NAV -> SHA -> OZ -> UM -> NAV"}