{"sequence": ["OZ", "THOL", "REMESH"], "coherence_change": -0.004456087539139397, "sense_index_change": 0.004596374219524191, "phi_s_change": 0.01942685143032763, "grad_phi_change": 0.0, "k_phi_change": 0.0, "xi_c_change": 0.0, "phase_sync_change": 0.0, "epi_magnitude_change": 0.0009087704219578052, "hash_signature": "b23c96b32daaca10", "sequence_str": "OZ -> THOL -> REMESH"}