{"sequence": ["IL", "REMESH", "EN", "REMESH"], "coherence_change": 0.00821414483118832, "sense_index_change": -0.007567863241510708, "phi_s_change": 0.060187323172442686, "grad_phi_change": 0.0, "k_phi_change": 0.0, "xi_c_change": 0.0, "phase_sync_change": 0.0, "epi_magnitude_change": 0.0028586661945817493, "hash_signature": "310a916ae6697d14", "sequence_str": "IL -> REMESH -> EN -> REMESH"}