{"sequence": ["SHA", "UM", "NAV"], "coherence_change": 0.0, "sense_index_change": 0.025189540818704947, "phi_s_change": 0.0, "grad_phi_change": -0.16435459507036354, "k_phi_change": 0.27413589066130833, "xi_c_change": 0.0, "phase_sync_change": 0.04887220137909776, "epi_magnitude_change": 0.0, "hash_signature": "36117b4ee684af2e", "sequence_str": "SHA -> UM -> NAV"}