{"sequence": ["REMESH", "EN", "RA", "ZHIR", "REMESH"], "coherence_change": 0.0, "sense_index_change": 0.014716862893743299, "phi_s_change": 0.0, "grad_phi_change": -0.05734574286000105, "k_phi_change": 0.16429739309805613, "xi_c_change": 0.0, "phase_sync_change": 0.016646332872449987, "epi_magnitude_change": 0.002727981903259291, "hash_signature": "cfeb2a17a349a91f", "sequence_str": "REMESH -> EN -> RA -> ZHIR -> REMESH"}