{"sequence": ["VAL", "ZHIR", "OZ", "UM", "ZHIR", "REMESH"], "coherence_change": -0.014926774852254798, "sense_index_change": 0.040807276167711404, "phi_s_change": 0.029335388207047397, "grad_phi_change": -0.14379202683935133, "k_phi_change": -0.29919821729439694, "xi_c_change": 0.0, "phase_sync_change": 0.03450496242197565, "epi_magnitude_change": 0.018734160593337768, "hash_signature": "9ce6648e5772cc2e", "sequence_str": "VAL -> ZHIR -> OZ -> UM -> ZHIR -> REMESH"}