{"sequence": ["IL", "AL", "EN", "OZ"], "coherence_change": -0.006186895188840635, "sense_index_change": -0.0027926947072970387, "phi_s_change": -0.058322689810518136, "grad_phi_change": 0.0, "k_phi_change": 0.0, "xi_c_change": 0.0, "phase_sync_change": 0.0, "epi_magnitude_change": 0.0018083481043300598, "hash_signature": "ff2f9ff1044cc2bb", "sequence_str": "IL -> AL -> EN -> OZ"}