{"sequence": ["NUL", "AL", "UM", "AL", "SHA"], "coherence_change": 0.0, "sense_index_change": 0.015640859829771814, "phi_s_change": 0.0, "grad_phi_change": -0.050581413454726, "k_phi_change": 0.21154533620813804, "xi_c_change": 0.0, "phase_sync_change": 0.014708525664739458, "epi_magnitude_change": -0.020984079610175566, "hash_signature": "f398b18defda324d", "sequence_str": "NUL -> AL -> UM -> AL -> SHA"}