{"sequence": ["REMESH", "NUL", "THOL", "NUL", "RA", "OZ"], "coherence_change": -0.0035911887013673205, "sense_index_change": 0.012199816497610372, "phi_s_change": -0.04200316991644648, "grad_phi_change": -0.09251604404633573, "k_phi_change": -0.05378575080985387, "xi_c_change": 0.0, "phase_sync_change": 0.026891486023341682, "epi_magnitude_change": -0.03108827721038765, "hash_signature": "7c564981584e0eac", "sequence_str": "REMESH -> NUL -> THOL -> NUL -> RA -> OZ"}