{"sequence": ["REMESH", "VAL", "NUL", "VAL", "UM", "REMESH"], "coherence_change": 0.0, "sense_index_change": 0.0019994590803156242, "phi_s_change": 0.0, "grad_phi_change": -0.027332835668031796, "k_phi_change": 0.30307529382081905, "xi_c_change": 0.0, "phase_sync_change": 0.006258658763460545, "epi_magnitude_change": 0.01388510966777523, "hash_signature": "0797408950602dd5", "sequence_str": "REMESH -> VAL -> NUL -> VAL -> UM -> REMESH"}