{"sequence": ["AL", "ZHIR", "UM", "VAL", "SHA"], "coherence_change": 0.0, "sense_index_change": 0.0037066818033477666, "phi_s_change": 0.0, "grad_phi_change": 0.047264837783628666, "k_phi_change": 0.3477130868059246, "xi_c_change": 0.0, "phase_sync_change": -0.0074055774970712696, "epi_magnitude_change": 0.011130921742694144, "hash_signature": "1a3461be7ee7b39f", "sequence_str": "AL -> ZHIR -> UM -> VAL -> SHA"}