{"sequence": ["UM", "NAV", "OZ", "IL", "EN", "OZ"], "coherence_change": -0.015169717859785048, "sense_index_change": 0.05205649272620361, "phi_s_change": -0.2380371965036081, "grad_phi_change": -0.1210845705616006, "k_phi_change": -0.1537105754749622, "xi_c_change": 0.0, "phase_sync_change": 0.0295904154431349, "epi_magnitude_change": 0.0, "hash_signature": "ba0da7f14380cd68", "sequence_str": "UM -> NAV -> OZ -> IL -> EN -> OZ"}