{"sequence": ["AL", "UM", "OZ", "EN", "OZ"], "coherence_change": -0.02763277318515489, "sense_index_change": 0.024751045864389143, "phi_s_change": -0.011741184758792489, "grad_phi_change": 0.0031331074746379084, "k_phi_change": 0.2937998540917236, "xi_c_change": 0.0, "phase_sync_change": -0.004087200008476954, "epi_magnitude_change": 0.00121889553244936, "hash_signature": "16bfa77b226d33b0", "sequence_str": "AL -> UM -> OZ -> EN -> OZ"}