{"sequence": ["IL", "AL", "UM", "NAV", "VAL", "NAV"], "coherence_change": 0.006644815667426585, "sense_index_change": -0.006104091233642639, "phi_s_change": 0.04299542396714573, "grad_phi_change": -0.0038148165872180506, "k_phi_change": -0.3779531351478906, "xi_c_change": 0.0, "phase_sync_change": -0.014496721035707205, "epi_magnitude_change": 0.02481058004745318, "hash_signature": "0e3b79d5bb3a1625", "sequence_str": "IL -> AL -> UM -> NAV -> VAL -> NAV"}