{"sequence": ["VAL", "UM", "AL", "RA", "OZ"], "coherence_change": -0.012445644147093482, "sense_index_change": 0.01914839616127273, "phi_s_change": -0.03117119022932091, "grad_phi_change": -0.01715957417303815, "k_phi_change": 0.3473685273158333, "xi_c_change": 0.0, "phase_sync_change": -0.005394714466681605, "epi_magnitude_change": 0.01605070312069634, "hash_signature": "80502f4a7719a496", "sequence_str": "VAL -> UM -> AL -> RA -> OZ"}