{"sequence": ["UM", "ZHIR", "NUL", "UM", "NAV"], "coherence_change": 0.0, "sense_index_change": 0.04837221427182614, "phi_s_change": 0.0, "grad_phi_change": -0.28119769634906144, "k_phi_change": 0.05390903824852483, "xi_c_change": 0.0, "phase_sync_change": 0.09006794082481295, "epi_magnitude_change": -0.012011511416529563, "hash_signature": "e47eafd0475674a7", "sequence_str": "UM -> ZHIR -> NUL -> UM -> NAV"}