{"sequence": ["SHA", "EN", "UM", "NAV"], "coherence_change": 0.0, "sense_index_change": 0.038686865172324, "phi_s_change": 0.0, "grad_phi_change": -0.17713159545086166, "k_phi_change": 0.06557811375375583, "xi_c_change": 0.0, "phase_sync_change": 0.059151093615085526, "epi_magnitude_change": 0.0, "hash_signature": "f7db28ff64974df1", "sequence_str": "SHA -> EN -> UM -> NAV"}