{"sequence": ["REMESH", "EN", "NUL", "AL", "VAL", "OZ"], "coherence_change": -0.009144441434836392, "sense_index_change": -0.004780822675760521, "phi_s_change": 0.04378826481126563, "grad_phi_change": 0.0, "k_phi_change": 0.0, "xi_c_change": 0.0, "phase_sync_change": 0.0, "epi_magnitude_change": -0.0032943112715873024, "hash_signature": "3e1e680d413f7942", "sequence_str": "REMESH -> EN -> NUL -> AL -> VAL -> OZ"}