{"sequence": ["REMESH", "THOL", "UM", "EN", "SHA"], "coherence_change": 0.004777508535695141, "sense_index_change": 0.031039624732700832, "phi_s_change": 0.04087904541473486, "grad_phi_change": -0.15943680301416374, "k_phi_change": 0.21020033406153912, "xi_c_change": 0.0, "phase_sync_change": 0.05263142445571489, "epi_magnitude_change": 0.0018178703446244393, "hash_signature": "f90de32775b4288b", "sequence_str": "REMESH -> THOL -> UM -> EN -> SHA"}