{"sequence": ["NUL", "THOL", "ZHIR", "NAV"], "coherence_change": 0.0027761953943123974, "sense_index_change": -0.002249214356439211, "phi_s_change": 0.01175288619590642, "grad_phi_change": -0.0030448901952164764, "k_phi_change": 0.08706609773349655, "xi_c_change": 0.0, "phase_sync_change": 0.0022600054714196904, "epi_magnitude_change": -0.01564732914533551, "hash_signature": "92b9171feb86759f", "sequence_str": "NUL -> THOL -> ZHIR -> NAV"}