{"sequence": ["REMESH", "NUL", "THOL", "AL", "ZHIR", "OZ"], "coherence_change": -0.008186170248378422, "sense_index_change": 0.0167337242857728, "phi_s_change": 0.14683290209169086, "grad_phi_change": 0.0010867985550793158, "k_phi_change": 0.07107974032619645, "xi_c_change": 0.0, "phase_sync_change": 0.0005202027973029155, "epi_magnitude_change": -0.017373337740765438, "hash_signature": "8f293b64b071a695", "sequence_str": "REMESH -> NUL -> THOL -> AL -> ZHIR -> OZ"}