{"sequence": ["THOL", "VAL", "THOL", "SHA"], "coherence_change": 0.011874743348320727, "sense_index_change": -0.005344175847498356, "phi_s_change": 0.035888675626090105, "grad_phi_change": 0.0, "k_phi_change": 0.0, "xi_c_change": 0.0, "phase_sync_change": 0.0, "epi_magnitude_change": 0.0056736179924087304, "hash_signature": "136a18cce971c14d", "sequence_str": "THOL -> VAL -> THOL -> SHA"}