{"sequence": ["UM", "SHA", "EN", "NAV"], "coherence_change": 0.0, "sense_index_change": 0.017206607552735398, "phi_s_change": 0.0, "grad_phi_change": -0.12950914651394085, "k_phi_change": 0.038513574641525106, "xi_c_change": 0.0, "phase_sync_change": 0.056799001981496455, "epi_magnitude_change": 0.0, "hash_signature": "6a963539bb79905e", "sequence_str": "UM -> SHA -> EN -> NAV"}