{"sequence": ["SHA", "SHA", "ZHIR", "AL", "IL", "SHA"], "coherence_change": 0.008690851393929111, "sense_index_change": -0.011397791765892451, "phi_s_change": 0.1284810428532197, "grad_phi_change": 0.007339298596763522, "k_phi_change": 0.010969192317886761, "xi_c_change": 0.0, "phase_sync_change": 2.1861857201321833e-05, "epi_magnitude_change": 0.005934244221874607, "hash_signature": "7d21f2519c4d502e", "sequence_str": "SHA -> SHA -> ZHIR -> AL -> IL -> SHA"}