{"sequence": ["REMESH", "REMESH", "ZHIR", "VAL", "OZ"], "coherence_change": -0.011531424410264557, "sense_index_change": 0.01859615745818677, "phi_s_change": -0.14912627451285232, "grad_phi_change": -0.03351032163829126, "k_phi_change": 0.10103814431748415, "xi_c_change": 0.0, "phase_sync_change": 0.009999999999999898, "epi_magnitude_change": 0.01617508629562836, "hash_signature": "4577b243281972c1", "sequence_str": "REMESH -> REMESH -> ZHIR -> VAL -> OZ"}