{"sequence": ["NUL", "NAV", "UM", "RA", "SHA"], "coherence_change": 0.0, "sense_index_change": 0.0010773419277954055, "phi_s_change": 0.0, "grad_phi_change": 0.07944879586315445, "k_phi_change": 0.20150216198192808, "xi_c_change": 0.0, "phase_sync_change": -0.029291704256411144, "epi_magnitude_change": -0.015954638610243932, "hash_signature": "e1df82c1b3092632", "sequence_str": "NUL -> NAV -> UM -> RA -> SHA"}