{"sequence": ["NAV", "RA", "REMESH", "EN", "OZ"], "coherence_change": -0.0058808354827831755, "sense_index_change": -0.02978938613152815, "phi_s_change": -0.035738786279021495, "grad_phi_change": 0.06282214119549367, "k_phi_change": 0.3854641703050862, "xi_c_change": 0.0, "phase_sync_change": -0.023014415635079777, "epi_magnitude_change": 0.0011072644059034742, "hash_signature": "79b8b2449f751e64", "sequence_str": "NAV -> RA -> REMESH -> EN -> OZ"}