{"sequence": ["AL", "UM", "EN", "REMESH", "NUL", "SHA"], "coherence_change": 0.0, "sense_index_change": 0.013664570629632777, "phi_s_change": 0.0, "grad_phi_change": -0.08676180001229405, "k_phi_change": -0.029180824165056712, "xi_c_change": 0.0, "phase_sync_change": 0.02605509531875594, "epi_magnitude_change": -0.007037197330423628, "hash_signature": "f68e1450cef0d138", "sequence_str": "AL -> UM -> EN -> REMESH -> NUL -> SHA"}