{"sequence": ["AL", "AL", "SHA", "ZHIR", "UM", "REMESH"], "coherence_change": 0.0, "sense_index_change": 0.045806603576522664, "phi_s_change": 0.0, "grad_phi_change": -0.1848410629656927, "k_phi_change": 0.3488864423048749, "xi_c_change": 0.0, "phase_sync_change": 0.06702627702318897, "epi_magnitude_change": 0.006434845704147207, "hash_signature": "c740805389ced7f2", "sequence_str": "AL -> AL -> SHA -> ZHIR -> UM -> REMESH"}