{"sequence": ["RA", "VAL", "REMESH", "RA", "AL", "NAV"], "coherence_change": 0.0, "sense_index_change": 0.024622678826288436, "phi_s_change": 0.0, "grad_phi_change": -0.07848322831053745, "k_phi_change": 0.6450585279197617, "xi_c_change": 0.0, "phase_sync_change": 0.017861449419900532, "epi_magnitude_change": 0.012713666913309551, "hash_signature": "589591070f84df4a", "sequence_str": "RA -> VAL -> REMESH -> RA -> AL -> NAV"}