{"sequence": ["THOL", "THOL", "NUL", "NAV"], "coherence_change": 0.008495422695589783, "sense_index_change": 0.007457965736052841, "phi_s_change": 0.022799725666326376, "grad_phi_change": 0.0, "k_phi_change": 0.0, "xi_c_change": 0.0, "phase_sync_change": 0.0, "epi_magnitude_change": -0.015643921149869233, "hash_signature": "24068aa80b5fe5dc", "sequence_str": "THOL -> THOL -> NUL -> NAV"}