{"sequence": ["IL", "UM", "RA", "THOL", "OZ"], "coherence_change": -0.0016012235960460863, "sense_index_change": 0.040895432624472594, "phi_s_change": 0.025876809463544537, "grad_phi_change": -0.13213495678416232, "k_phi_change": 0.05552599780179515, "xi_c_change": 0.0, "phase_sync_change": 0.03885227972780203, "epi_magnitude_change": 0.0, "hash_signature": "007ea3a959064fa3", "sequence_str": "IL -> UM -> RA -> THOL -> OZ"}