{"sequence": ["ZHIR", "UM", "AL", "IL", "OZ"], "coherence_change": -0.006067598610792091, "sense_index_change": 0.03270828768270517, "phi_s_change": 0.027586935804333135, "grad_phi_change": -0.057077801145281715, "k_phi_change": -0.028379464551130412, "xi_c_change": 0.0, "phase_sync_change": 0.017464700355212526, "epi_magnitude_change": -0.001859733330727864, "hash_signature": "1f52fa1a485f22ce", "sequence_str": "ZHIR -> UM -> AL -> IL -> OZ"}