{"sequence": ["IL", "UM", "RA", "ZHIR", "SHA"], "coherence_change": 0.007475499644014727, "sense_index_change": 0.0371025294913363, "phi_s_change": -0.010374385823177956, "grad_phi_change": -0.15337376338086295, "k_phi_change": 0.2768150504711018, "xi_c_change": 0.0, "phase_sync_change": 0.04909532190865218, "epi_magnitude_change": 0.0, "hash_signature": "002c73500c0fcadd", "sequence_str": "IL -> UM -> RA -> ZHIR -> SHA"}