{"sequence": ["SHA", "VAL", "AL", "IL", "REMESH"], "coherence_change": 0.007970861845618127, "sense_index_change": -0.0008912105344774934, "phi_s_change": -0.0425753917032049, "grad_phi_change": 0.0, "k_phi_change": 0.0, "xi_c_change": 0.0, "phase_sync_change": 0.0, "epi_magnitude_change": 0.010514634458839045, "hash_signature": "d1161297636aa785", "sequence_str": "SHA -> VAL -> AL -> IL -> REMESH"}