{"sequence": ["IL", "ZHIR", "ZHIR", "AL", "SHA"], "coherence_change": 0.007352059565165603, "sense_index_change": 0.025341371936248303, "phi_s_change": 0.02534970054944019, "grad_phi_change": -0.016987074182835737, "k_phi_change": 0.2640465093431251, "xi_c_change": 0.0, "phase_sync_change": 0.006937925527834565, "epi_magnitude_change": 0.0022407245726356884, "hash_signature": "dfc5340003136b90", "sequence_str": "IL -> ZHIR -> ZHIR -> AL -> SHA"}