{"sequence": ["NUL", "RA", "RA", "UM", "REMESH"], "coherence_change": 0.0, "sense_index_change": 0.0933220207258596, "phi_s_change": 0.0, "grad_phi_change": -0.5198890940945675, "k_phi_change": 0.20416592663708083, "xi_c_change": 0.0, "phase_sync_change": 0.17387168362926364, "epi_magnitude_change": -0.017746870807513138, "hash_signature": "8c14f6d9cd552bd7", "sequence_str": "NUL -> RA -> RA -> UM -> REMESH"}