{"sequence": ["EN", "NAV", "UM", "VAL", "REMESH"], "coherence_change": 0.0, "sense_index_change": -0.002166467523075921, "phi_s_change": 0.0, "grad_phi_change": 0.025256798810675996, "k_phi_change": 0.17639543906153307, "xi_c_change": 0.0, "phase_sync_change": -0.009710169620284814, "epi_magnitude_change": 0.019436680001489792, "hash_signature": "8d2742b0548c0be2", "sequence_str": "EN -> NAV -> UM -> VAL -> REMESH"}