{"sequence": ["REMESH", "RA", "AL", "IL", "REMESH"], "coherence_change": 0.007301554061309723, "sense_index_change": 0.03533577517631914, "phi_s_change": -0.04259822193116425, "grad_phi_change": -0.05851282730582308, "k_phi_change": 0.2840844686221855, "xi_c_change": 0.0, "phase_sync_change": 0.01459451330839212, "epi_magnitude_change": -0.0058614372941823145, "hash_signature": "361a8198fe93f083", "sequence_str": "REMESH -> RA -> AL -> IL -> REMESH"}