{"sequence": ["VAL", "ZHIR", "THOL", "SHA"], "coherence_change": 0.0036483132656579542, "sense_index_change": 0.01821645416728568, "phi_s_change": -0.004081847432232055, "grad_phi_change": -0.02164208272472945, "k_phi_change": 0.1825289182720285, "xi_c_change": 0.0, "phase_sync_change": 0.006666666666666599, "epi_magnitude_change": 0.0089909784946135, "hash_signature": "c2ba1a36b9ca0459", "sequence_str": "VAL -> ZHIR -> THOL -> SHA"}