{"sequence": ["RA", "AL", "EN", "NUL", "NAV"], "coherence_change": 0.0, "sense_index_change": 0.011654074017742766, "phi_s_change": 0.0, "grad_phi_change": -0.06375862816332578, "k_phi_change": 0.263700211190537, "xi_c_change": 0.0, "phase_sync_change": 0.01955988598783076, "epi_magnitude_change": -0.013408308466463681, "hash_signature": "fd9e9a222f239e1a", "sequence_str": "RA -> AL -> EN -> NUL -> NAV"}