{"sequence": ["RA", "SHA", "IL", "OZ", "THOL", "REMESH"], "coherence_change": -0.0026231852572826675, "sense_index_change": 0.022205289232830272, "phi_s_change": -0.12012141045340796, "grad_phi_change": -0.03288916013079923, "k_phi_change": 0.008805381259689188, "xi_c_change": 0.0, "phase_sync_change": 0.003238263069973879, "epi_magnitude_change": 0.0012868855746905883, "hash_signature": "07e7754e1799e41c", "sequence_str": "RA -> SHA -> IL -> OZ -> THOL -> REMESH"}