{"sequence": ["NAV", "RA", "VAL", "REMESH"], "coherence_change": 0.0, "sense_index_change": 0.009986909674907785, "phi_s_change": 0.0, "grad_phi_change": -0.018247106567472526, "k_phi_change": 0.5862501362519088, "xi_c_change": 0.0, "phase_sync_change": -0.00033376370615079143, "epi_magnitude_change": 0.01541550117282875, "hash_signature": "ecf60daf3304cad1", "sequence_str": "NAV -> RA -> VAL -> REMESH"}