{"sequence": ["RA", "RA", "AL", "IL", "OZ"], "coherence_change": -0.006143376234328923, "sense_index_change": 0.032056966948625476, "phi_s_change": 0.155184655846193, "grad_phi_change": -0.09316503098543305, "k_phi_change": 0.0367160640988356, "xi_c_change": 0.0, "phase_sync_change": 0.01831223026205875, "epi_magnitude_change": 0.003007128320531738, "hash_signature": "b0623292f18f0096", "sequence_str": "RA -> RA -> AL -> IL -> OZ"}