{"sequence": ["NAV", "REMESH", "RA", "NAV"], "coherence_change": 0.0, "sense_index_change": 0.0174845792281052, "phi_s_change": 0.0, "grad_phi_change": -0.08157071384232739, "k_phi_change": 0.2124656118760772, "xi_c_change": 0.0, "phase_sync_change": 0.027514647291489003, "epi_magnitude_change": 0.0009061310200939587, "hash_signature": "ca1504d43e8e3a75", "sequence_str": "NAV -> REMESH -> RA -> NAV"}