{"sequence": ["IL", "ZHIR", "UM", "RA", "SHA"], "coherence_change": 0.006939365854170876, "sense_index_change": 0.006817329687185403, "phi_s_change": 0.04282414897905085, "grad_phi_change": -0.09758371532737886, "k_phi_change": 0.4406918412142748, "xi_c_change": 0.0, "phase_sync_change": 0.023754157767335138, "epi_magnitude_change": 0.0, "hash_signature": "1b64880d9fd2fab8", "sequence_str": "IL -> ZHIR -> UM -> RA -> SHA"}