{"sequence": ["AL", "ZHIR", "THOL", "NUL", "SHA"], "coherence_change": 0.0046418697067969195, "sense_index_change": -0.0030361544136663365, "phi_s_change": -0.02007817565921688, "grad_phi_change": 0.025495555922179447, "k_phi_change": 0.013702665928847502, "xi_c_change": 0.0, "phase_sync_change": -0.005395592057590881, "epi_magnitude_change": -0.01796850396402505, "hash_signature": "4705c72c12b1c129", "sequence_str": "AL -> ZHIR -> THOL -> NUL -> SHA"}