{"sequence": ["AL", "NUL", "THOL", "NUL", "OZ"], "coherence_change": -0.009567476422023158, "sense_index_change": 0.029829660495940824, "phi_s_change": 0.011607619551505466, "grad_phi_change": 0.0, "k_phi_change": 0.0, "xi_c_change": 0.0, "phase_sync_change": 0.0, "epi_magnitude_change": -0.02770797085255461, "hash_signature": "9ebe3c9244d20e1a", "sequence_str": "AL -> NUL -> THOL -> NUL -> OZ"}