{"sequence": ["EN", "REMESH", "EN", "IL", "EN", "SHA"], "coherence_change": 0.006916176934496088, "sense_index_change": 0.002952465023624562, "phi_s_change": 0.028871637978567066, "grad_phi_change": 0.0, "k_phi_change": 0.0, "xi_c_change": 0.0, "phase_sync_change": 0.0, "epi_magnitude_change": 0.001237069341927799, "hash_signature": "93a0a9871cb241e8", "sequence_str": "EN -> REMESH -> EN -> IL -> EN -> SHA"}