{"sequence": ["EN", "UM", "SHA"], "coherence_change": 0.0, "sense_index_change": 0.05105559724029207, "phi_s_change": 0.0, "grad_phi_change": -0.28743348432851223, "k_phi_change": 0.12090697957970957, "xi_c_change": 0.0, "phase_sync_change": 0.09688491413212252, "epi_magnitude_change": 0.0, "hash_signature": "8577be87d2d6e287", "sequence_str": "EN -> UM -> SHA"}