{"sequence": ["OZ", "VAL", "IL", "NAV", "SHA"], "coherence_change": -0.006550511851537988, "sense_index_change": 0.0008658235659523283, "phi_s_change": -0.059980530921180275, "grad_phi_change": 0.0, "k_phi_change": 0.0, "xi_c_change": 0.0, "phase_sync_change": 0.0, "epi_magnitude_change": 0.009088553107361896, "hash_signature": "915028a1e9792af9", "sequence_str": "OZ -> VAL -> IL -> NAV -> SHA"}