{"sequence": ["UM", "NUL", "AL", "UM", "REMESH"], "coherence_change": 0.0, "sense_index_change": 0.01833602997732886, "phi_s_change": 0.0, "grad_phi_change": -0.04961115473678768, "k_phi_change": 0.30229705148166175, "xi_c_change": 0.0, "phase_sync_change": 0.022192320881178618, "epi_magnitude_change": -0.0039631275639601116, "hash_signature": "6d03268863b8f584", "sequence_str": "UM -> NUL -> AL -> UM -> REMESH"}