{"sequence": ["AL", "REMESH", "ZHIR", "REMESH", "NUL", "REMESH"], "coherence_change": 0.0, "sense_index_change": 0.002191867771273781, "phi_s_change": 0.0, "grad_phi_change": 0.00034906585039906624, "k_phi_change": 0.0700915735734672, "xi_c_change": 0.0, "phase_sync_change": -0.0033333333333335213, "epi_magnitude_change": -0.02970101053710661, "hash_signature": "a5a72433313fdb46", "sequence_str": "AL -> REMESH -> ZHIR -> REMESH -> NUL -> REMESH"}