{"sequence": ["AL", "OZ", "ZHIR", "REMESH"], "coherence_change": -0.013637301192354734, "sense_index_change": 0.027527672808618342, "phi_s_change": -0.1522040879912483, "grad_phi_change": -0.018849555921538474, "k_phi_change": -0.025426313923353122, "xi_c_change": 0.0, "phase_sync_change": 0.0033333333333332993, "epi_magnitude_change": 0.007292058551007674, "hash_signature": "ee32f67f18bfb260", "sequence_str": "AL -> OZ -> ZHIR -> REMESH"}