{"sequence": ["AL", "RA", "NUL", "SHA"], "coherence_change": 0.0, "sense_index_change": 0.025528019042766248, "phi_s_change": 0.0, "grad_phi_change": -0.11428970952144435, "k_phi_change": 0.03447374188478872, "xi_c_change": 0.0, "phase_sync_change": 0.03213356102640852, "epi_magnitude_change": -0.01756488387486299, "hash_signature": "146742b631f39626", "sequence_str": "AL -> RA -> NUL -> SHA"}