{"sequence": ["EN", "VAL", "RA", "IL", "OZ"], "coherence_change": -0.0066969305488486786, "sense_index_change": 0.005053057538957573, "phi_s_change": -0.069736103913841, "grad_phi_change": 0.02442949209904044, "k_phi_change": 0.41288671331114896, "xi_c_change": 0.0, "phase_sync_change": -0.011718271901016264, "epi_magnitude_change": 0.009058489191810404, "hash_signature": "8f2352e2b613cad3", "sequence_str": "EN -> VAL -> RA -> IL -> OZ"}