{"sequence": ["AL", "REMESH", "ZHIR", "SHA"], "coherence_change": 0.0, "sense_index_change": -0.004900116093178641, "phi_s_change": 0.0, "grad_phi_change": -0.006288671674703705, "k_phi_change": 0.0013277608239258276, "xi_c_change": 0.0, "phase_sync_change": 0.007884192717192873, "epi_magnitude_change": 0.0032747569606773608, "hash_signature": "80c4b511729712a2", "sequence_str": "AL -> REMESH -> ZHIR -> SHA"}