{"sequence": ["THOL", "RA", "UM", "AL", "REMESH"], "coherence_change": 0.003692789639643035, "sense_index_change": 0.010375697882870627, "phi_s_change": -0.0330503778896174, "grad_phi_change": -0.03326017732445408, "k_phi_change": 0.4286266723605383, "xi_c_change": 0.0, "phase_sync_change": 0.0006309642321093989, "epi_magnitude_change": 9.145959218648247e-05, "hash_signature": "160525a168b4bca5", "sequence_str": "THOL -> RA -> UM -> AL -> REMESH"}