{"sequence": ["NAV", "IL", "OZ", "ZHIR", "SHA"], "coherence_change": -0.00327411327085958, "sense_index_change": -0.0021150151740064738, "phi_s_change": -0.0343883292224062, "grad_phi_change": 0.017881209851983382, "k_phi_change": 0.17789949746644262, "xi_c_change": 0.0, "phase_sync_change": -0.007929122574730996, "epi_magnitude_change": 0.0, "hash_signature": "6876299d9004f196", "sequence_str": "NAV -> IL -> OZ -> ZHIR -> SHA"}