{"sequence": ["RA", "UM", "OZ"], "coherence_change": -0.009740022923230396, "sense_index_change": 0.03531299896200435, "phi_s_change": 0.0844049403855548, "grad_phi_change": -0.2213050815665194, "k_phi_change": 0.12993518021024114, "xi_c_change": 0.0, "phase_sync_change": 0.06644733625186316, "epi_magnitude_change": 0.0, "hash_signature": "2e971f6c7ed47364", "sequence_str": "RA -> UM -> OZ"}