{"sequence": ["IL", "SHA", "NUL", "SHA"], "coherence_change": 0.007276181452880115, "sense_index_change": 0.001342281228821074, "phi_s_change": -0.030176726164254597, "grad_phi_change": 0.0, "k_phi_change": 0.0, "xi_c_change": 0.0, "phase_sync_change": 0.0, "epi_magnitude_change": -0.01600573261829019, "hash_signature": "846dee2812254718", "sequence_str": "IL -> SHA -> NUL -> SHA"}