{"sequence": ["NUL", "IL", "OZ"], "coherence_change": -0.007515293417292845, "sense_index_change": -0.005386439862426151, "phi_s_change": 0.09930016320976742, "grad_phi_change": 0.0, "k_phi_change": 0.0, "xi_c_change": 0.0, "phase_sync_change": 0.0, "epi_magnitude_change": -0.011535867366654462, "hash_signature": "c297a16f8b28aaba", "sequence_str": "NUL -> IL -> OZ"}