{"sequence": ["VAL", "ZHIR", "SHA", "EN", "THOL", "REMESH"], "coherence_change": 0.004935301521217794, "sense_index_change": 0.010270549452193745, "phi_s_change": -0.019396206949157224, "grad_phi_change": -0.0244058529209763, "k_phi_change": -0.006156756372398098, "xi_c_change": 0.0, "phase_sync_change": 0.009469104851670518, "epi_magnitude_change": 0.014012602540703023, "hash_signature": "a000202a4318c63c", "sequence_str": "VAL -> ZHIR -> SHA -> EN -> THOL -> REMESH"}