{"sequence": ["EN", "IL", "UM", "SHA", "UM", "NAV"], "coherence_change": 0.008892546695350001, "sense_index_change": 0.043657355929374586, "phi_s_change": 0.028896933024001314, "grad_phi_change": -0.2930966245362241, "k_phi_change": 0.06533820858522776, "xi_c_change": 0.0, "phase_sync_change": 0.09325437972822337, "epi_magnitude_change": 0.0, "hash_signature": "ec33e3ede55259f8", "sequence_str": "EN -> IL -> UM -> SHA -> UM -> NAV"}