{"sequence": ["NUL", "UM", "NUL", "AL", "OZ"], "coherence_change": -0.012378563440220813, "sense_index_change": 0.047107978979466614, "phi_s_change": -0.07851023298383475, "grad_phi_change": -0.21441557599191507, "k_phi_change": 0.2588923992366825, "xi_c_change": 0.0, "phase_sync_change": 0.0875589162800886, "epi_magnitude_change": -0.04230011985362103, "hash_signature": "da9847d19fd17be2", "sequence_str": "NUL -> UM -> NUL -> AL -> OZ"}