{"sequence": ["AL", "ZHIR", "UM", "NUL", "SHA"], "coherence_change": 0.0, "sense_index_change": 0.016130266051644804, "phi_s_change": 0.0, "grad_phi_change": -0.08030420176601138, "k_phi_change": 0.14013310133329396, "xi_c_change": 0.0, "phase_sync_change": 0.022521711173771775, "epi_magnitude_change": -0.021328596213840978, "hash_signature": "31ee3be7fbc03ff5", "sequence_str": "AL -> ZHIR -> UM -> NUL -> SHA"}