{"sequence": ["REMESH", "UM", "UM", "RA", "SHA"], "coherence_change": 0.0, "sense_index_change": 0.07375485175767094, "phi_s_change": 0.0, "grad_phi_change": -0.43118350880979417, "k_phi_change": 0.09738057164102298, "xi_c_change": 0.0, "phase_sync_change": 0.13370823009687294, "epi_magnitude_change": 0.0016841540929627419, "hash_signature": "c4ac8ecddbb7da3f", "sequence_str": "REMESH -> UM -> UM -> RA -> SHA"}