{"sequence": ["REMESH", "RA", "RA", "OZ"], "coherence_change": -0.011679640096841526, "sense_index_change": 0.01481171292421557, "phi_s_change": 0.08746781534038994, "grad_phi_change": -0.09287901036730184, "k_phi_change": 0.2649751514376215, "xi_c_change": 0.0, "phase_sync_change": 0.02304150673160832, "epi_magnitude_change": 0.0014169178340240896, "hash_signature": "ceed350ce6a09078", "sequence_str": "REMESH -> RA -> RA -> OZ"}