{"sequence": ["OZ", "EN", "REMESH", "NUL", "SHA"], "coherence_change": -0.013484669356622736, "sense_index_change": 4.1334766911482745e-05, "phi_s_change": -0.12578876688605556, "grad_phi_change": 0.0, "k_phi_change": 0.0, "xi_c_change": 0.0, "phase_sync_change": 0.0, "epi_magnitude_change": -0.020277405113450664, "hash_signature": "60ca899e1eac4801", "sequence_str": "OZ -> EN -> REMESH -> NUL -> SHA"}