{"sequence": ["AL", "NUL", "EN", "UM", "REMESH"], "coherence_change": 0.0, "sense_index_change": -0.026214251993499804, "phi_s_change": 0.0, "grad_phi_change": 0.07626764804276442, "k_phi_change": -0.13154947492040653, "xi_c_change": 0.0, "phase_sync_change": -0.03180348369855135, "epi_magnitude_change": -0.0068319112852296415, "hash_signature": "13932c3093a60e43", "sequence_str": "AL -> NUL -> EN -> UM -> REMESH"}