{"sequence": ["EN", "VAL", "RA", "IL", "REMESH"], "coherence_change": 0.008402384967296728, "sense_index_change": -0.013696161448426891, "phi_s_change": -0.009020758314964628, "grad_phi_change": 0.11170610436446116, "k_phi_change": 0.5348157218533931, "xi_c_change": 0.0, "phase_sync_change": -0.03670765614409066, "epi_magnitude_change": 0.02413184466889795, "hash_signature": "7e701e54d083da03", "sequence_str": "EN -> VAL -> RA -> IL -> REMESH"}