{"sequence": ["REMESH", "IL", "UM", "NUL", "OZ"], "coherence_change": 0.00016691244283650875, "sense_index_change": -0.017454966380600456, "phi_s_change": -0.11039663263707844, "grad_phi_change": 0.10463595441294848, "k_phi_change": 0.18552002749318072, "xi_c_change": 0.0, "phase_sync_change": -0.04319857830796947, "epi_magnitude_change": -0.010043025832372487, "hash_signature": "23b3c8d21e4e829b", "sequence_str": "REMESH -> IL -> UM -> NUL -> OZ"}