{"sequence": ["REMESH", "IL", "EN", "OZ"], "coherence_change": -0.015697158980179093, "sense_index_change": 0.017194075058850622, "phi_s_change": -0.21774198302819414, "grad_phi_change": 0.0, "k_phi_change": 0.0, "xi_c_change": 0.0, "phase_sync_change": 0.0, "epi_magnitude_change": 0.0017912922529544906, "hash_signature": "12ff523531dc9c20", "sequence_str": "REMESH -> IL -> EN -> OZ"}