{"sequence": ["AL", "NUL", "NUL", "REMESH", "RA", "NAV"], "coherence_change": 0.0, "sense_index_change": 0.0010413223371130709, "phi_s_change": 0.0, "grad_phi_change": 0.0023471681857882842, "k_phi_change": -0.09094204874723272, "xi_c_change": 0.0, "phase_sync_change": -0.009163671165390297, "epi_magnitude_change": -0.025786385290776925, "hash_signature": "9aac463d03cba9f4", "sequence_str": "AL -> NUL -> NUL -> REMESH -> RA -> NAV"}