{"sequence": ["SHA", "OZ", "VAL", "REMESH"], "coherence_change": -0.010363550666053767, "sense_index_change": -0.00109131242216709, "phi_s_change": 0.07214512586925959, "grad_phi_change": 0.0, "k_phi_change": 0.0, "xi_c_change": 0.0, "phase_sync_change": 0.0, "epi_magnitude_change": 0.013862195266273192, "hash_signature": "a3f8ed716ad26b23", "sequence_str": "SHA -> OZ -> VAL -> REMESH"}