{"sequence": ["VAL", "UM", "NAV", "UM", "ZHIR", "OZ"], "coherence_change": -0.010576164246555608, "sense_index_change": 0.018292983499502258, "phi_s_change": 0.004400566812327478, "grad_phi_change": -0.11161613647084256, "k_phi_change": 0.6202961522266608, "xi_c_change": 0.0, "phase_sync_change": 0.044289716458305484, "epi_magnitude_change": 0.010979163358914912, "hash_signature": "c6e397a5f4fe12e9", "sequence_str": "VAL -> UM -> NAV -> UM -> ZHIR -> OZ"}