{"sequence": ["REMESH", "ZHIR", "AL", "AL", "AL", "OZ"], "coherence_change": -0.014006634279973507, "sense_index_change": -0.015102836724144086, "phi_s_change": -0.11814153726674403, "grad_phi_change": 0.028274333882307934, "k_phi_change": 0.39079975675365064, "xi_c_change": 0.0, "phase_sync_change": -0.01000000000000012, "epi_magnitude_change": 0.008715426256747372, "hash_signature": "5cde4682aff7e942", "sequence_str": "REMESH -> ZHIR -> AL -> AL -> AL -> OZ"}