{"sequence": ["AL", "NAV", "REMESH", "RA", "OZ"], "coherence_change": -0.013417364796707965, "sense_index_change": 0.01877591867080841, "phi_s_change": 0.1193068155875946, "grad_phi_change": -0.04451623760161838, "k_phi_change": 0.23214576567249065, "xi_c_change": 0.0, "phase_sync_change": 0.007001893653990732, "epi_magnitude_change": -0.006327879288606009, "hash_signature": "01e435f142a21784", "sequence_str": "AL -> NAV -> REMESH -> RA -> OZ"}