{"sequence": ["NAV", "AL", "UM", "OZ", "NUL", "NAV"], "coherence_change": -0.011142543506031721, "sense_index_change": 0.05172670680190561, "phi_s_change": 0.10543627592109417, "grad_phi_change": -0.43724602632567455, "k_phi_change": -0.17620848124886257, "xi_c_change": 0.0, "phase_sync_change": 0.14322098343550882, "epi_magnitude_change": -0.010764423902435039, "hash_signature": "1d690cfde0e2c189", "sequence_str": "NAV -> AL -> UM -> OZ -> NUL -> NAV"}