{"sequence": ["RA", "THOL", "RA", "OZ"], "coherence_change": -0.006099522658663092, "sense_index_change": 0.02070478972529155, "phi_s_change": 0.06498693907844111, "grad_phi_change": -0.16071389107192102, "k_phi_change": -0.2380515012106409, "xi_c_change": 0.0, "phase_sync_change": 0.046039819930677406, "epi_magnitude_change": 0.0, "hash_signature": "cd13590f12d7fbad", "sequence_str": "RA -> THOL -> RA -> OZ"}