{"sequence": ["IL", "UM", "SHA", "REMESH", "NUL", "NAV"], "coherence_change": 0.005469633678502173, "sense_index_change": 0.07713847772169813, "phi_s_change": 0.021450652384014002, "grad_phi_change": -0.37684825939724087, "k_phi_change": 0.41096646465009945, "xi_c_change": 0.0, "phase_sync_change": 0.11955510150390813, "epi_magnitude_change": -0.01756168109009637, "hash_signature": "9c49d0ab65ec3174", "sequence_str": "IL -> UM -> SHA -> REMESH -> NUL -> NAV"}