{"sequence": ["EN", "OZ", "RA", "SHA", "OZ"], "coherence_change": -0.028511305266942233, "sense_index_change": 0.0011028655532654419, "phi_s_change": -0.12936670289809826, "grad_phi_change": -0.021052251313416814, "k_phi_change": -0.1851412289158894, "xi_c_change": 0.0, "phase_sync_change": 0.0030273816534599485, "epi_magnitude_change": 0.0, "hash_signature": "2cd2b1924e57aedb", "sequence_str": "EN -> OZ -> RA -> SHA -> OZ"}