{"sequence": ["THOL", "NUL", "REMESH", "VAL", "OZ"], "coherence_change": -0.006872833614145368, "sense_index_change": 0.02717101837990965, "phi_s_change": -0.10287187609273107, "grad_phi_change": 0.0, "k_phi_change": 0.0, "xi_c_change": 0.0, "phase_sync_change": 0.0, "epi_magnitude_change": -0.011131931534559936, "hash_signature": "53611a911ec8995e", "sequence_str": "THOL -> NUL -> REMESH -> VAL -> OZ"}