{"sequence": ["IL", "IL", "EN", "NUL", "REMESH"], "coherence_change": 0.012733085248133769, "sense_index_change": 0.008870088702773393, "phi_s_change": 0.16320092559453414, "grad_phi_change": 0.0, "k_phi_change": 0.0, "xi_c_change": 0.0, "phase_sync_change": 0.0, "epi_magnitude_change": -0.014693097226208707, "hash_signature": "56b88b3fb6597ad9", "sequence_str": "IL -> IL -> EN -> NUL -> REMESH"}