{"sequence": ["AL", "EN", "NUL", "OZ"], "coherence_change": -0.01435501999835298, "sense_index_change": -0.014652264237813906, "phi_s_change": -0.10348303038386408, "grad_phi_change": 0.0, "k_phi_change": 0.0, "xi_c_change": 0.0, "phase_sync_change": 0.0, "epi_magnitude_change": -0.009712919151206867, "hash_signature": "0dba69b0baafa523", "sequence_str": "AL -> EN -> NUL -> OZ"}