{"sequence": ["UM", "NAV", "VAL", "OZ"], "coherence_change": -0.016880103610192654, "sense_index_change": 0.011584563946067106, "phi_s_change": 0.017387719528950574, "grad_phi_change": 0.0005669247160793311, "k_phi_change": 0.37728277748359973, "xi_c_change": 0.0, "phase_sync_change": -0.004852528740894146, "epi_magnitude_change": 0.018125673807126708, "hash_signature": "52b86de4a8b13492", "sequence_str": "UM -> NAV -> VAL -> OZ"}