{"sequence": ["REMESH", "UM", "ZHIR", "THOL", "RA", "REMESH"], "coherence_change": 0.00484523234513512, "sense_index_change": 0.05951062060149881, "phi_s_change": 0.0022815873113659624, "grad_phi_change": -0.32250031351830977, "k_phi_change": 0.3323563835138523, "xi_c_change": 0.0, "phase_sync_change": 0.09080297786352998, "epi_magnitude_change": 0.0025561883670093266, "hash_signature": "f9b4492462b0ef29", "sequence_str": "REMESH -> UM -> ZHIR -> THOL -> RA -> REMESH"}