{"sequence": ["NAV", "EN", "EN", "RA", "RA", "OZ"], "coherence_change": -0.013232456638772705, "sense_index_change": 0.04530038299046146, "phi_s_change": 0.018746389618871984, "grad_phi_change": -0.14057821456003294, "k_phi_change": -0.014810420949148861, "xi_c_change": 0.0, "phase_sync_change": 0.0404922036062596, "epi_magnitude_change": 0.0, "hash_signature": "f040515d0c0a80b6", "sequence_str": "NAV -> EN -> EN -> RA -> RA -> OZ"}