{"sequence": ["VAL", "NAV", "OZ", "AL", "NAV"], "coherence_change": -0.013935992646812334, "sense_index_change": -0.0080601180085359, "phi_s_change": -0.0014464528693034495, "grad_phi_change": 0.0, "k_phi_change": 0.0, "xi_c_change": 0.0, "phase_sync_change": 0.0, "epi_magnitude_change": 0.01787986196290825, "hash_signature": "2b4f3698ecce188f", "sequence_str": "VAL -> NAV -> OZ -> AL -> NAV"}