{"sequence": ["AL", "UM", "REMESH", "EN", "THOL", "SHA"], "coherence_change": 0.005723236925078812, "sense_index_change": 0.040838820287773636, "phi_s_change": 0.05325967479875071, "grad_phi_change": -0.2012166320324149, "k_phi_change": 0.2456725663787751, "xi_c_change": 0.0, "phase_sync_change": 0.07243266008146831, "epi_magnitude_change": -0.0034060943798210896, "hash_signature": "e58375e59d0c866d", "sequence_str": "AL -> UM -> REMESH -> EN -> THOL -> SHA"}