{"sequence": ["NAV", "THOL", "REMESH", "AL", "NAV"], "coherence_change": 0.00601488563062158, "sense_index_change": -0.014382730774082808, "phi_s_change": 0.026375264718129898, "grad_phi_change": 0.0, "k_phi_change": 0.0, "xi_c_change": 0.0, "phase_sync_change": 0.0, "epi_magnitude_change": -0.0019183069618335935, "hash_signature": "9312aa14fa30865d", "sequence_str": "NAV -> THOL -> REMESH -> AL -> NAV"}