{"sequence": ["OZ", "OZ", "UM", "RA", "REMESH"], "coherence_change": -0.02902506481812306, "sense_index_change": 0.054141024479746, "phi_s_change": -0.19254047211321768, "grad_phi_change": -0.16440720117107377, "k_phi_change": 0.18422288329046688, "xi_c_change": 0.0, "phase_sync_change": 0.04308890960658862, "epi_magnitude_change": 0.0012806590011392727, "hash_signature": "57fa9d07dd4b080c", "sequence_str": "OZ -> OZ -> UM -> RA -> REMESH"}