{"sequence": ["SHA", "REMESH", "UM", "EN", "RA", "OZ"], "coherence_change": -0.015628794371539523, "sense_index_change": 0.03432889348614532, "phi_s_change": 0.03615095584125583, "grad_phi_change": -0.10913441842347815, "k_phi_change": -0.05131581387647291, "xi_c_change": 0.0, "phase_sync_change": 0.030914145486439115, "epi_magnitude_change": 0.0013413101188081145, "hash_signature": "37247bb41855fc3e", "sequence_str": "SHA -> REMESH -> UM -> EN -> RA -> OZ"}