{"sequence": ["UM", "SHA", "THOL", "UM", "UM", "OZ"], "coherence_change": -0.004748787841060809, "sense_index_change": 0.023855609257324772, "phi_s_change": -0.04314913772261453, "grad_phi_change": -0.228174414367871, "k_phi_change": 0.3910402425680207, "xi_c_change": 0.0, "phase_sync_change": 0.07964786241011657, "epi_magnitude_change": 0.0, "hash_signature": "db0c429707dd5ae7", "sequence_str": "UM -> SHA -> THOL -> UM -> UM -> OZ"}