{"sequence": ["SHA", "ZHIR", "AL", "SHA"], "coherence_change": 0.0, "sense_index_change": 0.008875289245036999, "phi_s_change": 0.0, "grad_phi_change": -0.03682061854259633, "k_phi_change": 0.31773721124963816, "xi_c_change": 0.0, "phase_sync_change": 0.013090333046125613, "epi_magnitude_change": -0.0001511121007548022, "hash_signature": "efd73bb01485bc0a", "sequence_str": "SHA -> ZHIR -> AL -> SHA"}