{"sequence": ["NUL", "REMESH", "IL", "NAV"], "coherence_change": 0.004887391135368402, "sense_index_change": 0.00344206855327589, "phi_s_change": 0.04329306631455532, "grad_phi_change": 0.0, "k_phi_change": 0.0, "xi_c_change": 0.0, "phase_sync_change": 0.0, "epi_magnitude_change": -0.013667996332229593, "hash_signature": "9ca1c32a20fdc29f", "sequence_str": "NUL -> REMESH -> IL -> NAV"}