{"sequence": ["OZ", "NAV", "VAL", "REMESH"], "coherence_change": -0.008257534493023466, "sense_index_change": -0.005924697209459651, "phi_s_change": -0.03752707571799818, "grad_phi_change": 0.0, "k_phi_change": 0.0, "xi_c_change": 0.0, "phase_sync_change": 0.0, "epi_magnitude_change": 0.007302106476878345, "hash_signature": "26916575bd1fa8e7", "sequence_str": "OZ -> NAV -> VAL -> REMESH"}