{"sequence": ["OZ", "VAL", "IL", "EN", "AL", "NAV"], "coherence_change": -0.0036098173049485816, "sense_index_change": -0.008923526263426906, "phi_s_change": -0.04181359845210342, "grad_phi_change": 0.0, "k_phi_change": 0.0, "xi_c_change": 0.0, "phase_sync_change": 0.0, "epi_magnitude_change": 0.02193313005708497, "hash_signature": "6f87826b43142c23", "sequence_str": "OZ -> VAL -> IL -> EN -> AL -> NAV"}