{"sequence": ["RA", "AL", "VAL", "VAL", "NAV"], "coherence_change": 0.0, "sense_index_change": 0.02191303667953315, "phi_s_change": 0.0, "grad_phi_change": -0.07231904385591048, "k_phi_change": 0.37067390841802544, "xi_c_change": 0.0, "phase_sync_change": 0.017706574408588582, "epi_magnitude_change": 0.03398429016559901, "hash_signature": "7c711c86a6b30dda", "sequence_str": "RA -> AL -> VAL -> VAL -> NAV"}