{"sequence": ["NUL", "THOL", "UM", "OZ"], "coherence_change": -0.00698321264086621, "sense_index_change": 0.038273729867136175, "phi_s_change": -0.12689720737637655, "grad_phi_change": -0.15143942520541165, "k_phi_change": 0.2687821791439397, "xi_c_change": 0.0, "phase_sync_change": 0.04804307643767125, "epi_magnitude_change": -0.005882488975547218, "hash_signature": "21998599a0868089", "sequence_str": "NUL -> THOL -> UM -> OZ"}