{"sequence": ["REMESH", "UM", "VAL", "THOL", "NUL", "REMESH"], "coherence_change": 0.005713850050116376, "sense_index_change": -0.002092512694158666, "phi_s_change": 0.04078269904534415, "grad_phi_change": -0.011296856804107858, "k_phi_change": -0.08131691598062518, "xi_c_change": 0.0, "phase_sync_change": -0.008885993115095081, "epi_magnitude_change": 0.003596312376118016, "hash_signature": "8841ee6814088d43", "sequence_str": "REMESH -> UM -> VAL -> THOL -> NUL -> REMESH"}