{"sequence": ["AL", "VAL", "IL", "SHA"], "coherence_change": 0.005873799670801816, "sense_index_change": 0.012298606117018718, "phi_s_change": 0.06403004354769493, "grad_phi_change": 0.0, "k_phi_change": 0.0, "xi_c_change": 0.0, "phase_sync_change": 0.0, "epi_magnitude_change": 0.02377832200832375, "hash_signature": "37a0fa0fe89b2162", "sequence_str": "AL -> VAL -> IL -> SHA"}