{"sequence": ["RA", "NUL", "VAL", "OZ"], "coherence_change": -0.012858964073324985, "sense_index_change": 0.02954593384462223, "phi_s_change": -0.04239933443091326, "grad_phi_change": -0.049617138459451704, "k_phi_change": -0.1886467168761231, "xi_c_change": 0.0, "phase_sync_change": 0.007369597304680342, "epi_magnitude_change": -0.0030327495889643785, "hash_signature": "116e0e28ece06a99", "sequence_str": "RA -> NUL -> VAL -> OZ"}