{"sequence": ["NAV", "AL", "ZHIR", "OZ", "AL", "OZ"], "coherence_change": -0.018831798691910873, "sense_index_change": 0.013051000296936732, "phi_s_change": -0.05064704682745136, "grad_phi_change": -0.06321138228111689, "k_phi_change": 0.06901207763760289, "xi_c_change": 0.0, "phase_sync_change": 0.020871999418635934, "epi_magnitude_change": -0.003724215566752509, "hash_signature": "6bbdb7dddd4b4d80", "sequence_str": "NAV -> AL -> ZHIR -> OZ -> AL -> OZ"}