{"sequence": ["RA", "RA", "REMESH", "VAL", "RA", "NAV"], "coherence_change": 0.0, "sense_index_change": 0.03354592402072898, "phi_s_change": 0.0, "grad_phi_change": -0.2744591177176394, "k_phi_change": 0.18752959427522037, "xi_c_change": 0.0, "phase_sync_change": 0.08070276610481675, "epi_magnitude_change": 0.014159956243643301, "hash_signature": "7fd78b7d6177e2ea", "sequence_str": "RA -> RA -> REMESH -> VAL -> RA -> NAV"}