{"sequence": ["THOL", "NUL", "EN", "SHA"], "coherence_change": 0.0027307502694985386, "sense_index_change": 0.0008160925904929783, "phi_s_change": -0.0016388301010176187, "grad_phi_change": 0.0, "k_phi_change": 0.0, "xi_c_change": 0.0, "phase_sync_change": 0.0, "epi_magnitude_change": -0.010007476643354662, "hash_signature": "377772935ebef724", "sequence_str": "THOL -> NUL -> EN -> SHA"}