{"sequence": ["NAV", "AL", "NAV", "EN", "OZ"], "coherence_change": -0.010135687873896515, "sense_index_change": -0.00589015627661682, "phi_s_change": -0.03559417584591362, "grad_phi_change": 0.0, "k_phi_change": 0.0, "xi_c_change": 0.0, "phase_sync_change": 0.0, "epi_magnitude_change": -0.00024235523374249723, "hash_signature": "38accd48333a76f7", "sequence_str": "NAV -> AL -> NAV -> EN -> OZ"}