{"sequence": ["SHA", "UM", "AL", "OZ"], "coherence_change": -0.011611631907799902, "sense_index_change": -0.00893920719620489, "phi_s_change": 0.046849364792634574, "grad_phi_change": 0.025106864153990882, "k_phi_change": -0.2668135168080642, "xi_c_change": 0.0, "phase_sync_change": -0.014271575058657282, "epi_magnitude_change": -0.00909479778904776, "hash_signature": "77abcd12f59d125e", "sequence_str": "SHA -> UM -> AL -> OZ"}