{"sequence": ["NAV", "RA", "REMESH"], "coherence_change": 0.0, "sense_index_change": 0.00114650668371985, "phi_s_change": 0.0, "grad_phi_change": -0.0028125876692253193, "k_phi_change": 0.13983754019019923, "xi_c_change": 0.0, "phase_sync_change": -0.005473674879556301, "epi_magnitude_change": 0.0011013486490817348, "hash_signature": "08e97c0a397511f3", "sequence_str": "NAV -> RA -> REMESH"}