{"sequence": ["NAV", "NAV", "UM", "EN", "EN", "NAV"], "coherence_change": 0.0, "sense_index_change": 0.000297004579404736, "phi_s_change": 0.0, "grad_phi_change": -0.043448671768373526, "k_phi_change": 0.12999020765831512, "xi_c_change": 0.0, "phase_sync_change": 0.013332693234014092, "epi_magnitude_change": 0.0, "hash_signature": "1a9d89989e882968", "sequence_str": "NAV -> NAV -> UM -> EN -> EN -> NAV"}