{"sequence": ["REMESH", "NAV", "ZHIR", "ZHIR", "OZ"], "coherence_change": -0.01416014924437281, "sense_index_change": 0.0067100376470491385, "phi_s_change": 0.004861662444279546, "grad_phi_change": -0.04961502641919924, "k_phi_change": 0.11290690611776269, "xi_c_change": 0.0, "phase_sync_change": 0.0183821870936286, "epi_magnitude_change": 0.0013259025693539428, "hash_signature": "031939f55219121f", "sequence_str": "REMESH -> NAV -> ZHIR -> ZHIR -> OZ"}