{"sequence": ["AL", "NAV", "ZHIR", "THOL", "SHA"], "coherence_change": 0.0037311160743649374, "sense_index_change": 0.021462547179116442, "phi_s_change": 0.03779545744470536, "grad_phi_change": -0.050542001438987905, "k_phi_change": 0.19781687094814024, "xi_c_change": 0.0, "phase_sync_change": 0.016080815005775073, "epi_magnitude_change": 0.0040652605788901175, "hash_signature": "b9db214daadbd282", "sequence_str": "AL -> NAV -> ZHIR -> THOL -> SHA"}