{"sequence": ["RA", "EN", "NAV", "REMESH", "IL", "REMESH"], "coherence_change": 0.007101778100384815, "sense_index_change": 0.005587753875516355, "phi_s_change": 0.08887198286544684, "grad_phi_change": 0.012207225790566323, "k_phi_change": 0.3226615216266772, "xi_c_change": 0.0, "phase_sync_change": -0.0017228032403754368, "epi_magnitude_change": 0.002339511127862237, "hash_signature": "5802e15be3e7d0f3", "sequence_str": "RA -> EN -> NAV -> REMESH -> IL -> REMESH"}