{"sequence": ["VAL", "SHA", "SHA", "ZHIR", "NAV"], "coherence_change": 0.0, "sense_index_change": 0.022113176073504937, "phi_s_change": 0.0, "grad_phi_change": -0.031101681971740902, "k_phi_change": 0.3015947379552426, "xi_c_change": 0.0, "phase_sync_change": 0.010081143331836073, "epi_magnitude_change": 0.018804376842320503, "hash_signature": "798819b0cd549d0c", "sequence_str": "VAL -> SHA -> SHA -> ZHIR -> NAV"}