{"sequence": ["REMESH", "SHA", "ZHIR", "RA", "NAV"], "coherence_change": 0.0, "sense_index_change": 0.03134138417884713, "phi_s_change": 0.0, "grad_phi_change": -0.09108387462358691, "k_phi_change": 0.1833955303054579, "xi_c_change": 0.0, "phase_sync_change": 0.03671830120815611, "epi_magnitude_change": 0.0015652743538574487, "hash_signature": "d569683474f262ba", "sequence_str": "REMESH -> SHA -> ZHIR -> RA -> NAV"}