{"sequence": ["AL", "SHA", "NUL", "RA", "SHA"], "coherence_change": 0.0, "sense_index_change": -0.03553622341539414, "phi_s_change": 0.0, "grad_phi_change": 0.1446623174682269, "k_phi_change": 0.23241334509511258, "xi_c_change": 0.0, "phase_sync_change": -0.058166635711536685, "epi_magnitude_change": -0.015237186849143769, "hash_signature": "1396e91c9ae06f99", "sequence_str": "AL -> SHA -> NUL -> RA -> SHA"}