{"sequence": ["VAL", "RA", "OZ", "ZHIR", "OZ"], "coherence_change": -0.024563315615104275, "sense_index_change": -0.02028238226364537, "phi_s_change": -0.147166620599531, "grad_phi_change": 0.014251018998792997, "k_phi_change": 0.1621663875859619, "xi_c_change": 0.0, "phase_sync_change": -0.010656723977572558, "epi_magnitude_change": 0.017305763734180357, "hash_signature": "0a471659c0b5ccb8", "sequence_str": "VAL -> RA -> OZ -> ZHIR -> OZ"}