{"sequence": ["REMESH", "NUL", "IL", "ZHIR", "UM", "NAV"], "coherence_change": 0.007688260547322967, "sense_index_change": -0.0010631423057728684, "phi_s_change": -0.04827743765591108, "grad_phi_change": 0.08918641849584485, "k_phi_change": 0.15496505608170807, "xi_c_change": 0.0, "phase_sync_change": -0.03676245464065531, "epi_magnitude_change": -0.012965736346171153, "hash_signature": "dac956e1ec864b18", "sequence_str": "REMESH -> NUL -> IL -> ZHIR -> UM -> NAV"}