{"sequence": ["ZHIR", "EN", "VAL", "NAV"], "coherence_change": 0.0, "sense_index_change": 0.0005731583440646837, "phi_s_change": 0.0, "grad_phi_change": 0.029925086121465494, "k_phi_change": -0.1337330832498313, "xi_c_change": 0.0, "phase_sync_change": -0.010585702153997123, "epi_magnitude_change": 0.012885751560686942, "hash_signature": "54226e727a5616d7", "sequence_str": "ZHIR -> EN -> VAL -> NAV"}