{"sequence": ["UM", "THOL", "AL", "REMESH", "SHA"], "coherence_change": 0.003498219207370701, "sense_index_change": 0.017657686705968012, "phi_s_change": 0.0443610365842102, "grad_phi_change": -0.07128795199748783, "k_phi_change": -0.058681845464250426, "xi_c_change": 0.0, "phase_sync_change": 0.021264054322743253, "epi_magnitude_change": 0.0103942241963344, "hash_signature": "340810c90f0e3d3e", "sequence_str": "UM -> THOL -> AL -> REMESH -> SHA"}