{"sequence": ["UM", "OZ", "UM", "ZHIR", "NAV"], "coherence_change": -0.013618051807582687, "sense_index_change": 0.07451545896367162, "phi_s_change": -0.11196744005890014, "grad_phi_change": -0.3735837205026544, "k_phi_change": 0.39477525843181116, "xi_c_change": 0.0, "phase_sync_change": 0.11055589381246467, "epi_magnitude_change": 0.0, "hash_signature": "165c6284dcdb6290", "sequence_str": "UM -> OZ -> UM -> ZHIR -> NAV"}