{"sequence": ["RA", "SHA", "ZHIR", "REMESH"], "coherence_change": 0.0, "sense_index_change": 0.004866874949590261, "phi_s_change": 0.0, "grad_phi_change": -0.026651002100813503, "k_phi_change": 0.10022251576400848, "xi_c_change": 0.0, "phase_sync_change": 0.013144482010997383, "epi_magnitude_change": 0.0016481419880540749, "hash_signature": "a362f3a4ea34ccb4", "sequence_str": "RA -> SHA -> ZHIR -> REMESH"}