{"sequence": ["NUL", "UM", "SHA", "NUL", "SHA"], "coherence_change": 0.0, "sense_index_change": 0.00992526270295857, "phi_s_change": 0.0, "grad_phi_change": -0.14915299340269872, "k_phi_change": -0.03696890935572433, "xi_c_change": 0.0, "phase_sync_change": 0.049493532335289525, "epi_magnitude_change": -0.03175889638645035, "hash_signature": "7fe7a844669a003d", "sequence_str": "NUL -> UM -> SHA -> NUL -> SHA"}