{"sequence": ["OZ", "NAV", "RA", "NUL", "EN", "OZ"], "coherence_change": -0.031195030974976667, "sense_index_change": 0.015107544355022151, "phi_s_change": -0.20444407627767314, "grad_phi_change": -0.02563413719970775, "k_phi_change": 0.042271543720561744, "xi_c_change": 0.0, "phase_sync_change": 0.003730447681852045, "epi_magnitude_change": -0.02390080455898358, "hash_signature": "7a8abb9c28bf7a83", "sequence_str": "OZ -> NAV -> RA -> NUL -> EN -> OZ"}