{"sequence": ["AL", "IL", "IL", "RA", "REMESH"], "coherence_change": 0.019437786091091813, "sense_index_change": 0.007370331450733292, "phi_s_change": 0.061116707820476734, "grad_phi_change": -0.025823981514517813, "k_phi_change": 0.219884873732731, "xi_c_change": 0.0, "phase_sync_change": 0.002253238871663954, "epi_magnitude_change": 0.0017504541718462718, "hash_signature": "c31e7e31754f0557", "sequence_str": "AL -> IL -> IL -> RA -> REMESH"}