{"sequence": ["VAL", "UM", "UM", "SHA"], "coherence_change": 0.0, "sense_index_change": 0.022564246918838404, "phi_s_change": 0.0, "grad_phi_change": -0.13250917440134047, "k_phi_change": 0.07158958578413767, "xi_c_change": 0.0, "phase_sync_change": 0.035525785270495214, "epi_magnitude_change": 0.02535640113587878, "hash_signature": "102f4561f24da43f", "sequence_str": "VAL -> UM -> UM -> SHA"}