{"sequence": ["NAV", "ZHIR", "REMESH", "UM", "VAL", "OZ"], "coherence_change": -0.015548304882074482, "sense_index_change": 0.03688471435404572, "phi_s_change": -0.22971894557532369, "grad_phi_change": -0.06821710137621628, "k_phi_change": -0.12771098163692973, "xi_c_change": 0.0, "phase_sync_change": 0.016398971874180046, "epi_magnitude_change": 0.021412651889734846, "hash_signature": "e73c25079f126b9d", "sequence_str": "NAV -> ZHIR -> REMESH -> UM -> VAL -> OZ"}