{"sequence": ["THOL", "RA", "REMESH", "ZHIR", "SHA"], "coherence_change": 0.005510102683917606, "sense_index_change": 0.00028999904882698324, "phi_s_change": 0.03429800214538781, "grad_phi_change": -0.030791691595916548, "k_phi_change": 0.08830684803356224, "xi_c_change": 0.0, "phase_sync_change": 0.002711657457727612, "epi_magnitude_change": 0.0011095877799335296, "hash_signature": "26c44eff41ac680a", "sequence_str": "THOL -> RA -> REMESH -> ZHIR -> SHA"}