{"sequence": ["VAL", "EN", "OZ", "RA", "NAV"], "coherence_change": -0.010998495575087919, "sense_index_change": 0.016772811203533355, "phi_s_change": -0.01713236108279892, "grad_phi_change": 0.024174921398096183, "k_phi_change": 0.41204027931434184, "xi_c_change": 0.0, "phase_sync_change": -0.010960245419758707, "epi_magnitude_change": 0.012402794112934878, "hash_signature": "a02d1546030ccb9c", "sequence_str": "VAL -> EN -> OZ -> RA -> NAV"}