{"sequence": ["AL", "VAL", "NAV", "EN", "ZHIR", "SHA"], "coherence_change": 0.0, "sense_index_change": 0.003407408866011208, "phi_s_change": 0.0, "grad_phi_change": 0.05568772768612695, "k_phi_change": 0.012535427454634429, "xi_c_change": 0.0, "phase_sync_change": -0.016685502011153153, "epi_magnitude_change": 0.015633316307331446, "hash_signature": "f83104eba990c169", "sequence_str": "AL -> VAL -> NAV -> EN -> ZHIR -> SHA"}