{"sequence": ["NUL", "REMESH", "EN", "IL", "REMESH"], "coherence_change": 0.008754182177323155, "sense_index_change": 0.0061321304370712815, "phi_s_change": -0.0012666188127389288, "grad_phi_change": 0.0, "k_phi_change": 0.0, "xi_c_change": 0.0, "phase_sync_change": 0.0, "epi_magnitude_change": -0.012439412498712943, "hash_signature": "615d4e963293b22c", "sequence_str": "NUL -> REMESH -> EN -> IL -> REMESH"}