{"sequence": ["IL", "THOL", "RA", "UM", "SHA"], "coherence_change": 0.011729179853959715, "sense_index_change": 0.05696588132155789, "phi_s_change": 0.008504659095389666, "grad_phi_change": -0.26083296307014137, "k_phi_change": 0.1981631902861981, "xi_c_change": 0.0, "phase_sync_change": 0.08319453137150834, "epi_magnitude_change": 0.0, "hash_signature": "9a005987caaa7365", "sequence_str": "IL -> THOL -> RA -> UM -> SHA"}