{"sequence": ["OZ", "RA", "REMESH"], "coherence_change": -0.008976132203418863, "sense_index_change": 0.004622406098059639, "phi_s_change": -0.031071988571009457, "grad_phi_change": -0.041302774321126945, "k_phi_change": -0.003576900921396009, "xi_c_change": 0.0, "phase_sync_change": 0.011036194049442782, "epi_magnitude_change": 0.0017646581669918948, "hash_signature": "f6edb86d7ee6d3eb", "sequence_str": "OZ -> RA -> REMESH"}