{"sequence": ["REMESH", "REMESH", "UM", "AL", "OZ"], "coherence_change": -0.010240594780627998, "sense_index_change": -0.00951624806781759, "phi_s_change": -0.01990232267369596, "grad_phi_change": 0.020533344260294184, "k_phi_change": 0.13605082223369236, "xi_c_change": 0.0, "phase_sync_change": -0.0027638332370909513, "epi_magnitude_change": 0.005029440437854582, "hash_signature": "1699f5e50596067b", "sequence_str": "REMESH -> REMESH -> UM -> AL -> OZ"}