{"sequence": ["THOL", "RA", "SHA", "IL", "REMESH"], "coherence_change": 0.013835809249369335, "sense_index_change": 0.003086962732236076, "phi_s_change": 0.025354018238794462, "grad_phi_change": -0.022753960178644617, "k_phi_change": 0.5213603946400808, "xi_c_change": 0.0, "phase_sync_change": -0.0032611527252282, "epi_magnitude_change": 0.0013339055087485674, "hash_signature": "8a49fd0ed7ea8a25", "sequence_str": "THOL -> RA -> SHA -> IL -> REMESH"}