{"sequence": ["VAL", "ZHIR", "NUL", "RA", "IL", "REMESH"], "coherence_change": 0.008370822912589615, "sense_index_change": 0.003710863136663911, "phi_s_change": 0.09854131221205231, "grad_phi_change": -0.035224904613773145, "k_phi_change": 0.12251947488166856, "xi_c_change": 0.0, "phase_sync_change": 0.005178361807837706, "epi_magnitude_change": 0.007844345980941303, "hash_signature": "bc427297c77cce5d", "sequence_str": "VAL -> ZHIR -> NUL -> RA -> IL -> REMESH"}