{"sequence": ["RA", "NUL", "ZHIR", "REMESH"], "coherence_change": 0.0, "sense_index_change": 0.024284114305457627, "phi_s_change": 0.0, "grad_phi_change": -0.13716906213084368, "k_phi_change": 0.04105838313345714, "xi_c_change": 0.0, "phase_sync_change": 0.047105948608420545, "epi_magnitude_change": -0.020582190360023733, "hash_signature": "6333003c9413460f", "sequence_str": "RA -> NUL -> ZHIR -> REMESH"}