{"sequence": ["ZHIR", "AL", "RA", "OZ"], "coherence_change": -0.007366152163846507, "sense_index_change": 0.0019565518524981007, "phi_s_change": 0.0008638546506861688, "grad_phi_change": -0.022589924981466947, "k_phi_change": 0.21612170388125523, "xi_c_change": 0.0, "phase_sync_change": -0.0003330774528685909, "epi_magnitude_change": 0.004558359634839637, "hash_signature": "095ea911e1c49193", "sequence_str": "ZHIR -> AL -> RA -> OZ"}