{"sequence": ["NAV", "ZHIR", "UM", "SHA"], "coherence_change": 0.0, "sense_index_change": 0.007862952426030412, "phi_s_change": 0.0, "grad_phi_change": -0.025496881000276472, "k_phi_change": 0.3229029928507652, "xi_c_change": 0.0, "phase_sync_change": 0.007061257052852321, "epi_magnitude_change": 0.0, "hash_signature": "94564cdc4fa57922", "sequence_str": "NAV -> ZHIR -> UM -> SHA"}