{"sequence": ["REMESH", "UM", "NAV", "THOL", "NAV"], "coherence_change": 0.0053835557455652605, "sense_index_change": 0.010276483559358396, "phi_s_change": -0.03898670917270586, "grad_phi_change": -0.048697395664217824, "k_phi_change": -0.027517539703059507, "xi_c_change": 0.0, "phase_sync_change": 0.021964401645067744, "epi_magnitude_change": 0.0015503654769303266, "hash_signature": "eaebf0cf0269679c", "sequence_str": "REMESH -> UM -> NAV -> THOL -> NAV"}