{"sequence": ["VAL", "AL", "OZ", "AL", "NAV"], "coherence_change": -0.011167908516235614, "sense_index_change": -0.012406907462042205, "phi_s_change": -0.04885730249391573, "grad_phi_change": 0.0, "k_phi_change": 0.0, "xi_c_change": 0.0, "phase_sync_change": 0.0, "epi_magnitude_change": 0.02066676870793649, "hash_signature": "7970b0d6f45ab6fb", "sequence_str": "VAL -> AL -> OZ -> AL -> NAV"}