{"sequence": ["NAV", "RA", "IL", "NUL", "OZ"], "coherence_change": -0.009815526091896065, "sense_index_change": 0.04048238919211711, "phi_s_change": -0.024960038665395312, "grad_phi_change": -0.021575286699572205, "k_phi_change": 0.30583880702072885, "xi_c_change": 0.0, "phase_sync_change": 0.005184205163240474, "epi_magnitude_change": -0.007249443179039861, "hash_signature": "b0d1f35ce67a381d", "sequence_str": "NAV -> RA -> IL -> NUL -> OZ"}