{"sequence": ["SHA", "THOL", "UM", "REMESH"], "coherence_change": 0.002932181277984669, "sense_index_change": 0.03040097831460431, "phi_s_change": -0.002232203445091452, "grad_phi_change": -0.08208503694113967, "k_phi_change": 0.06297108933557488, "xi_c_change": 0.0, "phase_sync_change": 0.03600543370508602, "epi_magnitude_change": 0.0009504959854689243, "hash_signature": "7ab039a23d706e66", "sequence_str": "SHA -> THOL -> UM -> REMESH"}