{"sequence": ["REMESH", "THOL", "UM", "SHA"], "coherence_change": 0.003807063189003701, "sense_index_change": 0.0304097925885205, "phi_s_change": 0.01804752852379543, "grad_phi_change": -0.16230700417904576, "k_phi_change": -0.047259950747613105, "xi_c_change": 0.0, "phase_sync_change": 0.05893911965923493, "epi_magnitude_change": 0.0016818015018859045, "hash_signature": "a9d5c652bf518b23", "sequence_str": "REMESH -> THOL -> UM -> SHA"}