{"sequence": ["SHA", "VAL", "IL", "NUL", "AL", "OZ"], "coherence_change": -0.007825076935011999, "sense_index_change": 0.01372048906567136, "phi_s_change": -0.15642035562031797, "grad_phi_change": 0.0, "k_phi_change": 0.0, "xi_c_change": 0.0, "phase_sync_change": 0.0, "epi_magnitude_change": 0.005207717329782202, "hash_signature": "b518fb40f7664420", "sequence_str": "SHA -> VAL -> IL -> NUL -> AL -> OZ"}