{"sequence": ["AL", "ZHIR", "ZHIR", "ZHIR", "SHA"], "coherence_change": 0.0, "sense_index_change": 0.007583096959833946, "phi_s_change": 0.0, "grad_phi_change": 0.008172856143676688, "k_phi_change": 0.5248484905952537, "xi_c_change": 0.0, "phase_sync_change": -0.007237666785241514, "epi_magnitude_change": 0.010278342663030182, "hash_signature": "4620c903931e46eb", "sequence_str": "AL -> ZHIR -> ZHIR -> ZHIR -> SHA"}