{"sequence": ["NAV", "THOL", "AL", "REMESH"], "coherence_change": 0.004340304946693796, "sense_index_change": 0.006309779692444173, "phi_s_change": -0.01948222892246465, "grad_phi_change": 0.0, "k_phi_change": 0.0, "xi_c_change": 0.0, "phase_sync_change": 0.0, "epi_magnitude_change": -0.00534640597688274, "hash_signature": "1af3ac175195eb62", "sequence_str": "NAV -> THOL -> AL -> REMESH"}