{"sequence": ["IL", "AL", "OZ", "AL", "UM", "SHA"], "coherence_change": 0.0008707204658958689, "sense_index_change": 0.018501424794548194, "phi_s_change": 0.0268008169351156, "grad_phi_change": -0.15441986092877236, "k_phi_change": 0.5007826723534653, "xi_c_change": 0.0, "phase_sync_change": 0.042380554011781535, "epi_magnitude_change": -0.003942910653805476, "hash_signature": "969cc089b4b206f2", "sequence_str": "IL -> AL -> OZ -> AL -> UM -> SHA"}