{"sequence": ["NAV", "NAV", "ZHIR", "SHA"], "coherence_change": 0.0, "sense_index_change": 0.015970767107134964, "phi_s_change": 0.0, "grad_phi_change": -0.05866612450922659, "k_phi_change": -0.03569715688833869, "xi_c_change": 0.0, "phase_sync_change": 0.02255956379706514, "epi_magnitude_change": 0.0, "hash_signature": "a8c5d080d971ae26", "sequence_str": "NAV -> NAV -> ZHIR -> SHA"}