{"sequence": ["IL", "OZ", "VAL", "VAL", "SHA"], "coherence_change": -0.003928386432079489, "sense_index_change": 0.010469672573086952, "phi_s_change": 0.055897406888047785, "grad_phi_change": 0.0, "k_phi_change": 0.0, "xi_c_change": 0.0, "phase_sync_change": 0.0, "epi_magnitude_change": 0.02388830281750387, "hash_signature": "d15161926c46ab17", "sequence_str": "IL -> OZ -> VAL -> VAL -> SHA"}