{"sequence": ["RA", "SHA", "IL", "NAV"], "coherence_change": 0.007865224295748208, "sense_index_change": 0.0187641210375723, "phi_s_change": 0.03722995292338205, "grad_phi_change": -0.0420691324924658, "k_phi_change": -0.09002288114231899, "xi_c_change": 0.0, "phase_sync_change": 0.009306979206614274, "epi_magnitude_change": 0.0, "hash_signature": "1d1f50b49cecd03f", "sequence_str": "RA -> SHA -> IL -> NAV"}