{"sequence": ["VAL", "IL", "OZ"], "coherence_change": -0.004683012776898199, "sense_index_change": 0.006463678032044395, "phi_s_change": -0.027769202087149614, "grad_phi_change": 0.0, "k_phi_change": 0.0, "xi_c_change": 0.0, "phase_sync_change": 0.0, "epi_magnitude_change": 0.011991298068280809, "hash_signature": "d59cb691d819a05b", "sequence_str": "VAL -> IL -> OZ"}