{"sequence": ["NAV", "IL", "NUL", "OZ"], "coherence_change": -0.00831881145442237, "sense_index_change": 0.011517865894486778, "phi_s_change": -0.10226940029603604, "grad_phi_change": 0.0, "k_phi_change": 0.0, "xi_c_change": 0.0, "phase_sync_change": 0.0, "epi_magnitude_change": -0.0064238192931102, "hash_signature": "10b31e949e7fc7bc", "sequence_str": "NAV -> IL -> NUL -> OZ"}