{"sequence": ["ZHIR", "SHA", "THOL", "UM", "VAL", "SHA"], "coherence_change": 0.006535934442836067, "sense_index_change": 0.0061719444435611726, "phi_s_change": 0.030225525210395232, "grad_phi_change": 0.01672882921372243, "k_phi_change": -0.018534345303343247, "xi_c_change": 0.0, "phase_sync_change": -0.009289469577552611, "epi_magnitude_change": 0.00924229214818717, "hash_signature": "9984ce86ddbc63f4", "sequence_str": "ZHIR -> SHA -> THOL -> UM -> VAL -> SHA"}