{"sequence": ["UM", "NUL", "REMESH", "VAL", "EN", "REMESH"], "coherence_change": 0.0, "sense_index_change": 0.021533409945159954, "phi_s_change": 0.0, "grad_phi_change": -0.10356257656126111, "k_phi_change": 0.166790842833872, "xi_c_change": 0.0, "phase_sync_change": 0.040822119659506884, "epi_magnitude_change": 0.006337079846770455, "hash_signature": "69ea09d3c66407ef", "sequence_str": "UM -> NUL -> REMESH -> VAL -> EN -> REMESH"}