{"sequence": ["RA", "AL", "VAL", "RA", "ZHIR", "REMESH"], "coherence_change": 0.0, "sense_index_change": 0.06324748997743013, "phi_s_change": 0.0, "grad_phi_change": -0.37351638921761143, "k_phi_change": 0.3134322530782545, "xi_c_change": 0.0, "phase_sync_change": 0.1226065175335368, "epi_magnitude_change": 0.020480766969439568, "hash_signature": "024b984b95fd0393", "sequence_str": "RA -> AL -> VAL -> RA -> ZHIR -> REMESH"}