{"sequence": ["NUL", "NUL", "ZHIR", "THOL", "REMESH"], "coherence_change": 0.003612084408172511, "sense_index_change": -0.017957024958961065, "phi_s_change": 0.005439630684280994, "grad_phi_change": 0.06529686284061675, "k_phi_change": 0.2547002640328464, "xi_c_change": 0.0, "phase_sync_change": -0.02015724418099174, "epi_magnitude_change": -0.03911700404872143, "hash_signature": "38c5869f6ad8c933", "sequence_str": "NUL -> NUL -> ZHIR -> THOL -> REMESH"}