{"sequence": ["OZ", "UM", "SHA", "EN", "OZ"], "coherence_change": -0.030621083342425526, "sense_index_change": 0.01877291803238179, "phi_s_change": -0.15341351258810265, "grad_phi_change": 0.020026522266982205, "k_phi_change": 0.35319154528960056, "xi_c_change": 0.0, "phase_sync_change": -0.01113035904077242, "epi_magnitude_change": 0.0, "hash_signature": "85c0d602480c1351", "sequence_str": "OZ -> UM -> SHA -> EN -> OZ"}