{"sequence": ["NAV", "IL", "RA", "VAL", "NAV"], "coherence_change": 0.008032754254335583, "sense_index_change": 0.01633336380416206, "phi_s_change": -0.05112815424893413, "grad_phi_change": 0.006055149057534459, "k_phi_change": 0.40548292477275427, "xi_c_change": 0.0, "phase_sync_change": -0.007639804604304468, "epi_magnitude_change": 0.0179398870292381, "hash_signature": "12896f56a98106ea", "sequence_str": "NAV -> IL -> RA -> VAL -> NAV"}