{"sequence": ["OZ", "SHA", "AL", "SHA"], "coherence_change": -0.017707492500886657, "sense_index_change": 0.004212367933215111, "phi_s_change": 0.03634909732032887, "grad_phi_change": 0.0, "k_phi_change": 0.0, "xi_c_change": 0.0, "phase_sync_change": 0.0, "epi_magnitude_change": -0.005795496832849745, "hash_signature": "a9c9bbbf7a55efc9", "sequence_str": "OZ -> SHA -> AL -> SHA"}