{"sequence": ["REMESH", "UM", "IL", "RA", "AL", "NAV"], "coherence_change": 0.0073146632879589335, "sense_index_change": 0.06464766470719518, "phi_s_change": 0.06100404176180363, "grad_phi_change": -0.2933776015583507, "k_phi_change": 0.2569020531834863, "xi_c_change": 0.0, "phase_sync_change": 0.10290071800758349, "epi_magnitude_change": 0.002300312576696384, "hash_signature": "3dd5b6dac123712b", "sequence_str": "REMESH -> UM -> IL -> RA -> AL -> NAV"}