{"sequence": ["REMESH", "ZHIR", "NAV", "REMESH", "ZHIR", "NAV"], "coherence_change": 0.0, "sense_index_change": -0.01774248159262498, "phi_s_change": 0.0, "grad_phi_change": 0.061175526806729774, "k_phi_change": -0.2725879374476505, "xi_c_change": 0.0, "phase_sync_change": -0.02321185591818742, "epi_magnitude_change": 0.002391162674366565, "hash_signature": "cbba22030823a556", "sequence_str": "REMESH -> ZHIR -> NAV -> REMESH -> ZHIR -> NAV"}