{"sequence": ["THOL", "SHA", "NUL", "REMESH", "RA", "NAV"], "coherence_change": 0.004910151823211528, "sense_index_change": -0.002985151419480303, "phi_s_change": -0.01137138382864511, "grad_phi_change": 0.0343531778873547, "k_phi_change": 0.09394970433636125, "xi_c_change": 0.0, "phase_sync_change": -0.011294506779277902, "epi_magnitude_change": -0.0056453977894014296, "hash_signature": "8b65c161f4666fd0", "sequence_str": "THOL -> SHA -> NUL -> REMESH -> RA -> NAV"}