{"sequence": ["THOL", "SHA", "UM", "REMESH"], "coherence_change": 0.006891346700603429, "sense_index_change": 0.010032175266541876, "phi_s_change": 0.05634498035921631, "grad_phi_change": -0.12951547470103186, "k_phi_change": 0.09249228001888249, "xi_c_change": 0.0, "phase_sync_change": 0.050418621892936444, "epi_magnitude_change": 0.00163225557999791, "hash_signature": "da8c05d972812761", "sequence_str": "THOL -> SHA -> UM -> REMESH"}