{"sequence": ["NAV", "OZ", "VAL", "THOL", "UM", "REMESH"], "coherence_change": -0.012382589922217635, "sense_index_change": 0.049478241221765806, "phi_s_change": -0.17413661586833018, "grad_phi_change": -0.1631402942230351, "k_phi_change": 0.5184001567724557, "xi_c_change": 0.0, "phase_sync_change": 0.07237823035867053, "epi_magnitude_change": 0.016679490313580625, "hash_signature": "892962af2d137423", "sequence_str": "NAV -> OZ -> VAL -> THOL -> UM -> REMESH"}