{"sequence": ["REMESH", "VAL", "NAV", "ZHIR", "REMESH"], "coherence_change": 0.0, "sense_index_change": -0.0012756786107741558, "phi_s_change": 0.0, "grad_phi_change": -0.01609037059480878, "k_phi_change": 0.21305980835313998, "xi_c_change": 0.0, "phase_sync_change": 0.005587666812719383, "epi_magnitude_change": 0.011483792238247359, "hash_signature": "4da248f3f2025b55", "sequence_str": "REMESH -> VAL -> NAV -> ZHIR -> REMESH"}