{"sequence": ["SHA", "VAL", "THOL", "IL", "REMESH"], "coherence_change": 0.009849498995205042, "sense_index_change": 0.006197640216813016, "phi_s_change": 0.004612786882695508, "grad_phi_change": 0.0, "k_phi_change": 0.0, "xi_c_change": 0.0, "phase_sync_change": 0.0, "epi_magnitude_change": 0.018325787830981488, "hash_signature": "bff07a991f142245", "sequence_str": "SHA -> VAL -> THOL -> IL -> REMESH"}