{"sequence": ["REMESH", "THOL", "NUL", "OZ"], "coherence_change": -0.008978256438061716, "sense_index_change": -0.015221388968080951, "phi_s_change": -0.07459861832738457, "grad_phi_change": 0.0, "k_phi_change": 0.0, "xi_c_change": 0.0, "phase_sync_change": 0.0, "epi_magnitude_change": -0.0063179314589775215, "hash_signature": "0e1811b70a1d8cf7", "sequence_str": "REMESH -> THOL -> NUL -> OZ"}