{"sequence": ["VAL", "SHA", "REMESH", "SHA", "THOL", "SHA"], "coherence_change": 0.0032734035222568014, "sense_index_change": 0.010452132457955177, "phi_s_change": -0.0011366154167080644, "grad_phi_change": 0.0, "k_phi_change": 0.0, "xi_c_change": 0.0, "phase_sync_change": 0.0, "epi_magnitude_change": 0.018722310018356336, "hash_signature": "8b6b06190b16870e", "sequence_str": "VAL -> SHA -> REMESH -> SHA -> THOL -> SHA"}