{"sequence": ["NAV", "IL", "EN", "UM", "OZ"], "coherence_change": -0.005760467625713472, "sense_index_change": 0.03820233840774123, "phi_s_change": 0.11001636808370185, "grad_phi_change": -0.26125446819355913, "k_phi_change": 0.16924532239476575, "xi_c_change": 0.0, "phase_sync_change": 0.0807838110490805, "epi_magnitude_change": 0.0, "hash_signature": "60048a993e4a4693", "sequence_str": "NAV -> IL -> EN -> UM -> OZ"}