{"sequence": ["AL", "IL", "RA", "THOL", "AL", "OZ"], "coherence_change": 0.00019785166797270382, "sense_index_change": -0.038758344537280665, "phi_s_change": 0.057666379654238265, "grad_phi_change": 0.08124976268136486, "k_phi_change": 0.6927017461850904, "xi_c_change": 0.0, "phase_sync_change": -0.03342859436223922, "epi_magnitude_change": 0.011433756090866387, "hash_signature": "68877fe9c8fdd0f6", "sequence_str": "AL -> IL -> RA -> THOL -> AL -> OZ"}