{"sequence": ["SHA", "IL", "RA", "OZ"], "coherence_change": 0.0009454070836353301, "sense_index_change": 0.003810166707840734, "phi_s_change": 0.22214986656811597, "grad_phi_change": -0.07448067964147764, "k_phi_change": 0.5167110440584242, "xi_c_change": 0.0, "phase_sync_change": 0.014416946990505886, "epi_magnitude_change": 0.0, "hash_signature": "7381ac20483663bd", "sequence_str": "SHA -> IL -> RA -> OZ"}