{"sequence": ["AL", "SHA", "IL", "AL", "NAV"], "coherence_change": 0.006319697100523269, "sense_index_change": 0.015340501285469488, "phi_s_change": -0.08603942340896564, "grad_phi_change": 0.0, "k_phi_change": 0.0, "xi_c_change": 0.0, "phase_sync_change": 0.0, "epi_magnitude_change": 0.00016157315718767773, "hash_signature": "6ce78d58ccdec20b", "sequence_str": "AL -> SHA -> IL -> AL -> NAV"}