{"sequence": ["NUL", "UM", "ZHIR", "NAV", "AL", "OZ"], "coherence_change": -0.009210828502481339, "sense_index_change": 0.07874172390543843, "phi_s_change": -0.02546532572280502, "grad_phi_change": -0.3128334309096332, "k_phi_change": 0.26459683177719523, "xi_c_change": 0.0, "phase_sync_change": 0.11342692627484363, "epi_magnitude_change": -0.0020258238930147554, "hash_signature": "1509f90dd361e040", "sequence_str": "NUL -> UM -> ZHIR -> NAV -> AL -> OZ"}