{"sequence": ["ZHIR", "VAL", "THOL", "REMESH", "AL", "SHA"], "coherence_change": 0.003627451853064567, "sense_index_change": 0.011997096277169828, "phi_s_change": -0.027275604384552343, "grad_phi_change": -0.03292109779104058, "k_phi_change": 0.13602318225349022, "xi_c_change": 0.0, "phase_sync_change": 0.010996724737050156, "epi_magnitude_change": 0.010172389527048242, "hash_signature": "6c498d798ae85b1f", "sequence_str": "ZHIR -> VAL -> THOL -> REMESH -> AL -> SHA"}