{"sequence": ["AL", "IL", "SHA", "RA", "THOL", "NAV"], "coherence_change": 0.012670475248302115, "sense_index_change": -0.002645742666914308, "phi_s_change": 0.07012988993368463, "grad_phi_change": 0.01603574041198086, "k_phi_change": 0.4154340031449686, "xi_c_change": 0.0, "phase_sync_change": -0.012954495550578038, "epi_magnitude_change": 0.0037866026854632695, "hash_signature": "0eb826c34cbae441", "sequence_str": "AL -> IL -> SHA -> RA -> THOL -> NAV"}