{"sequence": ["NAV", "RA", "AL", "RA", "VAL", "REMESH"], "coherence_change": 0.0, "sense_index_change": 0.010827559719431168, "phi_s_change": 0.0, "grad_phi_change": -0.1291259283592756, "k_phi_change": 0.07439832045864134, "xi_c_change": 0.0, "phase_sync_change": 0.043982956039408494, "epi_magnitude_change": 0.025324940142778307, "hash_signature": "bc3874fce14aa63a", "sequence_str": "NAV -> RA -> AL -> RA -> VAL -> REMESH"}