{"sequence": ["NAV", "EN", "SHA", "NUL", "UM", "NAV"], "coherence_change": 0.0, "sense_index_change": -0.005316597547380564, "phi_s_change": 0.0, "grad_phi_change": 0.014148325640895854, "k_phi_change": 0.2234162883802317, "xi_c_change": 0.0, "phase_sync_change": -0.01447247058064316, "epi_magnitude_change": -0.014275002316519902, "hash_signature": "56919e9d0195d862", "sequence_str": "NAV -> EN -> SHA -> NUL -> UM -> NAV"}