{"sequence": ["RA", "ZHIR", "NAV", "VAL", "REMESH"], "coherence_change": 0.0, "sense_index_change": 0.02407689694823001, "phi_s_change": 0.0, "grad_phi_change": -0.08472985261733745, "k_phi_change": 0.1634621153409122, "xi_c_change": 0.0, "phase_sync_change": 0.02285392672744402, "epi_magnitude_change": 0.01147525202781885, "hash_signature": "ee71882e40359979", "sequence_str": "RA -> ZHIR -> NAV -> VAL -> REMESH"}