{"sequence": ["AL", "ZHIR", "RA", "ZHIR", "NAV"], "coherence_change": 0.0, "sense_index_change": 0.012218126428886311, "phi_s_change": 0.0, "grad_phi_change": 0.0012190092692172527, "k_phi_change": 0.7268225600814189, "xi_c_change": 0.0, "phase_sync_change": -0.008166011060245282, "epi_magnitude_change": -0.0026326355757753106, "hash_signature": "89df6cc32c998ccb", "sequence_str": "AL -> ZHIR -> RA -> ZHIR -> NAV"}