{"sequence": ["OZ", "THOL", "RA", "THOL", "UM", "NAV"], "coherence_change": 0.00047720011669505347, "sense_index_change": 0.047805442706995716, "phi_s_change": 0.2171875136373813, "grad_phi_change": -0.14597796516630424, "k_phi_change": -0.00017453021480459685, "xi_c_change": 0.0, "phase_sync_change": 0.04021006042831676, "epi_magnitude_change": 0.0, "hash_signature": "9dd798e317f063c4", "sequence_str": "OZ -> THOL -> RA -> THOL -> UM -> NAV"}