{"sequence": ["AL", "OZ", "IL", "OZ"], "coherence_change": -0.010288775887004498, "sense_index_change": -0.004074873391550438, "phi_s_change": -0.04842226178532405, "grad_phi_change": 0.0, "k_phi_change": 0.0, "xi_c_change": 0.0, "phase_sync_change": 0.0, "epi_magnitude_change": 0.007918428634117625, "hash_signature": "4651bfa9113ce82b", "sequence_str": "AL -> OZ -> IL -> OZ"}