{"sequence": ["EN", "UM", "OZ", "REMESH"], "coherence_change": -0.01235640210885347, "sense_index_change": 0.01095769592965068, "phi_s_change": -0.08125467364503791, "grad_phi_change": -0.11071097255647566, "k_phi_change": -0.13455400269130086, "xi_c_change": 0.0, "phase_sync_change": 0.031521124356919894, "epi_magnitude_change": 0.0013813858813177537, "hash_signature": "cd465f78141495f4", "sequence_str": "EN -> UM -> OZ -> REMESH"}