{"sequence": ["EN", "THOL", "NAV", "ZHIR", "OZ"], "coherence_change": -0.012679089985634273, "sense_index_change": -0.01659358458520893, "phi_s_change": 0.1289052233988257, "grad_phi_change": 0.06588640071036145, "k_phi_change": 0.08278059871312408, "xi_c_change": 0.0, "phase_sync_change": -0.02021561913632286, "epi_magnitude_change": 0.0, "hash_signature": "ff7ebc7679724ddc", "sequence_str": "EN -> THOL -> NAV -> ZHIR -> OZ"}