{"sequence": ["NAV", "IL", "AL", "ZHIR", "OZ"], "coherence_change": -0.005471791954047789, "sense_index_change": 0.0377173745622813, "phi_s_change": -0.12790946863252428, "grad_phi_change": -0.06224942630089325, "k_phi_change": -0.0581058737417427, "xi_c_change": 0.0, "phase_sync_change": 0.02257874894983425, "epi_magnitude_change": 0.0007068081739420862, "hash_signature": "ad2a5129e46abe86", "sequence_str": "NAV -> IL -> AL -> ZHIR -> OZ"}