{"sequence": ["REMESH", "EN", "ZHIR", "AL", "SHA"], "coherence_change": 0.0, "sense_index_change": -0.015728299308990168, "phi_s_change": 0.0, "grad_phi_change": 0.07511944183699604, "k_phi_change": 0.1349482767266258, "xi_c_change": 0.0, "phase_sync_change": -0.019947448262495726, "epi_magnitude_change": 0.003084380888107696, "hash_signature": "e3ded9910a3d9f87", "sequence_str": "REMESH -> EN -> ZHIR -> AL -> SHA"}