{"sequence": ["ZHIR", "THOL", "REMESH", "SHA", "REMESH"], "coherence_change": 0.004832159574034711, "sense_index_change": 0.017492393140479123, "phi_s_change": -0.02145663028889444, "grad_phi_change": -0.033723765741986655, "k_phi_change": 0.09370909509564829, "xi_c_change": 0.0, "phase_sync_change": 0.010244162471997775, "epi_magnitude_change": 0.0033038390880297808, "hash_signature": "61af6a8a1df0ec7e", "sequence_str": "ZHIR -> THOL -> REMESH -> SHA -> REMESH"}