{"sequence": ["REMESH", "THOL", "SHA", "OZ"], "coherence_change": -0.007588496617496832, "sense_index_change": 0.020545216014748013, "phi_s_change": -0.059721687059214656, "grad_phi_change": 0.0, "k_phi_change": 0.0, "xi_c_change": 0.0, "phase_sync_change": 0.0, "epi_magnitude_change": 0.0013381864732009419, "hash_signature": "16e46b4386d0f057", "sequence_str": "REMESH -> THOL -> SHA -> OZ"}