{"sequence": ["REMESH", "VAL", "UM", "VAL", "REMESH"], "coherence_change": 0.0, "sense_index_change": 0.01714739672786514, "phi_s_change": 0.0, "grad_phi_change": -0.08731417809677566, "k_phi_change": 0.4198788024014575, "xi_c_change": 0.0, "phase_sync_change": 0.03223325506714192, "epi_magnitude_change": 0.02708066701585299, "hash_signature": "cb5ed9b54d30eef4", "sequence_str": "REMESH -> VAL -> UM -> VAL -> REMESH"}