{"sequence": ["UM", "AL", "RA", "REMESH"], "coherence_change": 0.0, "sense_index_change": 0.035648507618326275, "phi_s_change": 0.0, "grad_phi_change": -0.1364685457799666, "k_phi_change": 0.1035182738380975, "xi_c_change": 0.0, "phase_sync_change": 0.03885033811667937, "epi_magnitude_change": 0.002427162223999968, "hash_signature": "680bffcce50e7ebb", "sequence_str": "UM -> AL -> RA -> REMESH"}