{"sequence": ["AL", "AL", "ZHIR", "NUL", "OZ"], "coherence_change": -0.00979512720254827, "sense_index_change": -0.004982195344974127, "phi_s_change": -0.07585082206245308, "grad_phi_change": 0.030331917152843557, "k_phi_change": -0.09898536778772687, "xi_c_change": 0.0, "phase_sync_change": -0.01011851049732504, "epi_magnitude_change": -0.020564987451843875, "hash_signature": "19534d9bdb0276a0", "sequence_str": "AL -> AL -> ZHIR -> NUL -> OZ"}