{"sequence": ["REMESH", "ZHIR", "VAL", "SHA", "UM", "REMESH"], "coherence_change": 0.0, "sense_index_change": 0.03166484115201085, "phi_s_change": 0.0, "grad_phi_change": -0.1796669679974361, "k_phi_change": -0.08482358656978528, "xi_c_change": 0.0, "phase_sync_change": 0.057174319198625034, "epi_magnitude_change": 0.018156790452571347, "hash_signature": "cfdfcfdaf77d2975", "sequence_str": "REMESH -> ZHIR -> VAL -> SHA -> UM -> REMESH"}