{"sequence": ["NAV", "VAL", "ZHIR", "NAV"], "coherence_change": 0.0, "sense_index_change": -0.017887903885348944, "phi_s_change": 0.0, "grad_phi_change": 0.10449136157993366, "k_phi_change": 0.2038491550598345, "xi_c_change": 0.0, "phase_sync_change": -0.03288405325140553, "epi_magnitude_change": 0.009573457165230392, "hash_signature": "ece9de732d46ca83", "sequence_str": "NAV -> VAL -> ZHIR -> NAV"}