{"sequence": ["REMESH", "RA", "IL", "RA", "NAV"], "coherence_change": 0.005471705083856526, "sense_index_change": 0.015067910412480678, "phi_s_change": 0.021434320981977728, "grad_phi_change": -0.07984106359012166, "k_phi_change": 0.15489281266058785, "xi_c_change": 0.0, "phase_sync_change": 0.028584895937076804, "epi_magnitude_change": 0.0014761946030045214, "hash_signature": "daafee3d7489e4b9", "sequence_str": "REMESH -> RA -> IL -> RA -> NAV"}