{"sequence": ["ZHIR", "ZHIR", "VAL", "ZHIR", "IL", "OZ"], "coherence_change": -0.005665875369510132, "sense_index_change": 0.003146405749794523, "phi_s_change": 0.08340351295861104, "grad_phi_change": 0.10152444918502446, "k_phi_change": 0.8875674844716468, "xi_c_change": 0.0, "phase_sync_change": -0.033590064959858834, "epi_magnitude_change": 0.013220198770566682, "hash_signature": "069ff86d06e71844", "sequence_str": "ZHIR -> ZHIR -> VAL -> ZHIR -> IL -> OZ"}