{"sequence": ["AL", "AL", "ZHIR", "UM", "VAL", "OZ"], "coherence_change": -0.013850670928068465, "sense_index_change": 0.03485121816223091, "phi_s_change": -0.09012273352163336, "grad_phi_change": -0.08833281829279982, "k_phi_change": 0.49183716212571615, "xi_c_change": 0.0, "phase_sync_change": 0.029682446971426857, "epi_magnitude_change": 0.011683749655427622, "hash_signature": "31974cbbb18b5909", "sequence_str": "AL -> AL -> ZHIR -> UM -> VAL -> OZ"}