{"sequence": ["REMESH", "ZHIR", "ZHIR", "ZHIR", "SHA"], "coherence_change": 0.0, "sense_index_change": 0.015614314425030251, "phi_s_change": 0.0, "grad_phi_change": -0.048184330964974986, "k_phi_change": 0.41672080128075806, "xi_c_change": 0.0, "phase_sync_change": 0.016588084582017326, "epi_magnitude_change": 0.0017519818777967933, "hash_signature": "bea202be6e76ea6f", "sequence_str": "REMESH -> ZHIR -> ZHIR -> ZHIR -> SHA"}