{"sequence": ["ZHIR", "NAV", "NUL", "OZ"], "coherence_change": -0.012280092421735223, "sense_index_change": 0.03279152290209597, "phi_s_change": -0.0613469318755262, "grad_phi_change": -0.012990102317339547, "k_phi_change": -0.02278283330120992, "xi_c_change": 0.0, "phase_sync_change": 0.0013909141318799723, "epi_magnitude_change": -0.010071289023881325, "hash_signature": "439ebe85e9300165", "sequence_str": "ZHIR -> NAV -> NUL -> OZ"}