{"sequence": ["OZ", "SHA", "NUL", "NUL", "NAV"], "coherence_change": -0.007158835575141742, "sense_index_change": 0.000819044390292234, "phi_s_change": 0.08495588360694961, "grad_phi_change": 0.0, "k_phi_change": 0.0, "xi_c_change": 0.0, "phase_sync_change": 0.0, "epi_magnitude_change": -0.03302924127710338, "hash_signature": "8b048e6376effe1f", "sequence_str": "OZ -> SHA -> NUL -> NUL -> NAV"}