{"sequence": ["NUL", "EN", "RA", "THOL", "SHA"], "coherence_change": 0.006791866217135123, "sense_index_change": 0.0072476222965555115, "phi_s_change": 0.013307421862917668, "grad_phi_change": -0.029577343180648086, "k_phi_change": -0.0842755942778109, "xi_c_change": 0.0, "phase_sync_change": 0.0056627226739704994, "epi_magnitude_change": -0.016137317792182748, "hash_signature": "b87950c28dbc54be", "sequence_str": "NUL -> EN -> RA -> THOL -> SHA"}