{"sequence": ["RA", "EN", "ZHIR", "NUL", "THOL", "SHA"], "coherence_change": 0.008098828724777185, "sense_index_change": -0.03483795726752137, "phi_s_change": 0.02694995276987211, "grad_phi_change": 0.12921335465643047, "k_phi_change": 0.3094444443364322, "xi_c_change": 0.0, "phase_sync_change": -0.0477743353641743, "epi_magnitude_change": -0.020103363835062837, "hash_signature": "87af4d9d54cac13f", "sequence_str": "RA -> EN -> ZHIR -> NUL -> THOL -> SHA"}