{"sequence": ["ZHIR", "VAL", "UM", "OZ"], "coherence_change": -0.016808018400054303, "sense_index_change": 0.07380091826252355, "phi_s_change": -0.22390581588709402, "grad_phi_change": -0.23576373665425976, "k_phi_change": 0.263318900003925, "xi_c_change": 0.0, "phase_sync_change": 0.08790827050728289, "epi_magnitude_change": 0.01883967558336963, "hash_signature": "8dfbe222341fa6a6", "sequence_str": "ZHIR -> VAL -> UM -> OZ"}