{"sequence": ["EN", "AL", "AL", "RA", "ZHIR", "SHA"], "coherence_change": 0.0, "sense_index_change": -0.016961544970702624, "phi_s_change": 0.0, "grad_phi_change": 0.07271166012346653, "k_phi_change": 0.2871044217799609, "xi_c_change": 0.0, "phase_sync_change": -0.028661630510007807, "epi_magnitude_change": -0.015923162770206667, "hash_signature": "22b6ce55cb333528", "sequence_str": "EN -> AL -> AL -> RA -> ZHIR -> SHA"}