{"sequence": ["OZ", "SHA", "THOL", "REMESH"], "coherence_change": -0.006098817493885189, "sense_index_change": 0.015775833788727045, "phi_s_change": -0.041421247270636674, "grad_phi_change": 0.0, "k_phi_change": 0.0, "xi_c_change": 0.0, "phase_sync_change": 0.0, "epi_magnitude_change": 0.0015211862857452685, "hash_signature": "b301741e7e458420", "sequence_str": "OZ -> SHA -> THOL -> REMESH"}