{"sequence": ["ZHIR", "EN", "ZHIR", "RA", "VAL", "OZ"], "coherence_change": -0.010244466678702269, "sense_index_change": 0.008560685951256253, "phi_s_change": -0.0024453408814101296, "grad_phi_change": -0.032323131374794034, "k_phi_change": 0.00777390433454872, "xi_c_change": 0.0, "phase_sync_change": 0.007713686519292051, "epi_magnitude_change": 0.006939311680688287, "hash_signature": "223303d31cefcfb1", "sequence_str": "ZHIR -> EN -> ZHIR -> RA -> VAL -> OZ"}