{"sequence": ["EN", "UM", "RA", "REMESH"], "coherence_change": 0.0, "sense_index_change": 0.0307546675615461, "phi_s_change": 0.0, "grad_phi_change": -0.11971194383410855, "k_phi_change": -0.15439788578316332, "xi_c_change": 0.0, "phase_sync_change": 0.030845587549679032, "epi_magnitude_change": 0.001193116316361209, "hash_signature": "5d8b34541e7b76d2", "sequence_str": "EN -> UM -> RA -> REMESH"}