{"sequence": ["NAV", "AL", "IL", "RA", "NAV"], "coherence_change": 0.00790766790563402, "sense_index_change": -0.0075640185154416395, "phi_s_change": 0.017297613892196195, "grad_phi_change": 0.05811412154586448, "k_phi_change": 0.3050736825042442, "xi_c_change": 0.0, "phase_sync_change": -0.020083228607972736, "epi_magnitude_change": -0.0032480643103971474, "hash_signature": "00b43ce570ed7493", "sequence_str": "NAV -> AL -> IL -> RA -> NAV"}