{"sequence": ["ZHIR", "SHA", "RA", "SHA"], "coherence_change": 0.0, "sense_index_change": -0.0414651001126326, "phi_s_change": 0.0, "grad_phi_change": 0.17316160323724694, "k_phi_change": 0.7590031061610945, "xi_c_change": 0.0, "phase_sync_change": -0.05446389575726318, "epi_magnitude_change": 0.0, "hash_signature": "f927fe839bc5392e", "sequence_str": "ZHIR -> SHA -> RA -> SHA"}