{"sequence": ["IL", "VAL", "OZ", "IL", "SHA"], "coherence_change": 0.009335976447384708, "sense_index_change": 0.022984210635175417, "phi_s_change": -0.05041674899921689, "grad_phi_change": 0.0, "k_phi_change": 0.0, "xi_c_change": 0.0, "phase_sync_change": 0.0, "epi_magnitude_change": 0.019054104093994106, "hash_signature": "52386049f9560f2d", "sequence_str": "IL -> VAL -> OZ -> IL -> SHA"}