{"sequence": ["SHA", "RA", "SHA", "NAV", "UM", "OZ"], "coherence_change": -0.014925666842845464, "sense_index_change": 0.062868660692595, "phi_s_change": -0.18919646291121595, "grad_phi_change": -0.19873387590407843, "k_phi_change": -0.015991721069346265, "xi_c_change": 0.0, "phase_sync_change": 0.06734752704747249, "epi_magnitude_change": 0.0, "hash_signature": "233628f39f3d4f7d", "sequence_str": "SHA -> RA -> SHA -> NAV -> UM -> OZ"}