{"sequence": ["RA", "SHA", "ZHIR", "OZ"], "coherence_change": -0.014484990639548112, "sense_index_change": 0.03783411972981676, "phi_s_change": -0.016821113114020236, "grad_phi_change": -0.008657743112765015, "k_phi_change": 0.27483046373108666, "xi_c_change": 0.0, "phase_sync_change": 0.003022158791678109, "epi_magnitude_change": 0.0, "hash_signature": "3854f5da5809b9f4", "sequence_str": "RA -> SHA -> ZHIR -> OZ"}