{"sequence": ["OZ", "OZ", "ZHIR", "SHA"], "coherence_change": -0.02397677999940906, "sense_index_change": -0.007817788620828381, "phi_s_change": 0.062017324238639704, "grad_phi_change": 0.013098417209531421, "k_phi_change": -0.12825167087192563, "xi_c_change": 0.0, "phase_sync_change": -0.00603882972002856, "epi_magnitude_change": 0.0, "hash_signature": "eb9be671ecc434c0", "sequence_str": "OZ -> OZ -> ZHIR -> SHA"}