{"sequence": ["OZ", "OZ", "ZHIR", "REMESH"], "coherence_change": -0.02368631493500417, "sense_index_change": -0.021936927928767225, "phi_s_change": -0.05959261622536871, "grad_phi_change": 0.03651819939001921, "k_phi_change": 0.5159772714803095, "xi_c_change": 0.0, "phase_sync_change": -0.010920043226473664, "epi_magnitude_change": 0.0014129189008348364, "hash_signature": "e53fe40835a1dc2f", "sequence_str": "OZ -> OZ -> ZHIR -> REMESH"}