{"sequence": ["NAV", "THOL", "UM", "IL", "ZHIR", "SHA"], "coherence_change": 0.010004957826931449, "sense_index_change": 0.021981748202069773, "phi_s_change": -0.05187758043605872, "grad_phi_change": -0.035775061579153, "k_phi_change": 0.09235144891267914, "xi_c_change": 0.0, "phase_sync_change": 0.005128893173436455, "epi_magnitude_change": 0.0, "hash_signature": "df51e7e84e7ce0eb", "sequence_str": "NAV -> THOL -> UM -> IL -> ZHIR -> SHA"}