{"sequence": ["IL", "VAL", "RA", "OZ"], "coherence_change": -0.007691762557443194, "sense_index_change": 0.02883249295359136, "phi_s_change": -0.07265682057201239, "grad_phi_change": -0.06015295032626522, "k_phi_change": 0.1740418537249083, "xi_c_change": 0.0, "phase_sync_change": 0.012023870809872883, "epi_magnitude_change": 0.01288228890590648, "hash_signature": "0e2bd7a4bbdddf7a", "sequence_str": "IL -> VAL -> RA -> OZ"}