{"sequence": ["SHA", "AL", "NAV", "UM", "OZ"], "coherence_change": -0.01298568619403151, "sense_index_change": 0.0020459548431076557, "phi_s_change": -0.10387962464318312, "grad_phi_change": -0.0537076514600745, "k_phi_change": 0.26301705175867784, "xi_c_change": 0.0, "phase_sync_change": 0.01245860461642101, "epi_magnitude_change": -0.01005363168761908, "hash_signature": "bf29a301199ce8e8", "sequence_str": "SHA -> AL -> NAV -> UM -> OZ"}