{"sequence": ["REMESH", "NUL", "IL", "UM", "OZ"], "coherence_change": -0.0038923681094934492, "sense_index_change": 0.07295671383327884, "phi_s_change": -0.0897177981526176, "grad_phi_change": -0.23238187705738866, "k_phi_change": 0.13775166001784955, "xi_c_change": 0.0, "phase_sync_change": 0.06439574287962746, "epi_magnitude_change": -0.010704302470133653, "hash_signature": "e4bee225ed325188", "sequence_str": "REMESH -> NUL -> IL -> UM -> OZ"}