{"sequence": ["THOL", "ZHIR", "NUL", "IL", "NAV"], "coherence_change": 0.011274412070672701, "sense_index_change": 0.0077299390924866485, "phi_s_change": 0.01163793892517595, "grad_phi_change": 0.012342468320398536, "k_phi_change": -0.06709728035714058, "xi_c_change": 0.0, "phase_sync_change": -0.00379987021201289, "epi_magnitude_change": -0.014892100727087354, "hash_signature": "19e5e1134abe7214", "sequence_str": "THOL -> ZHIR -> NUL -> IL -> NAV"}