{"sequence": ["VAL", "NAV", "EN", "AL", "ZHIR", "NAV"], "coherence_change": 0.0, "sense_index_change": -0.006080058620105411, "phi_s_change": 0.0, "grad_phi_change": 0.003980484950188101, "k_phi_change": 0.08174611903311554, "xi_c_change": 0.0, "phase_sync_change": 0.0025701302488226885, "epi_magnitude_change": 0.018772822386236232, "hash_signature": "68b525135a1f76d4", "sequence_str": "VAL -> NAV -> EN -> AL -> ZHIR -> NAV"}