{"sequence": ["ZHIR", "NAV", "NAV", "REMESH"], "coherence_change": 0.0, "sense_index_change": 0.0040104330667704025, "phi_s_change": 0.0, "grad_phi_change": -0.022048376487983745, "k_phi_change": 0.5190456235367845, "xi_c_change": 0.0, "phase_sync_change": 0.007077596392923047, "epi_magnitude_change": 0.001596381466861807, "hash_signature": "46c32c0b480a1855", "sequence_str": "ZHIR -> NAV -> NAV -> REMESH"}