{"sequence": ["IL", "ZHIR", "SHA", "ZHIR", "OZ"], "coherence_change": -0.008775328596462129, "sense_index_change": 0.010246618810237806, "phi_s_change": -0.12857290912296582, "grad_phi_change": -0.06171994344027709, "k_phi_change": 0.10345350237084967, "xi_c_change": 0.0, "phase_sync_change": 0.023044617107956022, "epi_magnitude_change": 0.0, "hash_signature": "acdd30ef7f091421", "sequence_str": "IL -> ZHIR -> SHA -> ZHIR -> OZ"}