{"sequence": ["REMESH", "IL", "THOL", "REMESH"], "coherence_change": 0.012776459280333441, "sense_index_change": 0.009853600332462076, "phi_s_change": 0.06314743329577555, "grad_phi_change": 0.0, "k_phi_change": 0.0, "xi_c_change": 0.0, "phase_sync_change": 0.0, "epi_magnitude_change": 0.0027137757617230474, "hash_signature": "e7d54844c47b16c7", "sequence_str": "REMESH -> IL -> THOL -> REMESH"}