{"sequence": ["OZ", "EN", "OZ", "IL", "REMESH"], "coherence_change": -0.021140487822726706, "sense_index_change": 0.027478144997756693, "phi_s_change": 0.20481784787639346, "grad_phi_change": 0.0, "k_phi_change": 0.0, "xi_c_change": 0.0, "phase_sync_change": 0.0, "epi_magnitude_change": 0.0014268126606084008, "hash_signature": "75dfc2191ceb5867", "sequence_str": "OZ -> EN -> OZ -> IL -> REMESH"}