{"sequence": ["THOL", "UM", "REMESH", "REMESH"], "coherence_change": 0.004166454233592853, "sense_index_change": 0.0034887777192436076, "phi_s_change": 0.00862709963511632, "grad_phi_change": -0.11369189407855274, "k_phi_change": -0.0962168368687828, "xi_c_change": 0.0, "phase_sync_change": 0.02737132989745794, "epi_magnitude_change": 0.0028789167704454943, "hash_signature": "2ba78edbbfc0f8ea", "sequence_str": "THOL -> UM -> REMESH -> REMESH"}