{"sequence": ["EN", "SHA", "ZHIR", "REMESH"], "coherence_change": 0.0, "sense_index_change": 0.022470197226564514, "phi_s_change": 0.0, "grad_phi_change": -0.07362099103113051, "k_phi_change": 0.2324387808008402, "xi_c_change": 0.0, "phase_sync_change": 0.026120370802537818, "epi_magnitude_change": 0.0011412509152337602, "hash_signature": "01c7d71aa4a0d3fc", "sequence_str": "EN -> SHA -> ZHIR -> REMESH"}