{"sequence": ["AL", "OZ", "ZHIR", "EN", "OZ"], "coherence_change": -0.02074307100918038, "sense_index_change": -0.022556919109547824, "phi_s_change": -0.05152627368917706, "grad_phi_change": 0.012615636457270929, "k_phi_change": -0.0448740818711196, "xi_c_change": 0.0, "phase_sync_change": -0.006958872946502104, "epi_magnitude_change": 0.003246491907338389, "hash_signature": "c9a1a0ec298343ba", "sequence_str": "AL -> OZ -> ZHIR -> EN -> OZ"}