{"sequence": ["UM", "VAL", "SHA", "IL", "NAV"], "coherence_change": 0.0065311498882851815, "sense_index_change": 0.04089488391590734, "phi_s_change": 0.010611063669211163, "grad_phi_change": -0.19976917240772507, "k_phi_change": 0.12067355537115079, "xi_c_change": 0.0, "phase_sync_change": 0.06241400407855191, "epi_magnitude_change": 0.016034727617367794, "hash_signature": "d285a6e3cd69b217", "sequence_str": "UM -> VAL -> SHA -> IL -> NAV"}