{"sequence": ["AL", "REMESH", "IL", "SHA"], "coherence_change": 0.006858062765473516, "sense_index_change": 0.004135991537810302, "phi_s_change": -0.03505208699245188, "grad_phi_change": 0.0, "k_phi_change": 0.0, "xi_c_change": 0.0, "phase_sync_change": 0.0, "epi_magnitude_change": -0.0036953868322631145, "hash_signature": "0b5681d5751da48c", "sequence_str": "AL -> REMESH -> IL -> SHA"}