{"sequence": ["AL", "UM", "ZHIR", "IL", "RA", "NAV"], "coherence_change": 0.007945514849648672, "sense_index_change": 0.03840595577688588, "phi_s_change": 0.0344957947602873, "grad_phi_change": -0.19820781290140776, "k_phi_change": 0.047554028899499834, "xi_c_change": 0.0, "phase_sync_change": 0.06547199254577352, "epi_magnitude_change": 0.0021536770152080775, "hash_signature": "aec964b6a5a901b0", "sequence_str": "AL -> UM -> ZHIR -> IL -> RA -> NAV"}