{"sequence": ["OZ", "NUL", "NAV"], "coherence_change": -0.009583633841457995, "sense_index_change": -0.006889200674981666, "phi_s_change": 0.057234713317682484, "grad_phi_change": 0.0, "k_phi_change": 0.0, "xi_c_change": 0.0, "phase_sync_change": 0.0, "epi_magnitude_change": -0.014831632329949773, "hash_signature": "2edc97d3fd3ff3c8", "sequence_str": "OZ -> NUL -> NAV"}