{"sequence": ["UM", "THOL", "UM", "OZ"], "coherence_change": -0.009124156713959275, "sense_index_change": 0.023695401028890006, "phi_s_change": -0.06752251509277307, "grad_phi_change": -0.10115882560045653, "k_phi_change": 0.053508367113055066, "xi_c_change": 0.0, "phase_sync_change": 0.03357036084386822, "epi_magnitude_change": 0.0, "hash_signature": "9f64ee5148f65200", "sequence_str": "UM -> THOL -> UM -> OZ"}