{"sequence": ["NUL", "NUL", "IL", "OZ"], "coherence_change": -0.004826032569342331, "sense_index_change": -0.0034457513530855577, "phi_s_change": 0.09182097361155395, "grad_phi_change": 0.0, "k_phi_change": 0.0, "xi_c_change": 0.0, "phase_sync_change": 0.0, "epi_magnitude_change": -0.04402671729046914, "hash_signature": "53d901a016ac285b", "sequence_str": "NUL -> NUL -> IL -> OZ"}