{"sequence": ["VAL", "VAL", "NAV", "EN", "IL", "REMESH"], "coherence_change": 0.006923802653260425, "sense_index_change": 0.004862388944901652, "phi_s_change": 0.005755390590273413, "grad_phi_change": 0.0, "k_phi_change": 0.0, "xi_c_change": 0.0, "phase_sync_change": 0.0, "epi_magnitude_change": 0.023991970376812777, "hash_signature": "90a9fb2121001097", "sequence_str": "VAL -> VAL -> NAV -> EN -> IL -> REMESH"}