{"sequence": ["NAV", "REMESH", "OZ", "ZHIR", "ZHIR", "NAV"], "coherence_change": -0.010761315824446616, "sense_index_change": -0.02829295556661149, "phi_s_change": 0.049379075420572294, "grad_phi_change": 0.061066796132149825, "k_phi_change": 0.18670423141076645, "xi_c_change": 0.0, "phase_sync_change": -0.019662380257222778, "epi_magnitude_change": 0.0016013790802733574, "hash_signature": "af94245e67531953", "sequence_str": "NAV -> REMESH -> OZ -> ZHIR -> ZHIR -> NAV"}