{"sequence": ["AL", "NUL", "OZ", "IL", "NAV"], "coherence_change": -0.004952929902824144, "sense_index_change": 0.014779585015812557, "phi_s_change": -0.03408240587613909, "grad_phi_change": 0.0, "k_phi_change": 0.0, "xi_c_change": 0.0, "phase_sync_change": 0.0, "epi_magnitude_change": -0.021415020619803493, "hash_signature": "536cb916a8fdc345", "sequence_str": "AL -> NUL -> OZ -> IL -> NAV"}