{"sequence": ["REMESH", "RA", "NUL", "REMESH", "AL", "OZ"], "coherence_change": -0.0119120393646176, "sense_index_change": 0.008984213503160032, "phi_s_change": -0.1159670524392995, "grad_phi_change": -0.1100388346032295, "k_phi_change": 0.09587899519904843, "xi_c_change": 0.0, "phase_sync_change": 0.035908046666265014, "epi_magnitude_change": -0.014410217680786208, "hash_signature": "77d22cc4cf84736a", "sequence_str": "REMESH -> RA -> NUL -> REMESH -> AL -> OZ"}