{"sequence": ["UM", "EN", "AL", "VAL", "NAV"], "coherence_change": 0.0, "sense_index_change": 0.038996981779638396, "phi_s_change": 0.0, "grad_phi_change": -0.13791644782786894, "k_phi_change": -0.002161328443540028, "xi_c_change": 0.0, "phase_sync_change": 0.04995506352144441, "epi_magnitude_change": 0.018435836394259275, "hash_signature": "92164f81ffeba4a4", "sequence_str": "UM -> EN -> AL -> VAL -> NAV"}