{"sequence": ["REMESH", "SHA", "AL", "RA", "NUL", "NAV"], "coherence_change": 0.0, "sense_index_change": 0.035886846893875, "phi_s_change": 0.0, "grad_phi_change": -0.17238004966036224, "k_phi_change": 0.17450145639936337, "xi_c_change": 0.0, "phase_sync_change": 0.06212573070377392, "epi_magnitude_change": -0.008075962139810655, "hash_signature": "f7762f7ff50449f5", "sequence_str": "REMESH -> SHA -> AL -> RA -> NUL -> NAV"}