{"sequence": ["UM", "THOL", "UM", "NAV"], "coherence_change": 0.0049940937310747335, "sense_index_change": 0.04145110214404257, "phi_s_change": 0.07065359944863026, "grad_phi_change": -0.25020294208109917, "k_phi_change": -0.14644501634476687, "xi_c_change": 0.0, "phase_sync_change": 0.07906198617419535, "epi_magnitude_change": 0.0, "hash_signature": "e31a5446ddd9d730", "sequence_str": "UM -> THOL -> UM -> NAV"}