{"sequence": ["OZ", "AL", "NUL", "RA", "REMESH"], "coherence_change": -0.015588933886167777, "sense_index_change": 0.042960744355496794, "phi_s_change": -0.06901514137909148, "grad_phi_change": -0.08357806802318302, "k_phi_change": -0.13136378071482463, "xi_c_change": 0.0, "phase_sync_change": 0.01898104126315603, "epi_magnitude_change": -0.010709572246626164, "hash_signature": "091668fe23826827", "sequence_str": "OZ -> AL -> NUL -> RA -> REMESH"}