{"sequence": ["NUL", "NUL", "AL", "RA", "AL", "REMESH"], "coherence_change": 0.0, "sense_index_change": -0.004017785148676567, "phi_s_change": 0.0, "grad_phi_change": 0.031226647393173934, "k_phi_change": -0.09808654814558526, "xi_c_change": 0.0, "phase_sync_change": -0.011898269899591307, "epi_magnitude_change": -0.036247258407264726, "hash_signature": "4a6b6843c2462a8f", "sequence_str": "NUL -> NUL -> AL -> RA -> AL -> REMESH"}