{"sequence": ["IL", "NUL", "THOL", "SHA"], "coherence_change": 0.014639020235979738, "sense_index_change": 0.009766875232197103, "phi_s_change": 0.07456042458846379, "grad_phi_change": 0.0, "k_phi_change": 0.0, "xi_c_change": 0.0, "phase_sync_change": 0.0, "epi_magnitude_change": -0.018847715067930926, "hash_signature": "db26d6a8527cf1b8", "sequence_str": "IL -> NUL -> THOL -> SHA"}