{"sequence": ["IL", "IL", "VAL", "OZ"], "coherence_change": 0.0016553145108197942, "sense_index_change": 0.012636675024279453, "phi_s_change": 0.14766650625475763, "grad_phi_change": 0.0, "k_phi_change": 0.0, "xi_c_change": 0.0, "phase_sync_change": 0.0, "epi_magnitude_change": 0.015248327892085856, "hash_signature": "01aed626ea2f9f8e", "sequence_str": "IL -> IL -> VAL -> OZ"}