{"sequence": ["IL", "RA", "VAL", "RA", "NUL", "NAV"], "coherence_change": 0.008046793567142663, "sense_index_change": 0.061892487097565674, "phi_s_change": 0.12831773344405484, "grad_phi_change": -0.26723767355686956, "k_phi_change": 0.06452316844005634, "xi_c_change": 0.0, "phase_sync_change": 0.08651393421314035, "epi_magnitude_change": -0.0029901911175060913, "hash_signature": "919ed93e1de3c16b", "sequence_str": "IL -> RA -> VAL -> RA -> NUL -> NAV"}