{"sequence": ["IL", "REMESH", "ZHIR", "SHA", "NAV"], "coherence_change": 0.006661225861201658, "sense_index_change": -0.0010738222173423129, "phi_s_change": 0.031095343269661124, "grad_phi_change": 0.049329699619616196, "k_phi_change": 0.351069364219128, "xi_c_change": 0.0, "phase_sync_change": -0.015070944821088839, "epi_magnitude_change": 0.0015357502174773163, "hash_signature": "ec5fc042f5bbc5a1", "sequence_str": "IL -> REMESH -> ZHIR -> SHA -> NAV"}