{"sequence": ["AL", "THOL", "ZHIR", "VAL", "RA", "SHA"], "coherence_change": 0.004571565964532898, "sense_index_change": -0.015348154392929969, "phi_s_change": 0.03489866854774448, "grad_phi_change": 0.007859737697867075, "k_phi_change": -0.1572798656952683, "xi_c_change": 0.0, "phase_sync_change": -0.0009164814019375633, "epi_magnitude_change": 0.013840129449300353, "hash_signature": "990813579d0b5e6d", "sequence_str": "AL -> THOL -> ZHIR -> VAL -> RA -> SHA"}