{"sequence": ["IL", "THOL", "EN", "AL", "REMESH"], "coherence_change": 0.01453496569840429, "sense_index_change": 0.00019889050508792305, "phi_s_change": -0.0207862695085389, "grad_phi_change": 0.0, "k_phi_change": 0.0, "xi_c_change": 0.0, "phase_sync_change": 0.0, "epi_magnitude_change": 0.0008303556305607751, "hash_signature": "37851d98ef53fd11", "sequence_str": "IL -> THOL -> EN -> AL -> REMESH"}