{"sequence": ["NAV", "NAV", "RA", "THOL", "RA", "REMESH"], "coherence_change": 0.002486203263720621, "sense_index_change": 0.006167263450588822, "phi_s_change": -0.005153118144719748, "grad_phi_change": -0.03992816861350845, "k_phi_change": 0.41853338551617447, "xi_c_change": 0.0, "phase_sync_change": 0.008420000424271379, "epi_magnitude_change": 0.0012500493125185974, "hash_signature": "9a10ad75840cf01f", "sequence_str": "NAV -> NAV -> RA -> THOL -> RA -> REMESH"}