{"sequence": ["REMESH", "IL", "THOL", "ZHIR", "EN", "NAV"], "coherence_change": 0.012924915831995287, "sense_index_change": -0.012510284897016943, "phi_s_change": 0.1260633523454353, "grad_phi_change": 0.02144993242222415, "k_phi_change": -0.09492020316400801, "xi_c_change": 0.0, "phase_sync_change": -0.006853694208657557, "epi_magnitude_change": 0.0016060786046663278, "hash_signature": "f471f97ee0d126a4", "sequence_str": "REMESH -> IL -> THOL -> ZHIR -> EN -> NAV"}