{"sequence": ["RA", "REMESH", "RA", "AL", "REMESH"], "coherence_change": 0.0, "sense_index_change": 0.004188550818429171, "phi_s_change": 0.0, "grad_phi_change": -0.07715336688743957, "k_phi_change": 0.10079250160511823, "xi_c_change": 0.0, "phase_sync_change": 0.019292831654883602, "epi_magnitude_change": 0.017493446453596406, "hash_signature": "ecc91bfe222b6563", "sequence_str": "RA -> REMESH -> RA -> AL -> REMESH"}