{"sequence": ["AL", "NAV", "IL", "OZ"], "coherence_change": -0.0019365751293428657, "sense_index_change": 0.02819060318289146, "phi_s_change": -0.019271680793933488, "grad_phi_change": 0.0, "k_phi_change": 0.0, "xi_c_change": 0.0, "phase_sync_change": 0.0, "epi_magnitude_change": -0.0015444272630220635, "hash_signature": "fd16f18743e04ead", "sequence_str": "AL -> NAV -> IL -> OZ"}