{"sequence": ["AL", "AL", "UM", "ZHIR", "NAV"], "coherence_change": 0.0, "sense_index_change": 0.01457996958284069, "phi_s_change": 0.0, "grad_phi_change": -0.10254239208414373, "k_phi_change": -0.20047559544259264, "xi_c_change": 0.0, "phase_sync_change": 0.04393435895120523, "epi_magnitude_change": 0.0006367058863776531, "hash_signature": "eca8db82b164bab8", "sequence_str": "AL -> AL -> UM -> ZHIR -> NAV"}