{"sequence": ["NAV", "EN", "REMESH", "IL", "REMESH"], "coherence_change": 0.006105989042334836, "sense_index_change": 0.004292966974414503, "phi_s_change": -0.006566056923749897, "grad_phi_change": 0.0, "k_phi_change": 0.0, "xi_c_change": 0.0, "phase_sync_change": 0.0, "epi_magnitude_change": 0.0027747001649791603, "hash_signature": "270f443e0dc152d8", "sequence_str": "NAV -> EN -> REMESH -> IL -> REMESH"}