{"sequence": ["NUL", "THOL", "RA", "NUL", "AL", "REMESH"], "coherence_change": 0.004463146131486573, "sense_index_change": 0.007142553905468474, "phi_s_change": -0.02288875150029812, "grad_phi_change": -0.01867069258450038, "k_phi_change": 0.2624985861805703, "xi_c_change": 0.0, "phase_sync_change": 0.0019301743028997675, "epi_magnitude_change": -0.026100023906628356, "hash_signature": "0c86ba92e58fbe5d", "sequence_str": "NUL -> THOL -> RA -> NUL -> AL -> REMESH"}