{"sequence": ["REMESH", "SHA", "EN", "OZ", "OZ"], "coherence_change": -0.020736837360009197, "sense_index_change": -0.01019191333314079, "phi_s_change": -0.08579914201373762, "grad_phi_change": 0.0, "k_phi_change": 0.0, "xi_c_change": 0.0, "phase_sync_change": 0.0, "epi_magnitude_change": 0.0014005856449084142, "hash_signature": "a90437bf4b954ec3", "sequence_str": "REMESH -> SHA -> EN -> OZ -> OZ"}