{"sequence": ["NUL", "THOL", "OZ"], "coherence_change": -0.00392305315484931, "sense_index_change": -0.019384418023442207, "phi_s_change": 0.1496466469092017, "grad_phi_change": 0.0, "k_phi_change": 0.0, "xi_c_change": 0.0, "phase_sync_change": 0.0, "epi_magnitude_change": -0.025218839217108657, "hash_signature": "74bd64bf247712de", "sequence_str": "NUL -> THOL -> OZ"}