{"sequence": ["AL", "OZ", "THOL", "UM", "OZ"], "coherence_change": -0.014033733960339356, "sense_index_change": 0.030253553722467186, "phi_s_change": 0.03618576226894299, "grad_phi_change": -0.028541969992110783, "k_phi_change": 0.24513293672296188, "xi_c_change": 0.0, "phase_sync_change": 0.02196698857461654, "epi_magnitude_change": -1.418499489347358e-05, "hash_signature": "8f44483bcc07fcd9", "sequence_str": "AL -> OZ -> THOL -> UM -> OZ"}