{"sequence": ["AL", "UM", "RA", "SHA"], "coherence_change": 0.0, "sense_index_change": 0.06426475708070978, "phi_s_change": 0.0, "grad_phi_change": -0.32327181458321386, "k_phi_change": 0.45316250340560577, "xi_c_change": 0.0, "phase_sync_change": 0.09280043404419902, "epi_magnitude_change": -0.0018294144712051041, "hash_signature": "d0e09c2fe45cf28c", "sequence_str": "AL -> UM -> RA -> SHA"}