{"sequence": ["NUL", "AL", "ZHIR", "NAV"], "coherence_change": 0.0, "sense_index_change": 0.017098044509011645, "phi_s_change": 0.0, "grad_phi_change": -0.0899760610747884, "k_phi_change": 0.10741226119000646, "xi_c_change": 0.0, "phase_sync_change": 0.031097686527722268, "epi_magnitude_change": -0.006356107215094053, "hash_signature": "d08fd8bff3cf5938", "sequence_str": "NUL -> AL -> ZHIR -> NAV"}