{"sequence": ["EN", "EN", "EN", "UM", "UM", "OZ"], "coherence_change": -0.008013867368360628, "sense_index_change": 0.016851967028689074, "phi_s_change": 0.05443405525201339, "grad_phi_change": -0.07636139434313605, "k_phi_change": 0.20470169556764384, "xi_c_change": 0.0, "phase_sync_change": 0.024917191439504216, "epi_magnitude_change": 0.0, "hash_signature": "272a6718beef39c9", "sequence_str": "EN -> EN -> EN -> UM -> UM -> OZ"}