{"sequence": ["AL", "AL", "ZHIR", "REMESH"], "coherence_change": 0.0, "sense_index_change": -0.017911010309395736, "phi_s_change": 0.0, "grad_phi_change": 0.12114104355927102, "k_phi_change": -0.14666965320157654, "xi_c_change": 0.0, "phase_sync_change": -0.038602177117880165, "epi_magnitude_change": 0.004353289513741698, "hash_signature": "20ea72033a4dea5a", "sequence_str": "AL -> AL -> ZHIR -> REMESH"}