{"sequence": ["NUL", "THOL", "SHA", "VAL", "SHA"], "coherence_change": 0.003682368619298826, "sense_index_change": -0.003142869189144748, "phi_s_change": 0.04339254269706794, "grad_phi_change": 0.0, "k_phi_change": 0.0, "xi_c_change": 0.0, "phase_sync_change": 0.0, "epi_magnitude_change": 0.010224905453042776, "hash_signature": "878a1f0da228e2b7", "sequence_str": "NUL -> THOL -> SHA -> VAL -> SHA"}