{"sequence": ["RA", "NAV", "UM", "AL", "OZ"], "coherence_change": -0.017090340988850428, "sense_index_change": 0.07396317901496763, "phi_s_change": -0.09064408929126655, "grad_phi_change": -0.24818056366807828, "k_phi_change": 0.3352169830840677, "xi_c_change": 0.0, "phase_sync_change": 0.08378043927408318, "epi_magnitude_change": 0.00010980483326294976, "hash_signature": "2ece9021b76d0efc", "sequence_str": "RA -> NAV -> UM -> AL -> OZ"}