{"sequence": ["RA", "REMESH", "VAL", "ZHIR", "OZ"], "coherence_change": -0.011501352675990728, "sense_index_change": 0.0026397939392091008, "phi_s_change": -0.07659091939646012, "grad_phi_change": -0.017509249829497975, "k_phi_change": 0.008828435632531578, "xi_c_change": 0.0, "phase_sync_change": -0.001790051114518021, "epi_magnitude_change": 0.01312871159916329, "hash_signature": "85b3778c69492897", "sequence_str": "RA -> REMESH -> VAL -> ZHIR -> OZ"}