{"sequence": ["NAV", "ZHIR", "NAV"], "coherence_change": 0.0, "sense_index_change": 0.015576657874125766, "phi_s_change": 0.0, "grad_phi_change": -0.06558477887110414, "k_phi_change": 0.24465106730313, "xi_c_change": 0.0, "phase_sync_change": 0.023853536130636344, "epi_magnitude_change": 0.0, "hash_signature": "aff4930633222921", "sequence_str": "NAV -> ZHIR -> NAV"}