{"sequence": ["NAV", "AL", "AL", "OZ"], "coherence_change": -0.012961775477738913, "sense_index_change": 0.00985763686068264, "phi_s_change": -0.13948957314546162, "grad_phi_change": 0.0, "k_phi_change": 0.0, "xi_c_change": 0.0, "phase_sync_change": 0.0, "epi_magnitude_change": -0.004845382754905869, "hash_signature": "14bc418253320bb5", "sequence_str": "NAV -> AL -> AL -> OZ"}