{"sequence": ["RA", "REMESH", "RA", "EN", "OZ"], "coherence_change": -0.012671207794337613, "sense_index_change": 0.007657484322743602, "phi_s_change": 0.0034034336174819657, "grad_phi_change": -0.059181821995315076, "k_phi_change": 0.1362973030395946, "xi_c_change": 0.0, "phase_sync_change": 0.012859875955100852, "epi_magnitude_change": 0.0013125841472587663, "hash_signature": "80134c8ce0a6c5d5", "sequence_str": "RA -> REMESH -> RA -> EN -> OZ"}