{"sequence": ["AL", "UM", "IL", "AL", "REMESH"], "coherence_change": 0.004028687458089708, "sense_index_change": 0.007722568175398736, "phi_s_change": 0.019288397174059613, "grad_phi_change": -0.008007253844044548, "k_phi_change": 0.2465931524615641, "xi_c_change": 0.0, "phase_sync_change": -0.009884118838754286, "epi_magnitude_change": 0.005535546761018084, "hash_signature": "197ab4662e114f9d", "sequence_str": "AL -> UM -> IL -> AL -> REMESH"}