{"sequence": ["REMESH", "AL", "UM", "IL", "SHA"], "coherence_change": 0.007663432270810566, "sense_index_change": 0.04447560612000612, "phi_s_change": 0.047242789959039966, "grad_phi_change": -0.21877949149341447, "k_phi_change": 0.5313413990346818, "xi_c_change": 0.0, "phase_sync_change": 0.06446123247819602, "epi_magnitude_change": 0.009832172396593397, "hash_signature": "3741715e08b2d7cc", "sequence_str": "REMESH -> AL -> UM -> IL -> SHA"}