{"sequence": ["EN", "RA", "NAV"], "coherence_change": 0.0, "sense_index_change": -0.026852922776554877, "phi_s_change": 0.0, "grad_phi_change": 0.11734537597301786, "k_phi_change": 0.09901208432811481, "xi_c_change": 0.0, "phase_sync_change": -0.04434453452965581, "epi_magnitude_change": 0.0, "hash_signature": "9e5a6fcbee4b1365", "sequence_str": "EN -> RA -> NAV"}