{"sequence": ["REMESH", "UM", "SHA", "NUL", "AL", "NAV"], "coherence_change": 0.0, "sense_index_change": 0.02517972881452235, "phi_s_change": 0.0, "grad_phi_change": -0.20565064361070307, "k_phi_change": -0.11824405011032185, "xi_c_change": 0.0, "phase_sync_change": 0.05881824938032554, "epi_magnitude_change": -0.01761895403209257, "hash_signature": "2fac2c42981ac346", "sequence_str": "REMESH -> UM -> SHA -> NUL -> AL -> NAV"}