{"sequence": ["NAV", "NUL", "ZHIR", "THOL", "REMESH"], "coherence_change": 0.005891262066239467, "sense_index_change": 0.017490097744366717, "phi_s_change": 0.016460732225882624, "grad_phi_change": -0.04089721578928063, "k_phi_change": -0.009753355998679492, "xi_c_change": 0.0, "phase_sync_change": 0.016240210325341953, "epi_magnitude_change": -0.011837061909426017, "hash_signature": "9f86829e87e72f15", "sequence_str": "NAV -> NUL -> ZHIR -> THOL -> REMESH"}