{"sequence": ["AL", "IL", "ZHIR", "NUL", "OZ"], "coherence_change": -0.0005361779130556021, "sense_index_change": -0.0008050136168256117, "phi_s_change": 0.05130268770944846, "grad_phi_change": 0.030812360884230117, "k_phi_change": -0.0725949011760173, "xi_c_change": 0.0, "phase_sync_change": -0.009252323530557716, "epi_magnitude_change": -0.015507462727081256, "hash_signature": "6cd1065c12dd241e", "sequence_str": "AL -> IL -> ZHIR -> NUL -> OZ"}