{"sequence": ["NAV", "SHA", "AL", "THOL", "REMESH"], "coherence_change": 0.003157710027222982, "sense_index_change": 0.0029231602819892455, "phi_s_change": -0.038095497499448516, "grad_phi_change": 0.0, "k_phi_change": 0.0, "xi_c_change": 0.0, "phase_sync_change": 0.0, "epi_magnitude_change": 0.00042293398808368465, "hash_signature": "e8014ba05cd0209a", "sequence_str": "NAV -> SHA -> AL -> THOL -> REMESH"}