{"sequence": ["AL", "VAL", "NUL", "RA", "NAV"], "coherence_change": 0.0, "sense_index_change": 0.006650586524837299, "phi_s_change": 0.0, "grad_phi_change": -0.025933250849712763, "k_phi_change": 0.1082803882242687, "xi_c_change": 0.0, "phase_sync_change": 0.0025986927032184415, "epi_magnitude_change": -0.0009029380192130398, "hash_signature": "05675923a777d3fb", "sequence_str": "AL -> VAL -> NUL -> RA -> NAV"}