{"sequence": ["NAV", "NUL", "VAL", "THOL", "SHA"], "coherence_change": 0.004741464428506648, "sense_index_change": -0.00020202934963464703, "phi_s_change": 0.0406777998781791, "grad_phi_change": 0.0, "k_phi_change": 0.0, "xi_c_change": 0.0, "phase_sync_change": 0.0, "epi_magnitude_change": 7.844851267480024e-07, "hash_signature": "916b4487a82f7528", "sequence_str": "NAV -> NUL -> VAL -> THOL -> SHA"}