{"sequence": ["AL", "THOL", "IL", "RA", "AL", "SHA"], "coherence_change": 0.010545865164252044, "sense_index_change": 0.033464799566042314, "phi_s_change": -0.021761307698645926, "grad_phi_change": -0.09408552449521457, "k_phi_change": 0.018524020729819624, "xi_c_change": 0.0, "phase_sync_change": 0.024609732324113787, "epi_magnitude_change": -0.019199264832485796, "hash_signature": "032a6f1023dc4511", "sequence_str": "AL -> THOL -> IL -> RA -> AL -> SHA"}