{"sequence": ["RA", "OZ", "THOL", "REMESH"], "coherence_change": -0.007534125592883578, "sense_index_change": 0.03085676647364466, "phi_s_change": 0.14043205957135707, "grad_phi_change": -0.07912872986034403, "k_phi_change": 0.3038769203170912, "xi_c_change": 0.0, "phase_sync_change": 0.023335019843455096, "epi_magnitude_change": 0.0015556299632352166, "hash_signature": "b8d122dfc8eab698", "sequence_str": "RA -> OZ -> THOL -> REMESH"}