{"sequence": ["NAV", "NUL", "AL", "THOL", "SHA"], "coherence_change": 0.0048275300697777634, "sense_index_change": 0.013459409035284642, "phi_s_change": 0.023702536729482637, "grad_phi_change": 0.0, "k_phi_change": 0.0, "xi_c_change": 0.0, "phase_sync_change": 0.0, "epi_magnitude_change": -0.023508808799926673, "hash_signature": "69bee64b24f2530c", "sequence_str": "NAV -> NUL -> AL -> THOL -> SHA"}