{"sequence": ["VAL", "REMESH", "IL", "IL", "NAV"], "coherence_change": 0.011396368969045612, "sense_index_change": -0.015465965157963113, "phi_s_change": 0.13023655871478923, "grad_phi_change": 0.0, "k_phi_change": 0.0, "xi_c_change": 0.0, "phase_sync_change": 0.0, "epi_magnitude_change": 0.008498161825450157, "hash_signature": "36106e5bead7c190", "sequence_str": "VAL -> REMESH -> IL -> IL -> NAV"}