{"sequence": ["EN", "IL", "REMESH", "REMESH"], "coherence_change": 0.00856585969328294, "sense_index_change": -0.007301163458883764, "phi_s_change": 0.03019614247959268, "grad_phi_change": 0.0, "k_phi_change": 0.0, "xi_c_change": 0.0, "phase_sync_change": 0.0, "epi_magnitude_change": 0.0032897560983705665, "hash_signature": "e88ae4dd30d005dd", "sequence_str": "EN -> IL -> REMESH -> REMESH"}