{"sequence": ["AL", "RA", "NAV", "AL", "AL", "REMESH"], "coherence_change": 0.0, "sense_index_change": -0.01285760108726991, "phi_s_change": 0.0, "grad_phi_change": -0.011072689977471128, "k_phi_change": 0.3346312781246812, "xi_c_change": 0.0, "phase_sync_change": -0.00045158270688228086, "epi_magnitude_change": -0.006862863441911449, "hash_signature": "91e18676c2af3ee0", "sequence_str": "AL -> RA -> NAV -> AL -> AL -> REMESH"}