{"sequence": ["SHA", "VAL", "UM", "NAV"], "coherence_change": 0.0, "sense_index_change": 0.06067596067579706, "phi_s_change": 0.0, "grad_phi_change": -0.2209025396684623, "k_phi_change": 0.28490519731642194, "xi_c_change": 0.0, "phase_sync_change": 0.07433614618128981, "epi_magnitude_change": 0.017403629801541087, "hash_signature": "37cb643db9457a24", "sequence_str": "SHA -> VAL -> UM -> NAV"}