{"sequence": ["OZ", "OZ", "UM", "ZHIR", "REMESH"], "coherence_change": -0.02739666798004936, "sense_index_change": -0.009598885167164894, "phi_s_change": -0.003317036230531367, "grad_phi_change": 0.047992906405854185, "k_phi_change": -0.24851028651883456, "xi_c_change": 0.0, "phase_sync_change": -0.01584127485462672, "epi_magnitude_change": 0.001374368178075125, "hash_signature": "93a5c4682c069d03", "sequence_str": "OZ -> OZ -> UM -> ZHIR -> REMESH"}