{"sequence": ["AL", "UM", "AL", "NAV"], "coherence_change": 0.0, "sense_index_change": -0.011884233497970687, "phi_s_change": 0.0, "grad_phi_change": 0.09184772609315028, "k_phi_change": 0.17209867060853157, "xi_c_change": 0.0, "phase_sync_change": -0.04617591425612311, "epi_magnitude_change": 0.010706933812243746, "hash_signature": "3aade00a255bf3bc", "sequence_str": "AL -> UM -> AL -> NAV"}