{"sequence": ["RA", "NUL", "NUL", "OZ"], "coherence_change": -0.0068459229213791994, "sense_index_change": -0.016089836422837178, "phi_s_change": 0.057251088529423066, "grad_phi_change": 0.07078490505061175, "k_phi_change": 0.06824098137620704, "xi_c_change": 0.0, "phase_sync_change": -0.029560996025461583, "epi_magnitude_change": -0.03908065620400247, "hash_signature": "b37626043da0cfec", "sequence_str": "RA -> NUL -> NUL -> OZ"}