{"sequence": ["NUL", "NAV", "THOL", "THOL", "SHA"], "coherence_change": 0.009474897228446189, "sense_index_change": 0.003590523322776651, "phi_s_change": 0.028255870718185805, "grad_phi_change": 0.0, "k_phi_change": 0.0, "xi_c_change": 0.0, "phase_sync_change": 0.0, "epi_magnitude_change": -0.021888819727445386, "hash_signature": "194ed700d3e3614c", "sequence_str": "NUL -> NAV -> THOL -> THOL -> SHA"}