{"sequence": ["REMESH", "NUL", "OZ", "RA", "AL", "NAV"], "coherence_change": -0.018736399713905172, "sense_index_change": 0.03724254614784828, "phi_s_change": 0.05730026159652979, "grad_phi_change": -0.049221392111713724, "k_phi_change": 0.36846304013570563, "xi_c_change": 0.0, "phase_sync_change": 0.007269388098494423, "epi_magnitude_change": -0.009349471167246937, "hash_signature": "d45d9ab954414e7a", "sequence_str": "REMESH -> NUL -> OZ -> RA -> AL -> NAV"}