{"sequence": ["REMESH", "OZ", "EN", "SHA"], "coherence_change": -0.009519084409934986, "sense_index_change": 0.017481657066369283, "phi_s_change": -0.12229972219073504, "grad_phi_change": 0.0, "k_phi_change": 0.0, "xi_c_change": 0.0, "phase_sync_change": 0.0, "epi_magnitude_change": 0.0012581818738672812, "hash_signature": "969157c198925190", "sequence_str": "REMESH -> OZ -> EN -> SHA"}