{"sequence": ["RA", "OZ", "NUL", "REMESH"], "coherence_change": -0.010647847836819935, "sense_index_change": -0.0003737538816668273, "phi_s_change": -0.07419931077585007, "grad_phi_change": -0.04504332132369804, "k_phi_change": 0.16285995137674572, "xi_c_change": 0.0, "phase_sync_change": 0.011275924643251, "epi_magnitude_change": -0.021534121866415235, "hash_signature": "deaaabfbe85cb004", "sequence_str": "RA -> OZ -> NUL -> REMESH"}