{"sequence": ["NAV", "NAV", "RA", "OZ"], "coherence_change": -0.011013470751861987, "sense_index_change": -0.008211613296653986, "phi_s_change": 0.005098169674329633, "grad_phi_change": -0.029851567080770636, "k_phi_change": 0.21721024130741726, "xi_c_change": 0.0, "phase_sync_change": 0.004435230261672363, "epi_magnitude_change": 0.0, "hash_signature": "16304e3463f5ca4a", "sequence_str": "NAV -> NAV -> RA -> OZ"}