{"sequence": ["REMESH", "ZHIR", "VAL", "EN", "OZ"], "coherence_change": -0.015486328755378698, "sense_index_change": -0.030981653356663807, "phi_s_change": -0.03322733786027099, "grad_phi_change": 0.07143118988411468, "k_phi_change": 0.19730570536806963, "xi_c_change": 0.0, "phase_sync_change": -0.02293338514330201, "epi_magnitude_change": 0.015781563201540894, "hash_signature": "5c02cc1d9151bffe", "sequence_str": "REMESH -> ZHIR -> VAL -> EN -> OZ"}