{"sequence": ["OZ", "SHA", "RA", "NAV"], "coherence_change": -0.016032056253382776, "sense_index_change": 0.019086580671947018, "phi_s_change": 0.006414335361641155, "grad_phi_change": 0.024714555002813166, "k_phi_change": 0.13596789373768758, "xi_c_change": 0.0, "phase_sync_change": -0.01882321798917963, "epi_magnitude_change": 0.0, "hash_signature": "ea8a71ace2a517dd", "sequence_str": "OZ -> SHA -> RA -> NAV"}