{"sequence": ["AL", "ZHIR", "VAL", "EN", "SHA"], "coherence_change": 0.0, "sense_index_change": -0.016856229733479555, "phi_s_change": 0.0, "grad_phi_change": 0.014271497524494414, "k_phi_change": 0.025310093084321583, "xi_c_change": 0.0, "phase_sync_change": 0.001035332044207804, "epi_magnitude_change": 0.013476726696748709, "hash_signature": "58cc67ad54dc8615", "sequence_str": "AL -> ZHIR -> VAL -> EN -> SHA"}