{"sequence": ["NAV", "SHA", "AL", "RA", "SHA"], "coherence_change": 0.0, "sense_index_change": 0.029432338989996976, "phi_s_change": 0.0, "grad_phi_change": -0.149528456721983, "k_phi_change": 0.01767196309395455, "xi_c_change": 0.0, "phase_sync_change": 0.04725844074450014, "epi_magnitude_change": -0.004941918720347105, "hash_signature": "f669c01fcc5c0cca", "sequence_str": "NAV -> SHA -> AL -> RA -> SHA"}