{"sequence": ["RA", "NUL", "UM", "THOL", "SHA"], "coherence_change": 0.005309702235729241, "sense_index_change": 0.03921817669008487, "phi_s_change": 0.019322469592412683, "grad_phi_change": -0.2500163024140418, "k_phi_change": 0.3142029675507579, "xi_c_change": 0.0, "phase_sync_change": 0.07714484938043376, "epi_magnitude_change": -0.006205904984967536, "hash_signature": "e71c47a056c82789", "sequence_str": "RA -> NUL -> UM -> THOL -> SHA"}