{"sequence": ["IL", "REMESH", "OZ", "VAL", "OZ"], "coherence_change": -0.018260040042311965, "sense_index_change": 0.018475204418579527, "phi_s_change": 0.06471004869546293, "grad_phi_change": 0.0, "k_phi_change": 0.0, "xi_c_change": 0.0, "phase_sync_change": 0.0, "epi_magnitude_change": 0.007913541734421603, "hash_signature": "4368274aae78289a", "sequence_str": "IL -> REMESH -> OZ -> VAL -> OZ"}