{"sequence": ["RA", "AL", "OZ", "SHA"], "coherence_change": -0.01707606028214148, "sense_index_change": -0.004327870396990674, "phi_s_change": -0.09744555269575772, "grad_phi_change": 0.05225959841701511, "k_phi_change": -0.008427528183322153, "xi_c_change": 0.0, "phase_sync_change": -0.023495573609224274, "epi_magnitude_change": -0.011081201964929455, "hash_signature": "af41eb5db5fd8ccf", "sequence_str": "RA -> AL -> OZ -> SHA"}