{"sequence": ["AL", "RA", "SHA", "IL", "RA", "NAV"], "coherence_change": 0.01140847028821168, "sense_index_change": 0.03401056705934058, "phi_s_change": -0.027558790269735733, "grad_phi_change": -0.17111309340966918, "k_phi_change": 0.10160463650557863, "xi_c_change": 0.0, "phase_sync_change": 0.05495141381788737, "epi_magnitude_change": -0.009595388616928324, "hash_signature": "f29e5a47bfc49612", "sequence_str": "AL -> RA -> SHA -> IL -> RA -> NAV"}