{"sequence": ["RA", "NAV", "VAL", "EN", "NAV"], "coherence_change": 0.0, "sense_index_change": -0.010723860439801614, "phi_s_change": 0.0, "grad_phi_change": 0.02674141059934776, "k_phi_change": 0.4924345413227969, "xi_c_change": 0.0, "phase_sync_change": -0.010027663045953816, "epi_magnitude_change": 0.028317539923802926, "hash_signature": "8a129f3ae1ab268e", "sequence_str": "RA -> NAV -> VAL -> EN -> NAV"}