{"sequence": ["SHA", "IL", "RA", "SHA"], "coherence_change": 0.008354323733292812, "sense_index_change": -0.017174049285786752, "phi_s_change": -0.008578704219982747, "grad_phi_change": 0.07280521512179083, "k_phi_change": -0.05274171963371249, "xi_c_change": 0.0, "phase_sync_change": -0.03384703196966943, "epi_magnitude_change": 0.0, "hash_signature": "4c5ff1f7f5708999", "sequence_str": "SHA -> IL -> RA -> SHA"}