{"sequence": ["AL", "RA", "SHA", "IL", "RA", "SHA"], "coherence_change": 0.00750170948369655, "sense_index_change": 0.03177223949079455, "phi_s_change": 0.044608143871628925, "grad_phi_change": -0.1703662950983098, "k_phi_change": 0.22513087881757146, "xi_c_change": 0.0, "phase_sync_change": 0.05657948176944172, "epi_magnitude_change": 0.0026450340335891775, "hash_signature": "d3eb5aa904f4f883", "sequence_str": "AL -> RA -> SHA -> IL -> RA -> SHA"}