{"sequence": ["AL", "THOL", "THOL", "REMESH"], "coherence_change": 0.010425722999247156, "sense_index_change": 0.010960350331237101, "phi_s_change": 0.05353144369630647, "grad_phi_change": 0.0, "k_phi_change": 0.0, "xi_c_change": 0.0, "phase_sync_change": 0.0, "epi_magnitude_change": 0.0051865078732988845, "hash_signature": "72e89b7887d8ef08", "sequence_str": "AL -> THOL -> THOL -> REMESH"}