{"sequence": ["REMESH", "THOL", "IL", "SHA", "REMESH"], "coherence_change": 0.01132753256750818, "sense_index_change": -0.0007565881692999099, "phi_s_change": 0.06078086777366254, "grad_phi_change": 0.0, "k_phi_change": 0.0, "xi_c_change": 0.0, "phase_sync_change": 0.0, "epi_magnitude_change": 0.002769761466504983, "hash_signature": "1608213f741b3b8f", "sequence_str": "REMESH -> THOL -> IL -> SHA -> REMESH"}