{"sequence": ["NAV", "AL", "AL", "ZHIR", "REMESH"], "coherence_change": 0.0, "sense_index_change": -0.010413295789836907, "phi_s_change": 0.0, "grad_phi_change": 0.05280935467160597, "k_phi_change": 0.014295431887684784, "xi_c_change": 0.0, "phase_sync_change": -0.014915007737834607, "epi_magnitude_change": 0.006199098434944372, "hash_signature": "a8692783e574573f", "sequence_str": "NAV -> AL -> AL -> ZHIR -> REMESH"}