{"sequence": ["EN", "RA", "OZ", "NAV", "VAL", "OZ"], "coherence_change": -0.02276113033266325, "sense_index_change": 0.006528351171207314, "phi_s_change": -0.20823258628587682, "grad_phi_change": -0.01925325764163932, "k_phi_change": 0.2505242755457146, "xi_c_change": 0.0, "phase_sync_change": -0.005004544770516595, "epi_magnitude_change": 0.014553691301022131, "hash_signature": "1a78b741148a0772", "sequence_str": "EN -> RA -> OZ -> NAV -> VAL -> OZ"}