{"sequence": ["REMESH", "REMESH", "ZHIR", "SHA"], "coherence_change": 0.0, "sense_index_change": 0.026584947853818486, "phi_s_change": 0.0, "grad_phi_change": -0.063323276426138, "k_phi_change": 0.12265781135639, "xi_c_change": 0.0, "phase_sync_change": 0.024677371265326986, "epi_magnitude_change": 0.0025781742603813163, "hash_signature": "a9a4d16448d05223", "sequence_str": "REMESH -> REMESH -> ZHIR -> SHA"}