{"sequence": ["UM", "UM", "VAL", "AL", "UM", "REMESH"], "coherence_change": 0.0, "sense_index_change": 0.07072565573151979, "phi_s_change": 0.0, "grad_phi_change": -0.3846682079095278, "k_phi_change": 0.5427138136371288, "xi_c_change": 0.0, "phase_sync_change": 0.12393656899895655, "epi_magnitude_change": 0.012407222732477963, "hash_signature": "454532c186f1530a", "sequence_str": "UM -> UM -> VAL -> AL -> UM -> REMESH"}