{"sequence": ["SHA", "NUL", "OZ", "RA", "AL", "REMESH"], "coherence_change": -0.009292048751528337, "sense_index_change": 0.02706983300675947, "phi_s_change": -0.016023674128608167, "grad_phi_change": -0.15327068137666156, "k_phi_change": 0.1135739064090823, "xi_c_change": 0.0, "phase_sync_change": 0.051215497834690926, "epi_magnitude_change": -0.02476459118839336, "hash_signature": "e8963c7620860afe", "sequence_str": "SHA -> NUL -> OZ -> RA -> AL -> REMESH"}