{"sequence": ["REMESH", "EN", "NUL", "UM", "NUL", "REMESH"], "coherence_change": 0.0, "sense_index_change": 0.016171746385530983, "phi_s_change": 0.0, "grad_phi_change": -0.0737101336397108, "k_phi_change": -0.1019791335529181, "xi_c_change": 0.0, "phase_sync_change": 0.022582993114570793, "epi_magnitude_change": -0.030614155852412783, "hash_signature": "7bde0e9a694aa4bd", "sequence_str": "REMESH -> EN -> NUL -> UM -> NUL -> REMESH"}