{"sequence": ["AL", "IL", "ZHIR", "UM", "SHA"], "coherence_change": 0.007126297402540005, "sense_index_change": 0.006468714304639578, "phi_s_change": 0.021786431912481863, "grad_phi_change": 0.032904202315180875, "k_phi_change": -0.14727925042017365, "xi_c_change": 0.0, "phase_sync_change": -0.0070946397229604274, "epi_magnitude_change": -8.243636106741725e-05, "hash_signature": "deeed9515a8d54ea", "sequence_str": "AL -> IL -> ZHIR -> UM -> SHA"}