{"sequence": ["UM", "NAV", "THOL", "REMESH"], "coherence_change": 0.006055457466954572, "sense_index_change": 0.0268525834961979, "phi_s_change": 0.05372570869838533, "grad_phi_change": -0.21102396943065194, "k_phi_change": 0.19103077679179442, "xi_c_change": 0.0, "phase_sync_change": 0.06968364325187981, "epi_magnitude_change": 0.0018718982059144906, "hash_signature": "dd3153c2c093b902", "sequence_str": "UM -> NAV -> THOL -> REMESH"}