{"sequence": ["THOL", "VAL", "UM", "OZ"], "coherence_change": -0.008438725505399591, "sense_index_change": 0.017540336708617765, "phi_s_change": 0.05127638473279883, "grad_phi_change": -0.10017721462900298, "k_phi_change": 0.4541491190075227, "xi_c_change": 0.0, "phase_sync_change": 0.029146220663880285, "epi_magnitude_change": 0.019620929475167248, "hash_signature": "eb1b6f92f85a9480", "sequence_str": "THOL -> VAL -> UM -> OZ"}