{"sequence": ["SHA", "ZHIR", "VAL", "REMESH", "NUL", "NAV"], "coherence_change": 0.0, "sense_index_change": 0.024797565060033278, "phi_s_change": 0.0, "grad_phi_change": -0.06369606987821896, "k_phi_change": 0.08714645152744681, "xi_c_change": 0.0, "phase_sync_change": 0.020627836946638056, "epi_magnitude_change": -0.005520841348750749, "hash_signature": "3f87e4d7f95d42df", "sequence_str": "SHA -> ZHIR -> VAL -> REMESH -> NUL -> NAV"}