{"sequence": ["REMESH", "RA", "REMESH", "EN", "EN", "SHA"], "coherence_change": 0.0, "sense_index_change": -0.031064570187788132, "phi_s_change": 0.0, "grad_phi_change": 0.13644455463327376, "k_phi_change": 0.28645070402696154, "xi_c_change": 0.0, "phase_sync_change": -0.050242983668069896, "epi_magnitude_change": 0.002959150586981485, "hash_signature": "769e824f5fad1a79", "sequence_str": "REMESH -> RA -> REMESH -> EN -> EN -> SHA"}