{"sequence": ["AL", "NUL", "RA", "OZ"], "coherence_change": -0.012386782763812887, "sense_index_change": 0.0025735145498047007, "phi_s_change": -0.0026198844730208615, "grad_phi_change": 0.09700099370984283, "k_phi_change": 0.0501617993093621, "xi_c_change": 0.0, "phase_sync_change": -0.03915820103170675, "epi_magnitude_change": -0.016186021147571727, "hash_signature": "3bfa3723940b6535", "sequence_str": "AL -> NUL -> RA -> OZ"}