{"sequence": ["AL", "VAL", "REMESH", "OZ"], "coherence_change": -0.011362466188280074, "sense_index_change": 0.0035554838484602724, "phi_s_change": -0.03725592826354063, "grad_phi_change": 0.0, "k_phi_change": 0.0, "xi_c_change": 0.0, "phase_sync_change": 0.0, "epi_magnitude_change": 0.010065169181806444, "hash_signature": "658fbb84269f76e4", "sequence_str": "AL -> VAL -> REMESH -> OZ"}