{"sequence": ["RA", "UM", "IL", "NAV"], "coherence_change": 0.007531843262960747, "sense_index_change": 0.013075143520023258, "phi_s_change": -0.03846246599034264, "grad_phi_change": -0.07634844787109007, "k_phi_change": -0.04639040208643519, "xi_c_change": 0.0, "phase_sync_change": 0.018224141200250066, "epi_magnitude_change": 0.0, "hash_signature": "bce8f0e5d11b5ea8", "sequence_str": "RA -> UM -> IL -> NAV"}