{"sequence": ["THOL", "RA", "THOL", "NAV"], "coherence_change": 0.011587615183100808, "sense_index_change": -0.013858177749459799, "phi_s_change": 0.060489340968068905, "grad_phi_change": 0.07624661254062248, "k_phi_change": 0.37303897003026343, "xi_c_change": 0.0, "phase_sync_change": -0.030164193080279955, "epi_magnitude_change": 0.0, "hash_signature": "2462738562392d77", "sequence_str": "THOL -> RA -> THOL -> NAV"}