{"sequence": ["REMESH", "ZHIR", "AL", "SHA"], "coherence_change": 0.0, "sense_index_change": -0.0005050175474781149, "phi_s_change": 0.0, "grad_phi_change": 0.04499967759928469, "k_phi_change": 0.2678095456623899, "xi_c_change": 0.0, "phase_sync_change": -0.017293215529245898, "epi_magnitude_change": 0.0024663836390461658, "hash_signature": "2227aca84f9c57fe", "sequence_str": "REMESH -> ZHIR -> AL -> SHA"}