{"sequence": ["OZ", "RA", "NAV", "UM", "NAV"], "coherence_change": -0.011662944447004997, "sense_index_change": 0.03940556499969505, "phi_s_change": -0.09860916551243437, "grad_phi_change": -0.1553016860818326, "k_phi_change": 0.10934087251931177, "xi_c_change": 0.0, "phase_sync_change": 0.044247045423296494, "epi_magnitude_change": 0.0, "hash_signature": "f37831966ce71dd8", "sequence_str": "OZ -> RA -> NAV -> UM -> NAV"}