{"sequence": ["ZHIR", "NUL", "UM", "OZ"], "coherence_change": -0.014732860003219717, "sense_index_change": 0.03825462989624007, "phi_s_change": -0.12182978118379972, "grad_phi_change": -0.2164665984902887, "k_phi_change": 0.07788153822034258, "xi_c_change": 0.0, "phase_sync_change": 0.0592088418643032, "epi_magnitude_change": -0.02437369033230452, "hash_signature": "06e91b0a762b65ea", "sequence_str": "ZHIR -> NUL -> UM -> OZ"}