{"sequence": ["UM", "AL", "VAL", "ZHIR", "UM", "NAV"], "coherence_change": 0.0, "sense_index_change": 0.048303598417946514, "phi_s_change": 0.0, "grad_phi_change": -0.23918312350373694, "k_phi_change": 0.11310315845848706, "xi_c_change": 0.0, "phase_sync_change": 0.07237418129940709, "epi_magnitude_change": 0.0179265647773853, "hash_signature": "38bf7072f1936343", "sequence_str": "UM -> AL -> VAL -> ZHIR -> UM -> NAV"}