{"sequence": ["OZ", "OZ", "VAL", "OZ"], "coherence_change": -0.03412523114532473, "sense_index_change": 0.020724401025716155, "phi_s_change": 0.08836254386594389, "grad_phi_change": 0.0, "k_phi_change": 0.0, "xi_c_change": 0.0, "phase_sync_change": 0.0, "epi_magnitude_change": 0.019709241804826028, "hash_signature": "4167545a3d91948e", "sequence_str": "OZ -> OZ -> VAL -> OZ"}