{"sequence": ["EN", "RA", "REMESH"], "coherence_change": 0.0, "sense_index_change": -0.0007992193515157231, "phi_s_change": 0.0, "grad_phi_change": 0.025678639528855518, "k_phi_change": 0.21584693723607734, "xi_c_change": 0.0, "phase_sync_change": -0.008230595699763033, "epi_magnitude_change": 0.00104795045607875, "hash_signature": "9c6a5ca08b8fd76d", "sequence_str": "EN -> RA -> REMESH"}