{"sequence": ["AL", "AL", "UM", "ZHIR", "THOL", "OZ"], "coherence_change": -0.0075261506598433, "sense_index_change": 0.017765822309386725, "phi_s_change": -0.14138533982555734, "grad_phi_change": -0.195671412487201, "k_phi_change": 0.40256238817798623, "xi_c_change": 0.0, "phase_sync_change": 0.061979583300185825, "epi_magnitude_change": -0.0039081443835699, "hash_signature": "9a07a869c82bceea", "sequence_str": "AL -> AL -> UM -> ZHIR -> THOL -> OZ"}