{"sequence": ["ZHIR", "REMESH", "IL", "UM", "RA", "OZ"], "coherence_change": -0.004499894055332021, "sense_index_change": 0.0632144872873297, "phi_s_change": 0.019720160611707893, "grad_phi_change": -0.33066821670052016, "k_phi_change": 0.24190322746736947, "xi_c_change": 0.0, "phase_sync_change": 0.10482096931983642, "epi_magnitude_change": 0.0014304411797846361, "hash_signature": "b556f76a5daff4f4", "sequence_str": "ZHIR -> REMESH -> IL -> UM -> RA -> OZ"}