{"sequence": ["IL", "OZ", "UM", "NUL", "VAL", "OZ"], "coherence_change": -0.01678542514279635, "sense_index_change": 0.025857632860137425, "phi_s_change": 0.15626265666809636, "grad_phi_change": -0.04764605259163113, "k_phi_change": -0.14927618275569815, "xi_c_change": 0.0, "phase_sync_change": -0.00043727197352239067, "epi_magnitude_change": 0.006317054450442283, "hash_signature": "d08ba891c66f5ff6", "sequence_str": "IL -> OZ -> UM -> NUL -> VAL -> OZ"}