{"sequence": ["THOL", "OZ", "EN", "VAL", "ZHIR", "OZ"], "coherence_change": -0.0197326697298994, "sense_index_change": 0.00017999469674445656, "phi_s_change": -0.13435391299178157, "grad_phi_change": 0.04544283415864703, "k_phi_change": 0.12747747835826495, "xi_c_change": 0.0, "phase_sync_change": -0.008760842703907423, "epi_magnitude_change": 0.014734788703253954, "hash_signature": "a76f7605a183e855", "sequence_str": "THOL -> OZ -> EN -> VAL -> ZHIR -> OZ"}