{"sequence": ["RA", "OZ", "NUL", "NAV"], "coherence_change": -0.013027286722405829, "sense_index_change": 0.015314648036812262, "phi_s_change": 0.01765646822626432, "grad_phi_change": -0.03181397166379352, "k_phi_change": 0.3013362112205066, "xi_c_change": 0.0, "phase_sync_change": 0.011595158540311568, "epi_magnitude_change": -0.010999995499752502, "hash_signature": "e65756d1825fc52c", "sequence_str": "RA -> OZ -> NUL -> NAV"}