{"sequence": ["EN", "RA", "EN", "NUL", "REMESH"], "coherence_change": 0.0, "sense_index_change": -0.02411469001388966, "phi_s_change": 0.0, "grad_phi_change": 0.1356432101468259, "k_phi_change": 0.4537712525833307, "xi_c_change": 0.0, "phase_sync_change": -0.05153122918343911, "epi_magnitude_change": -0.01956802473297381, "hash_signature": "ea62b5fc72eb2dc3", "sequence_str": "EN -> RA -> EN -> NUL -> REMESH"}