{"sequence": ["NUL", "AL", "IL", "ZHIR", "ZHIR", "SHA"], "coherence_change": 0.005754114613152561, "sense_index_change": 0.01662749523770235, "phi_s_change": 0.06566777210820951, "grad_phi_change": -0.060300944884158936, "k_phi_change": 0.23921618332781197, "xi_c_change": 0.0, "phase_sync_change": 0.02332734565479011, "epi_magnitude_change": -0.012575481662587262, "hash_signature": "810dcf393d0370ce", "sequence_str": "NUL -> AL -> IL -> ZHIR -> ZHIR -> SHA"}