{"sequence": ["NAV", "VAL", "ZHIR", "NUL", "AL", "REMESH"], "coherence_change": 0.0, "sense_index_change": -0.0005110991028504097, "phi_s_change": 0.0, "grad_phi_change": 0.026564184761277865, "k_phi_change": -0.06755976624079546, "xi_c_change": 0.0, "phase_sync_change": -0.0045263014885867925, "epi_magnitude_change": -0.0035685338198575556, "hash_signature": "84a6eea4838a2de9", "sequence_str": "NAV -> VAL -> ZHIR -> NUL -> AL -> REMESH"}