{"sequence": ["RA", "THOL", "THOL", "SHA"], "coherence_change": 0.009139331924456373, "sense_index_change": 1.1709465454590173e-05, "phi_s_change": 0.10075168247533739, "grad_phi_change": -0.04091369455420635, "k_phi_change": 0.4491054695914158, "xi_c_change": 0.0, "phase_sync_change": 0.013033268141514065, "epi_magnitude_change": 0.0, "hash_signature": "5c8f4fb6bc6f88e7", "sequence_str": "RA -> THOL -> THOL -> SHA"}