{"sequence": ["NAV", "SHA", "RA", "AL", "OZ"], "coherence_change": -0.013450313909337819, "sense_index_change": 0.025896232404880037, "phi_s_change": -0.09701360795629344, "grad_phi_change": -0.002704384869503196, "k_phi_change": 0.277316306009315, "xi_c_change": 0.0, "phase_sync_change": -0.011106776709556732, "epi_magnitude_change": 0.00964474203971788, "hash_signature": "fbf23521edb148c5", "sequence_str": "NAV -> SHA -> RA -> AL -> OZ"}