{"sequence": ["RA", "UM", "SHA", "UM", "NAV"], "coherence_change": 0.0, "sense_index_change": 0.08383332228655982, "phi_s_change": 0.0, "grad_phi_change": -0.5137220323794793, "k_phi_change": 0.2567227332607534, "xi_c_change": 0.0, "phase_sync_change": 0.1710687791594614, "epi_magnitude_change": 0.0, "hash_signature": "80ccb789829c2229", "sequence_str": "RA -> UM -> SHA -> UM -> NAV"}