{"sequence": ["UM", "RA", "OZ"], "coherence_change": -0.0074471312443779025, "sense_index_change": -0.009768750496702894, "phi_s_change": 0.056978732899234275, "grad_phi_change": -0.02070254186536502, "k_phi_change": 0.07675607020879052, "xi_c_change": 0.0, "phase_sync_change": 0.0006206054633419722, "epi_magnitude_change": 0.0, "hash_signature": "26e87f6b96964838", "sequence_str": "UM -> RA -> OZ"}