{"sequence": ["SHA", "SHA", "OZ", "UM", "THOL", "NAV"], "coherence_change": -0.0038102826290141723, "sense_index_change": 0.04956206883425762, "phi_s_change": -0.0974445603738947, "grad_phi_change": -0.21303504734793233, "k_phi_change": 0.20473677641424454, "xi_c_change": 0.0, "phase_sync_change": 0.07788316041225285, "epi_magnitude_change": 0.0, "hash_signature": "128a61f5383b3630", "sequence_str": "SHA -> SHA -> OZ -> UM -> THOL -> NAV"}