{"sequence": ["EN", "SHA", "THOL", "EN", "REMESH"], "coherence_change": 0.004479540632108092, "sense_index_change": 0.0026664649468043367, "phi_s_change": -0.021497142821964466, "grad_phi_change": 0.0, "k_phi_change": 0.0, "xi_c_change": 0.0, "phase_sync_change": 0.0, "epi_magnitude_change": 0.0013604670724439716, "hash_signature": "2896b4d78dcdca0a", "sequence_str": "EN -> SHA -> THOL -> EN -> REMESH"}