{"sequence": ["AL", "THOL", "RA", "NAV", "ZHIR", "REMESH"], "coherence_change": 0.004156504175195308, "sense_index_change": -0.03202415268867742, "phi_s_change": 0.019798066559676197, "grad_phi_change": 0.057773359207041075, "k_phi_change": 0.5623826570019466, "xi_c_change": 0.0, "phase_sync_change": -0.023255066891599507, "epi_magnitude_change": 0.010166758673187726, "hash_signature": "913ed9a91f063dc4", "sequence_str": "AL -> THOL -> RA -> NAV -> ZHIR -> REMESH"}