{"sequence": ["AL", "SHA", "IL", "RA", "OZ"], "coherence_change": -0.006778909110066955, "sense_index_change": -0.022049824564156717, "phi_s_change": -0.05750880209577891, "grad_phi_change": 0.03976917292009108, "k_phi_change": 0.4633198992324878, "xi_c_change": 0.0, "phase_sync_change": -0.01745602268909585, "epi_magnitude_change": -0.005542855167553151, "hash_signature": "49c27e5f1c43494a", "sequence_str": "AL -> SHA -> IL -> RA -> OZ"}