{"sequence": ["NUL", "OZ", "SHA", "UM", "OZ"], "coherence_change": -0.021062767491937806, "sense_index_change": -0.0009773280279077312, "phi_s_change": 0.06485396507183305, "grad_phi_change": -0.039493400171615844, "k_phi_change": 0.2670405201525208, "xi_c_change": 0.0, "phase_sync_change": 0.005830451438104789, "epi_magnitude_change": -0.01592976983587513, "hash_signature": "5be69606ac9c57a1", "sequence_str": "NUL -> OZ -> SHA -> UM -> OZ"}