{"sequence": ["REMESH", "NUL", "OZ", "ZHIR", "SHA"], "coherence_change": -0.011643513902428015, "sense_index_change": 0.006810877279895378, "phi_s_change": -0.07270580556250905, "grad_phi_change": 0.018735262184757184, "k_phi_change": -0.3060678995614364, "xi_c_change": 0.0, "phase_sync_change": -0.010410056726665062, "epi_magnitude_change": -0.01330055170527189, "hash_signature": "9ca65545def1e7af", "sequence_str": "REMESH -> NUL -> OZ -> ZHIR -> SHA"}