{"sequence": ["AL", "RA", "IL", "NAV"], "coherence_change": 0.008232663390888462, "sense_index_change": -0.010600773187645018, "phi_s_change": 0.07134557133843722, "grad_phi_change": -0.03687506057994949, "k_phi_change": 0.30308388375232614, "xi_c_change": 0.0, "phase_sync_change": 0.003324239268282958, "epi_magnitude_change": -0.0018121081244525383, "hash_signature": "b99a1d84b0920851", "sequence_str": "AL -> RA -> IL -> NAV"}