{"sequence": ["SHA", "NUL", "RA", "OZ"], "coherence_change": -0.012920295737703591, "sense_index_change": 0.031053695162330364, "phi_s_change": -0.16924615934081666, "grad_phi_change": -0.08893381901060415, "k_phi_change": 0.34491288230308453, "xi_c_change": 0.0, "phase_sync_change": 0.02272768219779453, "epi_magnitude_change": -0.021301677716202727, "hash_signature": "f4a75d2c6e33ce04", "sequence_str": "SHA -> NUL -> RA -> OZ"}