{"sequence": ["AL", "AL", "UM", "RA", "OZ"], "coherence_change": -0.0150612780382402, "sense_index_change": 0.05184656622175343, "phi_s_change": 0.015065772264714061, "grad_phi_change": -0.21978942285866232, "k_phi_change": 0.21227313348723942, "xi_c_change": 0.0, "phase_sync_change": 0.06277768582386323, "epi_magnitude_change": -0.003442210984812899, "hash_signature": "358a8e323029cc8e", "sequence_str": "AL -> AL -> UM -> RA -> OZ"}