{"sequence": ["EN", "EN", "RA", "THOL", "EN", "REMESH"], "coherence_change": 0.0031442454604591052, "sense_index_change": -0.02217571089409126, "phi_s_change": -0.01133103055691409, "grad_phi_change": 0.08221823973160469, "k_phi_change": 0.3252949040821008, "xi_c_change": 0.0, "phase_sync_change": -0.03238092952067928, "epi_magnitude_change": 0.0014816938816603065, "hash_signature": "a79c71954f06c9e1", "sequence_str": "EN -> EN -> RA -> THOL -> EN -> REMESH"}