{"sequence": ["NAV", "UM", "IL", "RA", "OZ"], "coherence_change": -0.003935237469760877, "sense_index_change": 0.04177586117131804, "phi_s_change": 0.029343586528019716, "grad_phi_change": -0.28699174040912045, "k_phi_change": 0.4914442467408002, "xi_c_change": 0.0, "phase_sync_change": 0.0876018094506904, "epi_magnitude_change": 0.0, "hash_signature": "c76568b9a4152cda", "sequence_str": "NAV -> UM -> IL -> RA -> OZ"}