{"sequence": ["IL", "EN", "REMESH"], "coherence_change": 0.008174145843876879, "sense_index_change": 0.005730458633353752, "phi_s_change": -0.028955221567888656, "grad_phi_change": 0.0, "k_phi_change": 0.0, "xi_c_change": 0.0, "phase_sync_change": 0.0, "epi_magnitude_change": 0.0015468750097211714, "hash_signature": "19383804b9a94ad4", "sequence_str": "IL -> EN -> REMESH"}