{"sequence": ["REMESH", "ZHIR", "THOL", "IL", "NAV"], "coherence_change": 0.012957755970597784, "sense_index_change": 0.003029079523650502, "phi_s_change": 0.07111573700250673, "grad_phi_change": 0.04015394281854756, "k_phi_change": -0.1332331764095745, "xi_c_change": 0.0, "phase_sync_change": -0.016563456047103964, "epi_magnitude_change": 0.0016323129390130031, "hash_signature": "ca02661eff8815cd", "sequence_str": "REMESH -> ZHIR -> THOL -> IL -> NAV"}