{"sequence": ["REMESH", "IL", "NUL", "THOL", "UM", "NAV"], "coherence_change": 0.012713768572737982, "sense_index_change": -0.002414767343407065, "phi_s_change": -0.031497588197331505, "grad_phi_change": 0.050367644963374536, "k_phi_change": -0.006354180973940443, "xi_c_change": 0.0, "phase_sync_change": -0.020151550502810034, "epi_magnitude_change": -0.010439322241868276, "hash_signature": "0850e6258acff487", "sequence_str": "REMESH -> IL -> NUL -> THOL -> UM -> NAV"}