{"sequence": ["ZHIR", "REMESH", "VAL", "RA", "NAV"], "coherence_change": 0.0, "sense_index_change": -0.01299281976751232, "phi_s_change": 0.0, "grad_phi_change": -0.02048045391747344, "k_phi_change": 0.22973405025215965, "xi_c_change": 0.0, "phase_sync_change": -0.00012937916921285098, "epi_magnitude_change": 0.018350888638954843, "hash_signature": "fbea97697fbaea77", "sequence_str": "ZHIR -> REMESH -> VAL -> RA -> NAV"}