{"sequence": ["REMESH", "SHA", "ZHIR", "VAL", "REMESH"], "coherence_change": 0.0, "sense_index_change": -0.0043484822810604395, "phi_s_change": 0.0, "grad_phi_change": 0.021152592935023362, "k_phi_change": 0.23341771246164117, "xi_c_change": 0.0, "phase_sync_change": -0.0035668694569566117, "epi_magnitude_change": 0.011765963421726644, "hash_signature": "c4130710a322a60c", "sequence_str": "REMESH -> SHA -> ZHIR -> VAL -> REMESH"}