{"sequence": ["ZHIR", "RA", "NUL", "VAL", "OZ"], "coherence_change": -0.019014517328156955, "sense_index_change": 0.02299323359004657, "phi_s_change": -0.034613620610182694, "grad_phi_change": -0.1655433382879894, "k_phi_change": 0.27097420446207515, "xi_c_change": 0.0, "phase_sync_change": 0.06574770541063513, "epi_magnitude_change": -0.004448024865060574, "hash_signature": "f2995c63a44a69b5", "sequence_str": "ZHIR -> RA -> NUL -> VAL -> OZ"}