{"sequence": ["OZ", "RA", "ZHIR", "EN", "AL", "NAV"], "coherence_change": -0.01206457211690859, "sense_index_change": 0.00124740621370234, "phi_s_change": -0.06257470582123204, "grad_phi_change": -0.09520783919033615, "k_phi_change": 0.5593267447543906, "xi_c_change": 0.0, "phase_sync_change": 0.022349315202350728, "epi_magnitude_change": 0.0020383827297174584, "hash_signature": "cbe727bd9e46b150", "sequence_str": "OZ -> RA -> ZHIR -> EN -> AL -> NAV"}