{"sequence": ["AL", "UM", "REMESH", "NUL", "NAV"], "coherence_change": 0.0, "sense_index_change": -0.0021242801304088843, "phi_s_change": 0.0, "grad_phi_change": 0.02023993699368809, "k_phi_change": 0.08372452284797766, "xi_c_change": 0.0, "phase_sync_change": -0.0091493825856922, "epi_magnitude_change": -0.013022743042802043, "hash_signature": "0aa86adaaeacf77a", "sequence_str": "AL -> UM -> REMESH -> NUL -> NAV"}