{"sequence": ["ZHIR", "NAV", "REMESH", "OZ"], "coherence_change": -0.011822546623654118, "sense_index_change": 0.01877405994165182, "phi_s_change": -0.12044783817480342, "grad_phi_change": 0.002192089914319517, "k_phi_change": 0.2661268295284036, "xi_c_change": 0.0, "phase_sync_change": -0.0009849268513314469, "epi_magnitude_change": 0.0015290444230000588, "hash_signature": "bf24bb48008ac11b", "sequence_str": "ZHIR -> NAV -> REMESH -> OZ"}