{"sequence": ["NUL", "IL", "REMESH", "UM", "UM", "SHA"], "coherence_change": 0.009325693656926148, "sense_index_change": 0.0539741151284453, "phi_s_change": -0.05020335912125118, "grad_phi_change": -0.36102480025459904, "k_phi_change": 0.20414890164028385, "xi_c_change": 0.0, "phase_sync_change": 0.11666131942546676, "epi_magnitude_change": -0.021909943274937893, "hash_signature": "747864a76c849662", "sequence_str": "NUL -> IL -> REMESH -> UM -> UM -> SHA"}