{"sequence": ["NAV", "AL", "UM", "THOL", "REMESH"], "coherence_change": 0.005984205916808816, "sense_index_change": 0.025740178930249713, "phi_s_change": -0.021746173292767845, "grad_phi_change": -0.11299219303518693, "k_phi_change": -0.32763654321769536, "xi_c_change": 0.0, "phase_sync_change": 0.027261640437303725, "epi_magnitude_change": 0.00015964254285250057, "hash_signature": "88c4cef6cdd61798", "sequence_str": "NAV -> AL -> UM -> THOL -> REMESH"}