{"sequence": ["OZ", "SHA", "VAL", "EN", "OZ"], "coherence_change": -0.023980917076754538, "sense_index_change": 0.01970554392692947, "phi_s_change": -0.1758627996482276, "grad_phi_change": 0.0, "k_phi_change": 0.0, "xi_c_change": 0.0, "phase_sync_change": 0.0, "epi_magnitude_change": 0.014875272658229632, "hash_signature": "eb37ac9b854159cd", "sequence_str": "OZ -> SHA -> VAL -> EN -> OZ"}