{"sequence": ["THOL", "RA", "VAL", "RA", "NAV"], "coherence_change": 0.006054807184728728, "sense_index_change": 0.03754733803335719, "phi_s_change": 0.027098797143464526, "grad_phi_change": -0.2489455081794132, "k_phi_change": 0.0018964948042680674, "xi_c_change": 0.0, "phase_sync_change": 0.08319006316315958, "epi_magnitude_change": 0.01637902672263014, "hash_signature": "e9c3b4f2ccc173cf", "sequence_str": "THOL -> RA -> VAL -> RA -> NAV"}