{"sequence": ["UM", "ZHIR", "OZ", "ZHIR", "NAV"], "coherence_change": -0.012003656716261801, "sense_index_change": 0.007629862948401511, "phi_s_change": -0.025576038929439382, "grad_phi_change": -0.03588926662400138, "k_phi_change": 0.18852413275861293, "xi_c_change": 0.0, "phase_sync_change": 0.006523443412534746, "epi_magnitude_change": 0.0, "hash_signature": "f97d4afe397bb0b4", "sequence_str": "UM -> ZHIR -> OZ -> ZHIR -> NAV"}