{"sequence": ["NAV", "THOL", "ZHIR", "RA", "OZ"], "coherence_change": -0.007391281031611907, "sense_index_change": -0.05122361658783575, "phi_s_change": 0.09379374151645026, "grad_phi_change": 0.13172578696037496, "k_phi_change": 0.11941976879395945, "xi_c_change": 0.0, "phase_sync_change": -0.0451976960441387, "epi_magnitude_change": 0.0, "hash_signature": "d07b5da4c25d5d97", "sequence_str": "NAV -> THOL -> ZHIR -> RA -> OZ"}