{"sequence": ["THOL", "ZHIR", "NAV"], "coherence_change": 0.007010734681552777, "sense_index_change": 0.008560202397341343, "phi_s_change": 0.05512344174855022, "grad_phi_change": 0.005188312093423075, "k_phi_change": -0.16408589832966358, "xi_c_change": 0.0, "phase_sync_change": -0.0016178129063714186, "epi_magnitude_change": 0.0, "hash_signature": "027df5027026e72f", "sequence_str": "THOL -> ZHIR -> NAV"}