{"sequence": ["SHA", "SHA", "OZ", "UM", "NAV"], "coherence_change": -0.007165219822402702, "sense_index_change": 0.01244293119499107, "phi_s_change": -0.0518437388705012, "grad_phi_change": 0.029277826923491457, "k_phi_change": 0.1248790210642111, "xi_c_change": 0.0, "phase_sync_change": -0.010969576678687809, "epi_magnitude_change": 0.0, "hash_signature": "45ca0961cda33334", "sequence_str": "SHA -> SHA -> OZ -> UM -> NAV"}