{"sequence": ["NUL", "VAL", "UM", "NAV", "EN", "OZ"], "coherence_change": -0.008304497718686576, "sense_index_change": -0.01316870215367616, "phi_s_change": -0.09192458504512913, "grad_phi_change": -0.01668649798157751, "k_phi_change": 0.217906244971804, "xi_c_change": 0.0, "phase_sync_change": -0.0070655459252148, "epi_magnitude_change": -0.005833691457850065, "hash_signature": "2ebd28969e93dc90", "sequence_str": "NUL -> VAL -> UM -> NAV -> EN -> OZ"}