{"sequence": ["OZ", "IL", "ZHIR", "OZ"], "coherence_change": -0.01648533631996485, "sense_index_change": -0.0029366336745157984, "phi_s_change": 0.09165922516547353, "grad_phi_change": 0.037525683348598626, "k_phi_change": 0.09950208877119027, "xi_c_change": 0.0, "phase_sync_change": -0.015989912912599435, "epi_magnitude_change": 0.0, "hash_signature": "57be98e1842c4719", "sequence_str": "OZ -> IL -> ZHIR -> OZ"}