{"sequence": ["SHA", "AL", "OZ"], "coherence_change": -0.011330613567593795, "sense_index_change": -0.008426611167418274, "phi_s_change": -0.05790376343543335, "grad_phi_change": 0.0, "k_phi_change": 0.0, "xi_c_change": 0.0, "phase_sync_change": 0.0, "epi_magnitude_change": -0.003934879673293756, "hash_signature": "9878d3eabf1ae2e0", "sequence_str": "SHA -> AL -> OZ"}