{"sequence": ["AL", "VAL", "OZ", "AL", "OZ"], "coherence_change": -0.022454612632338722, "sense_index_change": -0.007701574258211719, "phi_s_change": -0.0609549752806422, "grad_phi_change": 0.0, "k_phi_change": 0.0, "xi_c_change": 0.0, "phase_sync_change": 0.0, "epi_magnitude_change": 0.00895497327830419, "hash_signature": "f002a029503a606c", "sequence_str": "AL -> VAL -> OZ -> AL -> OZ"}