{"sequence": ["AL", "IL", "NAV", "UM", "OZ"], "coherence_change": -0.008098077387553415, "sense_index_change": 0.03650233686821558, "phi_s_change": 0.07730729116197288, "grad_phi_change": -0.1450066345355585, "k_phi_change": 0.42622869338948494, "xi_c_change": 0.0, "phase_sync_change": 0.0435998020272943, "epi_magnitude_change": -0.002220647954427668, "hash_signature": "0dd32ba580ca7a95", "sequence_str": "AL -> IL -> NAV -> UM -> OZ"}