{"sequence": ["NUL", "AL", "IL", "EN", "REMESH"], "coherence_change": 0.009599744930298248, "sense_index_change": 0.007868282171018648, "phi_s_change": 0.032022166559520504, "grad_phi_change": 0.0, "k_phi_change": 0.0, "xi_c_change": 0.0, "phase_sync_change": 0.0, "epi_magnitude_change": -0.005697518460968554, "hash_signature": "ba732e9b102dccb0", "sequence_str": "NUL -> AL -> IL -> EN -> REMESH"}