{"sequence": ["REMESH", "RA", "THOL", "OZ", "AL", "NAV"], "coherence_change": -0.005508726680558018, "sense_index_change": -0.005002207223366972, "phi_s_change": 0.13023131723936543, "grad_phi_change": 0.08564602605965077, "k_phi_change": 0.47117923879973606, "xi_c_change": 0.0, "phase_sync_change": -0.03381150382692544, "epi_magnitude_change": -0.0023670237175272835, "hash_signature": "1cdf9ee9eeb38c6e", "sequence_str": "REMESH -> RA -> THOL -> OZ -> AL -> NAV"}