{"sequence": ["NAV", "AL", "THOL", "VAL", "OZ"], "coherence_change": -0.0042733607290208475, "sense_index_change": -0.00016379352705475636, "phi_s_change": 0.020459526804159744, "grad_phi_change": 0.0, "k_phi_change": 0.0, "xi_c_change": 0.0, "phase_sync_change": 0.0, "epi_magnitude_change": 0.013301499915582382, "hash_signature": "cd47be1bb1df016d", "sequence_str": "NAV -> AL -> THOL -> VAL -> OZ"}