{"sequence": ["REMESH", "UM", "NUL", "SHA"], "coherence_change": 0.0, "sense_index_change": -0.005375935856822833, "phi_s_change": 0.0, "grad_phi_change": 0.08462314608054045, "k_phi_change": 0.2024774273576104, "xi_c_change": 0.0, "phase_sync_change": -0.033366863529556534, "epi_magnitude_change": -0.011583373487076054, "hash_signature": "8ff12e29997b7a90", "sequence_str": "REMESH -> UM -> NUL -> SHA"}