{"sequence": ["REMESH", "RA", "AL", "SHA"], "coherence_change": 0.0, "sense_index_change": 0.016431957549672083, "phi_s_change": 0.0, "grad_phi_change": -0.045918114546749766, "k_phi_change": 0.3801885126642379, "xi_c_change": 0.0, "phase_sync_change": 0.011480760323588579, "epi_magnitude_change": 0.0033307886118295604, "hash_signature": "19122aee4398b5db", "sequence_str": "REMESH -> RA -> AL -> SHA"}