{"sequence": ["RA", "UM", "AL", "OZ"], "coherence_change": -0.011943154613674789, "sense_index_change": 0.061957749737743484, "phi_s_change": -0.0656832977758518, "grad_phi_change": -0.3368503949430577, "k_phi_change": 0.17223166969304513, "xi_c_change": 0.0, "phase_sync_change": 0.09971050674116089, "epi_magnitude_change": -0.0027315504600217144, "hash_signature": "10975232ba752a12", "sequence_str": "RA -> UM -> AL -> OZ"}