{"sequence": ["THOL", "EN", "AL", "AL", "UM", "REMESH"], "coherence_change": 0.004514146411600639, "sense_index_change": 0.037288168835113544, "phi_s_change": 0.0074855254366408275, "grad_phi_change": -0.1831610075251262, "k_phi_change": 0.26631827264351543, "xi_c_change": 0.0, "phase_sync_change": 0.059551620024223095, "epi_magnitude_change": -0.005982594197675772, "hash_signature": "02bbc386d0b060ba", "sequence_str": "THOL -> EN -> AL -> AL -> UM -> REMESH"}