{"sequence": ["REMESH", "IL", "UM", "SHA", "REMESH"], "coherence_change": 0.007643433211239281, "sense_index_change": 0.008298371883335931, "phi_s_change": 0.032535780547381155, "grad_phi_change": -0.02263434412923626, "k_phi_change": 0.03770606085994066, "xi_c_change": 0.0, "phase_sync_change": -0.000804201571675156, "epi_magnitude_change": 0.0024667201652571746, "hash_signature": "dbcbd81264f2c405", "sequence_str": "REMESH -> IL -> UM -> SHA -> REMESH"}