{"sequence": ["AL", "VAL", "OZ", "AL", "NAV"], "coherence_change": -0.005853990222694616, "sense_index_change": -0.00039804509256746723, "phi_s_change": 0.012313399702259975, "grad_phi_change": 0.0, "k_phi_change": 0.0, "xi_c_change": 0.0, "phase_sync_change": 0.0, "epi_magnitude_change": 0.021348245043894654, "hash_signature": "2b5dd50fea029eb1", "sequence_str": "AL -> VAL -> OZ -> AL -> NAV"}