{"sequence": ["EN", "ZHIR", "SHA", "NUL", "REMESH"], "coherence_change": 0.0, "sense_index_change": -0.0025036970651964863, "phi_s_change": 0.0, "grad_phi_change": 0.0657534094348391, "k_phi_change": 0.036617224625462436, "xi_c_change": 0.0, "phase_sync_change": -0.022941238951563414, "epi_magnitude_change": -0.016231578391891044, "hash_signature": "732e04be9ce200c3", "sequence_str": "EN -> ZHIR -> SHA -> NUL -> REMESH"}