{"sequence": ["THOL", "SHA", "NUL", "AL", "NAV"], "coherence_change": 0.004762992357340012, "sense_index_change": -0.006531763332467855, "phi_s_change": 0.02246259379394766, "grad_phi_change": 0.0, "k_phi_change": 0.0, "xi_c_change": 0.0, "phase_sync_change": 0.0, "epi_magnitude_change": -0.006745825858668453, "hash_signature": "07f6ac17589f5db5", "sequence_str": "THOL -> SHA -> NUL -> AL -> NAV"}