{"sequence": ["EN", "OZ", "VAL", "OZ"], "coherence_change": -0.025549085124588977, "sense_index_change": 0.02021755465335251, "phi_s_change": -0.2680634084557554, "grad_phi_change": 0.0, "k_phi_change": 0.0, "xi_c_change": 0.0, "phase_sync_change": 0.0, "epi_magnitude_change": 0.016824505296150538, "hash_signature": "3714d3f49c7885a9", "sequence_str": "EN -> OZ -> VAL -> OZ"}