{"sequence": ["UM", "IL", "OZ"], "coherence_change": -0.0003601845616081345, "sense_index_change": -0.014688987600426862, "phi_s_change": -0.03185798955069463, "grad_phi_change": -0.007248674930613541, "k_phi_change": 0.06065487889477714, "xi_c_change": 0.0, "phase_sync_change": -0.006905792027828372, "epi_magnitude_change": 0.0, "hash_signature": "c0363826be7f12c1", "sequence_str": "UM -> IL -> OZ"}