{"sequence": ["ZHIR", "AL", "UM", "UM", "NAV"], "coherence_change": 0.0, "sense_index_change": 0.03557448678044817, "phi_s_change": 0.0, "grad_phi_change": -0.1602942241809162, "k_phi_change": 0.1783278669456465, "xi_c_change": 0.0, "phase_sync_change": 0.047438059641465746, "epi_magnitude_change": 0.000747107982858819, "hash_signature": "e81c4482842763d8", "sequence_str": "ZHIR -> AL -> UM -> UM -> NAV"}