{"sequence": ["NAV", "OZ", "RA", "THOL", "OZ"], "coherence_change": -0.020623358905646705, "sense_index_change": 0.007817273311959916, "phi_s_change": -0.06483573831082579, "grad_phi_change": -0.030104767417387546, "k_phi_change": 0.3555329982192017, "xi_c_change": 0.0, "phase_sync_change": 0.005921847442114769, "epi_magnitude_change": 0.0, "hash_signature": "309ee82149cd09ff", "sequence_str": "NAV -> OZ -> RA -> THOL -> OZ"}