{"sequence": ["EN", "ZHIR", "REMESH", "VAL", "UM", "NAV"], "coherence_change": 0.0, "sense_index_change": 0.0235380198752414, "phi_s_change": 0.0, "grad_phi_change": -0.06898277997451308, "k_phi_change": -0.15204769707725374, "xi_c_change": 0.0, "phase_sync_change": 0.027404275190307748, "epi_magnitude_change": 0.023627778897635898, "hash_signature": "4eaf338d3d0f6d5b", "sequence_str": "EN -> ZHIR -> REMESH -> VAL -> UM -> NAV"}