{"sequence": ["VAL", "NUL", "THOL", "OZ", "NAV"], "coherence_change": -0.009551059486988867, "sense_index_change": 0.000805594781682295, "phi_s_change": -0.07337980729892835, "grad_phi_change": 0.0, "k_phi_change": 0.0, "xi_c_change": 0.0, "phase_sync_change": 0.0, "epi_magnitude_change": 0.002955765070764671, "hash_signature": "e1e42f249cf50351", "sequence_str": "VAL -> NUL -> THOL -> OZ -> NAV"}