{"sequence": ["AL", "THOL", "IL", "NUL", "SHA"], "coherence_change": 0.010223984718360501, "sense_index_change": 0.0003778321044631827, "phi_s_change": -0.005899051332435401, "grad_phi_change": 0.0, "k_phi_change": 0.0, "xi_c_change": 0.0, "phase_sync_change": 0.0, "epi_magnitude_change": -0.019227765463076585, "hash_signature": "2c2fb23726c0f19f", "sequence_str": "AL -> THOL -> IL -> NUL -> SHA"}