{"sequence": ["AL", "UM", "EN", "NUL", "EN", "NAV"], "coherence_change": 0.0, "sense_index_change": -0.001985170779646883, "phi_s_change": 0.0, "grad_phi_change": -0.024928417773189437, "k_phi_change": 0.12596278110850895, "xi_c_change": 0.0, "phase_sync_change": -9.63602734573854e-05, "epi_magnitude_change": -0.02524273268564714, "hash_signature": "635d339e5e12e1ee", "sequence_str": "AL -> UM -> EN -> NUL -> EN -> NAV"}