{"sequence": ["REMESH", "ZHIR", "SHA", "SHA"], "coherence_change": 0.0, "sense_index_change": 0.0007480481096771019, "phi_s_change": 0.0, "grad_phi_change": -0.006452417208891115, "k_phi_change": 0.031720315234701646, "xi_c_change": 0.0, "phase_sync_change": 0.000643237662437568, "epi_magnitude_change": 0.0009821303285361127, "hash_signature": "c8c678061a23f196", "sequence_str": "REMESH -> ZHIR -> SHA -> SHA"}