{"sequence": ["NAV", "SHA", "UM", "UM", "THOL", "NAV"], "coherence_change": 0.002932286729660505, "sense_index_change": 0.022683219402624633, "phi_s_change": 0.026154850436425292, "grad_phi_change": -0.08882068235110818, "k_phi_change": -0.058034737948569504, "xi_c_change": 0.0, "phase_sync_change": 0.025013580792982437, "epi_magnitude_change": 0.0, "hash_signature": "a89af2b92b081423", "sequence_str": "NAV -> SHA -> UM -> UM -> THOL -> NAV"}