{"sequence": ["VAL", "RA", "NUL", "AL", "SHA"], "coherence_change": 0.0, "sense_index_change": -0.010869914676779613, "phi_s_change": 0.0, "grad_phi_change": 0.07950935491922317, "k_phi_change": 0.13107089524576013, "xi_c_change": 0.0, "phase_sync_change": -0.03301701566061632, "epi_magnitude_change": -0.00021595391123618857, "hash_signature": "86c646b8448e2ab7", "sequence_str": "VAL -> RA -> NUL -> AL -> SHA"}