{"sequence": ["SHA", "RA", "IL", "NAV"], "coherence_change": 0.0065546632307409425, "sense_index_change": 0.026832876109491477, "phi_s_change": 0.010804103866617676, "grad_phi_change": -0.149528456721983, "k_phi_change": 0.01767196309395455, "xi_c_change": 0.0, "phase_sync_change": 0.04725844074450014, "epi_magnitude_change": 0.0, "hash_signature": "52f8a95122d635c9", "sequence_str": "SHA -> RA -> IL -> NAV"}