{"sequence": ["REMESH", "OZ", "ZHIR", "THOL", "RA", "NAV"], "coherence_change": -0.006382402936738751, "sense_index_change": -0.003329767663798777, "phi_s_change": 0.019018541481667595, "grad_phi_change": -0.05933757788747451, "k_phi_change": 0.011449069621848912, "xi_c_change": 0.0, "phase_sync_change": 0.013458564151890617, "epi_magnitude_change": 0.0013024800481160614, "hash_signature": "69b9e5479d2efb08", "sequence_str": "REMESH -> OZ -> ZHIR -> THOL -> RA -> NAV"}