{"sequence": ["AL", "IL", "REMESH", "IL", "OZ"], "coherence_change": 0.003405504549987115, "sense_index_change": 0.013333511558555222, "phi_s_change": 0.08565508635890062, "grad_phi_change": 0.0, "k_phi_change": 0.0, "xi_c_change": 0.0, "phase_sync_change": 0.0, "epi_magnitude_change": 0.0013174295727255148, "hash_signature": "73738588ed86c0e3", "sequence_str": "AL -> IL -> REMESH -> IL -> OZ"}