{"sequence": ["IL", "RA", "IL", "RA", "SHA"], "coherence_change": 0.014557786822851582, "sense_index_change": 0.027127160385070237, "phi_s_change": -0.05954598257315602, "grad_phi_change": -0.1150628610012614, "k_phi_change": 0.49563914351098076, "xi_c_change": 0.0, "phase_sync_change": 0.031366958175489956, "epi_magnitude_change": 0.0, "hash_signature": "afc12dc73dbb366a", "sequence_str": "IL -> RA -> IL -> RA -> SHA"}