{"sequence": ["EN", "EN", "ZHIR", "EN", "NAV"], "coherence_change": 0.0, "sense_index_change": -0.0011027183990749423, "phi_s_change": 0.0, "grad_phi_change": 0.04364195113765801, "k_phi_change": -0.04791616716142369, "xi_c_change": 0.0, "phase_sync_change": -0.01414849592390599, "epi_magnitude_change": 0.0, "hash_signature": "2989a345cb97452b", "sequence_str": "EN -> EN -> ZHIR -> EN -> NAV"}