{"sequence": ["NAV", "EN", "RA", "SHA"], "coherence_change": 0.0, "sense_index_change": -0.007986172786524581, "phi_s_change": 0.0, "grad_phi_change": 0.004167207299185849, "k_phi_change": 0.08258175448583427, "xi_c_change": 0.0, "phase_sync_change": -0.010070019182288226, "epi_magnitude_change": 0.0, "hash_signature": "6b6f589a05c8b103", "sequence_str": "NAV -> EN -> RA -> SHA"}