{"sequence": ["OZ", "REMESH", "ZHIR", "NAV"], "coherence_change": -0.011695604651917768, "sense_index_change": 0.004332922551281149, "phi_s_change": 0.045292873805376055, "grad_phi_change": 0.026878070480712557, "k_phi_change": -0.023590711773809975, "xi_c_change": 0.0, "phase_sync_change": -0.006666666666666821, "epi_magnitude_change": 0.0019317207527085323, "hash_signature": "c166298c99e9858d", "sequence_str": "OZ -> REMESH -> ZHIR -> NAV"}