{"sequence": ["OZ", "OZ", "UM", "THOL", "NAV"], "coherence_change": -0.02212723519594184, "sense_index_change": 0.026451421440024214, "phi_s_change": 0.062449304075339995, "grad_phi_change": -0.11448983781370425, "k_phi_change": 0.29385611972862113, "xi_c_change": 0.0, "phase_sync_change": 0.04688436477815028, "epi_magnitude_change": 0.0, "hash_signature": "1693567cc15eeee8", "sequence_str": "OZ -> OZ -> UM -> THOL -> NAV"}