{"sequence": ["VAL", "RA", "REMESH", "THOL", "EN", "NAV"], "coherence_change": 0.004341189997824402, "sense_index_change": 0.018943232344446503, "phi_s_change": 0.06259065160926192, "grad_phi_change": -0.06741363651468157, "k_phi_change": 0.14430656681160628, "xi_c_change": 0.0, "phase_sync_change": 0.015113046577669542, "epi_magnitude_change": 0.020803688327652226, "hash_signature": "dde1cfbdcc7ae951", "sequence_str": "VAL -> RA -> REMESH -> THOL -> EN -> NAV"}