{"sequence": ["NUL", "IL", "OZ", "ZHIR", "OZ"], "coherence_change": -0.021728747984473662, "sense_index_change": 0.005960753535167784, "phi_s_change": -0.044205160080380224, "grad_phi_change": -0.05619960191421747, "k_phi_change": 0.24372639578737204, "xi_c_change": 0.0, "phase_sync_change": 0.016666666666666607, "epi_magnitude_change": -0.016476052430301702, "hash_signature": "e0ace7d32be3cb62", "sequence_str": "NUL -> IL -> OZ -> ZHIR -> OZ"}