{"sequence": ["VAL", "RA", "UM", "OZ"], "coherence_change": -0.010074262230371223, "sense_index_change": 0.049772137928326576, "phi_s_change": -0.04065663402657638, "grad_phi_change": -0.23793226741159357, "k_phi_change": 0.04091783508475119, "xi_c_change": 0.0, "phase_sync_change": 0.07667978924550467, "epi_magnitude_change": 0.011637490549037843, "hash_signature": "b3895d4ee7694bb1", "sequence_str": "VAL -> RA -> UM -> OZ"}