{"sequence": ["EN", "SHA", "RA", "UM", "SHA"], "coherence_change": 0.0, "sense_index_change": 0.059142069959868815, "phi_s_change": 0.0, "grad_phi_change": -0.2988927533790824, "k_phi_change": 0.3359599678889884, "xi_c_change": 0.0, "phase_sync_change": 0.09664622520405364, "epi_magnitude_change": 0.0, "hash_signature": "aa79d192af4f9339", "sequence_str": "EN -> SHA -> RA -> UM -> SHA"}