{"sequence": ["RA", "UM", "RA", "VAL", "RA", "SHA"], "coherence_change": 0.0, "sense_index_change": 0.09606117040796514, "phi_s_change": 0.0, "grad_phi_change": -0.5195479998203483, "k_phi_change": 0.13639574460617399, "xi_c_change": 0.0, "phase_sync_change": 0.16872522204381268, "epi_magnitude_change": 0.013374245192146361, "hash_signature": "ac946c3e71e3c2fd", "sequence_str": "RA -> UM -> RA -> VAL -> RA -> SHA"}