{"sequence": ["OZ", "IL", "REMESH"], "coherence_change": -0.004112727309924624, "sense_index_change": 0.0033398414200351834, "phi_s_change": -0.12368413614583729, "grad_phi_change": 0.0, "k_phi_change": 0.0, "xi_c_change": 0.0, "phase_sync_change": 0.0, "epi_magnitude_change": 0.0016355737994441233, "hash_signature": "5369b4411816e36c", "sequence_str": "OZ -> IL -> REMESH"}