{"sequence": ["SHA", "IL", "REMESH"], "coherence_change": 0.00858058685573726, "sense_index_change": -0.009308624510546704, "phi_s_change": 0.008050864196965768, "grad_phi_change": 0.0, "k_phi_change": 0.0, "xi_c_change": 0.0, "phase_sync_change": 0.0, "epi_magnitude_change": 0.0016079113120101018, "hash_signature": "e09ff545c62431a6", "sequence_str": "SHA -> IL -> REMESH"}