{"sequence": ["THOL", "UM", "IL", "NUL", "OZ"], "coherence_change": -0.005352619839339878, "sense_index_change": 0.04871996913655474, "phi_s_change": -0.12246418476740828, "grad_phi_change": -0.2030728820862262, "k_phi_change": 0.1506893335509737, "xi_c_change": 0.0, "phase_sync_change": 0.06624971847025907, "epi_magnitude_change": -0.011055632058260656, "hash_signature": "ccde657b59f5f3f0", "sequence_str": "THOL -> UM -> IL -> NUL -> OZ"}