{"sequence": ["EN", "ZHIR", "IL", "REMESH"], "coherence_change": 0.00957571773382282, "sense_index_change": -0.013451267121460109, "phi_s_change": 0.06784483824302034, "grad_phi_change": 0.007775325761412155, "k_phi_change": -0.14519318150038873, "xi_c_change": 0.0, "phase_sync_change": -0.003971386923446452, "epi_magnitude_change": 0.0007243088999019376, "hash_signature": "4ff3870186e8403f", "sequence_str": "EN -> ZHIR -> IL -> REMESH"}