{"sequence": ["IL", "ZHIR", "SHA", "NUL", "OZ"], "coherence_change": -0.00244878537604043, "sense_index_change": -0.005733513047087135, "phi_s_change": 0.06663873417855393, "grad_phi_change": -0.020280640609375844, "k_phi_change": 0.015410069249281233, "xi_c_change": 0.0, "phase_sync_change": 0.006747809998502663, "epi_magnitude_change": -0.015270700767185175, "hash_signature": "a5f64a91e2e44bd6", "sequence_str": "IL -> ZHIR -> SHA -> NUL -> OZ"}