{"sequence": ["EN", "THOL", "ZHIR", "AL", "NAV"], "coherence_change": 0.003939048163285275, "sense_index_change": 0.004239433401956649, "phi_s_change": 0.03687141929377824, "grad_phi_change": 0.034570823345071444, "k_phi_change": -0.0716586940918793, "xi_c_change": 0.0, "phase_sync_change": -0.008883724925344505, "epi_magnitude_change": -0.009125767261245143, "hash_signature": "720c604ab79cb13d", "sequence_str": "EN -> THOL -> ZHIR -> AL -> NAV"}