{"sequence": ["NAV", "ZHIR", "NUL", "IL", "RA", "REMESH"], "coherence_change": 0.009174485085011619, "sense_index_change": -0.017117193623883087, "phi_s_change": 0.08546261349748119, "grad_phi_change": 0.09651193100655608, "k_phi_change": 0.9111074526789826, "xi_c_change": 0.0, "phase_sync_change": -0.029837251622341743, "epi_magnitude_change": -0.02272982458932027, "hash_signature": "f9266024fc4e032b", "sequence_str": "NAV -> ZHIR -> NUL -> IL -> RA -> REMESH"}