{"sequence": ["VAL", "AL", "NAV", "VAL", "ZHIR", "SHA"], "coherence_change": 0.0, "sense_index_change": -0.004493956482416128, "phi_s_change": 0.0, "grad_phi_change": 0.07111687823259283, "k_phi_change": 0.11625902114403004, "xi_c_change": 0.0, "phase_sync_change": -0.02087633195716443, "epi_magnitude_change": 0.03271697352251801, "hash_signature": "f7542c1324975169", "sequence_str": "VAL -> AL -> NAV -> VAL -> ZHIR -> SHA"}