{"sequence": ["NUL", "ZHIR", "UM", "REMESH"], "coherence_change": 0.0, "sense_index_change": 0.005881393360147258, "phi_s_change": 0.0, "grad_phi_change": -0.01565062440291709, "k_phi_change": -0.04170340413684759, "xi_c_change": 0.0, "phase_sync_change": -0.005365664523506397, "epi_magnitude_change": -0.008028918303785049, "hash_signature": "4816125bbeaf344b", "sequence_str": "NUL -> ZHIR -> UM -> REMESH"}