{"sequence": ["IL", "REMESH", "REMESH", "ZHIR", "OZ"], "coherence_change": 0.00069695410030024, "sense_index_change": -0.009725297792216092, "phi_s_change": -0.06951912549480765, "grad_phi_change": 0.03885280315004147, "k_phi_change": -0.06978392911876347, "xi_c_change": 0.0, "phase_sync_change": -0.014036469339425373, "epi_magnitude_change": 0.00251710122065818, "hash_signature": "4d76aa30fdcfdf3c", "sequence_str": "IL -> REMESH -> REMESH -> ZHIR -> OZ"}