{"sequence": ["AL", "NAV", "IL", "ZHIR", "AL", "NAV"], "coherence_change": 0.00732549168706742, "sense_index_change": 0.006084558275230578, "phi_s_change": 0.050980319346239034, "grad_phi_change": 0.05406815126605102, "k_phi_change": -0.10565062727161173, "xi_c_change": 0.0, "phase_sync_change": -0.018980068671591854, "epi_magnitude_change": -0.0035586541883878553, "hash_signature": "405cab9f351a6e05", "sequence_str": "AL -> NAV -> IL -> ZHIR -> AL -> NAV"}