{"sequence": ["REMESH", "OZ", "OZ", "UM", "REMESH"], "coherence_change": -0.020158262199901356, "sense_index_change": 0.0194028169254733, "phi_s_change": 0.034609305528836676, "grad_phi_change": -0.10965010060380176, "k_phi_change": 0.3745825293011567, "xi_c_change": 0.0, "phase_sync_change": 0.02835004662293239, "epi_magnitude_change": 0.0020774065654456386, "hash_signature": "3d1614223ba2244c", "sequence_str": "REMESH -> OZ -> OZ -> UM -> REMESH"}