{"sequence": ["REMESH", "RA", "ZHIR", "NAV"], "coherence_change": 0.0, "sense_index_change": -0.0007570335770742398, "phi_s_change": 0.0, "grad_phi_change": -0.0033012254185702528, "k_phi_change": 0.4611174184471527, "xi_c_change": 0.0, "phase_sync_change": 0.0010061564429273417, "epi_magnitude_change": 0.0013623729610170443, "hash_signature": "47d55d24d5074026", "sequence_str": "REMESH -> RA -> ZHIR -> NAV"}