{"sequence": ["RA", "ZHIR", "RA", "IL", "OZ"], "coherence_change": 0.0034867711008829128, "sense_index_change": 0.04862888670915044, "phi_s_change": 0.0629448376009959, "grad_phi_change": -0.20418150835351745, "k_phi_change": 0.11288501665014668, "xi_c_change": 0.0, "phase_sync_change": 0.06528753959510081, "epi_magnitude_change": 0.0, "hash_signature": "23f7951197d5ccdd", "sequence_str": "RA -> ZHIR -> RA -> IL -> OZ"}