{"sequence": ["OZ", "IL", "NUL", "ZHIR", "AL", "SHA"], "coherence_change": 0.0015914942686122702, "sense_index_change": -0.02110836603751054, "phi_s_change": 0.0767008146935173, "grad_phi_change": 0.04546835169644292, "k_phi_change": 0.07685417711587028, "xi_c_change": 0.0, "phase_sync_change": -0.014219418639281112, "epi_magnitude_change": -0.016969524160190708, "hash_signature": "c2e253ac0db82750", "sequence_str": "OZ -> IL -> NUL -> ZHIR -> AL -> SHA"}