{"sequence": ["UM", "NAV", "RA", "AL", "NUL", "SHA"], "coherence_change": 0.0, "sense_index_change": 0.05864143435604707, "phi_s_change": 0.0, "grad_phi_change": -0.2535912066573083, "k_phi_change": -0.04837954188207458, "xi_c_change": 0.0, "phase_sync_change": 0.08517935901345763, "epi_magnitude_change": -0.019086774469791123, "hash_signature": "ca1e253918599c0f", "sequence_str": "UM -> NAV -> RA -> AL -> NUL -> SHA"}