{"sequence": ["AL", "RA", "OZ"], "coherence_change": -0.01138259213481585, "sense_index_change": -0.0015000466327340645, "phi_s_change": 0.12464124281101396, "grad_phi_change": 0.05323707432966418, "k_phi_change": 0.3770222648799375, "xi_c_change": 0.0, "phase_sync_change": -0.022523074404350862, "epi_magnitude_change": -0.0032455936903977856, "hash_signature": "6d40124cc44d8c70", "sequence_str": "AL -> RA -> OZ"}