{"sequence": ["VAL", "SHA", "THOL", "NAV"], "coherence_change": 0.006037085841379741, "sense_index_change": -0.010464030160346305, "phi_s_change": 0.004432388799538667, "grad_phi_change": 0.0, "k_phi_change": 0.0, "xi_c_change": 0.0, "phase_sync_change": 0.0, "epi_magnitude_change": 0.015221320626762291, "hash_signature": "d8c4af54e56153d2", "sequence_str": "VAL -> SHA -> THOL -> NAV"}