{"sequence": ["REMESH", "VAL", "IL", "REMESH"], "coherence_change": 0.00815374828953197, "sense_index_change": 0.005716321615784392, "phi_s_change": 0.016563788660970857, "grad_phi_change": 0.0, "k_phi_change": 0.0, "xi_c_change": 0.0, "phase_sync_change": 0.0, "epi_magnitude_change": 0.015802145982329208, "hash_signature": "f1e47e75141b01d4", "sequence_str": "REMESH -> VAL -> IL -> REMESH"}