{"sequence": ["NAV", "THOL", "EN", "OZ", "UM", "NAV"], "coherence_change": -0.01035282455245834, "sense_index_change": 0.03819900588705971, "phi_s_change": -0.25474425408522805, "grad_phi_change": -0.05797271179743202, "k_phi_change": -0.10114286250442994, "xi_c_change": 0.0, "phase_sync_change": 0.022525291211167975, "epi_magnitude_change": 0.0, "hash_signature": "1522d43779d24787", "sequence_str": "NAV -> THOL -> EN -> OZ -> UM -> NAV"}