{"sequence": ["NAV", "NUL", "REMESH", "ZHIR", "REMESH"], "coherence_change": 0.0, "sense_index_change": -0.022883951606527175, "phi_s_change": 0.0, "grad_phi_change": 0.08007483111213709, "k_phi_change": 0.2743879182649505, "xi_c_change": 0.0, "phase_sync_change": -0.02680068306802663, "epi_magnitude_change": -0.006159757353945916, "hash_signature": "211f794a9b9d6e9b", "sequence_str": "NAV -> NUL -> REMESH -> ZHIR -> REMESH"}