{"sequence": ["REMESH", "REMESH", "RA", "NAV", "REMESH"], "coherence_change": 0.0, "sense_index_change": 0.01471993907560909, "phi_s_change": 0.0, "grad_phi_change": -0.08555148775123023, "k_phi_change": 0.11229715291056414, "xi_c_change": 0.0, "phase_sync_change": 0.029340974833358513, "epi_magnitude_change": 0.004199643733057812, "hash_signature": "143e2e0a709d8751", "sequence_str": "REMESH -> REMESH -> RA -> NAV -> REMESH"}