{"sequence": ["NAV", "UM", "THOL", "REMESH"], "coherence_change": 0.006504777365706982, "sense_index_change": 0.0057586830788837196, "phi_s_change": 0.014001615019386127, "grad_phi_change": -0.10468626166202522, "k_phi_change": 0.38128219972861943, "xi_c_change": 0.0, "phase_sync_change": 0.03507828008388558, "epi_magnitude_change": 0.0012109028893928508, "hash_signature": "6356cd8cc67d63dc", "sequence_str": "NAV -> UM -> THOL -> REMESH"}