{"sequence": ["NUL", "NUL", "OZ"], "coherence_change": -0.008866049453881697, "sense_index_change": 0.0009039317926824442, "phi_s_change": -0.1455869590709472, "grad_phi_change": 0.0, "k_phi_change": 0.0, "xi_c_change": 0.0, "phase_sync_change": 0.0, "epi_magnitude_change": -0.026452811117818165, "hash_signature": "1f1a720058f4fd4b", "sequence_str": "NUL -> NUL -> OZ"}