{"sequence": ["THOL", "EN", "THOL", "ZHIR", "REMESH"], "coherence_change": 0.010769912885789434, "sense_index_change": 0.0024632366070249656, "phi_s_change": 0.047902906160628866, "grad_phi_change": -0.042332239596489574, "k_phi_change": 0.18735668195105437, "xi_c_change": 0.0, "phase_sync_change": 0.013053748929338749, "epi_magnitude_change": 0.0015093859105977936, "hash_signature": "b4ed3627be9e79b0", "sequence_str": "THOL -> EN -> THOL -> ZHIR -> REMESH"}