{"sequence": ["VAL", "NAV", "UM", "EN", "ZHIR", "SHA"], "coherence_change": 0.0, "sense_index_change": -0.017632912570098025, "phi_s_change": 0.0, "grad_phi_change": 0.09882408622472028, "k_phi_change": 0.35508359255714045, "xi_c_change": 0.0, "phase_sync_change": -0.04047928409838708, "epi_magnitude_change": 0.02090474652779728, "hash_signature": "ec56d63a33c468a5", "sequence_str": "VAL -> NAV -> UM -> EN -> ZHIR -> SHA"}