{"sequence": ["NAV", "UM", "NAV", "SHA", "ZHIR", "REMESH"], "coherence_change": 0.0, "sense_index_change": -0.012715795340178027, "phi_s_change": 0.0, "grad_phi_change": 0.023210643366745387, "k_phi_change": 0.19755717697960293, "xi_c_change": 0.0, "phase_sync_change": -0.016641500511664797, "epi_magnitude_change": 0.0013005938977792564, "hash_signature": "eaf76482a869cc5b", "sequence_str": "NAV -> UM -> NAV -> SHA -> ZHIR -> REMESH"}