{"sequence": ["THOL", "EN", "RA", "VAL", "VAL", "OZ"], "coherence_change": -0.005374467937695249, "sense_index_change": -0.012911650966994148, "phi_s_change": 0.06018401892230374, "grad_phi_change": 0.04956226440707101, "k_phi_change": 0.14768560020618884, "xi_c_change": 0.0, "phase_sync_change": -0.023176995107069276, "epi_magnitude_change": 0.036605952386982166, "hash_signature": "6f4ca2f06adfc406", "sequence_str": "THOL -> EN -> RA -> VAL -> VAL -> OZ"}