{"sequence": ["VAL", "SHA", "NAV", "RA", "REMESH"], "coherence_change": 0.0, "sense_index_change": -0.011730991956294679, "phi_s_change": 0.0, "grad_phi_change": 0.044501537308857086, "k_phi_change": 0.38865486625865064, "xi_c_change": 0.0, "phase_sync_change": -0.02045070895122436, "epi_magnitude_change": 0.013493667105032747, "hash_signature": "b1a67294d4203727", "sequence_str": "VAL -> SHA -> NAV -> RA -> REMESH"}