{"sequence": ["RA", "AL", "THOL", "OZ"], "coherence_change": -0.004291121517297269, "sense_index_change": -0.020933509750083512, "phi_s_change": -8.906688085907888e-05, "grad_phi_change": 0.12712482149887228, "k_phi_change": 0.461088726449157, "xi_c_change": 0.0, "phase_sync_change": -0.05127679463748214, "epi_magnitude_change": 0.008712811329202208, "hash_signature": "1dbeee45d66b9efb", "sequence_str": "RA -> AL -> THOL -> OZ"}