{"sequence": ["REMESH", "NUL", "RA", "NAV", "IL", "NAV"], "coherence_change": 0.008435283665237159, "sense_index_change": 0.03268357410689593, "phi_s_change": 0.05719627569861829, "grad_phi_change": -0.1508887540915005, "k_phi_change": 0.15367936842425095, "xi_c_change": 0.0, "phase_sync_change": 0.044263931661819744, "epi_magnitude_change": -0.010646025525064773, "hash_signature": "172a311a05680337", "sequence_str": "REMESH -> NUL -> RA -> NAV -> IL -> NAV"}