{"sequence": ["AL", "THOL", "EN", "VAL", "SHA"], "coherence_change": 0.005675209177070872, "sense_index_change": 0.004842511866083643, "phi_s_change": 0.042009040824637855, "grad_phi_change": 0.0, "k_phi_change": 0.0, "xi_c_change": 0.0, "phase_sync_change": 0.0, "epi_magnitude_change": 0.004728538670676352, "hash_signature": "5933629a66b6dacd", "sequence_str": "AL -> THOL -> EN -> VAL -> SHA"}