{"sequence": ["ZHIR", "RA", "THOL", "THOL", "SHA"], "coherence_change": 0.009194230855089192, "sense_index_change": 0.03933841478337974, "phi_s_change": 0.016300521302527793, "grad_phi_change": -0.06007678442640163, "k_phi_change": 0.38811837952046624, "xi_c_change": 0.0, "phase_sync_change": 0.011712067578574903, "epi_magnitude_change": 0.0, "hash_signature": "3aa794ea7573234f", "sequence_str": "ZHIR -> RA -> THOL -> THOL -> SHA"}