{"sequence": ["SHA", "REMESH", "IL", "VAL", "NAV"], "coherence_change": 0.006523271924132157, "sense_index_change": 0.0025358443965832755, "phi_s_change": 0.009160054263278372, "grad_phi_change": 0.0, "k_phi_change": 0.0, "xi_c_change": 0.0, "phase_sync_change": 0.0, "epi_magnitude_change": 0.01895578821859112, "hash_signature": "04704eba48f0b177", "sequence_str": "SHA -> REMESH -> IL -> VAL -> NAV"}