{"sequence": ["NUL", "UM", "UM", "RA", "VAL", "NAV"], "coherence_change": 0.0, "sense_index_change": 0.049801572131642824, "phi_s_change": 0.0, "grad_phi_change": -0.26055722536881376, "k_phi_change": 0.22285662214281923, "xi_c_change": 0.0, "phase_sync_change": 0.07585660597615684, "epi_magnitude_change": 0.004334826089062882, "hash_signature": "8f9e5260223d72c0", "sequence_str": "NUL -> UM -> UM -> RA -> VAL -> NAV"}