{"sequence": ["REMESH", "AL", "ZHIR", "UM", "OZ"], "coherence_change": -0.010024779865492661, "sense_index_change": 0.04272610062836135, "phi_s_change": -0.013020826829251764, "grad_phi_change": -0.14767120345089002, "k_phi_change": 0.40480467182681956, "xi_c_change": 0.0, "phase_sync_change": 0.06027968069805856, "epi_magnitude_change": -0.0008696934847838289, "hash_signature": "ff93ab29e1ef44ac", "sequence_str": "REMESH -> AL -> ZHIR -> UM -> OZ"}