{"sequence": ["EN", "REMESH", "IL", "NAV"], "coherence_change": 0.009047474966767832, "sense_index_change": 0.006334986908003826, "phi_s_change": 0.06513426024025104, "grad_phi_change": 0.0, "k_phi_change": 0.0, "xi_c_change": 0.0, "phase_sync_change": 0.0, "epi_magnitude_change": 0.001311232470009971, "hash_signature": "7de37e59e3266f1a", "sequence_str": "EN -> REMESH -> IL -> NAV"}