{"sequence": ["RA", "NAV", "RA", "REMESH"], "coherence_change": 0.0, "sense_index_change": 0.0161147683853059, "phi_s_change": 0.0, "grad_phi_change": -0.1357999783078665, "k_phi_change": 0.3902018107294383, "xi_c_change": 0.0, "phase_sync_change": 0.04305345744389488, "epi_magnitude_change": 0.0014961564690582074, "hash_signature": "3b2adfea643d1ca3", "sequence_str": "RA -> NAV -> RA -> REMESH"}