{"sequence": ["REMESH", "OZ", "UM", "NAV"], "coherence_change": -0.022439024161039822, "sense_index_change": 0.04627392079718862, "phi_s_change": -0.17389811535790445, "grad_phi_change": -0.153411229934588, "k_phi_change": 0.16530811235094114, "xi_c_change": 0.0, "phase_sync_change": 0.05199511709924265, "epi_magnitude_change": 0.00159188662367038, "hash_signature": "a81da9afe71f1c86", "sequence_str": "REMESH -> OZ -> UM -> NAV"}