{"sequence": ["SHA", "ZHIR", "NAV", "NAV", "AL", "SHA"], "coherence_change": 0.0, "sense_index_change": 0.007374557470965271, "phi_s_change": 0.0, "grad_phi_change": 0.002388495907544641, "k_phi_change": 0.07398931253583264, "xi_c_change": 0.0, "phase_sync_change": -0.00022747367213948877, "epi_magnitude_change": 0.006857358736031993, "hash_signature": "a880403755877e18", "sequence_str": "SHA -> ZHIR -> NAV -> NAV -> AL -> SHA"}