{"sequence": ["SHA", "IL", "NUL", "NUL", "SHA"], "coherence_change": 0.007863874009299554, "sense_index_change": 0.010165118900475889, "phi_s_change": -0.10697689458323645, "grad_phi_change": 0.0, "k_phi_change": 0.0, "xi_c_change": 0.0, "phase_sync_change": 0.0, "epi_magnitude_change": -0.03613070220798098, "hash_signature": "78b1972b566444b4", "sequence_str": "SHA -> IL -> NUL -> NUL -> SHA"}