{"sequence": ["AL", "NAV", "UM", "NUL", "THOL", "SHA"], "coherence_change": 0.005045447965411953, "sense_index_change": 0.04062877350237726, "phi_s_change": 0.040692456719908954, "grad_phi_change": -0.3416532752823509, "k_phi_change": 0.4939440591949017, "xi_c_change": 0.0, "phase_sync_change": 0.10951566601627871, "epi_magnitude_change": -0.015655424010978636, "hash_signature": "e49417be6c9c6e10", "sequence_str": "AL -> NAV -> UM -> NUL -> THOL -> SHA"}