{"sequence": ["UM", "EN", "THOL", "EN", "OZ"], "coherence_change": -0.009452587579591887, "sense_index_change": 0.0022183347536359754, "phi_s_change": -0.09292169029414787, "grad_phi_change": 0.016555637817251556, "k_phi_change": -0.11582501770254333, "xi_c_change": 0.0, "phase_sync_change": -0.0054386169624213165, "epi_magnitude_change": 0.0, "hash_signature": "dff2cc87f2bef7ac", "sequence_str": "UM -> EN -> THOL -> EN -> OZ"}