{"sequence": ["THOL", "VAL", "SHA", "ZHIR", "RA", "OZ"], "coherence_change": -0.007365776008873781, "sense_index_change": -0.0009569888914332525, "phi_s_change": -0.1712931723164931, "grad_phi_change": 0.09369732810646081, "k_phi_change": -0.09448695743984453, "xi_c_change": 0.0, "phase_sync_change": -0.031874323771708624, "epi_magnitude_change": 0.02174858778922306, "hash_signature": "dfe38f0b2f8da7ff", "sequence_str": "THOL -> VAL -> SHA -> ZHIR -> RA -> OZ"}