{"sequence": ["NUL", "ZHIR", "REMESH", "NUL", "REMESH"], "coherence_change": 0.0, "sense_index_change": -0.00921374661461194, "phi_s_change": 0.0, "grad_phi_change": 0.050271887911645274, "k_phi_change": 0.2516820583609175, "xi_c_change": 0.0, "phase_sync_change": -0.015346675250161756, "epi_magnitude_change": -0.022682613883172276, "hash_signature": "c656c10cdec39dba", "sequence_str": "NUL -> ZHIR -> REMESH -> NUL -> REMESH"}