{"sequence": ["NAV", "THOL", "OZ", "OZ", "REMESH"], "coherence_change": -0.017675162863734717, "sense_index_change": 0.014533797976971297, "phi_s_change": 0.08582754918865543, "grad_phi_change": 0.0, "k_phi_change": 0.0, "xi_c_change": 0.0, "phase_sync_change": 0.0, "epi_magnitude_change": 0.001978940559727027, "hash_signature": "61e7478ac412ab6e", "sequence_str": "NAV -> THOL -> OZ -> OZ -> REMESH"}