{"sequence": ["REMESH", "IL", "OZ", "RA", "NAV"], "coherence_change": -0.005334259601735614, "sense_index_change": 0.03955908616093562, "phi_s_change": -0.045386496053893666, "grad_phi_change": -0.06970929209060905, "k_phi_change": 0.18296130308657488, "xi_c_change": 0.0, "phase_sync_change": 0.016192240760486087, "epi_magnitude_change": 0.0015471711169569025, "hash_signature": "b97c2e1d38766d5c", "sequence_str": "REMESH -> IL -> OZ -> RA -> NAV"}