{"sequence": ["AL", "SHA", "AL", "IL", "EN", "NAV"], "coherence_change": 0.007071131068392633, "sense_index_change": 0.006919024302087684, "phi_s_change": -0.0071068482743693595, "grad_phi_change": 0.0, "k_phi_change": 0.0, "xi_c_change": 0.0, "phase_sync_change": 0.0, "epi_magnitude_change": -0.010174730428536227, "hash_signature": "ce5fffb36d6e5265", "sequence_str": "AL -> SHA -> AL -> IL -> EN -> NAV"}