{"sequence": ["ZHIR", "UM", "THOL", "RA", "SHA"], "coherence_change": 0.0035146058388408896, "sense_index_change": 0.0390574972895501, "phi_s_change": -0.009345244079690396, "grad_phi_change": -0.26350394722643977, "k_phi_change": 0.16871005577023504, "xi_c_change": 0.0, "phase_sync_change": 0.08160490914072993, "epi_magnitude_change": 0.0, "hash_signature": "1292f256a4222d4c", "sequence_str": "ZHIR -> UM -> THOL -> RA -> SHA"}