{"sequence": ["NAV", "NUL", "RA", "VAL", "NAV"], "coherence_change": 0.0, "sense_index_change": -0.03709389348875519, "phi_s_change": 0.0, "grad_phi_change": 0.19248095074749538, "k_phi_change": 0.40393274572193294, "xi_c_change": 0.0, "phase_sync_change": -0.06582320491426197, "epi_magnitude_change": -0.012374162952722534, "hash_signature": "1f5a219fb560c6cd", "sequence_str": "NAV -> NUL -> RA -> VAL -> NAV"}