{"sequence": ["AL", "UM", "OZ", "REMESH"], "coherence_change": -0.015249723792113423, "sense_index_change": -0.0197126275423109, "phi_s_change": -0.01039250265704883, "grad_phi_change": 0.15918679731113516, "k_phi_change": -0.14953564471292202, "xi_c_change": 0.0, "phase_sync_change": -0.06008383800871531, "epi_magnitude_change": -0.0023434175844486704, "hash_signature": "72fe75ecd41ded94", "sequence_str": "AL -> UM -> OZ -> REMESH"}