{"sequence": ["REMESH", "EN", "UM", "OZ"], "coherence_change": -0.008494155172773521, "sense_index_change": -0.014905554764762186, "phi_s_change": 0.009309399478542368, "grad_phi_change": 0.0034999538845714717, "k_phi_change": 0.48778182835018685, "xi_c_change": 0.0, "phase_sync_change": -0.0025893900297340178, "epi_magnitude_change": 0.0011852259089121242, "hash_signature": "a821fc9d747f6075", "sequence_str": "REMESH -> EN -> UM -> OZ"}