{"sequence": ["VAL", "OZ", "OZ", "NAV"], "coherence_change": -0.024268331949809263, "sense_index_change": -0.007412941996018496, "phi_s_change": -0.039728767034505896, "grad_phi_change": 0.0, "k_phi_change": 0.0, "xi_c_change": 0.0, "phase_sync_change": 0.0, "epi_magnitude_change": 0.020887151201888887, "hash_signature": "0e7fdeac5c97396c", "sequence_str": "VAL -> OZ -> OZ -> NAV"}