{"sequence": ["OZ", "NAV", "REMESH", "RA", "NAV"], "coherence_change": -0.013464188027518809, "sense_index_change": -0.005388041174761438, "phi_s_change": 0.012913750343019004, "grad_phi_change": 0.017675609664283165, "k_phi_change": 0.4885554688880767, "xi_c_change": 0.0, "phase_sync_change": -0.015784679735620477, "epi_magnitude_change": 0.0011212377611230506, "hash_signature": "31e2b9f5baf76378", "sequence_str": "OZ -> NAV -> REMESH -> RA -> NAV"}