{"sequence": ["AL", "VAL", "RA", "AL", "REMESH"], "coherence_change": 0.0, "sense_index_change": -0.02516612689544656, "phi_s_change": 0.0, "grad_phi_change": 0.05525867971901266, "k_phi_change": 0.15992709255036175, "xi_c_change": 0.0, "phase_sync_change": -0.027521124143535025, "epi_magnitude_change": 0.016376242928690776, "hash_signature": "f0bfc8a007af7f72", "sequence_str": "AL -> VAL -> RA -> AL -> REMESH"}