{"sequence": ["AL", "REMESH", "EN", "RA", "AL", "OZ"], "coherence_change": -0.012816852483616192, "sense_index_change": 0.003113798232707854, "phi_s_change": -0.00033480780961836487, "grad_phi_change": 0.02274398840284353, "k_phi_change": 0.1323900279385845, "xi_c_change": 0.0, "phase_sync_change": -0.01677600224919007, "epi_magnitude_change": -0.0008426613221205193, "hash_signature": "161e48e7c14d71b1", "sequence_str": "AL -> REMESH -> EN -> RA -> AL -> OZ"}