{"sequence": ["ZHIR", "NUL", "AL", "SHA"], "coherence_change": 0.0, "sense_index_change": -0.0019301801534129526, "phi_s_change": 0.0, "grad_phi_change": 0.032412301628448104, "k_phi_change": 0.6708600314541949, "xi_c_change": 0.0, "phase_sync_change": -0.011602412190572009, "epi_magnitude_change": -0.018972429742001307, "hash_signature": "a0cef4695511bac1", "sequence_str": "ZHIR -> NUL -> AL -> SHA"}