{"sequence": ["REMESH", "RA", "RA", "SHA"], "coherence_change": 0.0, "sense_index_change": 0.04828456898543487, "phi_s_change": 0.0, "grad_phi_change": -0.3034647416713363, "k_phi_change": -0.02430179537814897, "xi_c_change": 0.0, "phase_sync_change": 0.09066171659937716, "epi_magnitude_change": 0.0014619271579771054, "hash_signature": "0a04a9a1a343b050", "sequence_str": "REMESH -> RA -> RA -> SHA"}