{"sequence": ["VAL", "ZHIR", "SHA", "SHA", "SHA"], "coherence_change": 0.0, "sense_index_change": 0.017956116439393432, "phi_s_change": 0.0, "grad_phi_change": -0.007348009767348618, "k_phi_change": 0.25865790995026294, "xi_c_change": 0.0, "phase_sync_change": 0.0009311325235594747, "epi_magnitude_change": 0.024072867659560848, "hash_signature": "2ab92d9b74c782ad", "sequence_str": "VAL -> ZHIR -> SHA -> SHA -> SHA"}