{"sequence": ["AL", "AL", "REMESH", "OZ"], "coherence_change": -0.014999046827016915, "sense_index_change": 0.024540537443576538, "phi_s_change": -0.16964302078106186, "grad_phi_change": 0.0, "k_phi_change": 0.0, "xi_c_change": 0.0, "phase_sync_change": 0.0, "epi_magnitude_change": 0.004554071647075553, "hash_signature": "00281e0ac0538425", "sequence_str": "AL -> AL -> REMESH -> OZ"}