{"sequence": ["AL", "OZ", "IL", "UM", "UM", "OZ"], "coherence_change": -0.015436143192685825, "sense_index_change": 0.02272913523400144, "phi_s_change": -0.015114487625470074, "grad_phi_change": -0.12478230646484656, "k_phi_change": 0.3457513197196095, "xi_c_change": 0.0, "phase_sync_change": 0.03233183691001762, "epi_magnitude_change": 0.00358915075607269, "hash_signature": "a689344a679d741f", "sequence_str": "AL -> OZ -> IL -> UM -> UM -> OZ"}