{"sequence": ["AL", "NAV", "REMESH", "ZHIR", "REMESH"], "coherence_change": 0.0, "sense_index_change": 0.009974347589419508, "phi_s_change": 0.0, "grad_phi_change": -0.06979942123671146, "k_phi_change": -0.012238849404260677, "xi_c_change": 0.0, "phase_sync_change": 0.017937741275742547, "epi_magnitude_change": 0.0005117687207625288, "hash_signature": "75b8054dfd64a6ac", "sequence_str": "AL -> NAV -> REMESH -> ZHIR -> REMESH"}