{"sequence": ["AL", "VAL", "VAL", "IL", "ZHIR", "NAV"], "coherence_change": 0.006593438381596095, "sense_index_change": 0.014963058046341904, "phi_s_change": -0.015535601606443183, "grad_phi_change": -0.014737252705758541, "k_phi_change": 0.07913936806117328, "xi_c_change": 0.0, "phase_sync_change": 0.005335693713936496, "epi_magnitude_change": 0.028267298576516997, "hash_signature": "ddd37ce263bc940a", "sequence_str": "AL -> VAL -> VAL -> IL -> ZHIR -> NAV"}