{"sequence": ["REMESH", "RA", "SHA", "OZ"], "coherence_change": -0.013401895421618515, "sense_index_change": 0.02813824287893618, "phi_s_change": -0.008408820126862726, "grad_phi_change": -0.11707198020253173, "k_phi_change": 0.48968524668759505, "xi_c_change": 0.0, "phase_sync_change": 0.03729874182618842, "epi_magnitude_change": 0.001445984058582539, "hash_signature": "0b4b103f26c6dbd9", "sequence_str": "REMESH -> RA -> SHA -> OZ"}