{"sequence": ["NUL", "ZHIR", "RA", "NAV"], "coherence_change": 0.0, "sense_index_change": 0.03271725997163233, "phi_s_change": 0.0, "grad_phi_change": -0.08986723563742705, "k_phi_change": 0.04903083686235121, "xi_c_change": 0.0, "phase_sync_change": 0.026212273139752384, "epi_magnitude_change": -0.022505017963707075, "hash_signature": "5b58cbd2c7076533", "sequence_str": "NUL -> ZHIR -> RA -> NAV"}