{"sequence": ["AL", "UM", "RA", "REMESH"], "coherence_change": 0.0, "sense_index_change": 0.06195487171788694, "phi_s_change": 0.0, "grad_phi_change": -0.30454385684791996, "k_phi_change": 0.11748398282161437, "xi_c_change": 0.0, "phase_sync_change": 0.08256242205065767, "epi_magnitude_change": 0.008637929451256188, "hash_signature": "6244b328bc43696e", "sequence_str": "AL -> UM -> RA -> REMESH"}