{"sequence": ["NUL", "UM", "ZHIR", "REMESH"], "coherence_change": 0.0, "sense_index_change": 0.025609920520764162, "phi_s_change": 0.0, "grad_phi_change": -0.07224197325409332, "k_phi_change": 0.26905045933267613, "xi_c_change": 0.0, "phase_sync_change": 0.020715943615092214, "epi_magnitude_change": -0.020583226286921108, "hash_signature": "4688fd93c544fe88", "sequence_str": "NUL -> UM -> ZHIR -> REMESH"}