{"sequence": ["ZHIR", "IL", "SHA", "OZ", "THOL", "NAV"], "coherence_change": 0.005299950049452273, "sense_index_change": 0.005679283939331481, "phi_s_change": -0.03544531632664116, "grad_phi_change": 0.028313934886190495, "k_phi_change": 0.0030557238332132586, "xi_c_change": 0.0, "phase_sync_change": -0.006146463869363683, "epi_magnitude_change": 0.0, "hash_signature": "c1ec542465366bf2", "sequence_str": "ZHIR -> IL -> SHA -> OZ -> THOL -> NAV"}