{"sequence": ["IL", "SHA", "ZHIR", "AL", "SHA"], "coherence_change": 0.008776852626652398, "sense_index_change": -0.01722098924719434, "phi_s_change": 0.030482720457679302, "grad_phi_change": 0.04646742380581381, "k_phi_change": -0.06688459759009108, "xi_c_change": 0.0, "phase_sync_change": -0.011921217048767141, "epi_magnitude_change": 0.0053354164354567635, "hash_signature": "195da8faa680bd47", "sequence_str": "IL -> SHA -> ZHIR -> AL -> SHA"}