{"sequence": ["REMESH", "VAL", "EN", "RA", "REMESH"], "coherence_change": 0.0, "sense_index_change": -0.005890936148675308, "phi_s_change": 0.0, "grad_phi_change": 0.061809008987136815, "k_phi_change": 0.15130080211895652, "xi_c_change": 0.0, "phase_sync_change": -0.022928502738045253, "epi_magnitude_change": 0.009727842658392105, "hash_signature": "3898676324d1dc30", "sequence_str": "REMESH -> VAL -> EN -> RA -> REMESH"}