{"sequence": ["UM", "ZHIR", "ZHIR", "UM", "IL", "NAV"], "coherence_change": 0.008351039953444106, "sense_index_change": 0.016775798561002864, "phi_s_change": 0.05949986449946931, "grad_phi_change": -0.17220038263849724, "k_phi_change": 0.360680208506734, "xi_c_change": 0.0, "phase_sync_change": 0.0505006595475207, "epi_magnitude_change": 0.0, "hash_signature": "cf5a1c693b690b45", "sequence_str": "UM -> ZHIR -> ZHIR -> UM -> IL -> NAV"}