{"sequence": ["UM", "REMESH", "IL", "NAV"], "coherence_change": 0.006861288604089744, "sense_index_change": 0.05181304654289631, "phi_s_change": 0.002332647938955823, "grad_phi_change": -0.19719047823099367, "k_phi_change": 0.38937057623718385, "xi_c_change": 0.0, "phase_sync_change": 0.05876152079845154, "epi_magnitude_change": 0.0016261772743786373, "hash_signature": "bb17d86cb32bf4bd", "sequence_str": "UM -> REMESH -> IL -> NAV"}