{"sequence": ["REMESH", "RA", "IL", "UM", "OZ"], "coherence_change": -0.004492774529259003, "sense_index_change": 0.042657231849136834, "phi_s_change": -0.047838737094184736, "grad_phi_change": -0.12061352188563279, "k_phi_change": -0.006805709281462957, "xi_c_change": 0.0, "phase_sync_change": 0.03558372359101991, "epi_magnitude_change": 0.001732001426982821, "hash_signature": "2b7ed678e2051900", "sequence_str": "REMESH -> RA -> IL -> UM -> OZ"}