{"sequence": ["NUL", "EN", "AL", "NAV", "OZ"], "coherence_change": -0.011496247290283979, "sense_index_change": -0.005973110280232619, "phi_s_change": -0.12693983202690307, "grad_phi_change": 0.0, "k_phi_change": 0.0, "xi_c_change": 0.0, "phase_sync_change": 0.0, "epi_magnitude_change": -0.014070073313261267, "hash_signature": "d902522b6168d4c2", "sequence_str": "NUL -> EN -> AL -> NAV -> OZ"}