{"sequence": ["RA", "NUL", "ZHIR", "OZ"], "coherence_change": -0.012221118597877889, "sense_index_change": 0.009857216614963082, "phi_s_change": -0.08338562221642976, "grad_phi_change": 0.0029290271811619473, "k_phi_change": 0.8248926724441887, "xi_c_change": 0.0, "phase_sync_change": -0.00994498616667927, "epi_magnitude_change": -0.01993348998155753, "hash_signature": "58ec7eafc6b9ff28", "sequence_str": "RA -> NUL -> ZHIR -> OZ"}