{"sequence": ["REMESH", "RA", "AL", "ZHIR", "REMESH"], "coherence_change": 0.0, "sense_index_change": -0.017031842343857184, "phi_s_change": 0.0, "grad_phi_change": 0.03502369670149852, "k_phi_change": 0.08376196718279416, "xi_c_change": 0.0, "phase_sync_change": -0.018876748437982593, "epi_magnitude_change": -0.004255516572750362, "hash_signature": "2850a42815c74d30", "sequence_str": "REMESH -> RA -> AL -> ZHIR -> REMESH"}