{"sequence": ["IL", "VAL", "ZHIR", "SHA"], "coherence_change": 0.008897397959628739, "sense_index_change": -0.00010582366082756423, "phi_s_change": -0.04005669786126309, "grad_phi_change": -0.011066760253082952, "k_phi_change": 0.025979345988103225, "xi_c_change": 0.0, "phase_sync_change": -0.0006877352902925349, "epi_magnitude_change": 0.015423018248809872, "hash_signature": "7e1e497f7aa0f80f", "sequence_str": "IL -> VAL -> ZHIR -> SHA"}