{"sequence": ["VAL", "THOL", "UM", "AL", "OZ"], "coherence_change": -0.0045251998421892425, "sense_index_change": -0.008149027683848842, "phi_s_change": 0.0035574062296278575, "grad_phi_change": 0.05920977336824196, "k_phi_change": 0.12423759554954274, "xi_c_change": 0.0, "phase_sync_change": -0.02950363798836475, "epi_magnitude_change": 0.025496304759596855, "hash_signature": "46196cf853d26c6b", "sequence_str": "VAL -> THOL -> UM -> AL -> OZ"}