{"sequence": ["AL", "AL", "OZ"], "coherence_change": -0.013730115513433394, "sense_index_change": 0.003171684185794388, "phi_s_change": -0.12901602120073674, "grad_phi_change": 0.0, "k_phi_change": 0.0, "xi_c_change": 0.0, "phase_sync_change": 0.0, "epi_magnitude_change": 0.012085739424639974, "hash_signature": "9a0ba56d9addd502", "sequence_str": "AL -> AL -> OZ"}