{"sequence": ["THOL", "REMESH", "NAV"], "coherence_change": 0.003937743620303635, "sense_index_change": 0.0032496442172161855, "phi_s_change": 0.03853223300142539, "grad_phi_change": 0.0, "k_phi_change": 0.0, "xi_c_change": 0.0, "phase_sync_change": 0.0, "epi_magnitude_change": 0.0013167869239865126, "hash_signature": "50485a01c5de7970", "sequence_str": "THOL -> REMESH -> NAV"}