{"sequence": ["AL", "AL", "NUL", "EN", "IL", "SHA"], "coherence_change": 0.00912554282147926, "sense_index_change": -0.012360478456884871, "phi_s_change": -0.011696645395111394, "grad_phi_change": 0.0, "k_phi_change": 0.0, "xi_c_change": 0.0, "phase_sync_change": 0.0, "epi_magnitude_change": -0.025672059203238118, "hash_signature": "5cb09108efc2803d", "sequence_str": "AL -> AL -> NUL -> EN -> IL -> SHA"}