{"sequence": ["THOL", "NAV", "ZHIR", "ZHIR", "REMESH"], "coherence_change": 0.004530900708808905, "sense_index_change": -0.03577743501180053, "phi_s_change": 0.02640603429145727, "grad_phi_change": 0.11505453700054846, "k_phi_change": 0.06744688431857152, "xi_c_change": 0.0, "phase_sync_change": -0.03705000900469624, "epi_magnitude_change": 0.001230858109051547, "hash_signature": "648b96e4b198eefa", "sequence_str": "THOL -> NAV -> ZHIR -> ZHIR -> REMESH"}