{"sequence": ["NUL", "ZHIR", "OZ"], "coherence_change": -0.014861065875472201, "sense_index_change": 0.024509680008729662, "phi_s_change": -0.13502304959096223, "grad_phi_change": -0.014992330818800692, "k_phi_change": 0.13005358556375896, "xi_c_change": 0.0, "phase_sync_change": 0.004416092316359199, "epi_magnitude_change": -0.019553616960732323, "hash_signature": "6a19f052dc9c74b2", "sequence_str": "NUL -> ZHIR -> OZ"}