{"sequence": ["NAV", "RA", "SHA", "RA", "SHA"], "coherence_change": 0.0, "sense_index_change": 0.02339762921285493, "phi_s_change": 0.0, "grad_phi_change": -0.17477852416021045, "k_phi_change": -0.0056915937493472735, "xi_c_change": 0.0, "phase_sync_change": 0.057252462877662835, "epi_magnitude_change": 0.0, "hash_signature": "281f38170433841b", "sequence_str": "NAV -> RA -> SHA -> RA -> SHA"}