{"sequence": ["RA", "AL", "SHA", "EN", "ZHIR", "OZ"], "coherence_change": -0.0057907764710213305, "sense_index_change": 0.0013218420333448444, "phi_s_change": 0.02506142146714785, "grad_phi_change": -0.07027631952317925, "k_phi_change": 0.417713391580463, "xi_c_change": 0.0, "phase_sync_change": 0.020505432149542036, "epi_magnitude_change": -0.010528187962532631, "hash_signature": "30cec25d5fd52772", "sequence_str": "RA -> AL -> SHA -> EN -> ZHIR -> OZ"}