{"sequence": ["THOL", "ZHIR", "REMESH", "SHA", "RA", "REMESH"], "coherence_change": 0.004081598326888258, "sense_index_change": 0.04282612403329211, "phi_s_change": -0.010262166019037178, "grad_phi_change": -0.15133648571598024, "k_phi_change": 0.3720273964991237, "xi_c_change": 0.0, "phase_sync_change": 0.05248565378831427, "epi_magnitude_change": 0.002381872090279402, "hash_signature": "3ed06c42fcb500c7", "sequence_str": "THOL -> ZHIR -> REMESH -> SHA -> RA -> REMESH"}