{"sequence": ["IL", "SHA", "SHA", "UM", "SHA"], "coherence_change": 0.004617674042467046, "sense_index_change": -0.017577727114423236, "phi_s_change": -0.007489462622009779, "grad_phi_change": 0.14336819760774233, "k_phi_change": -0.05637688892966225, "xi_c_change": 0.0, "phase_sync_change": -0.051842841572396714, "epi_magnitude_change": 0.0, "hash_signature": "cfe77df4a67597e5", "sequence_str": "IL -> SHA -> SHA -> UM -> SHA"}