{"sequence": ["THOL", "VAL", "NUL", "SHA"], "coherence_change": 0.0039215191281126716, "sense_index_change": 0.001717681093604595, "phi_s_change": -0.02538721015962342, "grad_phi_change": 0.0, "k_phi_change": 0.0, "xi_c_change": 0.0, "phase_sync_change": 0.0, "epi_magnitude_change": -0.013592777178448201, "hash_signature": "2e30f66bbb52280b", "sequence_str": "THOL -> VAL -> NUL -> SHA"}