{"sequence": ["VAL", "VAL", "THOL", "IL", "RA", "OZ"], "coherence_change": -0.0021607463880173317, "sense_index_change": -0.009210373429722862, "phi_s_change": -0.01087657665926689, "grad_phi_change": 0.1228664948039051, "k_phi_change": 0.5177295281395446, "xi_c_change": 0.0, "phase_sync_change": -0.04750738974503543, "epi_magnitude_change": 0.029457830044016475, "hash_signature": "4df56329e22bdb22", "sequence_str": "VAL -> VAL -> THOL -> IL -> RA -> OZ"}