{"sequence": ["IL", "EN", "OZ", "ZHIR", "OZ"], "coherence_change": -0.016650513999301175, "sense_index_change": -0.01736041198143312, "phi_s_change": 0.07070314575552339, "grad_phi_change": 0.049670697716320156, "k_phi_change": 0.04149306353122145, "xi_c_change": 0.0, "phase_sync_change": -0.014021068623625843, "epi_magnitude_change": 0.0, "hash_signature": "58265f74ae985854", "sequence_str": "IL -> EN -> OZ -> ZHIR -> OZ"}