{"sequence": ["VAL", "ZHIR", "IL", "OZ"], "coherence_change": -0.00649671891748993, "sense_index_change": 0.04011827726770212, "phi_s_change": -0.14539383825939556, "grad_phi_change": -0.047797461490467485, "k_phi_change": 0.4371130432954482, "xi_c_change": 0.0, "phase_sync_change": 0.01616928760996683, "epi_magnitude_change": 0.008824028390484684, "hash_signature": "ce88c4d6f0e6553f", "sequence_str": "VAL -> ZHIR -> IL -> OZ"}