{"sequence": ["EN", "THOL", "VAL", "RA", "OZ"], "coherence_change": -0.01093668362381306, "sense_index_change": -0.016296761965111706, "phi_s_change": -0.11571614313453715, "grad_phi_change": 0.11366570274994747, "k_phi_change": 0.39093517531039335, "xi_c_change": 0.0, "phase_sync_change": -0.04823981865854188, "epi_magnitude_change": 0.015113336877708439, "hash_signature": "6c46b92a9d38e977", "sequence_str": "EN -> THOL -> VAL -> RA -> OZ"}