{"sequence": ["REMESH", "AL", "VAL", "VAL", "IL", "NAV"], "coherence_change": 0.006473424510561654, "sense_index_change": 0.006279330371099512, "phi_s_change": 0.003593073281431325, "grad_phi_change": 0.0, "k_phi_change": 0.0, "xi_c_change": 0.0, "phase_sync_change": 0.0, "epi_magnitude_change": 0.03560946562553935, "hash_signature": "b84fb97698954595", "sequence_str": "REMESH -> AL -> VAL -> VAL -> IL -> NAV"}