{"sequence": ["NAV", "UM", "RA", "AL", "SHA"], "coherence_change": 0.0, "sense_index_change": 0.05433444348044392, "phi_s_change": 0.0, "grad_phi_change": -0.18594855323670711, "k_phi_change": 0.19253816168756166, "xi_c_change": 0.0, "phase_sync_change": 0.05078796129376817, "epi_magnitude_change": -0.008538577790718982, "hash_signature": "f843dea1688dcdb9", "sequence_str": "NAV -> UM -> RA -> AL -> SHA"}