{"sequence": ["RA", "RA", "SHA", "REMESH", "NUL", "REMESH"], "coherence_change": 0.0, "sense_index_change": 0.02983644541869912, "phi_s_change": 0.0, "grad_phi_change": -0.1720886516465614, "k_phi_change": 0.10010075275155579, "xi_c_change": 0.0, "phase_sync_change": 0.053153793452377474, "epi_magnitude_change": -0.010610767466843751, "hash_signature": "f83504696db36b73", "sequence_str": "RA -> RA -> SHA -> REMESH -> NUL -> REMESH"}