{"sequence": ["THOL", "UM", "RA", "NAV", "SHA"], "coherence_change": 0.0038999812232171083, "sense_index_change": 0.05165011345515569, "phi_s_change": 0.03382360633032511, "grad_phi_change": -0.30691832286134635, "k_phi_change": 0.10778299105838855, "xi_c_change": 0.0, "phase_sync_change": 0.08378174897554536, "epi_magnitude_change": 0.0, "hash_signature": "c6b3adc347eea623", "sequence_str": "THOL -> UM -> RA -> NAV -> SHA"}