{"sequence": ["AL", "SHA", "RA", "OZ"], "coherence_change": -0.011794167524724064, "sense_index_change": 0.014322139294402403, "phi_s_change": -0.02063650436879927, "grad_phi_change": -0.05621133521017452, "k_phi_change": -0.03711413759190957, "xi_c_change": 0.0, "phase_sync_change": 0.008874124110564652, "epi_magnitude_change": -0.004069235802679372, "hash_signature": "1045c09528646d74", "sequence_str": "AL -> SHA -> RA -> OZ"}