{"sequence": ["THOL", "UM", "ZHIR", "REMESH"], "coherence_change": 0.005382787989635096, "sense_index_change": 0.00748315166193303, "phi_s_change": 0.0304304570894236, "grad_phi_change": -0.0673038650397293, "k_phi_change": 0.49194136891233475, "xi_c_change": 0.0, "phase_sync_change": 0.03673864763268109, "epi_magnitude_change": 0.0013118286794624456, "hash_signature": "05af9ce94e0510f0", "sequence_str": "THOL -> UM -> ZHIR -> REMESH"}