{"sequence": ["AL", "VAL", "THOL", "AL", "OZ"], "coherence_change": -0.006128215182790608, "sense_index_change": -0.00028640490460030144, "phi_s_change": -0.006670631984055597, "grad_phi_change": 0.0, "k_phi_change": 0.0, "xi_c_change": 0.0, "phase_sync_change": 0.0, "epi_magnitude_change": 0.008065864717512805, "hash_signature": "17d27f476fe7880e", "sequence_str": "AL -> VAL -> THOL -> AL -> OZ"}