{"sequence": ["REMESH", "REMESH", "EN", "IL", "IL", "OZ"], "coherence_change": 0.004646367676517715, "sense_index_change": 0.0032734271584817787, "phi_s_change": -0.1587427153493728, "grad_phi_change": 0.0, "k_phi_change": 0.0, "xi_c_change": 0.0, "phase_sync_change": 0.0, "epi_magnitude_change": 0.0026631052459707982, "hash_signature": "2d752d884216b8c0", "sequence_str": "REMESH -> REMESH -> EN -> IL -> IL -> OZ"}