{"sequence": ["NAV", "VAL", "RA", "RA", "NAV"], "coherence_change": 0.0, "sense_index_change": 0.03795514592059979, "phi_s_change": 0.0, "grad_phi_change": -0.1959139218920103, "k_phi_change": 0.10512467942317258, "xi_c_change": 0.0, "phase_sync_change": 0.05794089548580483, "epi_magnitude_change": 0.02247501730160195, "hash_signature": "2dca2c8ef4e6c953", "sequence_str": "NAV -> VAL -> RA -> RA -> NAV"}