{"sequence": ["NAV", "EN", "OZ", "UM", "NAV"], "coherence_change": -0.01465465464742055, "sense_index_change": 0.03594944197638472, "phi_s_change": -0.12497321544992446, "grad_phi_change": -0.0597177909334794, "k_phi_change": 0.06855848241608256, "xi_c_change": 0.0, "phase_sync_change": 0.017790369061947087, "epi_magnitude_change": 0.0, "hash_signature": "23a2ad03fc131177", "sequence_str": "NAV -> EN -> OZ -> UM -> NAV"}