{"sequence": ["NAV", "IL", "VAL", "NUL", "SHA"], "coherence_change": 0.009166916083787502, "sense_index_change": 0.004806065805336268, "phi_s_change": 0.05245176840596366, "grad_phi_change": 0.0, "k_phi_change": 0.0, "xi_c_change": 0.0, "phase_sync_change": 0.0, "epi_magnitude_change": 0.00955088337304022, "hash_signature": "2e74ac246e872958", "sequence_str": "NAV -> IL -> VAL -> NUL -> SHA"}