{"sequence": ["RA", "UM", "IL", "OZ"], "coherence_change": -0.0055438802317074876, "sense_index_change": 0.021931774603049403, "phi_s_change": -0.14338081323008656, "grad_phi_change": -0.11566257504005772, "k_phi_change": 0.17064401759417816, "xi_c_change": 0.0, "phase_sync_change": 0.022683972330943103, "epi_magnitude_change": 0.0, "hash_signature": "9f563130c85e351a", "sequence_str": "RA -> UM -> IL -> OZ"}