{"sequence": ["UM", "REMESH", "OZ"], "coherence_change": -0.012198459982086685, "sense_index_change": 0.030654957998602295, "phi_s_change": -0.12315600612625943, "grad_phi_change": -0.15724369251142334, "k_phi_change": 0.30052255797620364, "xi_c_change": 0.0, "phase_sync_change": 0.0486773524660119, "epi_magnitude_change": 0.0013702468252989597, "hash_signature": "73efb16b814d2ee4", "sequence_str": "UM -> REMESH -> OZ"}