{"sequence": ["AL", "UM", "VAL", "SHA"], "coherence_change": 0.0, "sense_index_change": 0.0024612841879422254, "phi_s_change": 0.0, "grad_phi_change": -0.05034353085168264, "k_phi_change": -0.026023096756120828, "xi_c_change": 0.0, "phase_sync_change": 0.011411016728890111, "epi_magnitude_change": 0.024648386812464285, "hash_signature": "f31563d3a1606c29", "sequence_str": "AL -> UM -> VAL -> SHA"}