{"sequence": ["THOL", "NAV", "THOL", "ZHIR", "REMESH"], "coherence_change": 0.012539992189874782, "sense_index_change": 0.004032341139160955, "phi_s_change": 0.12891130763194014, "grad_phi_change": -0.03788312115578174, "k_phi_change": 0.029766382718309753, "xi_c_change": 0.0, "phase_sync_change": 0.012521891661866569, "epi_magnitude_change": 0.001497044183836782, "hash_signature": "ada3075e925fe7c9", "sequence_str": "THOL -> NAV -> THOL -> ZHIR -> REMESH"}