{"sequence": ["NAV", "AL", "UM", "REMESH"], "coherence_change": 0.0, "sense_index_change": 0.004957347758775432, "phi_s_change": 0.0, "grad_phi_change": -0.14358526502651858, "k_phi_change": -0.0031408687990111817, "xi_c_change": 0.0, "phase_sync_change": 0.036656361948463334, "epi_magnitude_change": -0.0004666285922895197, "hash_signature": "f0028121304c4caf", "sequence_str": "NAV -> AL -> UM -> REMESH"}