{"sequence": ["ZHIR", "THOL", "NUL", "RA", "RA", "OZ"], "coherence_change": -0.008328104296817629, "sense_index_change": 0.04009222345288099, "phi_s_change": -0.1336208400608253, "grad_phi_change": -0.12693956710169485, "k_phi_change": 0.20724387430072008, "xi_c_change": 0.0, "phase_sync_change": 0.05063425234553098, "epi_magnitude_change": -0.009548934494624017, "hash_signature": "87c7464e18c66e59", "sequence_str": "ZHIR -> THOL -> NUL -> RA -> RA -> OZ"}