{"sequence": ["NUL", "REMESH", "UM", "OZ"], "coherence_change": -0.008684017276807565, "sense_index_change": 0.005203247698194913, "phi_s_change": -0.04621531728700623, "grad_phi_change": -0.07347047057021783, "k_phi_change": 0.40150342129775396, "xi_c_change": 0.0, "phase_sync_change": 0.02221303932781049, "epi_magnitude_change": -0.016894799990714304, "hash_signature": "028e7985cf28aa9d", "sequence_str": "NUL -> REMESH -> UM -> OZ"}