{"sequence": ["THOL", "RA", "AL", "REMESH"], "coherence_change": 0.003926695873740171, "sense_index_change": 0.008821130375489261, "phi_s_change": 0.02584020229754691, "grad_phi_change": 0.005211996855611689, "k_phi_change": 0.25695020450852685, "xi_c_change": 0.0, "phase_sync_change": -0.011682667197338237, "epi_magnitude_change": 0.0051876352224043965, "hash_signature": "d7d45037bca54741", "sequence_str": "THOL -> RA -> AL -> REMESH"}