{"sequence": ["REMESH", "IL", "RA", "AL", "REMESH"], "coherence_change": 0.00699749454532983, "sense_index_change": 0.00877768758222175, "phi_s_change": 0.09600577107373665, "grad_phi_change": 0.00755207478399722, "k_phi_change": 0.35594799764355434, "xi_c_change": 0.0, "phase_sync_change": -0.008762982328885283, "epi_magnitude_change": 0.005560087712458639, "hash_signature": "cb56d2a6657937e5", "sequence_str": "REMESH -> IL -> RA -> AL -> REMESH"}