{"sequence": ["NAV", "NUL", "OZ"], "coherence_change": -0.011446380721060856, "sense_index_change": -0.0005395218906941723, "phi_s_change": -0.04889617431673432, "grad_phi_change": 0.0, "k_phi_change": 0.0, "xi_c_change": 0.0, "phase_sync_change": 0.0, "epi_magnitude_change": -0.016061827827338115, "hash_signature": "6bfdc53fe1f27dc8", "sequence_str": "NAV -> NUL -> OZ"}