{"sequence": ["REMESH", "SHA", "UM", "OZ"], "coherence_change": -0.006372752437466267, "sense_index_change": -0.024660215285862874, "phi_s_change": -0.005490443303167614, "grad_phi_change": 0.11106846868165099, "k_phi_change": 0.4489007338524457, "xi_c_change": 0.0, "phase_sync_change": -0.03940280902804294, "epi_magnitude_change": 0.0017008978297856636, "hash_signature": "d8843eb53f97e32d", "sequence_str": "REMESH -> SHA -> UM -> OZ"}