{"sequence": ["OZ", "RA", "THOL", "NAV"], "coherence_change": 0.0005444696395918713, "sense_index_change": 0.04427232746872123, "phi_s_change": -0.0828716336198636, "grad_phi_change": -0.016954634376695532, "k_phi_change": 0.7123902914448932, "xi_c_change": 0.0, "phase_sync_change": 0.001878182852353416, "epi_magnitude_change": 0.0, "hash_signature": "92a1a6287155e468", "sequence_str": "OZ -> RA -> THOL -> NAV"}