{"sequence": ["AL", "NUL", "AL", "IL", "NUL", "REMESH"], "coherence_change": 0.010041445637961277, "sense_index_change": 0.002749416892034673, "phi_s_change": -0.020019829541071066, "grad_phi_change": 0.0, "k_phi_change": 0.0, "xi_c_change": 0.0, "phase_sync_change": 0.0, "epi_magnitude_change": -0.0362566878106898, "hash_signature": "09c063e40b506220", "sequence_str": "AL -> NUL -> AL -> IL -> NUL -> REMESH"}