{"sequence": ["NAV", "AL", "IL", "IL", "NUL", "SHA"], "coherence_change": 0.015876160690133645, "sense_index_change": 0.019876071398055473, "phi_s_change": 0.01327467481019462, "grad_phi_change": 0.0, "k_phi_change": 0.0, "xi_c_change": 0.0, "phase_sync_change": 0.0, "epi_magnitude_change": -0.010838516511626373, "hash_signature": "f5343c54af74d8e0", "sequence_str": "NAV -> AL -> IL -> IL -> NUL -> SHA"}