{"sequence": ["NAV", "NUL", "THOL", "AL", "REMESH"], "coherence_change": 0.0038900805973762775, "sense_index_change": 0.005074903647534934, "phi_s_change": -0.03343097107343329, "grad_phi_change": 0.0, "k_phi_change": 0.0, "xi_c_change": 0.0, "phase_sync_change": 0.0, "epi_magnitude_change": -0.005996219015164228, "hash_signature": "4f96492d1941cc8b", "sequence_str": "NAV -> NUL -> THOL -> AL -> REMESH"}