{"sequence": ["REMESH", "NUL", "ZHIR", "NUL", "REMESH"], "coherence_change": 0.0, "sense_index_change": -0.0024491817338797572, "phi_s_change": 0.0, "grad_phi_change": -0.003035098897822719, "k_phi_change": 0.12288796606082544, "xi_c_change": 0.0, "phase_sync_change": -0.0007031360060919534, "epi_magnitude_change": -0.032348312994114115, "hash_signature": "ac91ec0048cafcf1", "sequence_str": "REMESH -> NUL -> ZHIR -> NUL -> REMESH"}