{"sequence": ["SHA", "ZHIR", "NUL", "SHA", "RA", "NAV"], "coherence_change": 0.0, "sense_index_change": -0.007374875689138305, "phi_s_change": 0.0, "grad_phi_change": 0.05866891586619971, "k_phi_change": 0.1341360142462205, "xi_c_change": 0.0, "phase_sync_change": -0.01638171101938468, "epi_magnitude_change": -0.016444501457875016, "hash_signature": "39713baf32483c6d", "sequence_str": "SHA -> ZHIR -> NUL -> SHA -> RA -> NAV"}