{"sequence": ["AL", "OZ", "IL", "EN", "REMESH"], "coherence_change": -0.005600113714920862, "sense_index_change": -0.010164831012537123, "phi_s_change": -0.06340490715826352, "grad_phi_change": 0.0, "k_phi_change": 0.0, "xi_c_change": 0.0, "phase_sync_change": 0.0, "epi_magnitude_change": 0.00511522942239373, "hash_signature": "889c223f88d9cd1e", "sequence_str": "AL -> OZ -> IL -> EN -> REMESH"}