{"sequence": ["UM", "UM", "ZHIR", "NAV", "UM", "REMESH"], "coherence_change": 0.0, "sense_index_change": 0.07125488763488941, "phi_s_change": 0.0, "grad_phi_change": -0.4174823079011756, "k_phi_change": 0.34341020292017277, "xi_c_change": 0.0, "phase_sync_change": 0.12936405018341357, "epi_magnitude_change": 0.0017160376169280678, "hash_signature": "ff19e92d930b2dd6", "sequence_str": "UM -> UM -> ZHIR -> NAV -> UM -> REMESH"}