{"sequence": ["AL", "OZ", "NAV", "VAL", "OZ"], "coherence_change": -0.03416514898094536, "sense_index_change": 0.014507555455892551, "phi_s_change": -0.07600116738773355, "grad_phi_change": 0.0, "k_phi_change": 0.0, "xi_c_change": 0.0, "phase_sync_change": 0.0, "epi_magnitude_change": 0.007333271542166453, "hash_signature": "7b1c65962a66df96", "sequence_str": "AL -> OZ -> NAV -> VAL -> OZ"}