{"sequence": ["AL", "ZHIR", "REMESH", "NAV", "RA", "NAV"], "coherence_change": 0.0, "sense_index_change": -0.0035760888543812097, "phi_s_change": 0.0, "grad_phi_change": -0.004443254208079672, "k_phi_change": 0.34372919670385693, "xi_c_change": 0.0, "phase_sync_change": 0.0061070047740984235, "epi_magnitude_change": -0.0019064283010428174, "hash_signature": "c126831ddc307fa3", "sequence_str": "AL -> ZHIR -> REMESH -> NAV -> RA -> NAV"}