{"sequence": ["NAV", "IL", "ZHIR", "NAV"], "coherence_change": 0.005442279543434347, "sense_index_change": 0.008259545139102986, "phi_s_change": 0.07001181359466857, "grad_phi_change": -0.027953739337820416, "k_phi_change": 0.03844172160436887, "xi_c_change": 0.0, "phase_sync_change": 0.013213367911260265, "epi_magnitude_change": 0.0, "hash_signature": "d9505be0ab9457b5", "sequence_str": "NAV -> IL -> ZHIR -> NAV"}