{"sequence": ["AL", "SHA", "THOL", "THOL", "SHA"], "coherence_change": 0.008326307711848724, "sense_index_change": 0.006179431678737801, "phi_s_change": 0.022205251275739135, "grad_phi_change": 0.0, "k_phi_change": 0.0, "xi_c_change": 0.0, "phase_sync_change": 0.0, "epi_magnitude_change": 0.0019002496739969343, "hash_signature": "5e951aab2eb73176", "sequence_str": "AL -> SHA -> THOL -> THOL -> SHA"}