{"sequence": ["REMESH", "ZHIR", "NUL", "ZHIR", "NAV"], "coherence_change": 0.0, "sense_index_change": 0.0011064133571332402, "phi_s_change": 0.0, "grad_phi_change": -0.01383635177787812, "k_phi_change": 0.05797697458475026, "xi_c_change": 0.0, "phase_sync_change": 0.006745460251424307, "epi_magnitude_change": -0.010324496797597282, "hash_signature": "1d88df1903b5fb3a", "sequence_str": "REMESH -> ZHIR -> NUL -> ZHIR -> NAV"}