{"sequence": ["REMESH", "REMESH", "OZ"], "coherence_change": -0.013945031111199602, "sense_index_change": -0.010087312038492613, "phi_s_change": 0.021561394098634667, "grad_phi_change": 0.0, "k_phi_change": 0.0, "xi_c_change": 0.0, "phase_sync_change": 0.0, "epi_magnitude_change": 0.0027812614420932302, "hash_signature": "3d93ef5d1544ad17", "sequence_str": "REMESH -> REMESH -> OZ"}