{"sequence": ["SHA", "RA", "VAL", "SHA"], "coherence_change": 0.0, "sense_index_change": -0.02678088405555007, "phi_s_change": 0.0, "grad_phi_change": 0.14247982235742018, "k_phi_change": 0.49705318509844415, "xi_c_change": 0.0, "phase_sync_change": -0.05159135882102228, "epi_magnitude_change": 0.022026044198702244, "hash_signature": "dba6e917badd152c", "sequence_str": "SHA -> RA -> VAL -> SHA"}