{"sequence": ["REMESH", "UM", "UM", "VAL", "OZ"], "coherence_change": -0.006214287268204388, "sense_index_change": 0.034885254120988196, "phi_s_change": 0.055541101086447164, "grad_phi_change": -0.2508541289987698, "k_phi_change": 0.07732235740512881, "xi_c_change": 0.0, "phase_sync_change": 0.07467673449070766, "epi_magnitude_change": 0.012834553990735742, "hash_signature": "684e8fd5691a2453", "sequence_str": "REMESH -> UM -> UM -> VAL -> OZ"}