{"sequence": ["RA", "NUL", "ZHIR", "IL", "SHA"], "coherence_change": 0.01008473390516118, "sense_index_change": -0.0004019466824033424, "phi_s_change": 0.0757631243689042, "grad_phi_change": -0.0077411513330121196, "k_phi_change": 0.1774335787376427, "xi_c_change": 0.0, "phase_sync_change": -0.004818669280287069, "epi_magnitude_change": -0.015978456343811565, "hash_signature": "f13c232a8c59f8ee", "sequence_str": "RA -> NUL -> ZHIR -> IL -> SHA"}