{"sequence": ["REMESH", "IL", "EN", "REMESH"], "coherence_change": 0.006366661287808051, "sense_index_change": 0.004474607550087661, "phi_s_change": 0.02118700994686351, "grad_phi_change": 0.0, "k_phi_change": 0.0, "xi_c_change": 0.0, "phase_sync_change": 0.0, "epi_magnitude_change": 0.003018585784095529, "hash_signature": "f664a9675856ba46", "sequence_str": "REMESH -> IL -> EN -> REMESH"}