{"sequence": ["REMESH", "RA", "ZHIR", "SHA", "NUL", "NAV"], "coherence_change": 0.0, "sense_index_change": -4.434934003394453e-05, "phi_s_change": 0.0, "grad_phi_change": -0.05688002970390027, "k_phi_change": 0.4039788750190647, "xi_c_change": 0.0, "phase_sync_change": 0.013553738764996437, "epi_magnitude_change": -0.008505545669182046, "hash_signature": "098507e77aab0366", "sequence_str": "REMESH -> RA -> ZHIR -> SHA -> NUL -> NAV"}