{"sequence": ["NAV", "REMESH", "EN", "RA", "OZ"], "coherence_change": -0.0070480199696083545, "sense_index_change": 0.03120731308306335, "phi_s_change": -0.038858444098089695, "grad_phi_change": -0.13174721200160588, "k_phi_change": 0.09500961629817707, "xi_c_change": 0.0, "phase_sync_change": 0.04111922909386789, "epi_magnitude_change": 0.0014451064145113435, "hash_signature": "dc355578bc0af67c", "sequence_str": "NAV -> REMESH -> EN -> RA -> OZ"}