{"sequence": ["ZHIR", "ZHIR", "OZ", "EN", "REMESH"], "coherence_change": -0.016748207889921596, "sense_index_change": -0.009620085920214405, "phi_s_change": 0.04517200194173909, "grad_phi_change": 0.06563622847558248, "k_phi_change": 0.4421487763177408, "xi_c_change": 0.0, "phase_sync_change": -0.022547765911346218, "epi_magnitude_change": 0.0019177194110567841, "hash_signature": "126f601dc1ed90e0", "sequence_str": "ZHIR -> ZHIR -> OZ -> EN -> REMESH"}