{"sequence": ["NAV", "AL", "EN", "OZ", "UM", "NAV"], "coherence_change": -0.012523221656353112, "sense_index_change": 0.031483218353027476, "phi_s_change": -0.022736162345301847, "grad_phi_change": -0.035438359478614956, "k_phi_change": 0.20976203550756709, "xi_c_change": 0.0, "phase_sync_change": 0.014113674102738338, "epi_magnitude_change": -0.0006131408449834286, "hash_signature": "f9e29221fdbd641d", "sequence_str": "NAV -> AL -> EN -> OZ -> UM -> NAV"}