{"sequence": ["NUL", "UM", "IL", "THOL", "NAV"], "coherence_change": 0.016162157029173008, "sense_index_change": 0.022869440634968874, "phi_s_change": 0.16820809635243117, "grad_phi_change": -0.25726411570644636, "k_phi_change": -0.46089054495447174, "xi_c_change": 0.0, "phase_sync_change": 0.07103266111251172, "epi_magnitude_change": -0.015276583540041355, "hash_signature": "c93e76a5465ec2f3", "sequence_str": "NUL -> UM -> IL -> THOL -> NAV"}