{"sequence": ["SHA", "OZ", "RA", "SHA"], "coherence_change": -0.010940017724957785, "sense_index_change": 0.027784278016048658, "phi_s_change": -0.172918977307288, "grad_phi_change": -0.020447955064049506, "k_phi_change": 0.3433848900224377, "xi_c_change": 0.0, "phase_sync_change": -0.0001416156136727631, "epi_magnitude_change": 0.0, "hash_signature": "ccbcdd1a4581e9ec", "sequence_str": "SHA -> OZ -> RA -> SHA"}