{"sequence": ["NUL", "ZHIR", "OZ", "IL", "EN", "REMESH"], "coherence_change": -0.005616077656749208, "sense_index_change": -0.004374383764463863, "phi_s_change": 0.007094171933691218, "grad_phi_change": 0.034349085275175106, "k_phi_change": 0.037023804286501344, "xi_c_change": 0.0, "phase_sync_change": -0.006747606796052352, "epi_magnitude_change": -0.012229617516309799, "hash_signature": "a0b0004b54afe988", "sequence_str": "NUL -> ZHIR -> OZ -> IL -> EN -> REMESH"}