{"sequence": ["REMESH", "ZHIR", "THOL", "OZ"], "coherence_change": -0.009258789619333685, "sense_index_change": -0.006313189122532092, "phi_s_change": 0.02725417158238963, "grad_phi_change": 0.015278104077047105, "k_phi_change": 0.1604260660328467, "xi_c_change": 0.0, "phase_sync_change": -0.0011215810732627673, "epi_magnitude_change": 0.0015255231257366164, "hash_signature": "58f07ee35fe1a361", "sequence_str": "REMESH -> ZHIR -> THOL -> OZ"}