{"sequence": ["REMESH", "SHA", "REMESH", "SHA", "RA", "NAV"], "coherence_change": 0.0, "sense_index_change": -0.018973794364829266, "phi_s_change": 0.0, "grad_phi_change": 0.0936987102840634, "k_phi_change": -0.04121384778900661, "xi_c_change": 0.0, "phase_sync_change": -0.034712176627304414, "epi_magnitude_change": 0.0026278248231733636, "hash_signature": "b055bc0d572a354d", "sequence_str": "REMESH -> SHA -> REMESH -> SHA -> RA -> NAV"}