{"sequence": ["THOL", "SHA", "VAL", "VAL", "UM", "REMESH"], "coherence_change": 0.006334282137001157, "sense_index_change": 0.044565217090155484, "phi_s_change": 0.03749252658830371, "grad_phi_change": -0.20824065212296827, "k_phi_change": 0.05200722467003133, "xi_c_change": 0.0, "phase_sync_change": 0.06582453975445979, "epi_magnitude_change": 0.03354298728463456, "hash_signature": "fde19f5d6806e025", "sequence_str": "THOL -> SHA -> VAL -> VAL -> UM -> REMESH"}