{"sequence": ["REMESH", "VAL", "RA", "ZHIR", "OZ"], "coherence_change": -0.013244273170785581, "sense_index_change": 0.012705770953127304, "phi_s_change": -0.21653624362582158, "grad_phi_change": -0.04797050437584982, "k_phi_change": 0.25452892507012725, "xi_c_change": 0.0, "phase_sync_change": 0.013763999555825523, "epi_magnitude_change": 0.018484870491501937, "hash_signature": "4bfdd121138a6609", "sequence_str": "REMESH -> VAL -> RA -> ZHIR -> OZ"}