{"sequence": ["EN", "EN", "UM", "VAL", "THOL", "SHA"], "coherence_change": 0.004040500924781698, "sense_index_change": 0.024923729028211716, "phi_s_change": -0.0247518421785643, "grad_phi_change": -0.11845768516350486, "k_phi_change": 0.06752943759249713, "xi_c_change": 0.0, "phase_sync_change": 0.052554680445107804, "epi_magnitude_change": 0.016351352152733534, "hash_signature": "796701e67b01d9ff", "sequence_str": "EN -> EN -> UM -> VAL -> THOL -> SHA"}