{"sequence": ["NAV", "SHA", "NAV", "ZHIR", "AL", "NAV"], "coherence_change": 0.0, "sense_index_change": -0.010013757479885976, "phi_s_change": 0.0, "grad_phi_change": 0.08921135348000186, "k_phi_change": -0.1423013646325002, "xi_c_change": 0.0, "phase_sync_change": -0.032235893603164145, "epi_magnitude_change": 0.0011037367932581477, "hash_signature": "6a362362ba994418", "sequence_str": "NAV -> SHA -> NAV -> ZHIR -> AL -> NAV"}