{"sequence": ["THOL", "SHA", "VAL", "AL", "OZ"], "coherence_change": -0.0019071160522237118, "sense_index_change": -0.014299275031829095, "phi_s_change": -0.032776595624102844, "grad_phi_change": 0.0, "k_phi_change": 0.0, "xi_c_change": 0.0, "phase_sync_change": 0.0, "epi_magnitude_change": 0.020467974426837454, "hash_signature": "92e67a3fce269620", "sequence_str": "THOL -> SHA -> VAL -> AL -> OZ"}