{"sequence": ["AL", "NUL", "AL", "UM", "REMESH"], "coherence_change": 0.0, "sense_index_change": 0.015737947690092735, "phi_s_change": 0.0, "grad_phi_change": -0.05064143878814953, "k_phi_change": 0.23437366510779944, "xi_c_change": 0.0, "phase_sync_change": 0.025269896769228306, "epi_magnitude_change": -0.001688569367430115, "hash_signature": "d57ab86c07cc15eb", "sequence_str": "AL -> NUL -> AL -> UM -> REMESH"}