{"sequence": ["THOL", "REMESH", "EN", "ZHIR", "NUL", "NAV"], "coherence_change": 0.004385124621970715, "sense_index_change": 0.011620858940068701, "phi_s_change": -0.0147078626533933, "grad_phi_change": -0.033766787163986844, "k_phi_change": -0.018286951302817156, "xi_c_change": 0.0, "phase_sync_change": 0.010008618701011551, "epi_magnitude_change": -0.022518337344502593, "hash_signature": "b2b3d84f8d0c6f64", "sequence_str": "THOL -> REMESH -> EN -> ZHIR -> NUL -> NAV"}