{"sequence": ["ZHIR", "REMESH", "NAV"], "coherence_change": 0.0, "sense_index_change": 0.006483689610366716, "phi_s_change": 0.0, "grad_phi_change": -0.035133044854453566, "k_phi_change": 0.2159119788195012, "xi_c_change": 0.0, "phase_sync_change": 0.011054167388694025, "epi_magnitude_change": 0.0012400262903838888, "hash_signature": "a5d3242bfd8687af", "sequence_str": "ZHIR -> REMESH -> NAV"}