{"sequence": ["NAV", "THOL", "NAV", "REMESH"], "coherence_change": 0.004327646441675159, "sense_index_change": -0.009889165551985268, "phi_s_change": 0.04947874619160786, "grad_phi_change": 0.0, "k_phi_change": 0.0, "xi_c_change": 0.0, "phase_sync_change": 0.0, "epi_magnitude_change": 0.0014429740170018857, "hash_signature": "5815e0241c2c739c", "sequence_str": "NAV -> THOL -> NAV -> REMESH"}