{"sequence": ["EN", "RA", "RA", "RA", "UM", "REMESH"], "coherence_change": 0.0, "sense_index_change": 0.09224294222424279, "phi_s_change": 0.0, "grad_phi_change": -0.5899295669837563, "k_phi_change": 0.1915514887978442, "xi_c_change": 0.0, "phase_sync_change": 0.19190280143908633, "epi_magnitude_change": 0.00181220317570574, "hash_signature": "983bb729bf844bfd", "sequence_str": "EN -> RA -> RA -> RA -> UM -> REMESH"}