{"sequence": ["OZ", "RA", "NAV", "NAV", "VAL", "REMESH"], "coherence_change": -0.008452292394910854, "sense_index_change": -0.03629553631411542, "phi_s_change": -0.049591784418393625, "grad_phi_change": 0.15022214982137871, "k_phi_change": 0.06131266790582818, "xi_c_change": 0.0, "phase_sync_change": -0.05950490173863243, "epi_magnitude_change": 0.016587270323805914, "hash_signature": "78c62cbf3d064965", "sequence_str": "OZ -> RA -> NAV -> NAV -> VAL -> REMESH"}