{"sequence": ["ZHIR", "SHA", "RA", "NAV"], "coherence_change": 0.0, "sense_index_change": -0.004715834665967811, "phi_s_change": 0.0, "grad_phi_change": 0.04005756376540015, "k_phi_change": 0.0058400770329866125, "xi_c_change": 0.0, "phase_sync_change": -0.022194475616886034, "epi_magnitude_change": 0.0, "hash_signature": "873c9c0be583d085", "sequence_str": "ZHIR -> SHA -> RA -> NAV"}