{"sequence": ["RA", "ZHIR", "VAL", "IL", "AL", "OZ"], "coherence_change": -0.0064005384251178965, "sense_index_change": 0.028704881672393046, "phi_s_change": -0.12440995419488676, "grad_phi_change": -0.04776738718242579, "k_phi_change": -0.18966162445852058, "xi_c_change": 0.0, "phase_sync_change": 0.009895776425438152, "epi_magnitude_change": 0.012141658665981603, "hash_signature": "2750a0911224e4eb", "sequence_str": "RA -> ZHIR -> VAL -> IL -> AL -> OZ"}