{"sequence": ["SHA", "NAV", "ZHIR", "RA", "SHA"], "coherence_change": 0.0, "sense_index_change": 0.008782386713909629, "phi_s_change": 0.0, "grad_phi_change": -0.012489370855200743, "k_phi_change": 0.4100116955662355, "xi_c_change": 0.0, "phase_sync_change": -0.002394424810611029, "epi_magnitude_change": 0.0, "hash_signature": "6afaa61d3965c483", "sequence_str": "SHA -> NAV -> ZHIR -> RA -> SHA"}