{"sequence": ["OZ", "AL", "VAL", "RA", "SHA"], "coherence_change": -0.010843429516966596, "sense_index_change": 0.0038997657830339705, "phi_s_change": -0.07798254898935808, "grad_phi_change": -0.06992657000742142, "k_phi_change": -0.04844852017517301, "xi_c_change": 0.0, "phase_sync_change": 0.01907163254673383, "epi_magnitude_change": 0.017061635834089928, "hash_signature": "eb76781258996d2c", "sequence_str": "OZ -> AL -> VAL -> RA -> SHA"}