{"sequence": ["OZ", "IL", "SHA", "OZ", "AL", "SHA"], "coherence_change": -0.005554302054416982, "sense_index_change": -0.012168722891259809, "phi_s_change": -0.11871618530580497, "grad_phi_change": 0.0, "k_phi_change": 0.0, "xi_c_change": 0.0, "phase_sync_change": 0.0, "epi_magnitude_change": 0.0003037905547224051, "hash_signature": "2ded884e54c49da5", "sequence_str": "OZ -> IL -> SHA -> OZ -> AL -> SHA"}