{"sequence": ["AL", "THOL", "NAV", "ZHIR", "EN", "NAV"], "coherence_change": 0.004556062379491799, "sense_index_change": -0.005551059244398471, "phi_s_change": 0.0012815576712328358, "grad_phi_change": 0.020039049352194693, "k_phi_change": 0.08522097170798798, "xi_c_change": 0.0, "phase_sync_change": -0.007068912766546642, "epi_magnitude_change": 0.004966234151959403, "hash_signature": "3727d6558c38bede", "sequence_str": "AL -> THOL -> NAV -> ZHIR -> EN -> NAV"}