{"sequence": ["REMESH", "OZ", "SHA", "AL", "ZHIR", "NAV"], "coherence_change": -0.011326628543461448, "sense_index_change": 0.023751518971225627, "phi_s_change": -0.13821575138198605, "grad_phi_change": 0.005363499670077987, "k_phi_change": 0.06763358928051663, "xi_c_change": 0.0, "phase_sync_change": 0.0029749553445811427, "epi_magnitude_change": 0.005591880905395974, "hash_signature": "309e1754ac1582a8", "sequence_str": "REMESH -> OZ -> SHA -> AL -> ZHIR -> NAV"}