{"sequence": ["UM", "EN", "UM", "OZ"], "coherence_change": -0.010586030611508868, "sense_index_change": 0.05050282613946211, "phi_s_change": -0.17841987657493208, "grad_phi_change": -0.36753244124151063, "k_phi_change": -0.11931666309495553, "xi_c_change": 0.0, "phase_sync_change": 0.11663319489093948, "epi_magnitude_change": 0.0, "hash_signature": "138540824461c149", "sequence_str": "UM -> EN -> UM -> OZ"}