{"sequence": ["OZ", "IL", "EN", "EN", "REMESH"], "coherence_change": 0.0004368043410758471, "sense_index_change": 0.01546134692188228, "phi_s_change": -0.023753616803532163, "grad_phi_change": 0.0, "k_phi_change": 0.0, "xi_c_change": 0.0, "phase_sync_change": 0.0, "epi_magnitude_change": 0.001649499731502968, "hash_signature": "36368642be2ba987", "sequence_str": "OZ -> IL -> EN -> EN -> REMESH"}