{"sequence": ["NAV", "IL", "IL", "REMESH"], "coherence_change": 0.014710184623836886, "sense_index_change": 0.010219368778638604, "phi_s_change": 0.06364684581728597, "grad_phi_change": 0.0, "k_phi_change": 0.0, "xi_c_change": 0.0, "phase_sync_change": 0.0, "epi_magnitude_change": 0.00155694893004088, "hash_signature": "750a2067ee8d0512", "sequence_str": "NAV -> IL -> IL -> REMESH"}