{"sequence": ["REMESH", "RA", "EN", "OZ", "NAV"], "coherence_change": -0.009297041730101485, "sense_index_change": -0.02760065123669475, "phi_s_change": -0.049242537176931056, "grad_phi_change": 0.06808829632832292, "k_phi_change": 0.5214669284287712, "xi_c_change": 0.0, "phase_sync_change": -0.02489072959666483, "epi_magnitude_change": 0.0018126854156003125, "hash_signature": "9f70331fc86da6db", "sequence_str": "REMESH -> RA -> EN -> OZ -> NAV"}