{"sequence": ["IL", "IL", "NUL", "NUL", "OZ"], "coherence_change": 0.004520863895565164, "sense_index_change": 0.003185568458687671, "phi_s_change": -0.009560679349223666, "grad_phi_change": 0.0, "k_phi_change": 0.0, "xi_c_change": 0.0, "phase_sync_change": 0.0, "epi_magnitude_change": -0.018074097044117443, "hash_signature": "21b5cc5c5115ab24", "sequence_str": "IL -> IL -> NUL -> NUL -> OZ"}