{"sequence": ["UM", "OZ", "IL", "AL", "OZ"], "coherence_change": -0.013593937055719207, "sense_index_change": 0.04671517678744885, "phi_s_change": -0.06293132686506064, "grad_phi_change": -0.24900840221149179, "k_phi_change": 0.09582822715372577, "xi_c_change": 0.0, "phase_sync_change": 0.08437355751382414, "epi_magnitude_change": 0.0018554308919644935, "hash_signature": "b5cbdda871eb0c67", "sequence_str": "UM -> OZ -> IL -> AL -> OZ"}