{"sequence": ["REMESH", "SHA", "OZ"], "coherence_change": -0.012561315522714445, "sense_index_change": 0.020991195930708417, "phi_s_change": -0.044095196295204975, "grad_phi_change": 0.0, "k_phi_change": 0.0, "xi_c_change": 0.0, "phase_sync_change": 0.0, "epi_magnitude_change": 0.0019941390507136614, "hash_signature": "c2bbf6860a844247", "sequence_str": "REMESH -> SHA -> OZ"}