{"sequence": ["REMESH", "OZ", "RA", "EN", "REMESH"], "coherence_change": -0.008842729187994114, "sense_index_change": 0.01754291321849355, "phi_s_change": -0.07733407859455432, "grad_phi_change": -0.13066784527203357, "k_phi_change": 0.46886888839593505, "xi_c_change": 0.0, "phase_sync_change": 0.03172956764146584, "epi_magnitude_change": 0.0026874375327911038, "hash_signature": "8473be6148a3731d", "sequence_str": "REMESH -> OZ -> RA -> EN -> REMESH"}