{"sequence": ["RA", "NUL", "VAL", "SHA"], "coherence_change": 0.0, "sense_index_change": 0.0010149239006301825, "phi_s_change": 0.0, "grad_phi_change": 0.047451310904884636, "k_phi_change": 0.6248100106288786, "xi_c_change": 0.0, "phase_sync_change": -0.024354860775035903, "epi_magnitude_change": -0.003560587756841982, "hash_signature": "073dd668991db74d", "sequence_str": "RA -> NUL -> VAL -> SHA"}