{"sequence": ["SHA", "UM", "UM", "OZ"], "coherence_change": -0.011893747328424853, "sense_index_change": 0.07631743153504578, "phi_s_change": 0.10554734514536968, "grad_phi_change": -0.49375441814741916, "k_phi_change": 0.10036420443124328, "xi_c_change": 0.0, "phase_sync_change": 0.16822161942151637, "epi_magnitude_change": 0.0, "hash_signature": "9b1e3bfde95c4867", "sequence_str": "SHA -> UM -> UM -> OZ"}