{"sequence": ["VAL", "VAL", "NUL", "EN", "OZ"], "coherence_change": -0.015817912069124973, "sense_index_change": 0.007541127929743929, "phi_s_change": -0.06413818399341131, "grad_phi_change": 0.0, "k_phi_change": 0.0, "xi_c_change": 0.0, "phase_sync_change": 0.0, "epi_magnitude_change": 0.01827382288418855, "hash_signature": "86b74565165f893d", "sequence_str": "VAL -> VAL -> NUL -> EN -> OZ"}