{"sequence": ["NAV", "RA", "IL", "SHA"], "coherence_change": 0.00876734222444131, "sense_index_change": 0.006590939115757144, "phi_s_change": 0.019696574487446772, "grad_phi_change": -0.013208584462594875, "k_phi_change": -0.1295882414359089, "xi_c_change": 0.0, "phase_sync_change": 0.0063910489096614675, "epi_magnitude_change": 0.0, "hash_signature": "ebc133681dc9e4a1", "sequence_str": "NAV -> RA -> IL -> SHA"}