{"sequence": ["EN", "RA", "VAL", "EN", "OZ"], "coherence_change": -0.014457690226986508, "sense_index_change": 0.01537167730226352, "phi_s_change": -0.02470934074941189, "grad_phi_change": -0.029703981963761228, "k_phi_change": -0.07053691669130746, "xi_c_change": 0.0, "phase_sync_change": 0.0015758698471882715, "epi_magnitude_change": 0.0105404777886976, "hash_signature": "646f45e2cec2fd11", "sequence_str": "EN -> RA -> VAL -> EN -> OZ"}