{"sequence": ["AL", "SHA", "AL", "UM", "SHA"], "coherence_change": 0.0, "sense_index_change": 0.03287597340206738, "phi_s_change": 0.0, "grad_phi_change": -0.22380401768392022, "k_phi_change": -0.031590766250988445, "xi_c_change": 0.0, "phase_sync_change": 0.07279187717654823, "epi_magnitude_change": 0.005318703668408253, "hash_signature": "e1814c6393b4ece0", "sequence_str": "AL -> SHA -> AL -> UM -> SHA"}