{"sequence": ["THOL", "AL", "IL", "OZ"], "coherence_change": -4.199287088879622e-05, "sense_index_change": -0.004965258699726749, "phi_s_change": -0.10671651850573027, "grad_phi_change": 0.0, "k_phi_change": 0.0, "xi_c_change": 0.0, "phase_sync_change": 0.0, "epi_magnitude_change": 0.0011361366409957663, "hash_signature": "115340984093fdce", "sequence_str": "THOL -> AL -> IL -> OZ"}