{"sequence": ["UM", "EN", "EN", "REMESH"], "coherence_change": 0.0, "sense_index_change": 0.04615852486253502, "phi_s_change": 0.0, "grad_phi_change": -0.2711131192067435, "k_phi_change": 0.23095309313854068, "xi_c_change": 0.0, "phase_sync_change": 0.08589535555890815, "epi_magnitude_change": 0.0014180546638323799, "hash_signature": "47867d1adc3083d4", "sequence_str": "UM -> EN -> EN -> REMESH"}