{"sequence": ["IL", "ZHIR", "OZ", "NUL", "OZ"], "coherence_change": -0.015715125415058706, "sense_index_change": 0.02979405511790223, "phi_s_change": -0.05752659005554073, "grad_phi_change": -0.0341335419776061, "k_phi_change": -0.06085439753589211, "xi_c_change": 0.0, "phase_sync_change": 0.006820719478314086, "epi_magnitude_change": -0.01242703975708237, "hash_signature": "845c5c40d79f0d0b", "sequence_str": "IL -> ZHIR -> OZ -> NUL -> OZ"}