{"sequence": ["THOL", "IL", "RA", "NAV"], "coherence_change": 0.009576411968247545, "sense_index_change": 0.021025136383529763, "phi_s_change": 0.028195040975331986, "grad_phi_change": -0.056764861613985085, "k_phi_change": 0.2148792528029097, "xi_c_change": 0.0, "phase_sync_change": 0.011921930506972989, "epi_magnitude_change": 0.0, "hash_signature": "552aa449db4915dd", "sequence_str": "THOL -> IL -> RA -> NAV"}