{"sequence": ["OZ", "RA", "IL", "OZ", "SHA"], "coherence_change": -0.018278631206643636, "sense_index_change": -0.001149070811029107, "phi_s_change": -0.07645466887201458, "grad_phi_change": 0.15098857427241175, "k_phi_change": 0.3923279259051486, "xi_c_change": 0.0, "phase_sync_change": -0.05644053278710892, "epi_magnitude_change": 0.0, "hash_signature": "1e352895146e3231", "sequence_str": "OZ -> RA -> IL -> OZ -> SHA"}