{"sequence": ["AL", "VAL", "UM", "AL", "AL", "OZ"], "coherence_change": -0.011821429706604825, "sense_index_change": 0.014206451772975082, "phi_s_change": -0.04729332233372474, "grad_phi_change": -0.013798504625740504, "k_phi_change": -0.23524418969024624, "xi_c_change": 0.0, "phase_sync_change": -0.009620807458234126, "epi_magnitude_change": 0.013518724961863127, "hash_signature": "8a2dbe4b24e85a7f", "sequence_str": "AL -> VAL -> UM -> AL -> AL -> OZ"}