{"sequence": ["NUL", "UM", "EN", "SHA"], "coherence_change": 0.0, "sense_index_change": 0.0128658446542822, "phi_s_change": 0.0, "grad_phi_change": -0.1465877065020531, "k_phi_change": -0.004030866488881457, "xi_c_change": 0.0, "phase_sync_change": 0.030697841952974092, "epi_magnitude_change": -0.020848860651413337, "hash_signature": "198bfce12a6b355f", "sequence_str": "NUL -> UM -> EN -> SHA"}