{"sequence": ["EN", "NUL", "AL", "OZ"], "coherence_change": -0.015305700445046089, "sense_index_change": 0.021031396152717763, "phi_s_change": -0.006308191566635202, "grad_phi_change": 0.0, "k_phi_change": 0.0, "xi_c_change": 0.0, "phase_sync_change": 0.0, "epi_magnitude_change": -0.01894181807746731, "hash_signature": "a6ef2472a0aae2e6", "sequence_str": "EN -> NUL -> AL -> OZ"}