{"sequence": ["UM", "EN", "OZ"], "coherence_change": -0.014889495989569679, "sense_index_change": 0.05388993061011116, "phi_s_change": -0.24294482142961504, "grad_phi_change": -0.2049663641966275, "k_phi_change": 0.14125014974445077, "xi_c_change": 0.0, "phase_sync_change": 0.06989446693133472, "epi_magnitude_change": 0.0, "hash_signature": "049ea2127dd1dcf2", "sequence_str": "UM -> EN -> OZ"}