{"sequence": ["REMESH", "ZHIR", "EN", "EN", "SHA"], "coherence_change": 0.0, "sense_index_change": 0.032676588507265625, "phi_s_change": 0.0, "grad_phi_change": -0.1219694201204935, "k_phi_change": 0.36744226610780883, "xi_c_change": 0.0, "phase_sync_change": 0.04282773467089207, "epi_magnitude_change": 0.0007309496692774475, "hash_signature": "96a86099e65bd4cf", "sequence_str": "REMESH -> ZHIR -> EN -> EN -> SHA"}