{"sequence": ["UM", "NUL", "RA", "SHA"], "coherence_change": 0.0, "sense_index_change": 0.026425991407045046, "phi_s_change": 0.0, "grad_phi_change": -0.08035923972899406, "k_phi_change": 0.7151705637915413, "xi_c_change": 0.0, "phase_sync_change": 0.026814819264151635, "epi_magnitude_change": -0.016181935485843568, "hash_signature": "d59092e010cf8507", "sequence_str": "UM -> NUL -> RA -> SHA"}