{"sequence": ["ZHIR", "AL", "REMESH", "VAL", "SHA"], "coherence_change": 0.0, "sense_index_change": -0.02173520692885811, "phi_s_change": 0.0, "grad_phi_change": 0.03451837033675598, "k_phi_change": -0.04554953812297374, "xi_c_change": 0.0, "phase_sync_change": -0.01017236675703137, "epi_magnitude_change": 0.016720117522663225, "hash_signature": "c4088bd5e0ca17ab", "sequence_str": "ZHIR -> AL -> REMESH -> VAL -> SHA"}