{"sequence": ["UM", "OZ", "VAL", "RA", "NAV"], "coherence_change": -0.011437843672153392, "sense_index_change": -0.00012776408191716992, "phi_s_change": 0.07123813825645042, "grad_phi_change": -0.04439375502890641, "k_phi_change": 0.3062316015254827, "xi_c_change": 0.0, "phase_sync_change": -0.005992399858707587, "epi_magnitude_change": 0.022155672096238477, "hash_signature": "21d9b7a3ae091b38", "sequence_str": "UM -> OZ -> VAL -> RA -> NAV"}