{"sequence": ["IL", "SHA", "NUL", "RA", "REMESH"], "coherence_change": 0.008652633363961937, "sense_index_change": -0.024724291443897928, "phi_s_change": 0.05653961029144905, "grad_phi_change": 0.08257767596314536, "k_phi_change": -0.06554666187683816, "xi_c_change": 0.0, "phase_sync_change": -0.03797941607866373, "epi_magnitude_change": -0.014100409643131195, "hash_signature": "c603e0df78faa513", "sequence_str": "IL -> SHA -> NUL -> RA -> REMESH"}