{"sequence": ["EN", "THOL", "RA", "THOL", "UM", "NAV"], "coherence_change": 0.009388855313049116, "sense_index_change": -0.0022542370777806076, "phi_s_change": 0.09847290142910381, "grad_phi_change": -0.05427661175142795, "k_phi_change": 0.6706307769150588, "xi_c_change": 0.0, "phase_sync_change": 0.030270043350341225, "epi_magnitude_change": 0.0, "hash_signature": "22c90a4f90393561", "sequence_str": "EN -> THOL -> RA -> THOL -> UM -> NAV"}