{"sequence": ["SHA", "THOL", "RA", "ZHIR", "OZ"], "coherence_change": -0.004520408098769635, "sense_index_change": -0.03618639950583302, "phi_s_change": -0.036348584111278504, "grad_phi_change": 0.1403176272411386, "k_phi_change": 0.8591463000947774, "xi_c_change": 0.0, "phase_sync_change": -0.046498215973353685, "epi_magnitude_change": 0.0, "hash_signature": "ac92753a13842ce2", "sequence_str": "SHA -> THOL -> RA -> ZHIR -> OZ"}