{"sequence": ["REMESH", "VAL", "NUL", "UM", "AL", "REMESH"], "coherence_change": 0.0, "sense_index_change": 0.025750423208899087, "phi_s_change": 0.0, "grad_phi_change": -0.09046091050901439, "k_phi_change": 0.25261390933773037, "xi_c_change": 0.0, "phase_sync_change": 0.03177958814197768, "epi_magnitude_change": 0.02424202568843803, "hash_signature": "d21dcb6552ee712f", "sequence_str": "REMESH -> VAL -> NUL -> UM -> AL -> REMESH"}