{"sequence": ["REMESH", "ZHIR", "IL", "NAV"], "coherence_change": 0.004490563484006338, "sense_index_change": 0.016971727458690133, "phi_s_change": 0.029964551095448266, "grad_phi_change": -0.014017599061202146, "k_phi_change": 0.2475494872061798, "xi_c_change": 0.0, "phase_sync_change": 0.0031058596611940326, "epi_magnitude_change": 0.0008534473943423437, "hash_signature": "3e339fa35df9a2dc", "sequence_str": "REMESH -> ZHIR -> IL -> NAV"}