{"sequence": ["REMESH", "SHA", "REMESH", "RA", "UM", "REMESH"], "coherence_change": 0.0, "sense_index_change": 0.04165184307993941, "phi_s_change": 0.0, "grad_phi_change": -0.21645445315851797, "k_phi_change": -0.10181919909603715, "xi_c_change": 0.0, "phase_sync_change": 0.05711109836243111, "epi_magnitude_change": 0.004539348636761531, "hash_signature": "63b440ed24e58a68", "sequence_str": "REMESH -> SHA -> REMESH -> RA -> UM -> REMESH"}