{"sequence": ["THOL", "UM", "UM", "AL", "NUL", "OZ"], "coherence_change": -0.009883443867256814, "sense_index_change": 0.05739880218945037, "phi_s_change": -0.0904567645397798, "grad_phi_change": -0.11085666842149955, "k_phi_change": 0.27503789018053576, "xi_c_change": 0.0, "phase_sync_change": 0.03794907329814101, "epi_magnitude_change": -0.016276701641005475, "hash_signature": "77c0fd9fdbff96d8", "sequence_str": "THOL -> UM -> UM -> AL -> NUL -> OZ"}