{"sequence": ["NAV", "AL", "UM", "OZ"], "coherence_change": -0.010665262579341972, "sense_index_change": 0.019432269976239813, "phi_s_change": 0.00834582568619835, "grad_phi_change": 0.04438820301657165, "k_phi_change": 0.5431903901581568, "xi_c_change": 0.0, "phase_sync_change": -0.01965088521480618, "epi_magnitude_change": -0.008482270615675191, "hash_signature": "34c9509db5445f1e", "sequence_str": "NAV -> AL -> UM -> OZ"}