{"sequence": ["AL", "NUL", "UM", "REMESH"], "coherence_change": 0.0, "sense_index_change": 0.04770971571198812, "phi_s_change": 0.0, "grad_phi_change": -0.22763610584816418, "k_phi_change": 0.5071785898761827, "xi_c_change": 0.0, "phase_sync_change": 0.0885282939432851, "epi_magnitude_change": -0.01431154337361129, "hash_signature": "b428db146b363636", "sequence_str": "AL -> NUL -> UM -> REMESH"}