{"sequence": ["RA", "UM", "OZ", "UM", "REMESH"], "coherence_change": -0.00860532731637198, "sense_index_change": 0.0837739560948827, "phi_s_change": 0.010439667679127296, "grad_phi_change": -0.5218982920573616, "k_phi_change": 0.03475632966820738, "xi_c_change": 0.0, "phase_sync_change": 0.16100089591577327, "epi_magnitude_change": 0.0016341543994501384, "hash_signature": "99e266821f2dd712", "sequence_str": "RA -> UM -> OZ -> UM -> REMESH"}