{"sequence": ["EN", "AL", "RA", "EN", "OZ"], "coherence_change": -0.007917550441663423, "sense_index_change": 0.012970368485908934, "phi_s_change": 0.10863107400433336, "grad_phi_change": -0.08747524404861529, "k_phi_change": 0.4136691298006759, "xi_c_change": 0.0, "phase_sync_change": 0.019842959674466365, "epi_magnitude_change": -0.0036386102928671615, "hash_signature": "64c73a345898682a", "sequence_str": "EN -> AL -> RA -> EN -> OZ"}