{"sequence": ["NAV", "NUL", "NUL", "OZ", "ZHIR", "NAV"], "coherence_change": -0.015451160811325915, "sense_index_change": 0.00870325734371169, "phi_s_change": 0.016140935532619527, "grad_phi_change": -0.01872903873713283, "k_phi_change": 0.220551742511923, "xi_c_change": 0.0, "phase_sync_change": 0.006816327043168591, "epi_magnitude_change": -0.030419964103674313, "hash_signature": "1bb3b1ff8fdc6095", "sequence_str": "NAV -> NUL -> NUL -> OZ -> ZHIR -> NAV"}