{"sequence": ["NAV", "SHA", "ZHIR", "OZ"], "coherence_change": -0.01215534066027768, "sense_index_change": -0.021296720060584196, "phi_s_change": -0.0674085192816044, "grad_phi_change": 0.03927520919336036, "k_phi_change": -0.23165552568304443, "xi_c_change": 0.0, "phase_sync_change": -0.01602342900422915, "epi_magnitude_change": 0.0, "hash_signature": "07c5a1fffeb69a2f", "sequence_str": "NAV -> SHA -> ZHIR -> OZ"}