{"sequence": ["REMESH", "RA", "VAL", "OZ"], "coherence_change": -0.010739231588702602, "sense_index_change": -0.007485861840072161, "phi_s_change": -0.14906979031631507, "grad_phi_change": 0.10725375477359211, "k_phi_change": 0.36457620377346345, "xi_c_change": 0.0, "phase_sync_change": -0.043479293396074814, "epi_magnitude_change": 0.016197449316365464, "hash_signature": "f78a662ddba5528f", "sequence_str": "REMESH -> RA -> VAL -> OZ"}