{"sequence": ["NAV", "IL", "UM", "SHA"], "coherence_change": 0.006187677966007721, "sense_index_change": -0.014954655285173202, "phi_s_change": 0.003994870510502846, "grad_phi_change": 0.08439879978550913, "k_phi_change": 0.16745223353331967, "xi_c_change": 0.0, "phase_sync_change": -0.035060379124972396, "epi_magnitude_change": 0.0, "hash_signature": "e8691e7eecbca073", "sequence_str": "NAV -> IL -> UM -> SHA"}