{"sequence": ["AL", "SHA", "NAV", "IL", "SHA"], "coherence_change": 0.006878506185721056, "sense_index_change": 0.004041333439504635, "phi_s_change": 0.03387265515934246, "grad_phi_change": 0.0, "k_phi_change": 0.0, "xi_c_change": 0.0, "phase_sync_change": 0.0, "epi_magnitude_change": 0.0057311437963821765, "hash_signature": "d5458fee8b83a76f", "sequence_str": "AL -> SHA -> NAV -> IL -> SHA"}