{"sequence": ["IL", "IL", "RA", "VAL", "NAV"], "coherence_change": 0.013781318453864877, "sense_index_change": 0.021193699084596118, "phi_s_change": 0.020836438714694205, "grad_phi_change": -0.11237529548541847, "k_phi_change": 0.45680796080259944, "xi_c_change": 0.0, "phase_sync_change": 0.034216946260426484, "epi_magnitude_change": 0.012009533158836572, "hash_signature": "f746bdd7c15865f6", "sequence_str": "IL -> IL -> RA -> VAL -> NAV"}