{"sequence": ["THOL", "AL", "NAV", "UM", "NAV"], "coherence_change": 0.0012854217953048863, "sense_index_change": -0.02209767149185765, "phi_s_change": -0.005826341069642527, "grad_phi_change": 0.06149809824081398, "k_phi_change": -0.23355717489214234, "xi_c_change": 0.0, "phase_sync_change": -0.03462315568568386, "epi_magnitude_change": 0.0032321522503939715, "hash_signature": "bf52b67958426ec6", "sequence_str": "THOL -> AL -> NAV -> UM -> NAV"}