{"sequence": ["NAV", "RA", "IL", "REMESH"], "coherence_change": 0.009244411633355543, "sense_index_change": 0.01423057345944645, "phi_s_change": 0.0829029600216441, "grad_phi_change": 0.002566187482571536, "k_phi_change": 0.14669292430806571, "xi_c_change": 0.0, "phase_sync_change": -0.014417301697026152, "epi_magnitude_change": 0.0010170050111059092, "hash_signature": "4228b6c0e17e68d2", "sequence_str": "NAV -> RA -> IL -> REMESH"}