{"sequence": ["AL", "EN", "THOL", "REMESH"], "coherence_change": 0.0035198939181446676, "sense_index_change": -0.008127629585424345, "phi_s_change": 0.02115953124678116, "grad_phi_change": 0.0, "k_phi_change": 0.0, "xi_c_change": 0.0, "phase_sync_change": 0.0, "epi_magnitude_change": -0.003793118364705972, "hash_signature": "1dd3e47d075b313c", "sequence_str": "AL -> EN -> THOL -> REMESH"}