{"sequence": ["OZ", "VAL", "NAV", "SHA", "EN", "SHA"], "coherence_change": -0.009634740686778054, "sense_index_change": 0.004411181014577159, "phi_s_change": -0.006025797601419081, "grad_phi_change": 0.0, "k_phi_change": 0.0, "xi_c_change": 0.0, "phase_sync_change": 0.0, "epi_magnitude_change": 0.016883877870558672, "hash_signature": "7f933090033211cd", "sequence_str": "OZ -> VAL -> NAV -> SHA -> EN -> SHA"}