{"sequence": ["VAL", "IL", "RA", "ZHIR", "REMESH"], "coherence_change": 0.008639603519365657, "sense_index_change": -0.008818909165726252, "phi_s_change": -0.008681544051477919, "grad_phi_change": 0.023815832832175587, "k_phi_change": -0.030387343868520655, "xi_c_change": 0.0, "phase_sync_change": -0.009522976802080918, "epi_magnitude_change": 0.0162450038603289, "hash_signature": "13d3ffb7977c4663", "sequence_str": "VAL -> IL -> RA -> ZHIR -> REMESH"}