{"sequence": ["IL", "NUL", "THOL", "NAV"], "coherence_change": 0.011241409918371859, "sense_index_change": 0.00866006549803, "phi_s_change": -0.05226130996791656, "grad_phi_change": 0.0, "k_phi_change": 0.0, "xi_c_change": 0.0, "phase_sync_change": 0.0, "epi_magnitude_change": -0.013560793262687998, "hash_signature": "5a5ff176611e7b5a", "sequence_str": "IL -> NUL -> THOL -> NAV"}