{"sequence": ["RA", "SHA", "UM", "EN", "SHA"], "coherence_change": 0.0, "sense_index_change": 0.04424519687563977, "phi_s_change": 0.0, "grad_phi_change": -0.3141376930421793, "k_phi_change": 0.7173108907680079, "xi_c_change": 0.0, "phase_sync_change": 0.10779350542342159, "epi_magnitude_change": 0.0, "hash_signature": "1023a3426bf3cf85", "sequence_str": "RA -> SHA -> UM -> EN -> SHA"}