{"sequence": ["OZ", "RA", "AL", "VAL", "REMESH"], "coherence_change": -0.013150952952704964, "sense_index_change": 0.0342096339153547, "phi_s_change": -0.12980836416460906, "grad_phi_change": -0.023521494707603452, "k_phi_change": 0.38941895107713, "xi_c_change": 0.0, "phase_sync_change": 0.0009006688193202717, "epi_magnitude_change": 0.013998437563890187, "hash_signature": "2ba20342f5fb8c37", "sequence_str": "OZ -> RA -> AL -> VAL -> REMESH"}