{"sequence": ["RA", "IL", "AL", "EN", "REMESH"], "coherence_change": 0.0037566597054961015, "sense_index_change": 0.009674958516240673, "phi_s_change": 0.008513665338689247, "grad_phi_change": 0.0013051945368842688, "k_phi_change": 0.43935259558166917, "xi_c_change": 0.0, "phase_sync_change": -0.004024749081223522, "epi_magnitude_change": -0.0038644090043796764, "hash_signature": "50befa559ff63d12", "sequence_str": "RA -> IL -> AL -> EN -> REMESH"}