{"sequence": ["NAV", "RA", "UM", "REMESH"], "coherence_change": 0.0, "sense_index_change": 0.010768458014695614, "phi_s_change": 0.0, "grad_phi_change": -0.009163093307748893, "k_phi_change": 0.3961852915583909, "xi_c_change": 0.0, "phase_sync_change": 0.0029031429669315045, "epi_magnitude_change": 0.0014716130822624018, "hash_signature": "426c5e9ee4318e9c", "sequence_str": "NAV -> RA -> UM -> REMESH"}