{"sequence": ["EN", "ZHIR", "REMESH", "ZHIR", "VAL", "OZ"], "coherence_change": -0.017003130195519578, "sense_index_change": 0.018495922488429684, "phi_s_change": -0.28153791927763305, "grad_phi_change": -0.028189996767040038, "k_phi_change": -0.1015674265823514, "xi_c_change": 0.0, "phase_sync_change": 0.014890320818715663, "epi_magnitude_change": 0.01254637950095372, "hash_signature": "33fe5990cf4ba5a5", "sequence_str": "EN -> ZHIR -> REMESH -> ZHIR -> VAL -> OZ"}