{"sequence": ["REMESH", "AL", "UM", "NAV"], "coherence_change": 0.0, "sense_index_change": 0.023443209176654323, "phi_s_change": 0.0, "grad_phi_change": -0.08924150063329361, "k_phi_change": 0.49129432827118863, "xi_c_change": 0.0, "phase_sync_change": 0.02804337132100032, "epi_magnitude_change": 0.00447070975532371, "hash_signature": "5cf9569ad29e8863", "sequence_str": "REMESH -> AL -> UM -> NAV"}