{"sequence": ["RA", "THOL", "VAL", "OZ"], "coherence_change": -0.005643687804973818, "sense_index_change": 0.023222433326271053, "phi_s_change": 0.06969817714850379, "grad_phi_change": -0.11560987092869723, "k_phi_change": 0.33099527155579683, "xi_c_change": 0.0, "phase_sync_change": 0.03233293449588459, "epi_magnitude_change": 0.017569434416731533, "hash_signature": "769a900f331c1ee2", "sequence_str": "RA -> THOL -> VAL -> OZ"}