{"sequence": ["UM", "THOL", "IL", "UM", "SHA"], "coherence_change": 0.011725784138490125, "sense_index_change": 0.05488367829609697, "phi_s_change": 0.09982847925585048, "grad_phi_change": -0.37558083107573026, "k_phi_change": 0.2984796713518026, "xi_c_change": 0.0, "phase_sync_change": 0.130296341408759, "epi_magnitude_change": 0.0, "hash_signature": "a9183d5791af948e", "sequence_str": "UM -> THOL -> IL -> UM -> SHA"}