{"sequence": ["NAV", "EN", "OZ", "UM", "REMESH"], "coherence_change": -0.01697471121748584, "sense_index_change": 0.05049700785576683, "phi_s_change": -0.06842562614638359, "grad_phi_change": -0.14466977935573166, "k_phi_change": 0.053450984150926334, "xi_c_change": 0.0, "phase_sync_change": 0.05211627192041801, "epi_magnitude_change": 0.0013898548288694412, "hash_signature": "6a093a7089279903", "sequence_str": "NAV -> EN -> OZ -> UM -> REMESH"}