{"sequence": ["EN", "IL", "VAL", "IL", "NAV"], "coherence_change": 0.016747755567889988, "sense_index_change": 0.011602223817530954, "phi_s_change": 0.18646654864524848, "grad_phi_change": 0.0, "k_phi_change": 0.0, "xi_c_change": 0.0, "phase_sync_change": 0.0, "epi_magnitude_change": 0.029260352108564036, "hash_signature": "5d58db994c5638a1", "sequence_str": "EN -> IL -> VAL -> IL -> NAV"}