{"sequence": ["AL", "SHA", "VAL", "ZHIR", "OZ"], "coherence_change": -0.011899286318171276, "sense_index_change": 0.03362595040738725, "phi_s_change": 0.02036852996091043, "grad_phi_change": -0.06142184082713853, "k_phi_change": -0.011878439772669613, "xi_c_change": 0.0, "phase_sync_change": 0.021271074609075846, "epi_magnitude_change": 0.015546460849256927, "hash_signature": "409b36cfe9b3ab0b", "sequence_str": "AL -> SHA -> VAL -> ZHIR -> OZ"}