{"sequence": ["VAL", "OZ", "NAV", "AL", "OZ"], "coherence_change": -0.027918484138068633, "sense_index_change": 0.013362754744034477, "phi_s_change": -0.10790591651830517, "grad_phi_change": 0.0, "k_phi_change": 0.0, "xi_c_change": 0.0, "phase_sync_change": 0.0, "epi_magnitude_change": 0.0223648531508428, "hash_signature": "76495fc543cfc48a", "sequence_str": "VAL -> OZ -> NAV -> AL -> OZ"}