{"sequence": ["EN", "IL", "VAL", "THOL", "OZ"], "coherence_change": 0.0006875763596320139, "sense_index_change": 0.02068957225101775, "phi_s_change": -0.15080685281516337, "grad_phi_change": 0.0, "k_phi_change": 0.0, "xi_c_change": 0.0, "phase_sync_change": 0.0, "epi_magnitude_change": 0.017755824043799162, "hash_signature": "1f4c5f9979fa9c3a", "sequence_str": "EN -> IL -> VAL -> THOL -> OZ"}