{"sequence": ["REMESH", "UM", "AL", "IL", "ZHIR", "NAV"], "coherence_change": 0.005128563482133641, "sense_index_change": -0.011730681503272555, "phi_s_change": -0.0433667103132962, "grad_phi_change": -0.006687405267976176, "k_phi_change": 0.0014307861018510726, "xi_c_change": 0.0, "phase_sync_change": -0.00728537125904527, "epi_magnitude_change": 0.0074625985367912095, "hash_signature": "5680f85b4e8c78e3", "sequence_str": "REMESH -> UM -> AL -> IL -> ZHIR -> NAV"}