{"sequence": ["AL", "NAV", "SHA", "OZ"], "coherence_change": -0.015330754127661383, "sense_index_change": 0.01396588994873349, "phi_s_change": -0.04590831883118085, "grad_phi_change": 0.0, "k_phi_change": 0.0, "xi_c_change": 0.0, "phase_sync_change": 0.0, "epi_magnitude_change": 0.003402095811842698, "hash_signature": "654d8ef19be0ec63", "sequence_str": "AL -> NAV -> SHA -> OZ"}