{"sequence": ["OZ", "UM", "EN", "SHA"], "coherence_change": -0.01655214841727315, "sense_index_change": 0.024254311441153975, "phi_s_change": 0.08740743990383959, "grad_phi_change": -0.1572878623403049, "k_phi_change": 0.31523944278966365, "xi_c_change": 0.0, "phase_sync_change": 0.052974243569002266, "epi_magnitude_change": 0.0, "hash_signature": "a3bcd7f617194f6c", "sequence_str": "OZ -> UM -> EN -> SHA"}