{"sequence": ["NUL", "RA", "RA", "SHA"], "coherence_change": 0.0, "sense_index_change": 0.047936399140225294, "phi_s_change": 0.0, "grad_phi_change": -0.250690638295189, "k_phi_change": 0.3653949900818783, "xi_c_change": 0.0, "phase_sync_change": 0.07271301440820432, "epi_magnitude_change": -0.016499018151821532, "hash_signature": "35b89d6c5628db63", "sequence_str": "NUL -> RA -> RA -> SHA"}