{"sequence": ["RA", "IL", "NAV", "UM", "NAV"], "coherence_change": 0.006620603692464644, "sense_index_change": 0.03281870275393062, "phi_s_change": 0.051267240413843895, "grad_phi_change": -0.09186253012807977, "k_phi_change": -0.030811788366227, "xi_c_change": 0.0, "phase_sync_change": 0.029886722985487557, "epi_magnitude_change": 0.0, "hash_signature": "2f3decd5381ee362", "sequence_str": "RA -> IL -> NAV -> UM -> NAV"}