{"sequence": ["VAL", "SHA", "NAV", "OZ"], "coherence_change": -0.013573497493337916, "sense_index_change": -0.011530761090855102, "phi_s_change": -0.04151113287652186, "grad_phi_change": 0.0, "k_phi_change": 0.0, "xi_c_change": 0.0, "phase_sync_change": 0.0, "epi_magnitude_change": 0.023594490578690785, "hash_signature": "de0d728d6686c51f", "sequence_str": "VAL -> SHA -> NAV -> OZ"}