{"sequence": ["REMESH", "UM", "UM", "NUL", "REMESH"], "coherence_change": 0.0, "sense_index_change": -0.002791453652873921, "phi_s_change": 0.0, "grad_phi_change": 0.00887128887026023, "k_phi_change": 0.3659727796758948, "xi_c_change": 0.0, "phase_sync_change": -0.011944994315380542, "epi_magnitude_change": -0.009368841074698597, "hash_signature": "14c2562a683dd441", "sequence_str": "REMESH -> UM -> UM -> NUL -> REMESH"}