{"sequence": ["NAV", "NAV", "AL", "OZ"], "coherence_change": -0.007219547221177236, "sense_index_change": 0.014481514630720338, "phi_s_change": -0.03733417551507279, "grad_phi_change": 0.0, "k_phi_change": 0.0, "xi_c_change": 0.0, "phase_sync_change": 0.0, "epi_magnitude_change": -0.0021957230454839882, "hash_signature": "98a096ebf4d616f1", "sequence_str": "NAV -> NAV -> AL -> OZ"}