{"sequence": ["AL", "REMESH", "RA", "NUL", "OZ"], "coherence_change": -0.007357146288454852, "sense_index_change": 0.007843252860052163, "phi_s_change": 0.003930593621125245, "grad_phi_change": -0.06243688837606176, "k_phi_change": 0.36712901880373516, "xi_c_change": 0.0, "phase_sync_change": 0.014359164854121698, "epi_magnitude_change": -0.022075404555063294, "hash_signature": "4caf3285b2df9cd2", "sequence_str": "AL -> REMESH -> RA -> NUL -> OZ"}