{"sequence": ["VAL", "UM", "THOL", "REMESH"], "coherence_change": 0.003577697829913351, "sense_index_change": 0.021920907459705985, "phi_s_change": 0.0009720966563947497, "grad_phi_change": -0.1846981135800958, "k_phi_change": 0.43661983525541104, "xi_c_change": 0.0, "phase_sync_change": 0.057968392060931406, "epi_magnitude_change": 0.026403531972186034, "hash_signature": "6b673c383b01b532", "sequence_str": "VAL -> UM -> THOL -> REMESH"}