{"sequence": ["EN", "UM", "ZHIR", "REMESH", "EN", "NAV"], "coherence_change": 0.0, "sense_index_change": -0.00847213275287495, "phi_s_change": 0.0, "grad_phi_change": 0.12476127545460125, "k_phi_change": 0.16466552118015854, "xi_c_change": 0.0, "phase_sync_change": -0.04380591139903811, "epi_magnitude_change": 0.0012389782828918783, "hash_signature": "43520b14bb201355", "sequence_str": "EN -> UM -> ZHIR -> REMESH -> EN -> NAV"}