{"sequence": ["VAL", "ZHIR", "ZHIR", "SHA"], "coherence_change": 0.0, "sense_index_change": 0.017363703721575252, "phi_s_change": 0.0, "grad_phi_change": -0.02808043734239618, "k_phi_change": 0.4495275551058332, "xi_c_change": 0.0, "phase_sync_change": 0.015419424082827704, "epi_magnitude_change": 0.018564428612481643, "hash_signature": "d6b87c6f27e9ecc9", "sequence_str": "VAL -> ZHIR -> ZHIR -> SHA"}