{"sequence": ["AL", "VAL", "UM", "EN", "REMESH"], "coherence_change": 0.0, "sense_index_change": 0.005083460702478226, "phi_s_change": 0.0, "grad_phi_change": -0.0649301206339008, "k_phi_change": 0.12878788943651315, "xi_c_change": 0.0, "phase_sync_change": 0.0207102531571991, "epi_magnitude_change": 0.021308703423856712, "hash_signature": "107bd15c6964a934", "sequence_str": "AL -> VAL -> UM -> EN -> REMESH"}