{"sequence": ["AL", "NAV", "OZ"], "coherence_change": -0.00947078843946525, "sense_index_change": -0.005281012360869863, "phi_s_change": 0.0853552460257817, "grad_phi_change": 0.0, "k_phi_change": 0.0, "xi_c_change": 0.0, "phase_sync_change": 0.0, "epi_magnitude_change": -0.005812425702697022, "hash_signature": "8e8075a9759f918f", "sequence_str": "AL -> NAV -> OZ"}