{"sequence": ["IL", "IL", "NUL", "IL", "ZHIR", "OZ"], "coherence_change": 0.012272327070920519, "sense_index_change": 0.043466961024381745, "phi_s_change": 0.09678113113999964, "grad_phi_change": -0.03895461464887218, "k_phi_change": 0.1345258049545698, "xi_c_change": 0.0, "phase_sync_change": 0.015903463582156108, "epi_magnitude_change": -0.010895068121327456, "hash_signature": "34d184ff2cd3be2d", "sequence_str": "IL -> IL -> NUL -> IL -> ZHIR -> OZ"}