{"sequence": ["NAV", "THOL", "RA", "NUL", "IL", "OZ"], "coherence_change": -0.0005984040213182773, "sense_index_change": 0.018252837408031963, "phi_s_change": -0.05764443036906586, "grad_phi_change": -0.07559687181004326, "k_phi_change": 0.41994714992988724, "xi_c_change": 0.0, "phase_sync_change": 0.020572654735742213, "epi_magnitude_change": -0.021138986790154024, "hash_signature": "c5528dc121bec26a", "sequence_str": "NAV -> THOL -> RA -> NUL -> IL -> OZ"}