{"sequence": ["AL", "EN", "RA", "RA", "THOL", "OZ"], "coherence_change": -0.010876126256333385, "sense_index_change": 0.030439196491689247, "phi_s_change": -0.06578302081586707, "grad_phi_change": -0.14955429862383873, "k_phi_change": 0.16344643575048962, "xi_c_change": 0.0, "phase_sync_change": 0.0437391054394064, "epi_magnitude_change": 0.005441349314852961, "hash_signature": "059bd8e558a2331f", "sequence_str": "AL -> EN -> RA -> RA -> THOL -> OZ"}