{"sequence": ["REMESH", "AL", "OZ"], "coherence_change": -0.015520628695162575, "sense_index_change": 0.016942443311953936, "phi_s_change": 0.014019571168131573, "grad_phi_change": 0.0, "k_phi_change": 0.0, "xi_c_change": 0.0, "phase_sync_change": 0.0, "epi_magnitude_change": -0.005551005470108228, "hash_signature": "294e0ecdbd983630", "sequence_str": "REMESH -> AL -> OZ"}