{"sequence": ["VAL", "AL", "RA", "OZ"], "coherence_change": -0.016724214106366042, "sense_index_change": -0.0166417312952421, "phi_s_change": -0.07914262301201791, "grad_phi_change": 0.10461741530246127, "k_phi_change": 0.41266348336106823, "xi_c_change": 0.0, "phase_sync_change": -0.043765796610204966, "epi_magnitude_change": 0.02287457369384427, "hash_signature": "f6477f706884c4d8", "sequence_str": "VAL -> AL -> RA -> OZ"}