{"sequence": ["IL", "IL", "VAL", "NAV"], "coherence_change": 0.014615328054063403, "sense_index_change": 0.010154801929006085, "phi_s_change": -0.050551066697725355, "grad_phi_change": 0.0, "k_phi_change": 0.0, "xi_c_change": 0.0, "phase_sync_change": 0.0, "epi_magnitude_change": 0.013649577884908282, "hash_signature": "632d0274d897eb3c", "sequence_str": "IL -> IL -> VAL -> NAV"}