{"sequence": ["IL", "NAV", "RA", "NAV"], "coherence_change": 0.010326911307331876, "sense_index_change": 0.03355371307421162, "phi_s_change": -0.09528252764121281, "grad_phi_change": -0.07205932554843408, "k_phi_change": 0.3490421466681448, "xi_c_change": 0.0, "phase_sync_change": 0.019954761685290312, "epi_magnitude_change": 0.0, "hash_signature": "57c6fd41dd9288fe", "sequence_str": "IL -> NAV -> RA -> NAV"}