{"sequence": ["NAV", "ZHIR", "IL", "THOL", "OZ"], "coherence_change": -0.0016450662463187715, "sense_index_change": 0.024258399923160368, "phi_s_change": -0.04501318936438692, "grad_phi_change": 0.04150026300593468, "k_phi_change": -0.019186511071276974, "xi_c_change": 0.0, "phase_sync_change": -0.013063874375447315, "epi_magnitude_change": 0.0, "hash_signature": "06b61baff01ac27c", "sequence_str": "NAV -> ZHIR -> IL -> THOL -> OZ"}