{"sequence": ["IL", "EN", "IL", "THOL", "REMESH"], "coherence_change": 0.016782906950462473, "sense_index_change": -0.00036809758740385945, "phi_s_change": 0.04415287952605196, "grad_phi_change": 0.0, "k_phi_change": 0.0, "xi_c_change": 0.0, "phase_sync_change": 0.0, "epi_magnitude_change": 0.0016506186789527755, "hash_signature": "1f3993f05c8156a6", "sequence_str": "IL -> EN -> IL -> THOL -> REMESH"}