{"sequence": ["NAV", "ZHIR", "NUL", "SHA"], "coherence_change": 0.0, "sense_index_change": 0.0016052840139557656, "phi_s_change": 0.0, "grad_phi_change": -0.022989080283412955, "k_phi_change": 0.341268784166454, "xi_c_change": 0.0, "phase_sync_change": 0.006374460386831204, "epi_magnitude_change": -0.01222403110973147, "hash_signature": "809c43c64bf9bad5", "sequence_str": "NAV -> ZHIR -> NUL -> SHA"}