{"sequence": ["REMESH", "ZHIR", "THOL", "REMESH"], "coherence_change": 0.004837687725033346, "sense_index_change": 0.0013486045986561557, "phi_s_change": 0.04306306872916421, "grad_phi_change": -0.04325540884251522, "k_phi_change": 0.012581977558314361, "xi_c_change": 0.0, "phase_sync_change": 0.016135771518337227, "epi_magnitude_change": 0.0023260359890785454, "hash_signature": "ac49774b88d23d79", "sequence_str": "REMESH -> ZHIR -> THOL -> REMESH"}