{"sequence": ["NAV", "ZHIR", "RA", "OZ"], "coherence_change": -0.006468072375369283, "sense_index_change": -0.019297593073817676, "phi_s_change": -0.05218311625745786, "grad_phi_change": 0.07824362791210504, "k_phi_change": 0.16115641709345163, "xi_c_change": 0.0, "phase_sync_change": -0.03342060616058573, "epi_magnitude_change": 0.0, "hash_signature": "e8bb1c30b015a489", "sequence_str": "NAV -> ZHIR -> RA -> OZ"}