{"sequence": ["ZHIR", "REMESH", "AL", "ZHIR", "RA", "OZ"], "coherence_change": -0.012687395106545374, "sense_index_change": 0.009747704947608016, "phi_s_change": -0.030888572830440775, "grad_phi_change": -0.09145921663462553, "k_phi_change": -0.26823054886859554, "xi_c_change": 0.0, "phase_sync_change": 0.0246056083694558, "epi_magnitude_change": 0.005429350187430515, "hash_signature": "bb8a30faded36d49", "sequence_str": "ZHIR -> REMESH -> AL -> ZHIR -> RA -> OZ"}