{"sequence": ["NAV", "THOL", "ZHIR", "AL", "AL", "SHA"], "coherence_change": 0.003882471766565976, "sense_index_change": 0.009677939424836746, "phi_s_change": -0.014540248587204485, "grad_phi_change": -0.005235987755982663, "k_phi_change": 0.013726702031190169, "xi_c_change": 0.0, "phase_sync_change": -1.1102230246251565e-16, "epi_magnitude_change": -0.007026318560129918, "hash_signature": "eba98782d879478a", "sequence_str": "NAV -> THOL -> ZHIR -> AL -> AL -> SHA"}