{"sequence": ["VAL", "UM", "EN", "ZHIR", "UM", "OZ"], "coherence_change": -0.008390570486348503, "sense_index_change": 0.006458257143285628, "phi_s_change": 0.01676527533912442, "grad_phi_change": -0.04909141697657482, "k_phi_change": 0.2487478710918221, "xi_c_change": 0.0, "phase_sync_change": 0.0047010626359653696, "epi_magnitude_change": 0.011848403504090554, "hash_signature": "e3f801dcfdea081f", "sequence_str": "VAL -> UM -> EN -> ZHIR -> UM -> OZ"}