{"sequence": ["AL", "ZHIR", "ZHIR", "SHA", "ZHIR", "SHA"], "coherence_change": 0.0, "sense_index_change": -0.0025658526609888543, "phi_s_change": 0.0, "grad_phi_change": -0.04761526304914465, "k_phi_change": -0.06512433339237261, "xi_c_change": 0.0, "phase_sync_change": 0.02088576307827672, "epi_magnitude_change": -0.0007884185838362701, "hash_signature": "535b772987afcfca", "sequence_str": "AL -> ZHIR -> ZHIR -> SHA -> ZHIR -> SHA"}