{"sequence": ["NUL", "THOL", "OZ", "VAL", "OZ"], "coherence_change": -0.02647326736072697, "sense_index_change": 0.01575420320505594, "phi_s_change": -0.22517217136662204, "grad_phi_change": 0.0, "k_phi_change": 0.0, "xi_c_change": 0.0, "phase_sync_change": 0.0, "epi_magnitude_change": -0.008811130972777415, "hash_signature": "e3fbab9080a82372", "sequence_str": "NUL -> THOL -> OZ -> VAL -> OZ"}