{"sequence": ["REMESH", "AL", "OZ", "REMESH"], "coherence_change": -0.014067247432736352, "sense_index_change": 0.012272928331111377, "phi_s_change": -0.10425702263370684, "grad_phi_change": 0.0, "k_phi_change": 0.0, "xi_c_change": 0.0, "phase_sync_change": 0.0, "epi_magnitude_change": 0.00855702095908506, "hash_signature": "d03df11287507eea", "sequence_str": "REMESH -> AL -> OZ -> REMESH"}