{"sequence": ["AL", "UM", "NUL", "SHA"], "coherence_change": 0.0, "sense_index_change": 0.009060354410296956, "phi_s_change": 0.0, "grad_phi_change": -0.003050428319703702, "k_phi_change": 0.42647330719339227, "xi_c_change": 0.0, "phase_sync_change": -0.004088014501823056, "epi_magnitude_change": -0.023690958596857215, "hash_signature": "1f9866a075e9d2f6", "sequence_str": "AL -> UM -> NUL -> SHA"}