{"sequence": ["OZ", "VAL", "IL", "UM", "SHA"], "coherence_change": -0.00881369097423923, "sense_index_change": -0.009553529490535895, "phi_s_change": 0.018268560525861455, "grad_phi_change": 0.052554322255890185, "k_phi_change": 0.06370549114725058, "xi_c_change": 0.0, "phase_sync_change": -0.0241412564901351, "epi_magnitude_change": 0.010231390076385849, "hash_signature": "42edd76456386857", "sequence_str": "OZ -> VAL -> IL -> UM -> SHA"}