{"sequence": ["THOL", "AL", "REMESH"], "coherence_change": 0.0054289676742306225, "sense_index_change": -0.0010800569270882354, "phi_s_change": -0.037079602028370795, "grad_phi_change": 0.0, "k_phi_change": 0.0, "xi_c_change": 0.0, "phase_sync_change": 0.0, "epi_magnitude_change": 9.395016061242156e-05, "hash_signature": "596803d93e323f1e", "sequence_str": "THOL -> AL -> REMESH"}