{"sequence": ["IL", "VAL", "SHA", "VAL", "AL", "NAV"], "coherence_change": 0.005646748839604809, "sense_index_change": 0.00296926171359857, "phi_s_change": -0.005217544494297233, "grad_phi_change": 0.0, "k_phi_change": 0.0, "xi_c_change": 0.0, "phase_sync_change": 0.0, "epi_magnitude_change": 0.03370104646734173, "hash_signature": "8eb60cf46e381679", "sequence_str": "IL -> VAL -> SHA -> VAL -> AL -> NAV"}