{"sequence": ["AL", "ZHIR", "NAV", "NUL", "REMESH"], "coherence_change": 0.0, "sense_index_change": 0.013586564469800666, "phi_s_change": 0.0, "grad_phi_change": -0.04268452400134004, "k_phi_change": 0.014619384976473138, "xi_c_change": 0.0, "phase_sync_change": 0.012111574626956667, "epi_magnitude_change": -0.02421995142986999, "hash_signature": "4e06c0177777e521", "sequence_str": "AL -> ZHIR -> NAV -> NUL -> REMESH"}