{"sequence": ["REMESH", "EN", "AL", "IL", "REMESH"], "coherence_change": 0.005299944509183474, "sense_index_change": -0.0023079909012023725, "phi_s_change": -0.0024571199755238915, "grad_phi_change": 0.0, "k_phi_change": 0.0, "xi_c_change": 0.0, "phase_sync_change": 0.0, "epi_magnitude_change": 0.013818172339503332, "hash_signature": "a97804c02476ab95", "sequence_str": "REMESH -> EN -> AL -> IL -> REMESH"}