{"sequence": ["EN", "SHA", "IL", "EN", "UM", "OZ"], "coherence_change": -0.0064001940935510815, "sense_index_change": -0.01319458867306672, "phi_s_change": -0.05541892978845386, "grad_phi_change": 0.08698152276674764, "k_phi_change": -0.0015129606419075625, "xi_c_change": 0.0, "phase_sync_change": -0.039651659400990136, "epi_magnitude_change": 0.0, "hash_signature": "e7769b4506ac67de", "sequence_str": "EN -> SHA -> IL -> EN -> UM -> OZ"}