{"sequence": ["REMESH", "VAL", "IL", "NAV"], "coherence_change": 0.005857403315629672, "sense_index_change": 0.0041196250470643125, "phi_s_change": -0.01691637290341308, "grad_phi_change": 0.0, "k_phi_change": 0.0, "xi_c_change": 0.0, "phase_sync_change": 0.0, "epi_magnitude_change": 0.01977646962093693, "hash_signature": "f4b00459dd4a76e6", "sequence_str": "REMESH -> VAL -> IL -> NAV"}