{"sequence": ["NUL", "UM", "RA", "VAL", "EN", "NAV"], "coherence_change": 0.0, "sense_index_change": 0.04843118942821856, "phi_s_change": 0.0, "grad_phi_change": -0.26287385045669476, "k_phi_change": -0.024075920722820526, "xi_c_change": 0.0, "phase_sync_change": 0.08632580619423658, "epi_magnitude_change": -0.011997860394998061, "hash_signature": "45d361e79fb2bed8", "sequence_str": "NUL -> UM -> RA -> VAL -> EN -> NAV"}