{"sequence": ["NAV", "AL", "NUL", "THOL", "SHA"], "coherence_change": 0.003748729319623556, "sense_index_change": 0.0032787678486346783, "phi_s_change": -0.02414004503175038, "grad_phi_change": 0.0, "k_phi_change": 0.0, "xi_c_change": 0.0, "phase_sync_change": 0.0, "epi_magnitude_change": -0.018867823675282613, "hash_signature": "3b925013acac5ce7", "sequence_str": "NAV -> AL -> NUL -> THOL -> SHA"}