{"sequence": ["NAV", "AL", "IL", "RA", "REMESH"], "coherence_change": 0.008615044146784934, "sense_index_change": -0.020741572816538656, "phi_s_change": 0.001421611564021541, "grad_phi_change": 0.1380766648500935, "k_phi_change": -0.10288987342578454, "xi_c_change": 0.0, "phase_sync_change": -0.05380643399615581, "epi_magnitude_change": 0.005523650487983867, "hash_signature": "c53c067638a6dc07", "sequence_str": "NAV -> AL -> IL -> RA -> REMESH"}