{"sequence": ["UM", "UM", "NUL", "OZ"], "coherence_change": -0.013058807833371655, "sense_index_change": 0.01925545681169727, "phi_s_change": 0.030336350735913675, "grad_phi_change": -0.15463754791334106, "k_phi_change": -0.16398524498848505, "xi_c_change": 0.0, "phase_sync_change": 0.03667292852988868, "epi_magnitude_change": -0.009979200788050036, "hash_signature": "43a9762a8a1ad858", "sequence_str": "UM -> UM -> NUL -> OZ"}