{"sequence": ["SHA", "UM", "ZHIR", "NUL", "ZHIR", "NAV"], "coherence_change": 0.0, "sense_index_change": 0.0259546775509647, "phi_s_change": 0.0, "grad_phi_change": -0.09333415785531418, "k_phi_change": 0.2402892810256146, "xi_c_change": 0.0, "phase_sync_change": 0.035123292108763304, "epi_magnitude_change": -0.0267907899439227, "hash_signature": "0388d25026d76c79", "sequence_str": "SHA -> UM -> ZHIR -> NUL -> ZHIR -> NAV"}