{"sequence": ["REMESH", "ZHIR", "OZ", "REMESH"], "coherence_change": -0.009814413745046546, "sense_index_change": 0.004002802941754036, "phi_s_change": 0.04851247494473154, "grad_phi_change": -0.029437782675905133, "k_phi_change": 0.3742896310475262, "xi_c_change": 0.0, "phase_sync_change": 0.011045641544479179, "epi_magnitude_change": 0.002423748166414108, "hash_signature": "dd4e95fba42910e6", "sequence_str": "REMESH -> ZHIR -> OZ -> REMESH"}