{"sequence": ["RA", "RA", "SHA", "EN", "OZ"], "coherence_change": -0.010186224282753953, "sense_index_change": 0.0047302717629542634, "phi_s_change": -0.11315592802265217, "grad_phi_change": -0.08434566474422378, "k_phi_change": -0.06447463940823872, "xi_c_change": 0.0, "phase_sync_change": 0.03297716156551134, "epi_magnitude_change": 0.0, "hash_signature": "dee73814700cfd3d", "sequence_str": "RA -> RA -> SHA -> EN -> OZ"}