{"sequence": ["RA", "AL", "AL", "VAL", "SHA"], "coherence_change": 0.0, "sense_index_change": 0.026008058179009197, "phi_s_change": 0.0, "grad_phi_change": -0.07547234764026611, "k_phi_change": 0.305942673209011, "xi_c_change": 0.0, "phase_sync_change": 0.02091395181549549, "epi_magnitude_change": 0.012934883143600473, "hash_signature": "2e8ed3ad779998a7", "sequence_str": "RA -> AL -> AL -> VAL -> SHA"}