{"sequence": ["REMESH", "OZ", "NAV", "ZHIR", "REMESH"], "coherence_change": -0.010227027537261346, "sense_index_change": -0.016373106676335125, "phi_s_change": -0.10482193106046067, "grad_phi_change": 0.07602811305839152, "k_phi_change": -0.1403072013208861, "xi_c_change": 0.0, "phase_sync_change": -0.025937825541710757, "epi_magnitude_change": 0.002517918339865699, "hash_signature": "3b2f8319325255fc", "sequence_str": "REMESH -> OZ -> NAV -> ZHIR -> REMESH"}