{"sequence": ["AL", "VAL", "ZHIR", "NAV", "NUL", "OZ"], "coherence_change": -0.009050312645646708, "sense_index_change": 0.025879535877886384, "phi_s_change": -0.0036410473781963715, "grad_phi_change": -0.04938437001186524, "k_phi_change": -0.030437305384246105, "xi_c_change": 0.0, "phase_sync_change": 0.013961170279971347, "epi_magnitude_change": -0.0024200181938338616, "hash_signature": "c9fc3e2075eb967c", "sequence_str": "AL -> VAL -> ZHIR -> NAV -> NUL -> OZ"}