{"sequence": ["REMESH", "IL", "SHA", "NAV"], "coherence_change": 0.008160496166287334, "sense_index_change": -0.008654697637502262, "phi_s_change": 0.05202526606020963, "grad_phi_change": 0.0, "k_phi_change": 0.0, "xi_c_change": 0.0, "phase_sync_change": 0.0, "epi_magnitude_change": 0.001624912490600372, "hash_signature": "b1693ae2153a0efb", "sequence_str": "REMESH -> IL -> SHA -> NAV"}