{"sequence": ["NAV", "UM", "SHA", "REMESH", "VAL", "REMESH"], "coherence_change": 0.0, "sense_index_change": 0.022462774862771484, "phi_s_change": 0.0, "grad_phi_change": -0.11801357431163173, "k_phi_change": -0.03402909760464923, "xi_c_change": 0.0, "phase_sync_change": 0.03367347645921048, "epi_magnitude_change": 0.02129924152507534, "hash_signature": "4f3e37843dc97960", "sequence_str": "NAV -> UM -> SHA -> REMESH -> VAL -> REMESH"}