{"sequence": ["ZHIR", "AL", "THOL", "RA", "SHA"], "coherence_change": 0.004658124848048728, "sense_index_change": -0.004152988357947973, "phi_s_change": 0.0028821184103237085, "grad_phi_change": 0.024654675164771822, "k_phi_change": 0.6554157986237841, "xi_c_change": 0.0, "phase_sync_change": -0.011329678914641206, "epi_magnitude_change": -0.0005538940380047652, "hash_signature": "95551a9f875688d9", "sequence_str": "ZHIR -> AL -> THOL -> RA -> SHA"}