{"sequence": ["REMESH", "RA", "EN", "ZHIR", "SHA"], "coherence_change": 0.0, "sense_index_change": 0.018403016607434042, "phi_s_change": 0.0, "grad_phi_change": -0.04181245200761774, "k_phi_change": 0.36613902482028904, "xi_c_change": 0.0, "phase_sync_change": 0.007603143662871403, "epi_magnitude_change": 0.0012115579816323052, "hash_signature": "a21067145e71b6ab", "sequence_str": "REMESH -> RA -> EN -> ZHIR -> SHA"}