{"sequence": ["AL", "UM", "ZHIR", "UM", "ZHIR", "REMESH"], "coherence_change": 0.0, "sense_index_change": 0.009347408176620275, "phi_s_change": 0.0, "grad_phi_change": -0.1480467767851552, "k_phi_change": 0.4945062124884322, "xi_c_change": 0.0, "phase_sync_change": 0.04185295396930144, "epi_magnitude_change": 0.00976566296217185, "hash_signature": "322bd2add10747a7", "sequence_str": "AL -> UM -> ZHIR -> UM -> ZHIR -> REMESH"}