{"sequence": ["VAL", "RA", "REMESH", "NAV", "THOL", "REMESH"], "coherence_change": 0.00419708284759146, "sense_index_change": -0.003779821853412302, "phi_s_change": -0.029027019189034498, "grad_phi_change": 0.02187297659669385, "k_phi_change": 0.4568024644507321, "xi_c_change": 0.0, "phase_sync_change": -0.00683004724430214, "epi_magnitude_change": 0.005341757167100836, "hash_signature": "a62ad92bad03a72a", "sequence_str": "VAL -> RA -> REMESH -> NAV -> THOL -> REMESH"}