{"sequence": ["REMESH", "VAL", "ZHIR", "THOL", "OZ"], "coherence_change": -0.00812991387687445, "sense_index_change": -0.01291608118344234, "phi_s_change": -0.08124076473076636, "grad_phi_change": 0.025293127132008042, "k_phi_change": 0.28828648522237055, "xi_c_change": 0.0, "phase_sync_change": -0.011147516898613041, "epi_magnitude_change": 0.019724920848747662, "hash_signature": "598c62bc31a17ba3", "sequence_str": "REMESH -> VAL -> ZHIR -> THOL -> OZ"}