{"sequence": ["ZHIR", "NUL", "EN", "SHA"], "coherence_change": 0.0, "sense_index_change": -0.005574975233681223, "phi_s_change": 0.0, "grad_phi_change": -0.009918305348007417, "k_phi_change": -0.054475569132066026, "xi_c_change": 0.0, "phase_sync_change": 0.003109644098163722, "epi_magnitude_change": -0.016057837556266552, "hash_signature": "13b05bd3d6b5ba91", "sequence_str": "ZHIR -> NUL -> EN -> SHA"}