{"sequence": ["AL", "THOL", "ZHIR", "REMESH", "VAL", "OZ"], "coherence_change": -0.006070524486974982, "sense_index_change": -0.012584736459572199, "phi_s_change": -0.02592402792008841, "grad_phi_change": -0.007499614760087869, "k_phi_change": 0.19719479851902405, "xi_c_change": 0.0, "phase_sync_change": 0.003976570995770978, "epi_magnitude_change": 0.014149164127600478, "hash_signature": "2ad4b03be6b45524", "sequence_str": "AL -> THOL -> ZHIR -> REMESH -> VAL -> OZ"}