{"sequence": ["AL", "NUL", "ZHIR", "THOL", "EN", "REMESH"], "coherence_change": 0.005664418501871049, "sense_index_change": -0.0025573777227074768, "phi_s_change": 0.024818885937608504, "grad_phi_change": 0.01738119515167491, "k_phi_change": -0.21495736178145486, "xi_c_change": 0.0, "phase_sync_change": -0.006958431117605857, "epi_magnitude_change": -0.023316698812942183, "hash_signature": "7207d4fa14a6e338", "sequence_str": "AL -> NUL -> ZHIR -> THOL -> EN -> REMESH"}