{"sequence": ["REMESH", "ZHIR", "REMESH", "NAV"], "coherence_change": 0.0, "sense_index_change": 0.012020161394465045, "phi_s_change": 0.0, "grad_phi_change": -0.06692607722745225, "k_phi_change": 0.058415297613005596, "xi_c_change": 0.0, "phase_sync_change": 0.02408100980277561, "epi_magnitude_change": 0.0024659544810504697, "hash_signature": "3a6d26becede778f", "sequence_str": "REMESH -> ZHIR -> REMESH -> NAV"}