{"sequence": ["NAV", "VAL", "EN", "NAV", "VAL", "OZ"], "coherence_change": -0.0020158192872570257, "sense_index_change": -0.0014335574687789343, "phi_s_change": 0.015570672670262908, "grad_phi_change": 0.0, "k_phi_change": 0.0, "xi_c_change": 0.0, "phase_sync_change": 0.0, "epi_magnitude_change": 0.0339872541904126, "hash_signature": "c2fb5e2f04050170", "sequence_str": "NAV -> VAL -> EN -> NAV -> VAL -> OZ"}