{"sequence": ["RA", "AL", "REMESH"], "coherence_change": 0.0, "sense_index_change": 0.015140788631616608, "phi_s_change": 0.0, "grad_phi_change": -0.04753677478753637, "k_phi_change": 0.20339366115913532, "xi_c_change": 0.0, "phase_sync_change": 0.010595099258449592, "epi_magnitude_change": 0.0012419343208583955, "hash_signature": "fd32468778be2cd0", "sequence_str": "RA -> AL -> REMESH"}