{"sequence": ["NAV", "REMESH", "VAL", "UM", "OZ"], "coherence_change": -0.005801912592067526, "sense_index_change": -0.03177418780942026, "phi_s_change": 0.023217716370333097, "grad_phi_change": 0.11562993252427378, "k_phi_change": -0.09536449927979074, "xi_c_change": 0.0, "phase_sync_change": -0.036813164068616455, "epi_magnitude_change": 0.013322757367278282, "hash_signature": "36b938ecf75569ee", "sequence_str": "NAV -> REMESH -> VAL -> UM -> OZ"}