{"sequence": ["REMESH", "ZHIR", "NAV", "VAL", "OZ"], "coherence_change": -0.007505769929033956, "sense_index_change": -0.01622213462982325, "phi_s_change": -0.04726709611820257, "grad_phi_change": 0.08663022904937079, "k_phi_change": 0.050807774421009894, "xi_c_change": 0.0, "phase_sync_change": -0.02267210619433435, "epi_magnitude_change": 0.020573749419834697, "hash_signature": "95e6bb428e2f6f2c", "sequence_str": "REMESH -> ZHIR -> NAV -> VAL -> OZ"}