{"sequence": ["EN", "RA", "IL", "ZHIR", "NAV"], "coherence_change": 0.005737132363543895, "sense_index_change": 0.024773003102546154, "phi_s_change": -0.012543663727166754, "grad_phi_change": -0.11405552505715444, "k_phi_change": 0.2637308608645465, "xi_c_change": 0.0, "phase_sync_change": 0.04313195201125608, "epi_magnitude_change": 0.0, "hash_signature": "40a0367b83b3da4c", "sequence_str": "EN -> RA -> IL -> ZHIR -> NAV"}