{"sequence": ["REMESH", "IL", "RA", "VAL", "AL", "SHA"], "coherence_change": 0.007418106257938262, "sense_index_change": -0.013793045860621855, "phi_s_change": 0.02587313813183123, "grad_phi_change": 0.10380461435826605, "k_phi_change": 0.3492405539019112, "xi_c_change": 0.0, "phase_sync_change": -0.044103859001669576, "epi_magnitude_change": 0.014402081104365583, "hash_signature": "906426cfc305d44e", "sequence_str": "REMESH -> IL -> RA -> VAL -> AL -> SHA"}