{"sequence": ["VAL", "EN", "NAV", "THOL", "REMESH"], "coherence_change": 0.004767964076173636, "sense_index_change": 0.0042453740947248075, "phi_s_change": -0.007025401604614179, "grad_phi_change": 0.0, "k_phi_change": 0.0, "xi_c_change": 0.0, "phase_sync_change": 0.0, "epi_magnitude_change": 0.01616464950530372, "hash_signature": "c6056dba52652f3c", "sequence_str": "VAL -> EN -> NAV -> THOL -> REMESH"}