{"sequence": ["THOL", "REMESH", "UM", "AL", "RA", "SHA"], "coherence_change": 0.005280007547207144, "sense_index_change": -0.011903304305627416, "phi_s_change": 0.07498153809331665, "grad_phi_change": 0.026440996978580822, "k_phi_change": 0.4105454805249934, "xi_c_change": 0.0, "phase_sync_change": -0.011988311176164057, "epi_magnitude_change": -0.007181836403003294, "hash_signature": "085cf65de909955c", "sequence_str": "THOL -> REMESH -> UM -> AL -> RA -> SHA"}