{"sequence": ["IL", "REMESH", "NAV"], "coherence_change": 0.007665034609575239, "sense_index_change": -0.007984768294639566, "phi_s_change": 0.08436952859509184, "grad_phi_change": 0.0, "k_phi_change": 0.0, "xi_c_change": 0.0, "phase_sync_change": 0.0, "epi_magnitude_change": 0.0011551507493674507, "hash_signature": "653655b0735592d5", "sequence_str": "IL -> REMESH -> NAV"}