{"sequence": ["RA", "RA", "THOL", "NUL", "NAV"], "coherence_change": 0.0059483706409727555, "sense_index_change": 0.03710247019724766, "phi_s_change": 0.06718015164839686, "grad_phi_change": -0.18041860142752042, "k_phi_change": 0.14463026679028432, "xi_c_change": 0.0, "phase_sync_change": 0.05923592149528434, "epi_magnitude_change": -0.02343495993736866, "hash_signature": "6f4d565d2fb97194", "sequence_str": "RA -> RA -> THOL -> NUL -> NAV"}