{"sequence": ["THOL", "NAV", "REMESH", "RA", "SHA"], "coherence_change": 0.005528152427149324, "sense_index_change": 0.01485399567665735, "phi_s_change": -0.014873409250487635, "grad_phi_change": -0.010848962182948174, "k_phi_change": 0.0998368713328648, "xi_c_change": 0.0, "phase_sync_change": -0.003031429192856261, "epi_magnitude_change": 0.0015254173352526879, "hash_signature": "dc2ed210daf049c1", "sequence_str": "THOL -> NAV -> REMESH -> RA -> SHA"}