{"sequence": ["UM", "REMESH", "ZHIR", "OZ"], "coherence_change": -0.012310537269567101, "sense_index_change": 0.03844445896321835, "phi_s_change": -0.0691467777861915, "grad_phi_change": -0.03438904781574981, "k_phi_change": 0.3466566891596671, "xi_c_change": 0.0, "phase_sync_change": 0.015391146510557063, "epi_magnitude_change": 0.0014775668811431997, "hash_signature": "b32e0ede00fd0767", "sequence_str": "UM -> REMESH -> ZHIR -> OZ"}