{"sequence": ["THOL", "SHA", "RA", "SHA"], "coherence_change": 0.006449102007911378, "sense_index_change": -0.00421004031260841, "phi_s_change": 0.046710215542099864, "grad_phi_change": -0.08266243623098513, "k_phi_change": 0.4359259319814594, "xi_c_change": 0.0, "phase_sync_change": 0.02120697504383051, "epi_magnitude_change": 0.0, "hash_signature": "1113eef4087aa297", "sequence_str": "THOL -> SHA -> RA -> SHA"}