{"sequence": ["NUL", "UM", "IL", "NAV", "OZ"], "coherence_change": -0.0035862192275053495, "sense_index_change": -0.002893957389763391, "phi_s_change": 0.013043502380508998, "grad_phi_change": -0.05078507658226439, "k_phi_change": 0.09646356996180262, "xi_c_change": 0.0, "phase_sync_change": 0.02723778790760989, "epi_magnitude_change": -0.013385373234546583, "hash_signature": "2c798ec8f8767eab", "sequence_str": "NUL -> UM -> IL -> NAV -> OZ"}