{"sequence": ["SHA", "NUL", "UM", "OZ", "UM", "OZ"], "coherence_change": -0.030137094178616874, "sense_index_change": 0.08500992040669275, "phi_s_change": -0.23835872893329257, "grad_phi_change": -0.22883237260419032, "k_phi_change": 0.24580191712710178, "xi_c_change": 0.0, "phase_sync_change": 0.06488330293450861, "epi_magnitude_change": -0.009867040028047391, "hash_signature": "14437647ef514dec", "sequence_str": "SHA -> NUL -> UM -> OZ -> UM -> OZ"}