{"sequence": ["IL", "ZHIR", "VAL", "VAL", "THOL", "NAV"], "coherence_change": 0.01198173851389217, "sense_index_change": 0.01585932134164114, "phi_s_change": 0.09049670671060761, "grad_phi_change": 0.03002467332368597, "k_phi_change": 0.0874800224521783, "xi_c_change": 0.0, "phase_sync_change": -0.006991769268050119, "epi_magnitude_change": 0.029501540074508337, "hash_signature": "29a2f7d638c6532d", "sequence_str": "IL -> ZHIR -> VAL -> VAL -> THOL -> NAV"}