{"sequence": ["ZHIR", "REMESH", "NAV", "REMESH"], "coherence_change": 0.0, "sense_index_change": -0.0020357315222883088, "phi_s_change": 0.0, "grad_phi_change": 0.07102147716059881, "k_phi_change": -0.02959673223987619, "xi_c_change": 0.0, "phase_sync_change": -0.01961976015404654, "epi_magnitude_change": 0.002565628052826452, "hash_signature": "8a948395cfb4b859", "sequence_str": "ZHIR -> REMESH -> NAV -> REMESH"}