{"sequence": ["VAL", "SHA", "THOL", "NAV", "NAV"], "coherence_change": 0.002595566577494157, "sense_index_change": 0.0007304322973756827, "phi_s_change": -0.023603587314987795, "grad_phi_change": 0.0, "k_phi_change": 0.0, "xi_c_change": 0.0, "phase_sync_change": 0.0, "epi_magnitude_change": 0.01684087661599476, "hash_signature": "fb2e003e6e3f0b88", "sequence_str": "VAL -> SHA -> THOL -> NAV -> NAV"}