{"sequence": ["RA", "NAV", "VAL", "NAV"], "coherence_change": 0.0, "sense_index_change": 0.007201671399751808, "phi_s_change": 0.0, "grad_phi_change": -0.07097684231763801, "k_phi_change": 0.18789321290030567, "xi_c_change": 0.0, "phase_sync_change": 0.01772047568810542, "epi_magnitude_change": 0.012355303279692142, "hash_signature": "b97df62a0ca0a2f2", "sequence_str": "RA -> NAV -> VAL -> NAV"}