{"sequence": ["NAV", "UM", "NAV"], "coherence_change": 0.0, "sense_index_change": 0.03432650906917056, "phi_s_change": 0.0, "grad_phi_change": -0.1466885536725251, "k_phi_change": 0.3902076753052405, "xi_c_change": 0.0, "phase_sync_change": 0.05400428050522643, "epi_magnitude_change": 0.0, "hash_signature": "075748d8c8bb7c71", "sequence_str": "NAV -> UM -> NAV"}