{"sequence": ["RA", "RA", "IL", "NAV", "AL", "OZ"], "coherence_change": -0.0017514611828435278, "sense_index_change": 0.0006463060847839985, "phi_s_change": 0.003976707132324453, "grad_phi_change": -0.08480337907859159, "k_phi_change": -0.15208406474448216, "xi_c_change": 0.0, "phase_sync_change": 0.021025969322070792, "epi_magnitude_change": -0.0024261251835581144, "hash_signature": "5908260378e89156", "sequence_str": "RA -> RA -> IL -> NAV -> AL -> OZ"}