{"sequence": ["NAV", "SHA", "SHA", "UM", "SHA"], "coherence_change": 0.0, "sense_index_change": 0.03741429297312493, "phi_s_change": 0.0, "grad_phi_change": -0.19215495584996245, "k_phi_change": 0.23154796351460766, "xi_c_change": 0.0, "phase_sync_change": 0.0748899139379201, "epi_magnitude_change": 0.0, "hash_signature": "dd4b053886866b07", "sequence_str": "NAV -> SHA -> SHA -> UM -> SHA"}