{"sequence": ["AL", "THOL", "ZHIR", "AL", "ZHIR", "SHA"], "coherence_change": 0.008240049399727556, "sense_index_change": -0.0032936519575472722, "phi_s_change": 0.08401861678368172, "grad_phi_change": 0.05060141052722811, "k_phi_change": 0.13365435708710055, "xi_c_change": 0.0, "phase_sync_change": -0.011174128942612493, "epi_magnitude_change": 0.00664142432240078, "hash_signature": "a05fe6127d88ccd7", "sequence_str": "AL -> THOL -> ZHIR -> AL -> ZHIR -> SHA"}