{"sequence": ["IL", "AL", "REMESH"], "coherence_change": 0.005573024109122304, "sense_index_change": 0.00557010048327522, "phi_s_change": 0.015597376415081188, "grad_phi_change": 0.0, "k_phi_change": 0.0, "xi_c_change": 0.0, "phase_sync_change": 0.0, "epi_magnitude_change": -0.006379547520735107, "hash_signature": "0382bc8da51f3e19", "sequence_str": "IL -> AL -> REMESH"}