{"sequence": ["RA", "OZ", "UM", "OZ"], "coherence_change": -0.019976569748910822, "sense_index_change": 0.050252062274257936, "phi_s_change": -0.06927652631958314, "grad_phi_change": -0.10448381445976507, "k_phi_change": 0.20351208891553182, "xi_c_change": 0.0, "phase_sync_change": 0.027225132854044154, "epi_magnitude_change": 0.0, "hash_signature": "19d98d5bde03503e", "sequence_str": "RA -> OZ -> UM -> OZ"}