{"sequence": ["RA", "AL", "IL", "VAL", "ZHIR", "NAV"], "coherence_change": 0.009990724786587801, "sense_index_change": 0.009992216247576513, "phi_s_change": 0.02116299048011505, "grad_phi_change": -0.06214638792198901, "k_phi_change": 0.11877293160648444, "xi_c_change": 0.0, "phase_sync_change": 0.023525256020631713, "epi_magnitude_change": 0.013111949013792312, "hash_signature": "51f15eaad9f51438", "sequence_str": "RA -> AL -> IL -> VAL -> ZHIR -> NAV"}