{"sequence": ["RA", "SHA", "VAL", "ZHIR", "OZ"], "coherence_change": -0.011759381561715965, "sense_index_change": 0.030061626906886407, "phi_s_change": -0.07333225056897708, "grad_phi_change": -0.020930964714064526, "k_phi_change": 0.4438667653640812, "xi_c_change": 0.0, "phase_sync_change": 0.009513676353691713, "epi_magnitude_change": 0.017376713213611006, "hash_signature": "68108b777752072a", "sequence_str": "RA -> SHA -> VAL -> ZHIR -> OZ"}