{"sequence": ["UM", "ZHIR", "VAL", "IL", "RA", "NAV"], "coherence_change": 0.008503593428139777, "sense_index_change": 0.03826304984274009, "phi_s_change": 0.020909945648461048, "grad_phi_change": -0.2765527978323674, "k_phi_change": 0.166068601307888, "xi_c_change": 0.0, "phase_sync_change": 0.07375132928423833, "epi_magnitude_change": 0.018998119415960635, "hash_signature": "c904a8e16d990097", "sequence_str": "UM -> ZHIR -> VAL -> IL -> RA -> NAV"}