{"sequence": ["NUL", "ZHIR", "NUL", "OZ"], "coherence_change": -0.012793223405539345, "sense_index_change": 0.031106730978187502, "phi_s_change": -0.11760767109611059, "grad_phi_change": 0.0037538781430572765, "k_phi_change": 0.11064094297219235, "xi_c_change": 0.0, "phase_sync_change": 0.0017704942733182127, "epi_magnitude_change": -0.027208445631887845, "hash_signature": "fc865094b24c835f", "sequence_str": "NUL -> ZHIR -> NUL -> OZ"}