{"sequence": ["UM", "RA", "SHA", "OZ", "IL", "SHA"], "coherence_change": -0.0022598285889821046, "sense_index_change": 0.06633036380325175, "phi_s_change": -0.1568214009575779, "grad_phi_change": -0.22684373855437556, "k_phi_change": 0.16066841941496926, "xi_c_change": 0.0, "phase_sync_change": 0.06682543486154002, "epi_magnitude_change": 0.0, "hash_signature": "129077739885102f", "sequence_str": "UM -> RA -> SHA -> OZ -> IL -> SHA"}