{"sequence": ["ZHIR", "NAV", "NUL", "REMESH"], "coherence_change": 0.0, "sense_index_change": -0.004737511623953972, "phi_s_change": 0.0, "grad_phi_change": 0.06432268252252138, "k_phi_change": -0.006767856917203996, "xi_c_change": 0.0, "phase_sync_change": -0.019252323530557724, "epi_magnitude_change": -0.009620862096687333, "hash_signature": "de3f3dbbaaa25d45", "sequence_str": "ZHIR -> NAV -> NUL -> REMESH"}