{"sequence": ["REMESH", "RA", "UM", "ZHIR", "NUL", "OZ"], "coherence_change": -0.009230422067094568, "sense_index_change": 0.03324178954552015, "phi_s_change": 0.0366805230587941, "grad_phi_change": -0.187732132690424, "k_phi_change": -0.07553177826589896, "xi_c_change": 0.0, "phase_sync_change": 0.06123914552995713, "epi_magnitude_change": -0.018020710717007504, "hash_signature": "bbd91aa058a396ad", "sequence_str": "REMESH -> RA -> UM -> ZHIR -> NUL -> OZ"}