{"sequence": ["NAV", "REMESH", "EN", "UM", "NAV"], "coherence_change": 0.0, "sense_index_change": 0.022812405849926498, "phi_s_change": 0.0, "grad_phi_change": -0.14024213786706374, "k_phi_change": -0.07635250301173119, "xi_c_change": 0.0, "phase_sync_change": 0.028678946056862276, "epi_magnitude_change": 0.0013593814490102663, "hash_signature": "ea7ef9781e987c1b", "sequence_str": "NAV -> REMESH -> EN -> UM -> NAV"}