{"sequence": ["ZHIR", "REMESH", "IL", "NUL", "RA", "REMESH"], "coherence_change": 0.008798298590016351, "sense_index_change": 0.018532126705715912, "phi_s_change": -0.0025429430008953036, "grad_phi_change": -0.09965781411866104, "k_phi_change": -0.062252278374027026, "xi_c_change": 0.0, "phase_sync_change": 0.03853571543893741, "epi_magnitude_change": -0.011701454208642326, "hash_signature": "347218f308d96cdd", "sequence_str": "ZHIR -> REMESH -> IL -> NUL -> RA -> REMESH"}