{"sequence": ["VAL", "VAL", "UM", "ZHIR", "REMESH"], "coherence_change": 0.0, "sense_index_change": 0.030509358838785694, "phi_s_change": 0.0, "grad_phi_change": -0.14132071576143046, "k_phi_change": -0.1561222588293154, "xi_c_change": 0.0, "phase_sync_change": 0.05090593138477262, "epi_magnitude_change": 0.023377384660015266, "hash_signature": "dbc26cb68121e397", "sequence_str": "VAL -> VAL -> UM -> ZHIR -> REMESH"}