{"sequence": ["OZ", "NUL", "EN", "NUL", "UM", "OZ"], "coherence_change": -0.02857202324571617, "sense_index_change": 0.020526423129361704, "phi_s_change": -0.40649821101659733, "grad_phi_change": -0.12777422773911318, "k_phi_change": 0.5306611531918117, "xi_c_change": 0.0, "phase_sync_change": 0.03447460115729517, "epi_magnitude_change": -0.03281917517612121, "hash_signature": "04d454987f8d4602", "sequence_str": "OZ -> NUL -> EN -> NUL -> UM -> OZ"}