{"sequence": ["OZ", "AL", "IL", "NAV"], "coherence_change": -0.005139111209252034, "sense_index_change": -0.0016527912989257043, "phi_s_change": -0.16913313124399743, "grad_phi_change": 0.0, "k_phi_change": 0.0, "xi_c_change": 0.0, "phase_sync_change": 0.0, "epi_magnitude_change": -0.0005452971588540967, "hash_signature": "d61af4e94d77a069", "sequence_str": "OZ -> AL -> IL -> NAV"}