{"sequence": ["ZHIR", "REMESH", "RA", "SHA"], "coherence_change": 0.0, "sense_index_change": -0.00801596085130274, "phi_s_change": 0.0, "grad_phi_change": 0.014003884871512273, "k_phi_change": 0.0035524827539342996, "xi_c_change": 0.0, "phase_sync_change": -0.008021820557520987, "epi_magnitude_change": 0.0013280076280550723, "hash_signature": "8a941e014f0e9404", "sequence_str": "ZHIR -> REMESH -> RA -> SHA"}