{"sequence": ["NAV", "RA", "UM", "AL", "AL", "NAV"], "coherence_change": 0.0, "sense_index_change": -0.00979789858541863, "phi_s_change": 0.0, "grad_phi_change": -0.013579540867583617, "k_phi_change": 0.08105848365285667, "xi_c_change": 0.0, "phase_sync_change": -0.005078867040565149, "epi_magnitude_change": 0.009801971732199433, "hash_signature": "1aa1bc5e7a7798b0", "sequence_str": "NAV -> RA -> UM -> AL -> AL -> NAV"}