{"sequence": ["AL", "OZ", "IL", "ZHIR", "NAV"], "coherence_change": -0.006644599327023881, "sense_index_change": 0.019310377206074314, "phi_s_change": -0.03278766157217716, "grad_phi_change": 0.0892177835779242, "k_phi_change": 0.19131941123297927, "xi_c_change": 0.0, "phase_sync_change": -0.024485242667091955, "epi_magnitude_change": -0.006196512542955612, "hash_signature": "b37780dd3b9e3a44", "sequence_str": "AL -> OZ -> IL -> ZHIR -> NAV"}