{"sequence": ["VAL", "RA", "AL", "UM", "RA", "OZ"], "coherence_change": -0.011965539446363471, "sense_index_change": 0.09391939396734339, "phi_s_change": -0.1435323153806366, "grad_phi_change": -0.5029115365638621, "k_phi_change": 0.32535211736418246, "xi_c_change": 0.0, "phase_sync_change": 0.16597318367057512, "epi_magnitude_change": 0.019756632584443823, "hash_signature": "287eec6ef75995e6", "sequence_str": "VAL -> RA -> AL -> UM -> RA -> OZ"}