{"sequence": ["NAV", "REMESH", "SHA", "RA", "RA", "SHA"], "coherence_change": 0.0, "sense_index_change": 0.01937511622021515, "phi_s_change": 0.0, "grad_phi_change": -0.06207658864591803, "k_phi_change": 0.20697366151944455, "xi_c_change": 0.0, "phase_sync_change": 0.01364189942760441, "epi_magnitude_change": 0.001423489995466043, "hash_signature": "623b5998b72b864f", "sequence_str": "NAV -> REMESH -> SHA -> RA -> RA -> SHA"}