{"sequence": ["THOL", "OZ", "UM", "NAV"], "coherence_change": -0.00902968667855819, "sense_index_change": 0.045811405775449066, "phi_s_change": -0.11177642559896517, "grad_phi_change": -0.14776125075051594, "k_phi_change": 0.2850306249948901, "xi_c_change": 0.0, "phase_sync_change": 0.04850336832873403, "epi_magnitude_change": 0.0, "hash_signature": "a2dcc1203b17763d", "sequence_str": "THOL -> OZ -> UM -> NAV"}