{"sequence": ["OZ", "SHA", "VAL", "SHA"], "coherence_change": -0.015495243895829347, "sense_index_change": 0.023650175107127858, "phi_s_change": -0.0978065784528066, "grad_phi_change": 0.0, "k_phi_change": 0.0, "xi_c_change": 0.0, "phase_sync_change": 0.0, "epi_magnitude_change": 0.024436982133498986, "hash_signature": "20e44f46fc2c2773", "sequence_str": "OZ -> SHA -> VAL -> SHA"}