{"sequence": ["NAV", "EN", "NUL", "ZHIR", "UM", "REMESH"], "coherence_change": 0.0, "sense_index_change": 0.010138198659644049, "phi_s_change": 0.0, "grad_phi_change": -0.04058392868834959, "k_phi_change": 0.06687723499411863, "xi_c_change": 0.0, "phase_sync_change": 0.008819954773090832, "epi_magnitude_change": -0.012096190531275308, "hash_signature": "e96e41dc221bbce7", "sequence_str": "NAV -> EN -> NUL -> ZHIR -> UM -> REMESH"}