{"sequence": ["IL", "THOL", "RA", "REMESH"], "coherence_change": 0.015513480319689132, "sense_index_change": 0.019130470225324436, "phi_s_change": 0.12468439581954116, "grad_phi_change": -0.08190365141881917, "k_phi_change": 0.35961572391229535, "xi_c_change": 0.0, "phase_sync_change": 0.02533559655652351, "epi_magnitude_change": 0.0014308330101631128, "hash_signature": "5977a92b95ac1f5f", "sequence_str": "IL -> THOL -> RA -> REMESH"}