{"sequence": ["REMESH", "REMESH", "NUL", "UM", "REMESH"], "coherence_change": 0.0, "sense_index_change": -0.0049797135563033335, "phi_s_change": 0.0, "grad_phi_change": 0.06202082957990718, "k_phi_change": -0.057181014789122186, "xi_c_change": 0.0, "phase_sync_change": -0.02925542949785309, "epi_magnitude_change": -0.0025393838668743562, "hash_signature": "f5daa340b3d5a508", "sequence_str": "REMESH -> REMESH -> NUL -> UM -> REMESH"}