{"sequence": ["NUL", "NAV", "SHA", "OZ"], "coherence_change": -0.009560844615345454, "sense_index_change": 0.020076856011199462, "phi_s_change": -0.09734189537044047, "grad_phi_change": 0.0, "k_phi_change": 0.0, "xi_c_change": 0.0, "phase_sync_change": 0.0, "epi_magnitude_change": -0.006666311699477068, "hash_signature": "afc8551f92c7c658", "sequence_str": "NUL -> NAV -> SHA -> OZ"}