{"sequence": ["NAV", "UM", "IL", "REMESH"], "coherence_change": 0.007172015817314525, "sense_index_change": 0.005992931336943119, "phi_s_change": 0.08062427238070236, "grad_phi_change": -0.04482099430055464, "k_phi_change": 0.3570617039433426, "xi_c_change": 0.0, "phase_sync_change": 0.013708345121060228, "epi_magnitude_change": 0.0010321304164827572, "hash_signature": "1e671ce542edcc37", "sequence_str": "NAV -> UM -> IL -> REMESH"}