{"sequence": ["AL", "IL", "NUL", "OZ"], "coherence_change": -0.003791897590982418, "sense_index_change": -0.0010769952707292418, "phi_s_change": 0.016359414951800932, "grad_phi_change": 0.0, "k_phi_change": 0.0, "xi_c_change": 0.0, "phase_sync_change": 0.0, "epi_magnitude_change": -0.028645272238049357, "hash_signature": "98af4dc4d79866e6", "sequence_str": "AL -> IL -> NUL -> OZ"}