{"sequence": ["IL", "RA", "VAL", "VAL", "SHA"], "coherence_change": 0.007002175294558488, "sense_index_change": 0.025914800999265797, "phi_s_change": 0.026146219624980205, "grad_phi_change": -0.12510960302187257, "k_phi_change": -0.025463981206993253, "xi_c_change": 0.0, "phase_sync_change": 0.03312880400265106, "epi_magnitude_change": 0.02746935860155797, "hash_signature": "2145baaffc59364d", "sequence_str": "IL -> RA -> VAL -> VAL -> SHA"}