{"sequence": ["NAV", "ZHIR", "EN", "SHA", "AL", "SHA"], "coherence_change": 0.0, "sense_index_change": 0.020961219131021225, "phi_s_change": 0.0, "grad_phi_change": -0.05588256961108895, "k_phi_change": 0.11881828026438321, "xi_c_change": 0.0, "phase_sync_change": 0.02055114096497801, "epi_magnitude_change": -0.003518208590714167, "hash_signature": "7ebb46abe9721572", "sequence_str": "NAV -> ZHIR -> EN -> SHA -> AL -> SHA"}