{"sequence": ["NUL", "RA", "REMESH", "RA", "EN", "OZ"], "coherence_change": -0.013683687368313602, "sense_index_change": 0.039048317421256695, "phi_s_change": 0.04578551186032809, "grad_phi_change": -0.19531416382789013, "k_phi_change": 0.3687481737766919, "xi_c_change": 0.0, "phase_sync_change": 0.06206417809918208, "epi_magnitude_change": -0.01669780688969502, "hash_signature": "65bf321411f2e835", "sequence_str": "NUL -> RA -> REMESH -> RA -> EN -> OZ"}