{"sequence": ["AL", "REMESH", "OZ", "NAV", "IL", "OZ"], "coherence_change": -0.00407259658263226, "sense_index_change": -0.015157525722432896, "phi_s_change": 0.10387183922119725, "grad_phi_change": 0.0, "k_phi_change": 0.0, "xi_c_change": 0.0, "phase_sync_change": 0.0, "epi_magnitude_change": -0.004420903837484835, "hash_signature": "185e48c015027f6b", "sequence_str": "AL -> REMESH -> OZ -> NAV -> IL -> OZ"}