{"sequence": ["VAL", "IL", "ZHIR", "OZ"], "coherence_change": -0.005652627092429197, "sense_index_change": 0.02819659196487323, "phi_s_change": -0.22102392507700896, "grad_phi_change": 0.011515221979297108, "k_phi_change": 0.08007387014293223, "xi_c_change": 0.0, "phase_sync_change": -0.005088183631509757, "epi_magnitude_change": 0.016187919483685143, "hash_signature": "6b8caca9ee384b81", "sequence_str": "VAL -> IL -> ZHIR -> OZ"}