{"sequence": ["EN", "REMESH", "SHA", "OZ", "UM", "SHA"], "coherence_change": -0.016138863150577998, "sense_index_change": 0.04801823857736831, "phi_s_change": -0.26656402410160007, "grad_phi_change": -0.0855853370137667, "k_phi_change": 0.14641555159232295, "xi_c_change": 0.0, "phase_sync_change": 0.02825695215519397, "epi_magnitude_change": 0.0014347901365798776, "hash_signature": "14352e6e68401bb6", "sequence_str": "EN -> REMESH -> SHA -> OZ -> UM -> SHA"}