{"sequence": ["ZHIR", "EN", "RA", "REMESH", "ZHIR", "OZ"], "coherence_change": -0.011343835293556426, "sense_index_change": 0.023329285150905266, "phi_s_change": -0.06149230454330612, "grad_phi_change": -0.05998614870056218, "k_phi_change": 0.3960418413568753, "xi_c_change": 0.0, "phase_sync_change": 0.012707456731845035, "epi_magnitude_change": 0.001266664235849313, "hash_signature": "0776a0904ca1273a", "sequence_str": "ZHIR -> EN -> RA -> REMESH -> ZHIR -> OZ"}