{"sequence": ["AL", "EN", "RA", "SHA", "NAV"], "coherence_change": 0.0, "sense_index_change": 0.012905667308930502, "phi_s_change": 0.0, "grad_phi_change": -0.011063001863986122, "k_phi_change": 0.17436741736205763, "xi_c_change": 0.0, "phase_sync_change": -0.005682178134110538, "epi_magnitude_change": 0.003825329835832725, "hash_signature": "3acd56fc32b4eabe", "sequence_str": "AL -> EN -> RA -> SHA -> NAV"}