{"sequence": ["ZHIR", "NUL", "VAL", "REMESH"], "coherence_change": 0.0, "sense_index_change": -0.00559509676678871, "phi_s_change": 0.0, "grad_phi_change": 0.08133735333231917, "k_phi_change": -0.041542972768568304, "xi_c_change": 0.0, "phase_sync_change": -0.023658435934716837, "epi_magnitude_change": 0.004356688655141383, "hash_signature": "c1ca4cfd369d1c17", "sequence_str": "ZHIR -> NUL -> VAL -> REMESH"}