{"sequence": ["EN", "SHA", "RA", "NAV"], "coherence_change": 0.0, "sense_index_change": -0.027313112152615004, "phi_s_change": 0.0, "grad_phi_change": 0.10949227011034601, "k_phi_change": 0.6135148874578744, "xi_c_change": 0.0, "phase_sync_change": -0.03634084450946273, "epi_magnitude_change": 0.0, "hash_signature": "3a36729abe810d1b", "sequence_str": "EN -> SHA -> RA -> NAV"}