{"sequence": ["SHA", "OZ", "THOL", "UM", "THOL", "NAV"], "coherence_change": 0.003699737434865069, "sense_index_change": 0.04780565053754127, "phi_s_change": 0.15756682221093854, "grad_phi_change": -0.2826282400854312, "k_phi_change": 0.06253500607000942, "xi_c_change": 0.0, "phase_sync_change": 0.08873567189894438, "epi_magnitude_change": 0.0, "hash_signature": "fcbd421b3a442fd4", "sequence_str": "SHA -> OZ -> THOL -> UM -> THOL -> NAV"}