{"sequence": ["AL", "NAV", "UM", "UM", "IL", "SHA"], "coherence_change": 0.00939471038839379, "sense_index_change": 0.03565877183815036, "phi_s_change": 0.03839517095934497, "grad_phi_change": -0.10133425140831598, "k_phi_change": 0.25148940456453306, "xi_c_change": 0.0, "phase_sync_change": 0.015187012663431254, "epi_magnitude_change": 0.006917693113530632, "hash_signature": "79d146340df1be07", "sequence_str": "AL -> NAV -> UM -> UM -> IL -> SHA"}