{"sequence": ["NUL", "IL", "UM", "EN", "ZHIR", "OZ"], "coherence_change": -0.00046854742052604426, "sense_index_change": -0.010415520511604326, "phi_s_change": 0.06533823951055695, "grad_phi_change": -0.007923535971451567, "k_phi_change": 0.526268640219431, "xi_c_change": 0.0, "phase_sync_change": -0.012421807536994511, "epi_magnitude_change": -0.011088684386919567, "hash_signature": "917135a582dd03df", "sequence_str": "NUL -> IL -> UM -> EN -> ZHIR -> OZ"}