{"sequence": ["RA", "EN", "THOL", "OZ", "ZHIR", "OZ"], "coherence_change": -0.02567679474733231, "sense_index_change": 0.0383273047222622, "phi_s_change": -0.24887752949828712, "grad_phi_change": -0.026193952406105003, "k_phi_change": -0.21348375858062713, "xi_c_change": 0.0, "phase_sync_change": 0.004686340227693986, "epi_magnitude_change": 0.0, "hash_signature": "b060760f69950295", "sequence_str": "RA -> EN -> THOL -> OZ -> ZHIR -> OZ"}