{"sequence": ["OZ", "UM", "IL", "NAV", "NUL", "OZ"], "coherence_change": -0.013754514714542698, "sense_index_change": 0.0072571978117970115, "phi_s_change": -0.022945970830047346, "grad_phi_change": -0.07505867933725496, "k_phi_change": 0.11275823088076177, "xi_c_change": 0.0, "phase_sync_change": 0.024024399485449766, "epi_magnitude_change": -0.01934058623298751, "hash_signature": "cabf55e7c76fbe7e", "sequence_str": "OZ -> UM -> IL -> NAV -> NUL -> OZ"}