{"sequence": ["NAV", "RA", "RA", "REMESH"], "coherence_change": 0.0, "sense_index_change": 0.044030736494806266, "phi_s_change": 0.0, "grad_phi_change": -0.3256291474245756, "k_phi_change": 0.13332181674756752, "xi_c_change": 0.0, "phase_sync_change": 0.10593386526514548, "epi_magnitude_change": 0.001774026596820577, "hash_signature": "65364adf811c30b5", "sequence_str": "NAV -> RA -> RA -> REMESH"}