{"sequence": ["RA", "VAL", "REMESH", "AL", "EN", "SHA"], "coherence_change": 0.0, "sense_index_change": 0.011741217488326239, "phi_s_change": 0.0, "grad_phi_change": 0.03321640646709767, "k_phi_change": 0.40065192783175574, "xi_c_change": 0.0, "phase_sync_change": -0.014659528094986496, "epi_magnitude_change": 0.01891358783858188, "hash_signature": "aed96519a8535794", "sequence_str": "RA -> VAL -> REMESH -> AL -> EN -> SHA"}