{"sequence": ["VAL", "THOL", "NAV", "THOL", "UM", "REMESH"], "coherence_change": 0.006066843560611046, "sense_index_change": 0.00877489690642208, "phi_s_change": -0.031627854135881095, "grad_phi_change": 0.0022482824145084734, "k_phi_change": -0.554765206269747, "xi_c_change": 0.0, "phase_sync_change": -0.0009112274692929523, "epi_magnitude_change": 0.01815052329289557, "hash_signature": "9003e5814941bee5", "sequence_str": "VAL -> THOL -> NAV -> THOL -> UM -> REMESH"}