{"sequence": ["OZ", "ZHIR", "OZ", "THOL", "RA", "OZ"], "coherence_change": -0.03249300293149937, "sense_index_change": 0.043951670502087925, "phi_s_change": 0.2620097050618117, "grad_phi_change": -0.038189805236900076, "k_phi_change": 0.38149136302899334, "xi_c_change": 0.0, "phase_sync_change": 0.006379504397261759, "epi_magnitude_change": 0.0, "hash_signature": "d8358d17f2e93f9f", "sequence_str": "OZ -> ZHIR -> OZ -> THOL -> RA -> OZ"}