{"sequence": ["UM", "NAV", "VAL", "THOL", "THOL", "SHA"], "coherence_change": 0.007578090782013658, "sense_index_change": -0.0280433677385441, "phi_s_change": 0.06115435469421582, "grad_phi_change": 0.12611677489974493, "k_phi_change": -0.1680133439953787, "xi_c_change": 0.0, "phase_sync_change": -0.052647265279349154, "epi_magnitude_change": 0.007401852961071209, "hash_signature": "9ad359a19607ba9a", "sequence_str": "UM -> NAV -> VAL -> THOL -> THOL -> SHA"}