{"sequence": ["UM", "VAL", "UM", "THOL", "SHA"], "coherence_change": 0.004673198222395425, "sense_index_change": 0.038062955273766574, "phi_s_change": 0.03870360921035276, "grad_phi_change": -0.20750051938078706, "k_phi_change": 0.3207241670503555, "xi_c_change": 0.0, "phase_sync_change": 0.06221696672648902, "epi_magnitude_change": 0.018562532596780534, "hash_signature": "4d8016c8925f3461", "sequence_str": "UM -> VAL -> UM -> THOL -> SHA"}