{"sequence": ["AL", "ZHIR", "EN", "NAV", "IL", "NAV"], "coherence_change": 0.003995201140434501, "sense_index_change": 0.013555584233748696, "phi_s_change": 0.005735534330387759, "grad_phi_change": -0.026632477750617056, "k_phi_change": 0.0839578134643321, "xi_c_change": 0.0, "phase_sync_change": 0.009368293463544508, "epi_magnitude_change": 0.004070254070681956, "hash_signature": "048a4a5867f238b3", "sequence_str": "AL -> ZHIR -> EN -> NAV -> IL -> NAV"}