{"sequence": ["REMESH", "VAL", "RA", "OZ", "UM", "SHA"], "coherence_change": -0.009624247455567447, "sense_index_change": 0.019696511372432113, "phi_s_change": 0.03278519316521478, "grad_phi_change": -0.06217266218315287, "k_phi_change": -0.13618216074959255, "xi_c_change": 0.0, "phase_sync_change": 0.01765600721828442, "epi_magnitude_change": 0.0189620521761662, "hash_signature": "0f6b0e85a2f7e6bd", "sequence_str": "REMESH -> VAL -> RA -> OZ -> UM -> SHA"}