{"sequence": ["ZHIR", "AL", "SHA", "IL", "OZ"], "coherence_change": -0.009630921343936949, "sense_index_change": 0.02124295193545256, "phi_s_change": -0.03291849783286027, "grad_phi_change": -0.03655734824275081, "k_phi_change": 0.03528590813068533, "xi_c_change": 0.0, "phase_sync_change": 0.014081009802775601, "epi_magnitude_change": 0.00011401766961049997, "hash_signature": "b8d2bc46527463a6", "sequence_str": "ZHIR -> AL -> SHA -> IL -> OZ"}