{"sequence": ["OZ", "RA", "SHA", "IL", "NUL", "OZ"], "coherence_change": -0.022791991308758308, "sense_index_change": 0.0428254166698665, "phi_s_change": -0.10107711870541225, "grad_phi_change": -0.09462242355847561, "k_phi_change": 0.01356083756272472, "xi_c_change": 0.0, "phase_sync_change": 0.03007077855209972, "epi_magnitude_change": -0.010929154821821996, "hash_signature": "d1fe8a08cb9f9ba5", "sequence_str": "OZ -> RA -> SHA -> IL -> NUL -> OZ"}