{"sequence": ["REMESH", "OZ", "VAL", "NAV"], "coherence_change": -0.012196818243340068, "sense_index_change": 0.00024106931575995638, "phi_s_change": 0.018559706816996147, "grad_phi_change": 0.0, "k_phi_change": 0.0, "xi_c_change": 0.0, "phase_sync_change": 0.0, "epi_magnitude_change": 0.022194831578579044, "hash_signature": "35cb05cf472876a7", "sequence_str": "REMESH -> OZ -> VAL -> NAV"}