{"sequence": ["EN", "RA", "AL", "OZ"], "coherence_change": -0.01208522159021086, "sense_index_change": 0.04486752091843205, "phi_s_change": -0.04722213433944067, "grad_phi_change": -0.10792472744475923, "k_phi_change": 0.23433331574401994, "xi_c_change": 0.0, "phase_sync_change": 0.03428213960955062, "epi_magnitude_change": -0.0027673803411578657, "hash_signature": "fd7438b913e4a6e1", "sequence_str": "EN -> RA -> AL -> OZ"}