{"sequence": ["REMESH", "UM", "SHA", "OZ"], "coherence_change": -0.016078451912712066, "sense_index_change": 0.03624375891221587, "phi_s_change": -0.19568883824659578, "grad_phi_change": -0.11615136828718087, "k_phi_change": 0.15178439154157009, "xi_c_change": 0.0, "phase_sync_change": 0.048296322228557176, "epi_magnitude_change": 0.0015746678821486615, "hash_signature": "9b52bcb2f7d49517", "sequence_str": "REMESH -> UM -> SHA -> OZ"}