{"sequence": ["REMESH", "UM", "VAL", "OZ"], "coherence_change": -0.008962305871825671, "sense_index_change": -0.004376550440338578, "phi_s_change": 0.04992419088177036, "grad_phi_change": -0.03218372775337475, "k_phi_change": 0.16904340690131092, "xi_c_change": 0.0, "phase_sync_change": 0.0027203977565278814, "epi_magnitude_change": 0.012357107574803905, "hash_signature": "a4d9c9018ec4eb1c", "sequence_str": "REMESH -> UM -> VAL -> OZ"}