{"sequence": ["OZ", "OZ", "VAL", "NAV"], "coherence_change": -0.027118204301105564, "sense_index_change": 0.01251189204066605, "phi_s_change": 0.06967847632073465, "grad_phi_change": 0.0, "k_phi_change": 0.0, "xi_c_change": 0.0, "phase_sync_change": 0.0, "epi_magnitude_change": 0.009942995400670562, "hash_signature": "da20f88854b19f5e", "sequence_str": "OZ -> OZ -> VAL -> NAV"}