{"sequence": ["UM", "OZ", "THOL", "NAV"], "coherence_change": -0.002994511073235895, "sense_index_change": 0.018238158673531513, "phi_s_change": 0.02238381764644015, "grad_phi_change": -0.0998245902687358, "k_phi_change": 0.47361639755122603, "xi_c_change": 0.0, "phase_sync_change": 0.02709416871504089, "epi_magnitude_change": 0.0, "hash_signature": "ea15f001e21edb0a", "sequence_str": "UM -> OZ -> THOL -> NAV"}