{"sequence": ["AL", "NUL", "AL", "IL", "OZ"], "coherence_change": -0.010438937918936242, "sense_index_change": 0.009929328667069748, "phi_s_change": 0.21625482486405, "grad_phi_change": 0.0, "k_phi_change": 0.0, "xi_c_change": 0.0, "phase_sync_change": 0.0, "epi_magnitude_change": -0.026258352346276936, "hash_signature": "e079f799bc3af40e", "sequence_str": "AL -> NUL -> AL -> IL -> OZ"}