{"sequence": ["SHA", "AL", "ZHIR", "AL", "SHA"], "coherence_change": 0.0, "sense_index_change": -0.006807971558689285, "phi_s_change": 0.0, "grad_phi_change": 0.00785572041610294, "k_phi_change": 0.05473413679461106, "xi_c_change": 0.0, "phase_sync_change": -0.0020189892838446966, "epi_magnitude_change": 5.1713125949648386e-05, "hash_signature": "02ea23ab31edb8f2", "sequence_str": "SHA -> AL -> ZHIR -> AL -> SHA"}