{"sequence": ["NAV", "ZHIR", "ZHIR", "THOL", "REMESH"], "coherence_change": 0.0048463061828635245, "sense_index_change": -0.025797956879766826, "phi_s_change": 0.0717460996879632, "grad_phi_change": 0.09620662891163545, "k_phi_change": -0.19542832050305015, "xi_c_change": 0.0, "phase_sync_change": -0.026868494044634872, "epi_magnitude_change": 0.0012144970852357995, "hash_signature": "2fa94d2a8be1689e", "sequence_str": "NAV -> ZHIR -> ZHIR -> THOL -> REMESH"}