{"sequence": ["NAV", "ZHIR", "EN", "OZ"], "coherence_change": -0.00746571935773177, "sense_index_change": 0.006845079492638795, "phi_s_change": -0.0878323431039768, "grad_phi_change": 0.005585053606381951, "k_phi_change": 0.30503992562648274, "xi_c_change": 0.0, "phase_sync_change": 0.0033333333333332993, "epi_magnitude_change": 0.0, "hash_signature": "c22f519af0450350", "sequence_str": "NAV -> ZHIR -> EN -> OZ"}