{"sequence": ["AL", "AL", "UM", "SHA"], "coherence_change": 0.0, "sense_index_change": 0.011898005349719964, "phi_s_change": 0.0, "grad_phi_change": -0.06464908908873968, "k_phi_change": -0.06315855169114432, "xi_c_change": 0.0, "phase_sync_change": 0.01987088366243961, "epi_magnitude_change": 0.001907597551684681, "hash_signature": "60e475d875c9bc86", "sequence_str": "AL -> AL -> UM -> SHA"}