{"sequence": ["REMESH", "ZHIR", "VAL", "VAL", "RA", "SHA"], "coherence_change": 0.0, "sense_index_change": -0.01809186510095706, "phi_s_change": 0.0, "grad_phi_change": 0.04925542687778672, "k_phi_change": 0.5820239294828733, "xi_c_change": 0.0, "phase_sync_change": -0.015863694052563493, "epi_magnitude_change": 0.02131136331307182, "hash_signature": "f14483312c7b51e5", "sequence_str": "REMESH -> ZHIR -> VAL -> VAL -> RA -> SHA"}