{"sequence": ["REMESH", "NUL", "NAV", "OZ", "EN", "NAV"], "coherence_change": -0.007467825079208179, "sense_index_change": -0.005352055599039951, "phi_s_change": 0.07157027281628259, "grad_phi_change": 0.0, "k_phi_change": 0.0, "xi_c_change": 0.0, "phase_sync_change": 0.0, "epi_magnitude_change": -0.00916474975202164, "hash_signature": "9106090e805e031d", "sequence_str": "REMESH -> NUL -> NAV -> OZ -> EN -> NAV"}