{"sequence": ["NAV", "REMESH", "SHA", "UM", "REMESH"], "coherence_change": 0.0, "sense_index_change": 0.04690432092105057, "phi_s_change": 0.0, "grad_phi_change": -0.28434707957589533, "k_phi_change": -0.20283511450483166, "xi_c_change": 0.0, "phase_sync_change": 0.09602565234537985, "epi_magnitude_change": 0.002977446235256642, "hash_signature": "0c6bd4bec22e4128", "sequence_str": "NAV -> REMESH -> SHA -> UM -> REMESH"}