{"sequence": ["VAL", "AL", "RA", "VAL", "VAL", "OZ"], "coherence_change": -0.01256159991743, "sense_index_change": -0.01876206679598702, "phi_s_change": 0.05689903967526966, "grad_phi_change": -0.020443667545322564, "k_phi_change": 0.22884878872661094, "xi_c_change": 0.0, "phase_sync_change": -0.00440798469471293, "epi_magnitude_change": 0.04860589042913843, "hash_signature": "229d43410432150f", "sequence_str": "VAL -> AL -> RA -> VAL -> VAL -> OZ"}