{"sequence": ["AL", "RA", "IL", "REMESH"], "coherence_change": 0.00971256381086949, "sense_index_change": 0.0016616375876374878, "phi_s_change": 0.021493428979930673, "grad_phi_change": -0.017203825423651065, "k_phi_change": 0.2954188751978694, "xi_c_change": 0.0, "phase_sync_change": 0.001165492493175324, "epi_magnitude_change": 0.014001190167356792, "hash_signature": "60784a6e09a11071", "sequence_str": "AL -> RA -> IL -> REMESH"}