{"sequence": ["AL", "VAL", "VAL", "OZ"], "coherence_change": -0.014740444759936966, "sense_index_change": 0.024342810503473644, "phi_s_change": -0.03107818866480272, "grad_phi_change": 0.0, "k_phi_change": 0.0, "xi_c_change": 0.0, "phase_sync_change": 0.0, "epi_magnitude_change": 0.041284658460906676, "hash_signature": "b97e96303c9d0edb", "sequence_str": "AL -> VAL -> VAL -> OZ"}