{"sequence": ["NAV", "THOL", "VAL", "RA", "NAV"], "coherence_change": 0.00478300370338125, "sense_index_change": -0.011754939063169045, "phi_s_change": 0.06866439299063054, "grad_phi_change": 0.06323569429208864, "k_phi_change": -0.10944634388859531, "xi_c_change": 0.0, "phase_sync_change": -0.023396240960404602, "epi_magnitude_change": 0.014306743534310384, "hash_signature": "8eaeaeff08e184ba", "sequence_str": "NAV -> THOL -> VAL -> RA -> NAV"}