{"sequence": ["REMESH", "NUL", "ZHIR", "NUL", "SHA"], "coherence_change": 0.0, "sense_index_change": -0.01331517992932213, "phi_s_change": 0.0, "grad_phi_change": 0.07296116818757192, "k_phi_change": 0.25338718846334074, "xi_c_change": 0.0, "phase_sync_change": -0.022013341916828577, "epi_magnitude_change": -0.027737296871006345, "hash_signature": "978a221084131aad", "sequence_str": "REMESH -> NUL -> ZHIR -> NUL -> SHA"}