{"sequence": ["REMESH", "IL", "AL", "RA", "UM", "OZ"], "coherence_change": -0.007424325137960541, "sense_index_change": 0.06415947470775119, "phi_s_change": 0.0027104176212012776, "grad_phi_change": -0.2331925903420744, "k_phi_change": 0.2640324753375083, "xi_c_change": 0.0, "phase_sync_change": 0.07314424630192062, "epi_magnitude_change": -0.001402573568555221, "hash_signature": "b48b5720416fa609", "sequence_str": "REMESH -> IL -> AL -> RA -> UM -> OZ"}