{"sequence": ["RA", "RA", "VAL", "REMESH"], "coherence_change": 0.0, "sense_index_change": 0.03364449980161688, "phi_s_change": 0.0, "grad_phi_change": -0.2481593625032732, "k_phi_change": 0.09216530661981208, "xi_c_change": 0.0, "phase_sync_change": 0.08350182601788936, "epi_magnitude_change": 0.01806014108963605, "hash_signature": "4907943cc18c77e5", "sequence_str": "RA -> RA -> VAL -> REMESH"}