{"sequence": ["AL", "EN", "VAL", "RA", "REMESH"], "coherence_change": 0.0, "sense_index_change": -0.0027542654784753484, "phi_s_change": 0.0, "grad_phi_change": 0.014750374683370149, "k_phi_change": 0.08027158393779533, "xi_c_change": 0.0, "phase_sync_change": -0.01330725947611, "epi_magnitude_change": 0.03041450307256577, "hash_signature": "61fbab63e9cd0084", "sequence_str": "AL -> EN -> VAL -> RA -> REMESH"}