{"sequence": ["ZHIR", "RA", "UM", "IL", "UM", "OZ"], "coherence_change": 0.0018038816368729504, "sense_index_change": 0.029859356557179195, "phi_s_change": 0.16906355393699957, "grad_phi_change": -0.179391938284313, "k_phi_change": 0.2709131149776273, "xi_c_change": 0.0, "phase_sync_change": 0.06699372423679428, "epi_magnitude_change": 0.0, "hash_signature": "60a57878a3bed5e1", "sequence_str": "ZHIR -> RA -> UM -> IL -> UM -> OZ"}