{"sequence": ["AL", "VAL", "IL", "UM", "SHA"], "coherence_change": 0.0065564786474540115, "sense_index_change": 0.03126287491294366, "phi_s_change": 0.05058728154658132, "grad_phi_change": -0.16015062600158103, "k_phi_change": 0.35607779033459586, "xi_c_change": 0.0, "phase_sync_change": 0.05143387773530006, "epi_magnitude_change": 0.013466087464527376, "hash_signature": "0cec81653ff57cb0", "sequence_str": "AL -> VAL -> IL -> UM -> SHA"}