{"sequence": ["NAV", "NUL", "THOL", "VAL", "NAV"], "coherence_change": 0.005532101084927188, "sense_index_change": 0.0016251012835268863, "phi_s_change": 0.01624305238128354, "grad_phi_change": 0.0, "k_phi_change": 0.0, "xi_c_change": 0.0, "phase_sync_change": 0.0, "epi_magnitude_change": -0.005757730483047618, "hash_signature": "6d24f194c6eea774", "sequence_str": "NAV -> NUL -> THOL -> VAL -> NAV"}