{"sequence": ["VAL", "ZHIR", "REMESH", "EN", "OZ"], "coherence_change": -0.011677258433198001, "sense_index_change": 0.0187120999454361, "phi_s_change": 0.08148634894594764, "grad_phi_change": -0.03650519298917532, "k_phi_change": 0.26264995015211123, "xi_c_change": 0.0, "phase_sync_change": 0.011585354623284472, "epi_magnitude_change": 0.01773041390337482, "hash_signature": "f659de81555f9338", "sequence_str": "VAL -> ZHIR -> REMESH -> EN -> OZ"}