{"sequence": ["AL", "VAL", "IL", "ZHIR", "OZ"], "coherence_change": -0.002689423946147129, "sense_index_change": 0.0217966295587132, "phi_s_change": 0.09122625393517736, "grad_phi_change": -0.098756879055935, "k_phi_change": 0.09253778662028374, "xi_c_change": 0.0, "phase_sync_change": 0.036135771518337134, "epi_magnitude_change": 0.02000861671063725, "hash_signature": "cdac6452fecf1be9", "sequence_str": "AL -> VAL -> IL -> ZHIR -> OZ"}