{"sequence": ["AL", "UM", "EN", "NAV"], "coherence_change": 0.0, "sense_index_change": 0.005085442389928696, "phi_s_change": 0.0, "grad_phi_change": -0.058119778757049545, "k_phi_change": 0.1409391509644367, "xi_c_change": 0.0, "phase_sync_change": 0.02123818649334641, "epi_magnitude_change": 0.006752677095841486, "hash_signature": "983f788fd4eb9830", "sequence_str": "AL -> UM -> EN -> NAV"}