{"sequence": ["OZ", "VAL", "ZHIR", "IL", "NAV"], "coherence_change": -0.005706139136987476, "sense_index_change": 0.02135056707385874, "phi_s_change": -0.13187477927326285, "grad_phi_change": 0.009741175912490796, "k_phi_change": 0.23150397960385935, "xi_c_change": 0.0, "phase_sync_change": -8.644933044332781e-05, "epi_magnitude_change": 0.010800953972040506, "hash_signature": "402aad3d71479b61", "sequence_str": "OZ -> VAL -> ZHIR -> IL -> NAV"}