{"sequence": ["AL", "VAL", "REMESH", "IL", "UM", "SHA"], "coherence_change": 0.009820369252847683, "sense_index_change": 0.025731425135780306, "phi_s_change": 0.15945241319039838, "grad_phi_change": -0.21927740983827304, "k_phi_change": 0.11890142803319316, "xi_c_change": 0.0, "phase_sync_change": 0.0731441400256333, "epi_magnitude_change": 0.024356367655040234, "hash_signature": "3997d7b8e5f042f5", "sequence_str": "AL -> VAL -> REMESH -> IL -> UM -> SHA"}