{"sequence": ["OZ", "ZHIR", "ZHIR", "RA", "SHA"], "coherence_change": -0.013438835521302095, "sense_index_change": -0.022723044144627225, "phi_s_change": -0.018646957882677673, "grad_phi_change": 0.02729886842777396, "k_phi_change": 0.28135732092794974, "xi_c_change": 0.0, "phase_sync_change": -0.015193560130587258, "epi_magnitude_change": 0.0, "hash_signature": "d7166e2a75caea02", "sequence_str": "OZ -> ZHIR -> ZHIR -> RA -> SHA"}