{"sequence": ["AL", "ZHIR", "VAL", "REMESH"], "coherence_change": 0.0, "sense_index_change": -0.00610881536839214, "phi_s_change": 0.0, "grad_phi_change": 0.059848270865153985, "k_phi_change": 0.602945405098803, "xi_c_change": 0.0, "phase_sync_change": -0.01839211372237337, "epi_magnitude_change": 0.014395736620514743, "hash_signature": "9f5a7405ac2d56b7", "sequence_str": "AL -> ZHIR -> VAL -> REMESH"}