{"sequence": ["UM", "UM", "ZHIR", "REMESH"], "coherence_change": 0.0, "sense_index_change": 0.051594938609218155, "phi_s_change": 0.0, "grad_phi_change": -0.27283938787983564, "k_phi_change": -0.07104531544728837, "xi_c_change": 0.0, "phase_sync_change": 0.08646979314639436, "epi_magnitude_change": 0.0011095710185473617, "hash_signature": "541823944068ace6", "sequence_str": "UM -> UM -> ZHIR -> REMESH"}