{"sequence": ["IL", "ZHIR", "VAL", "REMESH"], "coherence_change": 0.0071737419842371475, "sense_index_change": -0.01143630036024168, "phi_s_change": 0.02395268264557615, "grad_phi_change": 0.07565271252371653, "k_phi_change": 0.08494044267230329, "xi_c_change": 0.0, "phase_sync_change": -0.02725236882066362, "epi_magnitude_change": 0.014933407411759081, "hash_signature": "e3ede804d2d3a665", "sequence_str": "IL -> ZHIR -> VAL -> REMESH"}