{"sequence": ["UM", "REMESH", "RA", "SHA"], "coherence_change": 0.0, "sense_index_change": 0.01927941734376748, "phi_s_change": 0.0, "grad_phi_change": -0.020987320053034386, "k_phi_change": -0.052151196414651574, "xi_c_change": 0.0, "phase_sync_change": -0.008591808010735225, "epi_magnitude_change": 0.0014745900620775076, "hash_signature": "da6eca8e27533fd9", "sequence_str": "UM -> REMESH -> RA -> SHA"}