{"sequence": ["REMESH", "UM", "SHA", "NAV"], "coherence_change": 0.0, "sense_index_change": 0.022777430116957986, "phi_s_change": 0.0, "grad_phi_change": -0.1893458858241004, "k_phi_change": 0.3481568421169683, "xi_c_change": 0.0, "phase_sync_change": 0.06422320712023433, "epi_magnitude_change": 0.001554446570759871, "hash_signature": "43c3278a30b69bc1", "sequence_str": "REMESH -> UM -> SHA -> NAV"}