{"sequence": ["RA", "THOL", "SHA", "UM", "SHA"], "coherence_change": 0.006269667915477561, "sense_index_change": 0.061431215505819314, "phi_s_change": 0.047862131728965474, "grad_phi_change": -0.3668218824431395, "k_phi_change": 0.22093466201600176, "xi_c_change": 0.0, "phase_sync_change": 0.11501084397362538, "epi_magnitude_change": 0.0, "hash_signature": "195d1ac6bc821fd0", "sequence_str": "RA -> THOL -> SHA -> UM -> SHA"}