{"sequence": ["THOL", "NAV", "RA", "IL", "OZ"], "coherence_change": 0.007620763163904809, "sense_index_change": -0.01907424329797308, "phi_s_change": 0.07532094655006916, "grad_phi_change": 0.027564366969633936, "k_phi_change": 0.15005826336748318, "xi_c_change": 0.0, "phase_sync_change": -0.02051905572800139, "epi_magnitude_change": 0.0, "hash_signature": "13e84ce5b491ae87", "sequence_str": "THOL -> NAV -> RA -> IL -> OZ"}