{"sequence": ["REMESH", "NAV", "IL", "ZHIR", "THOL", "OZ"], "coherence_change": 0.0014100085948719476, "sense_index_change": 0.026412254227657694, "phi_s_change": -0.14648291542521863, "grad_phi_change": -0.008282343282499882, "k_phi_change": -0.02738020042246833, "xi_c_change": 0.0, "phase_sync_change": 0.0020430575822909525, "epi_magnitude_change": 0.0011068477796186693, "hash_signature": "783689dd711a0b9f", "sequence_str": "REMESH -> NAV -> IL -> ZHIR -> THOL -> OZ"}