{"sequence": ["UM", "ZHIR", "EN", "NUL", "NUL", "REMESH"], "coherence_change": 0.0, "sense_index_change": 0.027201147492377897, "phi_s_change": 0.0, "grad_phi_change": -0.13560011998965127, "k_phi_change": 0.30086142944916844, "xi_c_change": 0.0, "phase_sync_change": 0.05385551384532661, "epi_magnitude_change": -0.023639135675848855, "hash_signature": "b4fffec5ff1b4063", "sequence_str": "UM -> ZHIR -> EN -> NUL -> NUL -> REMESH"}