{"sequence": ["AL", "THOL", "THOL", "NUL", "VAL", "OZ"], "coherence_change": -0.00396188480214521, "sense_index_change": -0.013583158101452442, "phi_s_change": -0.017133087043054496, "grad_phi_change": 0.0, "k_phi_change": 0.0, "xi_c_change": 0.0, "phase_sync_change": 0.0, "epi_magnitude_change": -0.005193194928305389, "hash_signature": "968e4816a01f9e60", "sequence_str": "AL -> THOL -> THOL -> NUL -> VAL -> OZ"}