{"sequence": ["NAV", "THOL", "NAV", "RA", "NAV"], "coherence_change": 0.006134878793027876, "sense_index_change": -0.02269183808869102, "phi_s_change": 0.0777077764022065, "grad_phi_change": 0.08140809986692776, "k_phi_change": 0.4632121545183514, "xi_c_change": 0.0, "phase_sync_change": -0.029251941992975095, "epi_magnitude_change": 0.0, "hash_signature": "3c027bed671e7c79", "sequence_str": "NAV -> THOL -> NAV -> RA -> NAV"}