{"sequence": ["OZ", "EN", "REMESH", "RA", "UM", "REMESH"], "coherence_change": -0.016251217162288167, "sense_index_change": 0.05359240277756716, "phi_s_change": -0.02065302944172176, "grad_phi_change": -0.2868677113945288, "k_phi_change": 0.17763202723063515, "xi_c_change": 0.0, "phase_sync_change": 0.08941825381706281, "epi_magnitude_change": 0.0023781304284207216, "hash_signature": "f38487d0f444560e", "sequence_str": "OZ -> EN -> REMESH -> RA -> UM -> REMESH"}