{"sequence": ["THOL", "SHA", "VAL", "SHA"], "coherence_change": 0.007366162694039113, "sense_index_change": 0.010469163526257486, "phi_s_change": 0.024777512933933266, "grad_phi_change": 0.0, "k_phi_change": 0.0, "xi_c_change": 0.0, "phase_sync_change": 0.0, "epi_magnitude_change": 0.02367414214606134, "hash_signature": "66226074b31bbf6e", "sequence_str": "THOL -> SHA -> VAL -> SHA"}