{"sequence": ["NAV", "THOL", "UM", "THOL", "NAV"], "coherence_change": 0.006480069622495699, "sense_index_change": 0.010407981830128699, "phi_s_change": -0.013116774132074682, "grad_phi_change": -0.02468741839279498, "k_phi_change": -0.04462243461230131, "xi_c_change": 0.0, "phase_sync_change": -0.0022102420969584147, "epi_magnitude_change": 0.0, "hash_signature": "acdcafaa4132fb1e", "sequence_str": "NAV -> THOL -> UM -> THOL -> NAV"}