{"sequence": ["ZHIR", "NUL", "NAV", "EN", "NAV"], "coherence_change": 0.0, "sense_index_change": 0.002097868948894188, "phi_s_change": 0.0, "grad_phi_change": 0.027737311711139245, "k_phi_change": -0.10140594127000513, "xi_c_change": 0.0, "phase_sync_change": -0.009619760154046642, "epi_magnitude_change": -0.009161397557446382, "hash_signature": "e54044afae650918", "sequence_str": "ZHIR -> NUL -> NAV -> EN -> NAV"}