{"sequence": ["AL", "OZ", "REMESH", "SHA"], "coherence_change": -0.014401218255195136, "sense_index_change": -0.0005549200192068726, "phi_s_change": 0.0006393200955617795, "grad_phi_change": 0.0, "k_phi_change": 0.0, "xi_c_change": 0.0, "phase_sync_change": 0.0, "epi_magnitude_change": 0.0059966042424702826, "hash_signature": "e5054d5a872c8fdc", "sequence_str": "AL -> OZ -> REMESH -> SHA"}