{"sequence": ["RA", "RA", "EN", "SHA"], "coherence_change": 0.0, "sense_index_change": 0.029715659666484484, "phi_s_change": 0.0, "grad_phi_change": -0.25729923075136707, "k_phi_change": 0.32480168972201984, "xi_c_change": 0.0, "phase_sync_change": 0.08267948886590226, "epi_magnitude_change": 0.0, "hash_signature": "770401f3491bfd8d", "sequence_str": "RA -> RA -> EN -> SHA"}