{"sequence": ["THOL", "OZ", "THOL", "THOL", "ZHIR", "NAV"], "coherence_change": -0.002910141162859592, "sense_index_change": 0.005840591433542763, "phi_s_change": -0.11782759287773048, "grad_phi_change": 0.0824191416980149, "k_phi_change": 0.3928337456840889, "xi_c_change": 0.0, "phase_sync_change": -0.022813130536030513, "epi_magnitude_change": 0.0, "hash_signature": "39ffb9081952a0f1", "sequence_str": "THOL -> OZ -> THOL -> THOL -> ZHIR -> NAV"}