{"sequence": ["AL", "THOL", "EN", "RA", "REMESH"], "coherence_change": 0.003733532631745806, "sense_index_change": -0.0021648611680413765, "phi_s_change": -0.014840341097396514, "grad_phi_change": 0.03522714956370643, "k_phi_change": 0.3333853583693254, "xi_c_change": 0.0, "phase_sync_change": -0.020276502052457346, "epi_magnitude_change": 0.004824420565683996, "hash_signature": "40e2f2cd7d99293a", "sequence_str": "AL -> THOL -> EN -> RA -> REMESH"}