{"sequence": ["UM", "VAL", "THOL", "VAL", "REMESH"], "coherence_change": 0.0057956123002742554, "sense_index_change": -0.004387512670816052, "phi_s_change": 0.07953672616479124, "grad_phi_change": -0.01665757615142538, "k_phi_change": 0.022783303928619353, "xi_c_change": 0.0, "phase_sync_change": 0.003402550237968649, "epi_magnitude_change": 0.02900595801650452, "hash_signature": "cf18e9e1be3b7ca7", "sequence_str": "UM -> VAL -> THOL -> VAL -> REMESH"}