{"sequence": ["NAV", "SHA", "VAL", "UM", "OZ"], "coherence_change": -0.01270871519700778, "sense_index_change": 0.03889814472431763, "phi_s_change": -0.0853736132923747, "grad_phi_change": -0.11480843299881638, "k_phi_change": 0.09871873412711123, "xi_c_change": 0.0, "phase_sync_change": 0.0343544808959918, "epi_magnitude_change": 0.022745686438678026, "hash_signature": "1cf342f86d602dbf", "sequence_str": "NAV -> SHA -> VAL -> UM -> OZ"}