{"sequence": ["UM", "EN", "UM", "EN", "OZ"], "coherence_change": -0.012984673053910378, "sense_index_change": 0.011755882575701593, "phi_s_change": -0.08536277217141397, "grad_phi_change": -0.09857761869688386, "k_phi_change": 0.27194146421159715, "xi_c_change": 0.0, "phase_sync_change": 0.02510464737703877, "epi_magnitude_change": 0.0, "hash_signature": "d91b9a7e252b89af", "sequence_str": "UM -> EN -> UM -> EN -> OZ"}