{"sequence": ["NAV", "REMESH", "THOL", "IL", "RA", "OZ"], "coherence_change": 0.0014129761152920084, "sense_index_change": 0.005454235364327542, "phi_s_change": 0.07262714170534423, "grad_phi_change": 0.03418125028848218, "k_phi_change": 0.301779874488331, "xi_c_change": 0.0, "phase_sync_change": -0.013461292015149118, "epi_magnitude_change": 0.0016466206426868357, "hash_signature": "dc88589b5200b61b", "sequence_str": "NAV -> REMESH -> THOL -> IL -> RA -> OZ"}