{"sequence": ["SHA", "OZ", "OZ", "REMESH"], "coherence_change": -0.03037280379254026, "sense_index_change": 0.011394145031562108, "phi_s_change": -0.3357475203657774, "grad_phi_change": 0.0, "k_phi_change": 0.0, "xi_c_change": 0.0, "phase_sync_change": 0.0, "epi_magnitude_change": 0.0014917084258917468, "hash_signature": "6c79418c3b9e7992", "sequence_str": "SHA -> OZ -> OZ -> REMESH"}