{"sequence": ["SHA", "OZ", "OZ", "NAV", "UM", "SHA"], "coherence_change": -0.03629563763446819, "sense_index_change": 0.04722651953501267, "phi_s_change": 0.1713682482606147, "grad_phi_change": -0.1368493957215282, "k_phi_change": -0.19041490615753287, "xi_c_change": 0.0, "phase_sync_change": 0.04870492496253176, "epi_magnitude_change": 0.0, "hash_signature": "554b9ee8d88132a3", "sequence_str": "SHA -> OZ -> OZ -> NAV -> UM -> SHA"}