{"sequence": ["NUL", "OZ", "IL", "NAV"], "coherence_change": 0.001903955806917823, "sense_index_change": -0.0044475991768255785, "phi_s_change": -0.10284900331787672, "grad_phi_change": 0.0, "k_phi_change": 0.0, "xi_c_change": 0.0, "phase_sync_change": 0.0, "epi_magnitude_change": -0.01866863812311559, "hash_signature": "d445aa1c3fcb06e4", "sequence_str": "NUL -> OZ -> IL -> NAV"}