{"sequence": ["NAV", "OZ", "VAL", "OZ"], "coherence_change": -0.03365652878300429, "sense_index_change": 0.03705534972644553, "phi_s_change": -0.03556293939466004, "grad_phi_change": 0.0, "k_phi_change": 0.0, "xi_c_change": 0.0, "phase_sync_change": 0.0, "epi_magnitude_change": 0.02228347418824661, "hash_signature": "947a6c62c1f32d08", "sequence_str": "NAV -> OZ -> VAL -> OZ"}