{"sequence": ["NAV", "AL", "SHA", "OZ", "EN", "REMESH"], "coherence_change": -0.009876150472022949, "sense_index_change": -0.0021117961838752475, "phi_s_change": 0.06327975102216499, "grad_phi_change": 0.0, "k_phi_change": 0.0, "xi_c_change": 0.0, "phase_sync_change": 0.0, "epi_magnitude_change": -0.0031499853831559177, "hash_signature": "687c61df0634b15f", "sequence_str": "NAV -> AL -> SHA -> OZ -> EN -> REMESH"}