{"sequence": ["AL", "RA", "OZ", "THOL", "OZ"], "coherence_change": -0.0196937872663967, "sense_index_change": 0.03807089020375043, "phi_s_change": -0.19373320712454178, "grad_phi_change": -0.04294083613272459, "k_phi_change": 0.4242470629227079, "xi_c_change": 0.0, "phase_sync_change": 0.005686335855696445, "epi_magnitude_change": -0.0010707475276968692, "hash_signature": "2abca2f2d53c17a1", "sequence_str": "AL -> RA -> OZ -> THOL -> OZ"}