{"sequence": ["ZHIR", "RA", "NAV"], "coherence_change": 0.0, "sense_index_change": 0.014218427230211605, "phi_s_change": 0.0, "grad_phi_change": -0.06866340794705983, "k_phi_change": -0.19379005241506858, "xi_c_change": 0.0, "phase_sync_change": 0.0276776132163169, "epi_magnitude_change": 0.0, "hash_signature": "fc9083f29bf00b5a", "sequence_str": "ZHIR -> RA -> NAV"}