{"sequence": ["VAL", "OZ", "RA", "REMESH"], "coherence_change": -0.013637802786243602, "sense_index_change": -0.009327273001004388, "phi_s_change": -0.09853990898742726, "grad_phi_change": 0.02164292903403564, "k_phi_change": -0.13611358912553745, "xi_c_change": 0.0, "phase_sync_change": -0.015256414828678788, "epi_magnitude_change": 0.012529170288678504, "hash_signature": "7bf2c530a1cd140b", "sequence_str": "VAL -> OZ -> RA -> REMESH"}