{"sequence": ["NAV", "THOL", "AL", "UM", "OZ"], "coherence_change": -0.010094093478930644, "sense_index_change": 0.07506152747564288, "phi_s_change": -0.03512504946262485, "grad_phi_change": -0.1907492111062019, "k_phi_change": 0.1403277122932147, "xi_c_change": 0.0, "phase_sync_change": 0.06438932565854116, "epi_magnitude_change": -0.0019157632906890987, "hash_signature": "ade2338c40f8f4ca", "sequence_str": "NAV -> THOL -> AL -> UM -> OZ"}