{"sequence": ["VAL", "RA", "UM", "REMESH"], "coherence_change": 0.0, "sense_index_change": 0.034894625332717144, "phi_s_change": 0.0, "grad_phi_change": -0.20201094597001723, "k_phi_change": 0.04009449614610694, "xi_c_change": 0.0, "phase_sync_change": 0.07275119315301704, "epi_magnitude_change": 0.018429547942056312, "hash_signature": "c5e01e7719cc30d7", "sequence_str": "VAL -> RA -> UM -> REMESH"}