{"sequence": ["NAV", "UM", "IL", "AL", "NAV"], "coherence_change": 0.009426978486354876, "sense_index_change": 0.017314561079464164, "phi_s_change": 0.11978901312229573, "grad_phi_change": -0.11624377790416984, "k_phi_change": 0.3840339165976877, "xi_c_change": 0.0, "phase_sync_change": 0.038410985671741504, "epi_magnitude_change": 0.007010920888705585, "hash_signature": "a0e052b1163f7c00", "sequence_str": "NAV -> UM -> IL -> AL -> NAV"}