{"sequence": ["AL", "EN", "NUL", "SHA", "RA", "NAV"], "coherence_change": 0.0, "sense_index_change": -0.006358250977477109, "phi_s_change": 0.0, "grad_phi_change": 0.03557046881369064, "k_phi_change": 0.7554127728095479, "xi_c_change": 0.0, "phase_sync_change": -0.018093158459063785, "epi_magnitude_change": -0.019538224328687792, "hash_signature": "a193e2585c98e5a6", "sequence_str": "AL -> EN -> NUL -> SHA -> RA -> NAV"}