{"sequence": ["AL", "VAL", "NAV", "REMESH", "UM", "REMESH"], "coherence_change": 0.0, "sense_index_change": 0.0281301060595045, "phi_s_change": 0.0, "grad_phi_change": -0.09523141733065543, "k_phi_change": 0.5995813803423256, "xi_c_change": 0.0, "phase_sync_change": 0.023662499487532074, "epi_magnitude_change": 0.013059543796596018, "hash_signature": "44f60350ac396ed5", "sequence_str": "AL -> VAL -> NAV -> REMESH -> UM -> REMESH"}