{"sequence": ["REMESH", "ZHIR", "ZHIR", "EN", "RA", "SHA"], "coherence_change": 0.0, "sense_index_change": 0.02808380844137437, "phi_s_change": 0.0, "grad_phi_change": -0.07283258618925048, "k_phi_change": 0.344095747375599, "xi_c_change": 0.0, "phase_sync_change": 0.036590172720200265, "epi_magnitude_change": 0.0014552072731955912, "hash_signature": "1322761173276c82", "sequence_str": "REMESH -> ZHIR -> ZHIR -> EN -> RA -> SHA"}