{"sequence": ["RA", "AL", "SHA", "VAL", "THOL", "OZ"], "coherence_change": -0.008095558852326046, "sense_index_change": -0.004302669688822203, "phi_s_change": -0.08351865766152244, "grad_phi_change": 0.09951052096534996, "k_phi_change": 0.1662209646607636, "xi_c_change": 0.0, "phase_sync_change": -0.04019991078635654, "epi_magnitude_change": 0.017710087000248786, "hash_signature": "45f219e37b8095f7", "sequence_str": "RA -> AL -> SHA -> VAL -> THOL -> OZ"}