{"sequence": ["VAL", "RA", "IL", "NAV"], "coherence_change": 0.008804924409767767, "sense_index_change": 0.041431084240807325, "phi_s_change": -0.02646931062659541, "grad_phi_change": -0.12265878669017716, "k_phi_change": 0.29595415021078963, "xi_c_change": 0.0, "phase_sync_change": 0.03352559023006052, "epi_magnitude_change": 0.011212949427374719, "hash_signature": "e434b43df2456dce", "sequence_str": "VAL -> RA -> IL -> NAV"}