{"sequence": ["VAL", "NAV", "IL", "NUL", "REMESH"], "coherence_change": 0.008694121856297254, "sense_index_change": 0.00609056915337125, "phi_s_change": -0.011449645373231232, "grad_phi_change": 0.0, "k_phi_change": 0.0, "xi_c_change": 0.0, "phase_sync_change": 0.0, "epi_magnitude_change": -0.005082452111381253, "hash_signature": "78d51e4f001259df", "sequence_str": "VAL -> NAV -> IL -> NUL -> REMESH"}