{"sequence": ["UM", "NAV", "VAL", "OZ", "THOL", "OZ"], "coherence_change": -0.016880196824197058, "sense_index_change": 0.003881650702694084, "phi_s_change": 0.08008032185315017, "grad_phi_change": 0.08219606786919176, "k_phi_change": -0.35194026487833824, "xi_c_change": 0.0, "phase_sync_change": -0.038429465672204954, "epi_magnitude_change": 0.010709118931667816, "hash_signature": "eb836ecd095998cf", "sequence_str": "UM -> NAV -> VAL -> OZ -> THOL -> OZ"}