{"sequence": ["UM", "IL", "SHA", "AL", "NAV"], "coherence_change": 0.008935997488537906, "sense_index_change": 0.027517120675675577, "phi_s_change": -0.027772128295962872, "grad_phi_change": -0.19749092445992766, "k_phi_change": -0.049183748455475323, "xi_c_change": 0.0, "phase_sync_change": 0.06067138458928112, "epi_magnitude_change": 0.008261479734438693, "hash_signature": "3d15d59a2d7c32d2", "sequence_str": "UM -> IL -> SHA -> AL -> NAV"}