{"sequence": ["VAL", "EN", "OZ", "NAV"], "coherence_change": -0.009546043154081585, "sense_index_change": -0.006861809698779475, "phi_s_change": 0.0010077901932932232, "grad_phi_change": 0.0, "k_phi_change": 0.0, "xi_c_change": 0.0, "phase_sync_change": 0.0, "epi_magnitude_change": 0.011588660421642971, "hash_signature": "da9dda60b8597d53", "sequence_str": "VAL -> EN -> OZ -> NAV"}