{"sequence": ["UM", "RA", "AL", "EN", "SHA"], "coherence_change": 0.0, "sense_index_change": 0.04845671172925792, "phi_s_change": 0.0, "grad_phi_change": -0.16991936406641628, "k_phi_change": 0.14466543534120402, "xi_c_change": 0.0, "phase_sync_change": 0.06484749174709148, "epi_magnitude_change": 0.005465770116101831, "hash_signature": "7b17091bb36c9a57", "sequence_str": "UM -> RA -> AL -> EN -> SHA"}