{"sequence": ["THOL", "ZHIR", "RA", "NUL", "OZ"], "coherence_change": -0.001842812755769252, "sense_index_change": -0.017651654891492452, "phi_s_change": 0.004097898822148949, "grad_phi_change": 0.060516176957643, "k_phi_change": 0.710838266202501, "xi_c_change": 0.0, "phase_sync_change": -0.0242731680701308, "epi_magnitude_change": -0.011475141066159877, "hash_signature": "aeb48c78bfd3ff7b", "sequence_str": "THOL -> ZHIR -> RA -> NUL -> OZ"}