{"sequence": ["THOL", "ZHIR", "THOL", "RA", "IL", "NAV"], "coherence_change": 0.0217236301136271, "sense_index_change": -0.049787469516767546, "phi_s_change": 0.055300659731105206, "grad_phi_change": 0.14137731693093758, "k_phi_change": 0.19003314261139495, "xi_c_change": 0.0, "phase_sync_change": -0.04524497185056475, "epi_magnitude_change": 0.0, "hash_signature": "e8bd4fa1960d6004", "sequence_str": "THOL -> ZHIR -> THOL -> RA -> IL -> NAV"}