{"sequence": ["REMESH", "SHA", "UM", "RA", "OZ"], "coherence_change": -0.011759698989683098, "sense_index_change": 0.04161760948386917, "phi_s_change": -0.17736322237322855, "grad_phi_change": -0.0870138508591849, "k_phi_change": 0.015563005919173506, "xi_c_change": 0.0, "phase_sync_change": 0.022135850336167384, "epi_magnitude_change": 0.0016801423961373407, "hash_signature": "6783a40c84a40195", "sequence_str": "REMESH -> SHA -> UM -> RA -> OZ"}