{"sequence": ["AL", "ZHIR", "EN", "UM", "SHA"], "coherence_change": 0.0, "sense_index_change": -0.0036237905569124207, "phi_s_change": 0.0, "grad_phi_change": 0.03979741264134917, "k_phi_change": 0.2732268226240257, "xi_c_change": 0.0, "phase_sync_change": -0.02055031769265836, "epi_magnitude_change": 0.0019831045901325117, "hash_signature": "d17bad979055dc00", "sequence_str": "AL -> ZHIR -> EN -> UM -> SHA"}