{"sequence": ["OZ", "REMESH", "RA", "NAV"], "coherence_change": -0.011736237227913393, "sense_index_change": 0.004140362432088152, "phi_s_change": -0.09421202501094672, "grad_phi_change": 0.010309618975693047, "k_phi_change": 0.10648693347306588, "xi_c_change": 0.0, "phase_sync_change": -0.011749786924819317, "epi_magnitude_change": 0.0010363895321313654, "hash_signature": "61b8ef4aeba0903a", "sequence_str": "OZ -> REMESH -> RA -> NAV"}