{"sequence": ["VAL", "OZ", "VAL", "ZHIR", "REMESH"], "coherence_change": -0.013807167305059154, "sense_index_change": -0.004082217223492446, "phi_s_change": 0.05378310866187941, "grad_phi_change": 0.04279202547487504, "k_phi_change": 0.06195991453885896, "xi_c_change": 0.0, "phase_sync_change": -0.011151909333758536, "epi_magnitude_change": 0.03840496283057393, "hash_signature": "003b10dc6bfe922d", "sequence_str": "VAL -> OZ -> VAL -> ZHIR -> REMESH"}