{"sequence": ["NAV", "NAV", "IL", "RA", "UM", "SHA"], "coherence_change": 0.00541874512106888, "sense_index_change": 0.029428810518905113, "phi_s_change": -0.0010487167170274425, "grad_phi_change": -0.1346600073515949, "k_phi_change": 0.12045896180113388, "xi_c_change": 0.0, "phase_sync_change": 0.03742164227331446, "epi_magnitude_change": 0.0, "hash_signature": "3a6f4c2b8ef7c0e8", "sequence_str": "NAV -> NAV -> IL -> RA -> UM -> SHA"}