{"sequence": ["AL", "IL", "IL", "RA", "NAV"], "coherence_change": 0.014394715645628109, "sense_index_change": -0.0014459944523556034, "phi_s_change": 0.11251837547304788, "grad_phi_change": 0.014395193923641969, "k_phi_change": 0.37853798149047757, "xi_c_change": 0.0, "phase_sync_change": -0.012903467667166324, "epi_magnitude_change": -0.0002501725017969303, "hash_signature": "ff48d978704f572b", "sequence_str": "AL -> IL -> IL -> RA -> NAV"}