{"sequence": ["NUL", "THOL", "UM", "RA", "THOL", "SHA"], "coherence_change": 0.011565903384980869, "sense_index_change": 0.047287490785503095, "phi_s_change": 0.01945695054181562, "grad_phi_change": -0.2126508767949309, "k_phi_change": 0.16771705302337775, "xi_c_change": 0.0, "phase_sync_change": 0.05568317180809401, "epi_magnitude_change": -0.01692446906574352, "hash_signature": "70cb509003bf6ff8", "sequence_str": "NUL -> THOL -> UM -> RA -> THOL -> SHA"}