{"sequence": ["IL", "VAL", "NAV"], "coherence_change": 0.005783679113788409, "sense_index_change": 0.004068193054586167, "phi_s_change": 0.016783434552703147, "grad_phi_change": 0.0, "k_phi_change": 0.0, "xi_c_change": 0.0, "phase_sync_change": 0.0, "epi_magnitude_change": 0.01844780591968387, "hash_signature": "b2720009c7533cc1", "sequence_str": "IL -> VAL -> NAV"}