{"sequence": ["NUL", "THOL", "IL", "UM", "RA", "REMESH"], "coherence_change": 0.014689528598375912, "sense_index_change": 0.05311259606483798, "phi_s_change": 0.04612550797269621, "grad_phi_change": -0.3286841265484295, "k_phi_change": 0.0988717322161914, "xi_c_change": 0.0, "phase_sync_change": 0.1078076789955299, "epi_magnitude_change": -0.009351423143579285, "hash_signature": "0e88564d27bc0570", "sequence_str": "NUL -> THOL -> IL -> UM -> RA -> REMESH"}