{"sequence": ["OZ", "EN", "THOL", "AL", "SHA"], "coherence_change": -0.002740281558086699, "sense_index_change": -0.0013874945097450686, "phi_s_change": -0.008047445760560157, "grad_phi_change": 0.0, "k_phi_change": 0.0, "xi_c_change": 0.0, "phase_sync_change": 0.0, "epi_magnitude_change": 0.003215675548189245, "hash_signature": "b2ff994f2f772bb0", "sequence_str": "OZ -> EN -> THOL -> AL -> SHA"}