{"sequence": ["THOL", "AL", "SHA", "NUL", "REMESH"], "coherence_change": 0.0043424338654056704, "sense_index_change": 0.0026574197375872632, "phi_s_change": -0.04015177780434842, "grad_phi_change": 0.0, "k_phi_change": 0.0, "xi_c_change": 0.0, "phase_sync_change": 0.0, "epi_magnitude_change": -0.017287794141574997, "hash_signature": "fd3a94894c68e3c4", "sequence_str": "THOL -> AL -> SHA -> NUL -> REMESH"}