{"sequence": ["EN", "NUL", "IL", "OZ"], "coherence_change": -0.006776289090074439, "sense_index_change": 0.0011196418692168697, "phi_s_change": 0.10222115238455654, "grad_phi_change": 0.0, "k_phi_change": 0.0, "xi_c_change": 0.0, "phase_sync_change": 0.0, "epi_magnitude_change": -0.01548225386745028, "hash_signature": "a9b4e962116d198c", "sequence_str": "EN -> NUL -> IL -> OZ"}