{"sequence": ["UM", "EN", "VAL", "OZ"], "coherence_change": -0.005685344328043684, "sense_index_change": -0.0005685396297406831, "phi_s_change": -0.062001526764582926, "grad_phi_change": -0.10170021877245161, "k_phi_change": 0.2936813849478874, "xi_c_change": 0.0, "phase_sync_change": 0.02284703787974318, "epi_magnitude_change": 0.013983136071521685, "hash_signature": "31ecd6f9eccbb7bc", "sequence_str": "UM -> EN -> VAL -> OZ"}