{"sequence": ["ZHIR", "REMESH", "UM", "REMESH"], "coherence_change": 0.0, "sense_index_change": 0.024040650286452858, "phi_s_change": 0.0, "grad_phi_change": -0.11023504198978418, "k_phi_change": -0.28877477157286474, "xi_c_change": 0.0, "phase_sync_change": 0.03660510726550181, "epi_magnitude_change": 0.002226494012212976, "hash_signature": "d14754a18ca923c8", "sequence_str": "ZHIR -> REMESH -> UM -> REMESH"}