{"sequence": ["NAV", "ZHIR", "NAV", "NAV"], "coherence_change": 0.0, "sense_index_change": 0.010735385293329958, "phi_s_change": 0.0, "grad_phi_change": -0.02575596156803317, "k_phi_change": 0.06859464723652214, "xi_c_change": 0.0, "phase_sync_change": 0.006820719478314086, "epi_magnitude_change": 0.0, "hash_signature": "fe992e20fe8700d6", "sequence_str": "NAV -> ZHIR -> NAV -> NAV"}