{"sequence": ["IL", "REMESH", "NUL", "RA", "NAV"], "coherence_change": 0.004447435880766348, "sense_index_change": 0.018983638040633855, "phi_s_change": -0.0133135653267894, "grad_phi_change": -0.08539342301499553, "k_phi_change": 0.14938798356386868, "xi_c_change": 0.0, "phase_sync_change": 0.02121673272229707, "epi_magnitude_change": -0.008103915412264073, "hash_signature": "b8d5ee5a6c6fc660", "sequence_str": "IL -> REMESH -> NUL -> RA -> NAV"}