{"sequence": ["OZ", "VAL", "REMESH", "EN", "UM", "REMESH"], "coherence_change": -0.01763930644019629, "sense_index_change": 0.020949986417138633, "phi_s_change": -0.09788484961088373, "grad_phi_change": -0.0019468040871510883, "k_phi_change": 0.3108925690947959, "xi_c_change": 0.0, "phase_sync_change": -0.0022324700961846577, "epi_magnitude_change": 0.015218184030359905, "hash_signature": "1fb8aa86d161db39", "sequence_str": "OZ -> VAL -> REMESH -> EN -> UM -> REMESH"}