{"sequence": ["REMESH", "UM", "RA", "VAL", "NAV"], "coherence_change": 0.0, "sense_index_change": -0.00969426124454087, "phi_s_change": 0.0, "grad_phi_change": 0.08534494865958409, "k_phi_change": 0.5435591322794175, "xi_c_change": 0.0, "phase_sync_change": -0.04050327148412025, "epi_magnitude_change": 0.018976903503653664, "hash_signature": "e16e5d83c252066d", "sequence_str": "REMESH -> UM -> RA -> VAL -> NAV"}