{"sequence": ["NAV", "RA", "VAL", "OZ", "VAL", "NAV"], "coherence_change": -0.007991594325595486, "sense_index_change": 0.04311709724786095, "phi_s_change": -0.08095145087158073, "grad_phi_change": -0.0015407737682053835, "k_phi_change": 0.3041644639834681, "xi_c_change": 0.0, "phase_sync_change": -0.00941741330377932, "epi_magnitude_change": 0.03321302200340892, "hash_signature": "2b1732b3b5c06d33", "sequence_str": "NAV -> RA -> VAL -> OZ -> VAL -> NAV"}