{"sequence": ["VAL", "VAL", "IL", "NAV"], "coherence_change": 0.007434091527605213, "sense_index_change": 0.005217030769550046, "phi_s_change": 0.02453737333225825, "grad_phi_change": 0.0, "k_phi_change": 0.0, "xi_c_change": 0.0, "phase_sync_change": 0.0, "epi_magnitude_change": 0.03642231284773567, "hash_signature": "9951d3bb6b1bff72", "sequence_str": "VAL -> VAL -> IL -> NAV"}