{"sequence": ["ZHIR", "EN", "EN", "UM", "RA", "NAV"], "coherence_change": 0.0, "sense_index_change": 0.05779978473439473, "phi_s_change": 0.0, "grad_phi_change": -0.25508077163847465, "k_phi_change": 0.11185417752929398, "xi_c_change": 0.0, "phase_sync_change": 0.08242990246385273, "epi_magnitude_change": 0.0, "hash_signature": "b833d065b4253d03", "sequence_str": "ZHIR -> EN -> EN -> UM -> RA -> NAV"}