{"sequence": ["AL", "OZ", "RA", "REMESH"], "coherence_change": -0.009648645209058282, "sense_index_change": 0.004957747814501978, "phi_s_change": 0.021269894586211202, "grad_phi_change": -0.06459802343669674, "k_phi_change": 0.39143867521912373, "xi_c_change": 0.0, "phase_sync_change": 0.022796830548321267, "epi_magnitude_change": 0.0019380494743256316, "hash_signature": "149f1637966b28ae", "sequence_str": "AL -> OZ -> RA -> REMESH"}