{"sequence": ["AL", "SHA", "VAL", "AL", "OZ"], "coherence_change": -0.012651953121910031, "sense_index_change": 0.009190277148649617, "phi_s_change": 0.06689100663386727, "grad_phi_change": 0.0, "k_phi_change": 0.0, "xi_c_change": 0.0, "phase_sync_change": 0.0, "epi_magnitude_change": 0.011880321920890724, "hash_signature": "74e39c0478d713cd", "sequence_str": "AL -> SHA -> VAL -> AL -> OZ"}