{"sequence": ["AL", "THOL", "IL", "AL", "SHA"], "coherence_change": 0.015903342959966982, "sense_index_change": -0.0024780736523192237, "phi_s_change": 0.07053815114494533, "grad_phi_change": 0.0, "k_phi_change": 0.0, "xi_c_change": 0.0, "phase_sync_change": 0.0, "epi_magnitude_change": -0.010767129288244193, "hash_signature": "6e7d6c19fd3b17db", "sequence_str": "AL -> THOL -> IL -> AL -> SHA"}