{"sequence": ["SHA", "ZHIR", "UM", "ZHIR", "SHA"], "coherence_change": 0.0, "sense_index_change": -0.0035171962735399687, "phi_s_change": 0.0, "grad_phi_change": 0.011955072770462927, "k_phi_change": -0.19872552801759635, "xi_c_change": 0.0, "phase_sync_change": -0.0026511844600567436, "epi_magnitude_change": 0.0, "hash_signature": "df6fec61a4988617", "sequence_str": "SHA -> ZHIR -> UM -> ZHIR -> SHA"}