{"sequence": ["AL", "EN", "RA", "ZHIR", "THOL", "SHA"], "coherence_change": 0.0067635313808477315, "sense_index_change": 0.03376106636867071, "phi_s_change": 0.07079960818588182, "grad_phi_change": -0.14863282091787755, "k_phi_change": 0.49169629570578827, "xi_c_change": 0.0, "phase_sync_change": 0.04718871223363652, "epi_magnitude_change": -0.0028916437544110885, "hash_signature": "88f6f3ef5f8eb476", "sequence_str": "AL -> EN -> RA -> ZHIR -> THOL -> SHA"}