{"sequence": ["EN", "NAV", "VAL", "RA", "OZ"], "coherence_change": -0.009712664560272088, "sense_index_change": -0.02287974283494476, "phi_s_change": 0.038251839402429044, "grad_phi_change": 0.10735515977593324, "k_phi_change": 0.2347008934016726, "xi_c_change": 0.0, "phase_sync_change": -0.04100422261928294, "epi_magnitude_change": 0.021267852164651102, "hash_signature": "d2a60688ea1d986d", "sequence_str": "EN -> NAV -> VAL -> RA -> OZ"}