{"sequence": ["AL", "AL", "ZHIR", "NAV", "UM", "OZ"], "coherence_change": -0.015638262022877214, "sense_index_change": 0.046848499995324255, "phi_s_change": 0.019137401681160515, "grad_phi_change": -0.257867362724143, "k_phi_change": -0.061878581311239855, "xi_c_change": 0.0, "phase_sync_change": 0.0858708416326589, "epi_magnitude_change": -0.0007812921524626981, "hash_signature": "f18bd0218a0b2a4f", "sequence_str": "AL -> AL -> ZHIR -> NAV -> UM -> OZ"}