{"sequence": ["ZHIR", "RA", "UM", "RA", "ZHIR", "OZ"], "coherence_change": -0.017033596066638124, "sense_index_change": 0.09059213902661911, "phi_s_change": -0.25357916051070717, "grad_phi_change": -0.44493281216765634, "k_phi_change": -0.05548224129104512, "xi_c_change": 0.0, "phase_sync_change": 0.13903735004475892, "epi_magnitude_change": 0.0, "hash_signature": "d20d4a49cd3ed300", "sequence_str": "ZHIR -> RA -> UM -> RA -> ZHIR -> OZ"}