{"sequence": ["NAV", "RA", "VAL", "OZ", "NAV"], "coherence_change": -0.014936413877971177, "sense_index_change": 0.05248778770348461, "phi_s_change": -0.02887772511060327, "grad_phi_change": -0.17734978551435598, "k_phi_change": 0.1814147862421766, "xi_c_change": 0.0, "phase_sync_change": 0.05172618978917509, "epi_magnitude_change": 0.013002701462823785, "hash_signature": "cd34b992682926e2", "sequence_str": "NAV -> RA -> VAL -> OZ -> NAV"}