{"sequence": ["OZ", "UM", "ZHIR", "OZ"], "coherence_change": -0.02089528710702815, "sense_index_change": -0.010967533326473766, "phi_s_change": -0.048406583781550716, "grad_phi_change": 0.08517542124111133, "k_phi_change": 0.5275766349614482, "xi_c_change": 0.0, "phase_sync_change": -0.02326907783235277, "epi_magnitude_change": 0.0, "hash_signature": "57b93e4be460864d", "sequence_str": "OZ -> UM -> ZHIR -> OZ"}