{"sequence": ["UM", "VAL", "NUL", "OZ"], "coherence_change": -0.013649573793965697, "sense_index_change": 0.017231705130092534, "phi_s_change": -0.0707604591865062, "grad_phi_change": -0.08285949397428105, "k_phi_change": 0.18082282142542913, "xi_c_change": 0.0, "phase_sync_change": 0.027760082603202618, "epi_magnitude_change": -0.00539400330877704, "hash_signature": "b931e41d744d2bb7", "sequence_str": "UM -> VAL -> NUL -> OZ"}