{"sequence": ["AL", "RA", "ZHIR", "RA", "OZ"], "coherence_change": -0.01122441603469182, "sense_index_change": 0.022079461248710963, "phi_s_change": 0.026942582154120265, "grad_phi_change": -0.24983107880451172, "k_phi_change": 0.0469509985308709, "xi_c_change": 0.0, "phase_sync_change": 0.07989314893100119, "epi_magnitude_change": -0.002938759048901285, "hash_signature": "3539d46cae68be87", "sequence_str": "AL -> RA -> ZHIR -> RA -> OZ"}