{"sequence": ["NAV", "EN", "VAL", "OZ"], "coherence_change": -0.013251871822902106, "sense_index_change": 0.008014932489758042, "phi_s_change": -0.03338458881664952, "grad_phi_change": 0.0, "k_phi_change": 0.0, "xi_c_change": 0.0, "phase_sync_change": 0.0, "epi_magnitude_change": 0.012391101786642933, "hash_signature": "f6c0c2e7918e7496", "sequence_str": "NAV -> EN -> VAL -> OZ"}