{"sequence": ["IL", "ZHIR", "REMESH", "UM", "OZ"], "coherence_change": 0.002230780712591973, "sense_index_change": -0.009123295281351695, "phi_s_change": 0.0722975944980696, "grad_phi_change": 0.05445484127121225, "k_phi_change": -0.047964183248629055, "xi_c_change": 0.0, "phase_sync_change": -0.020886124121981764, "epi_magnitude_change": 0.001286430328348076, "hash_signature": "ff04008932b5bded", "sequence_str": "IL -> ZHIR -> REMESH -> UM -> OZ"}