{"sequence": ["VAL", "SHA", "THOL", "UM", "REMESH"], "coherence_change": 0.004684389192665783, "sense_index_change": 0.04886780336996177, "phi_s_change": 0.05532270281469387, "grad_phi_change": -0.15604150744198897, "k_phi_change": -0.054241397470704444, "xi_c_change": 0.0, "phase_sync_change": 0.040418045529491464, "epi_magnitude_change": 0.018358014187542904, "hash_signature": "2e13391aa7995a83", "sequence_str": "VAL -> SHA -> THOL -> UM -> REMESH"}