{"sequence": ["UM", "VAL", "SHA"], "coherence_change": 0.0, "sense_index_change": 0.013130801331649788, "phi_s_change": 0.0, "grad_phi_change": -0.09839934428358088, "k_phi_change": 0.43022002871830645, "xi_c_change": 0.0, "phase_sync_change": 0.024393635844577877, "epi_magnitude_change": 0.026359215870671804, "hash_signature": "413f80298810ea3f", "sequence_str": "UM -> VAL -> SHA"}