{"sequence": ["RA", "VAL", "ZHIR", "REMESH"], "coherence_change": 0.0, "sense_index_change": -0.007461630689874266, "phi_s_change": 0.0, "grad_phi_change": 0.0636112429225586, "k_phi_change": 0.33212197543693467, "xi_c_change": 0.0, "phase_sync_change": -0.02561035188186167, "epi_magnitude_change": 0.02083712274788141, "hash_signature": "aae8086b11499b98", "sequence_str": "RA -> VAL -> ZHIR -> REMESH"}