{"sequence": ["RA", "VAL", "REMESH", "EN", "SHA"], "coherence_change": 0.0, "sense_index_change": -0.012042591278578763, "phi_s_change": 0.0, "grad_phi_change": 0.021736289725405866, "k_phi_change": 0.40204858603012594, "xi_c_change": 0.0, "phase_sync_change": -0.009279042138541471, "epi_magnitude_change": 0.01560355908444555, "hash_signature": "6c3df7b552a65739", "sequence_str": "RA -> VAL -> REMESH -> EN -> SHA"}