{"sequence": ["UM", "SHA", "OZ", "AL", "SHA"], "coherence_change": -0.013206476712929849, "sense_index_change": 0.005670131429858616, "phi_s_change": 0.010152784182741903, "grad_phi_change": -0.09137144348167903, "k_phi_change": -0.08691875550021488, "xi_c_change": 0.0, "phase_sync_change": 0.03805558359236716, "epi_magnitude_change": -0.007087512289905784, "hash_signature": "fdf304d86bfcbbea", "sequence_str": "UM -> SHA -> OZ -> AL -> SHA"}