{"sequence": ["REMESH", "REMESH", "VAL", "RA", "REMESH"], "coherence_change": 0.0, "sense_index_change": -0.010384636337193887, "phi_s_change": 0.0, "grad_phi_change": 0.06989669448929448, "k_phi_change": 0.4071769354947799, "xi_c_change": 0.0, "phase_sync_change": -0.030959003423108866, "epi_magnitude_change": 0.027083889086814694, "hash_signature": "d785b278b33dc5b4", "sequence_str": "REMESH -> REMESH -> VAL -> RA -> REMESH"}