{"sequence": ["REMESH", "RA", "THOL", "NAV"], "coherence_change": 0.005566026102478139, "sense_index_change": 0.03191486789787257, "phi_s_change": 0.04347913632285749, "grad_phi_change": -0.08665186376729128, "k_phi_change": 0.11329997204003485, "xi_c_change": 0.0, "phase_sync_change": 0.028690603435229556, "epi_magnitude_change": 0.0016656201437927898, "hash_signature": "a034f1fce4199cd5", "sequence_str": "REMESH -> RA -> THOL -> NAV"}