{"sequence": ["NAV", "NUL", "SHA", "ZHIR", "NAV"], "coherence_change": 0.0, "sense_index_change": 0.0007405853351375447, "phi_s_change": 0.0, "grad_phi_change": 0.012072632876426237, "k_phi_change": -0.05846094478498459, "xi_c_change": 0.0, "phase_sync_change": 0.00014585860573779197, "epi_magnitude_change": -0.023018818459204393, "hash_signature": "33fca1b1ab119ee1", "sequence_str": "NAV -> NUL -> SHA -> ZHIR -> NAV"}