{"sequence": ["IL", "REMESH", "NAV", "OZ"], "coherence_change": -0.006416902662508606, "sense_index_change": 0.026473919967389348, "phi_s_change": -0.10227975724976479, "grad_phi_change": 0.0, "k_phi_change": 0.0, "xi_c_change": 0.0, "phase_sync_change": 0.0, "epi_magnitude_change": 0.0011659979863242187, "hash_signature": "f6abe6071858ac59", "sequence_str": "IL -> REMESH -> NAV -> OZ"}