{"sequence": ["AL", "EN", "VAL", "IL", "ZHIR", "SHA"], "coherence_change": 0.010255795260338818, "sense_index_change": 0.01645914358509004, "phi_s_change": 0.019441867055409512, "grad_phi_change": -0.0603481138288926, "k_phi_change": -0.05874677578826959, "xi_c_change": 0.0, "phase_sync_change": 0.022340336383155024, "epi_magnitude_change": 0.004954791043203954, "hash_signature": "34aa82c2e5d81c8c", "sequence_str": "AL -> EN -> VAL -> IL -> ZHIR -> SHA"}