{"sequence": ["AL", "OZ", "UM", "THOL", "OZ"], "coherence_change": -0.014280871795284589, "sense_index_change": 0.0317181145629466, "phi_s_change": 0.016119798253060424, "grad_phi_change": -0.1846609722846817, "k_phi_change": 0.04964398084808003, "xi_c_change": 0.0, "phase_sync_change": 0.0632747350612527, "epi_magnitude_change": -0.0010644073635898144, "hash_signature": "a83f67a906d80f80", "sequence_str": "AL -> OZ -> UM -> THOL -> OZ"}