{"sequence": ["NAV", "NUL", "UM", "RA", "REMESH"], "coherence_change": 0.0, "sense_index_change": 0.06879337591297696, "phi_s_change": 0.0, "grad_phi_change": -0.37273194035373125, "k_phi_change": 0.3097089220146898, "xi_c_change": 0.0, "phase_sync_change": 0.11763239168970852, "epi_magnitude_change": -0.0081241904206234, "hash_signature": "3fbe0ec0480ada75", "sequence_str": "NAV -> NUL -> UM -> RA -> REMESH"}