{"sequence": ["AL", "UM", "VAL", "NAV", "ZHIR", "NAV"], "coherence_change": 0.0, "sense_index_change": 0.05844893407230689, "phi_s_change": 0.0, "grad_phi_change": -0.32841155466292116, "k_phi_change": 0.15148652967276713, "xi_c_change": 0.0, "phase_sync_change": 0.09407419016622309, "epi_magnitude_change": 0.0251873286630776, "hash_signature": "e3916315d276a3f9", "sequence_str": "AL -> UM -> VAL -> NAV -> ZHIR -> NAV"}