{"sequence": ["NAV", "IL", "AL", "NAV"], "coherence_change": 0.008593777132839264, "sense_index_change": -0.00017484907960774176, "phi_s_change": -0.06917555266369524, "grad_phi_change": 0.0, "k_phi_change": 0.0, "xi_c_change": 0.0, "phase_sync_change": 0.0, "epi_magnitude_change": -0.0007503786515713484, "hash_signature": "573b8d5466ea738b", "sequence_str": "NAV -> IL -> AL -> NAV"}