{"sequence": ["THOL", "VAL", "NAV"], "coherence_change": 0.006589391707965242, "sense_index_change": 0.005372238221569292, "phi_s_change": -0.05016520733702934, "grad_phi_change": 0.0, "k_phi_change": 0.0, "xi_c_change": 0.0, "phase_sync_change": 0.0, "epi_magnitude_change": 0.011739890831127808, "hash_signature": "4fedc106e939741b", "sequence_str": "THOL -> VAL -> NAV"}