{"sequence": ["REMESH", "OZ", "RA", "IL", "OZ"], "coherence_change": -0.023631571297485054, "sense_index_change": 0.03667418509953224, "phi_s_change": -0.3789912073088153, "grad_phi_change": -0.058723998064104554, "k_phi_change": 0.3563828737195432, "xi_c_change": 0.0, "phase_sync_change": 0.01573842351204391, "epi_magnitude_change": 0.0013580902298524489, "hash_signature": "b7e32f689bc3852c", "sequence_str": "REMESH -> OZ -> RA -> IL -> OZ"}