{"sequence": ["EN", "THOL", "UM", "NAV"], "coherence_change": 0.004621378043601521, "sense_index_change": 0.04577397589064547, "phi_s_change": 0.05182899664223184, "grad_phi_change": -0.27095838116235904, "k_phi_change": 0.2689376363800347, "xi_c_change": 0.0, "phase_sync_change": 0.094445404463666, "epi_magnitude_change": 0.0, "hash_signature": "1602007ce6f2a1a8", "sequence_str": "EN -> THOL -> UM -> NAV"}