{"sequence": ["NAV", "THOL", "EN", "UM", "REMESH"], "coherence_change": 0.0031625059566525726, "sense_index_change": 0.044164490938798484, "phi_s_change": 0.010346445492056433, "grad_phi_change": -0.22113669958541915, "k_phi_change": 0.270498932248761, "xi_c_change": 0.0, "phase_sync_change": 0.09334635648980194, "epi_magnitude_change": 0.0015563250756973623, "hash_signature": "572f7ec60f7a3298", "sequence_str": "NAV -> THOL -> EN -> UM -> REMESH"}