{"sequence": ["NAV", "UM", "THOL", "NAV", "NAV"], "coherence_change": 0.002878289586813909, "sense_index_change": 0.010027214987650024, "phi_s_change": 0.014248287100123602, "grad_phi_change": -0.04434883163049541, "k_phi_change": 0.37845578704860783, "xi_c_change": 0.0, "phase_sync_change": 0.020020868282072612, "epi_magnitude_change": 0.0, "hash_signature": "ab181cd40944f8a0", "sequence_str": "NAV -> UM -> THOL -> NAV -> NAV"}