{"sequence": ["NAV", "IL", "REMESH", "VAL", "ZHIR", "OZ"], "coherence_change": -0.0015632067736270905, "sense_index_change": 0.0021003722771333333, "phi_s_change": 0.03597048903843947, "grad_phi_change": 0.02299861896182054, "k_phi_change": -0.09133348992172324, "xi_c_change": 0.0, "phase_sync_change": -0.00850631129071766, "epi_magnitude_change": 0.012064138169025407, "hash_signature": "715574d829957ecb", "sequence_str": "NAV -> IL -> REMESH -> VAL -> ZHIR -> OZ"}