{"sequence": ["THOL", "AL", "SHA"], "coherence_change": 0.00506907727664907, "sense_index_change": -0.006692586132511447, "phi_s_change": 0.03819822381122706, "grad_phi_change": 0.0, "k_phi_change": 0.0, "xi_c_change": 0.0, "phase_sync_change": 0.0, "epi_magnitude_change": 0.0016441282730984552, "hash_signature": "d299d0d752106598", "sequence_str": "THOL -> AL -> SHA"}