{"sequence": ["REMESH", "EN", "ZHIR", "REMESH"], "coherence_change": 0.0, "sense_index_change": 0.0051703218753476055, "phi_s_change": 0.0, "grad_phi_change": -0.005661540595388148, "k_phi_change": 0.40169761583853225, "xi_c_change": 0.0, "phase_sync_change": -0.0013309729527302139, "epi_magnitude_change": 0.003430918157493301, "hash_signature": "40e13c8ad4439d2a", "sequence_str": "REMESH -> EN -> ZHIR -> REMESH"}