{"sequence": ["THOL", "RA", "UM", "NAV", "REMESH"], "coherence_change": 0.0038175615996289824, "sense_index_change": 0.05863147932545654, "phi_s_change": 0.006277533653939571, "grad_phi_change": -0.4414345023885555, "k_phi_change": 0.1283135085366091, "xi_c_change": 0.0, "phase_sync_change": 0.14784806572046516, "epi_magnitude_change": 0.0012709388002405397, "hash_signature": "11f6480b9323557b", "sequence_str": "THOL -> RA -> UM -> NAV -> REMESH"}