{"sequence": ["EN", "NAV", "SHA", "VAL", "IL", "SHA"], "coherence_change": 0.0062689437511384005, "sense_index_change": 0.00833253550140356, "phi_s_change": 0.0011547705253784901, "grad_phi_change": 0.0, "k_phi_change": 0.0, "xi_c_change": 0.0, "phase_sync_change": 0.0, "epi_magnitude_change": 0.019235633775036454, "hash_signature": "ed784f3083a4f361", "sequence_str": "EN -> NAV -> SHA -> VAL -> IL -> SHA"}