{"sequence": ["NAV", "RA", "EN", "EN", "ZHIR", "NAV"], "coherence_change": 0.0, "sense_index_change": 0.0028924154748056763, "phi_s_change": 0.0, "grad_phi_change": 0.007956758456145296, "k_phi_change": 0.2533526456323213, "xi_c_change": 0.0, "phase_sync_change": -0.011645687010128691, "epi_magnitude_change": 0.0, "hash_signature": "2dc83531d812c2d5", "sequence_str": "NAV -> RA -> EN -> EN -> ZHIR -> NAV"}