{"sequence": ["EN", "AL", "ZHIR", "VAL", "ZHIR", "REMESH"], "coherence_change": 0.0, "sense_index_change": 0.004972882610491891, "phi_s_change": 0.0, "grad_phi_change": 0.008456835410106667, "k_phi_change": 0.09836901333829869, "xi_c_change": 0.0, "phase_sync_change": -0.004715209344568705, "epi_magnitude_change": 0.022519090858006185, "hash_signature": "9b1a6bc5b0dd49e1", "sequence_str": "EN -> AL -> ZHIR -> VAL -> ZHIR -> REMESH"}