{"sequence": ["OZ", "EN", "REMESH", "NUL", "OZ"], "coherence_change": -0.027257267802107132, "sense_index_change": 0.011985754859764497, "phi_s_change": -0.1620889300186048, "grad_phi_change": 0.0, "k_phi_change": 0.0, "xi_c_change": 0.0, "phase_sync_change": 0.0, "epi_magnitude_change": -0.01218106431666921, "hash_signature": "c85877a004c3ef64", "sequence_str": "OZ -> EN -> REMESH -> NUL -> OZ"}