{"sequence": ["THOL", "IL", "EN", "REMESH"], "coherence_change": 0.014469985914837391, "sense_index_change": -0.012201918328746286, "phi_s_change": 0.14430439960045682, "grad_phi_change": 0.0, "k_phi_change": 0.0, "xi_c_change": 0.0, "phase_sync_change": 0.0, "epi_magnitude_change": 0.0016659592998647943, "hash_signature": "a6a7534f6fd9183d", "sequence_str": "THOL -> IL -> EN -> REMESH"}