{"sequence": ["VAL", "NAV", "THOL", "OZ"], "coherence_change": -0.008438213379442061, "sense_index_change": 0.011316409687441409, "phi_s_change": -0.0597962561524934, "grad_phi_change": 0.0, "k_phi_change": 0.0, "xi_c_change": 0.0, "phase_sync_change": 0.0, "epi_magnitude_change": 0.017763621320007417, "hash_signature": "1ad189a0264ab86f", "sequence_str": "VAL -> NAV -> THOL -> OZ"}