{"sequence": ["UM", "SHA", "AL", "THOL", "RA", "REMESH"], "coherence_change": 0.005752764661395404, "sense_index_change": 0.028748137936208562, "phi_s_change": -0.03406916954510564, "grad_phi_change": -0.2652812129593849, "k_phi_change": -0.0333651098295516, "xi_c_change": 0.0, "phase_sync_change": 0.08375179356861218, "epi_magnitude_change": -0.007809947600890044, "hash_signature": "ed0195948c8315bc", "sequence_str": "UM -> SHA -> AL -> THOL -> RA -> REMESH"}