{"sequence": ["IL", "IL", "THOL", "IL", "RA", "REMESH"], "coherence_change": 0.029269787047063733, "sense_index_change": 0.028448557252546025, "phi_s_change": 0.07207217994356385, "grad_phi_change": -0.06082137532796983, "k_phi_change": 0.29116568441926083, "xi_c_change": 0.0, "phase_sync_change": 0.012788280980102207, "epi_magnitude_change": 0.0014177341878609528, "hash_signature": "8ffb431ef0cea894", "sequence_str": "IL -> IL -> THOL -> IL -> RA -> REMESH"}