{"sequence": ["NUL", "RA", "THOL", "ZHIR", "OZ"], "coherence_change": -0.008019694401077637, "sense_index_change": -0.01575820324684485, "phi_s_change": 0.0816523191176931, "grad_phi_change": -0.009915043240493082, "k_phi_change": 0.009206476004917447, "xi_c_change": 0.0, "phase_sync_change": -0.0009339646630923681, "epi_magnitude_change": -0.019915400478278777, "hash_signature": "55e4c957e54d53ad", "sequence_str": "NUL -> RA -> THOL -> ZHIR -> OZ"}