{"sequence": ["RA", "VAL", "IL", "RA", "EN", "SHA"], "coherence_change": 0.00905666197470778, "sense_index_change": 0.062126771424971916, "phi_s_change": 0.029359575656041637, "grad_phi_change": -0.25355746144999536, "k_phi_change": 0.03812239081758029, "xi_c_change": 0.0, "phase_sync_change": 0.07573599181604929, "epi_magnitude_change": 0.010070987324787173, "hash_signature": "2390786b336d66d4", "sequence_str": "RA -> VAL -> IL -> RA -> EN -> SHA"}