{"sequence": ["THOL", "NUL", "SHA", "ZHIR", "IL", "REMESH"], "coherence_change": 0.011448867361072423, "sense_index_change": -0.008261484457668833, "phi_s_change": 0.0714343921283489, "grad_phi_change": 0.017201361202987764, "k_phi_change": -0.017380840132243086, "xi_c_change": 0.0, "phase_sync_change": -0.004268335446710125, "epi_magnitude_change": -0.009333324226611373, "hash_signature": "9119fc9005cb2a1b", "sequence_str": "THOL -> NUL -> SHA -> ZHIR -> IL -> REMESH"}