{"sequence": ["IL", "RA", "EN", "OZ"], "coherence_change": -0.003033565781191294, "sense_index_change": 0.05167705276241863, "phi_s_change": 0.024069550334599232, "grad_phi_change": -0.04753798967988554, "k_phi_change": 0.15975280439112843, "xi_c_change": 0.0, "phase_sync_change": 0.01097473024167328, "epi_magnitude_change": 0.0, "hash_signature": "e2e06281c1c2db20", "sequence_str": "IL -> RA -> EN -> OZ"}