{"sequence": ["NUL", "REMESH", "RA", "NUL", "UM", "SHA"], "coherence_change": 0.0, "sense_index_change": 0.04061814979473777, "phi_s_change": 0.0, "grad_phi_change": -0.26727968325210005, "k_phi_change": 0.06389125523161815, "xi_c_change": 0.0, "phase_sync_change": 0.09463962183289742, "epi_magnitude_change": -0.02497353674142666, "hash_signature": "5d469d28ff23fc4b", "sequence_str": "NUL -> REMESH -> RA -> NUL -> UM -> SHA"}