{"sequence": ["NAV", "SHA", "UM", "AL", "RA", "SHA"], "coherence_change": 0.0, "sense_index_change": 0.03093316656508771, "phi_s_change": 0.0, "grad_phi_change": -0.2504678786678971, "k_phi_change": -0.08454119087899531, "xi_c_change": 0.0, "phase_sync_change": 0.059491105942156675, "epi_magnitude_change": -0.006697514350652356, "hash_signature": "43608a84b62ecb2c", "sequence_str": "NAV -> SHA -> UM -> AL -> RA -> SHA"}