{"sequence": ["AL", "RA", "RA", "IL", "VAL", "SHA"], "coherence_change": 0.008016630538768554, "sense_index_change": 0.024200883367962556, "phi_s_change": -0.00665043520330455, "grad_phi_change": -0.1517183937858999, "k_phi_change": -0.037200026068669206, "xi_c_change": 0.0, "phase_sync_change": 0.04870356725063185, "epi_magnitude_change": 0.009916378359260847, "hash_signature": "b37a66f161257cde", "sequence_str": "AL -> RA -> RA -> IL -> VAL -> SHA"}