{"sequence": ["IL", "NAV", "SHA", "ZHIR", "SHA"], "coherence_change": 0.00783074416632179, "sense_index_change": -0.009675161017287937, "phi_s_change": 0.08686547315427162, "grad_phi_change": -0.04294978635419677, "k_phi_change": 0.025898797788755784, "xi_c_change": 0.0, "phase_sync_change": 0.015446196044348937, "epi_magnitude_change": 0.0, "hash_signature": "d61aba03cf99b6f5", "sequence_str": "IL -> NAV -> SHA -> ZHIR -> SHA"}