{"sequence": ["EN", "UM", "EN", "NAV"], "coherence_change": 0.0, "sense_index_change": 0.015752566761525366, "phi_s_change": 0.0, "grad_phi_change": -0.04235826005308807, "k_phi_change": -0.06790565950707544, "xi_c_change": 0.0, "phase_sync_change": 0.01850655205901186, "epi_magnitude_change": 0.0, "hash_signature": "40ade88a3a29cda0", "sequence_str": "EN -> UM -> EN -> NAV"}