{"sequence": ["IL", "NAV", "AL", "SHA"], "coherence_change": 0.006504136033260166, "sense_index_change": 0.004806608860721262, "phi_s_change": 0.07975921610260739, "grad_phi_change": 0.0, "k_phi_change": 0.0, "xi_c_change": 0.0, "phase_sync_change": 0.0, "epi_magnitude_change": -0.0008362670932551275, "hash_signature": "70743b1851c70f95", "sequence_str": "IL -> NAV -> AL -> SHA"}