{"sequence": ["REMESH", "VAL", "AL", "OZ"], "coherence_change": -0.013741249780140574, "sense_index_change": -0.005251090410769987, "phi_s_change": -0.028845089914481647, "grad_phi_change": 0.0, "k_phi_change": 0.0, "xi_c_change": 0.0, "phase_sync_change": 0.0, "epi_magnitude_change": 0.01962107285846304, "hash_signature": "e19c8cc2b31c9bf1", "sequence_str": "REMESH -> VAL -> AL -> OZ"}