{"sequence": ["SHA", "UM", "THOL", "EN", "OZ"], "coherence_change": -0.004548017080918898, "sense_index_change": 0.018595091757735438, "phi_s_change": 0.19485641530182884, "grad_phi_change": -0.06982425765464484, "k_phi_change": 0.23555511009776298, "xi_c_change": 0.0, "phase_sync_change": 0.02737269762162564, "epi_magnitude_change": 0.0, "hash_signature": "3eb0ef192b28d4ca", "sequence_str": "SHA -> UM -> THOL -> EN -> OZ"}