{"sequence": ["RA", "EN", "SHA", "REMESH"], "coherence_change": 0.0, "sense_index_change": -0.011701649357818644, "phi_s_change": 0.0, "grad_phi_change": 0.02778987479410988, "k_phi_change": 0.7284907651342902, "xi_c_change": 0.0, "phase_sync_change": -0.016177478686063562, "epi_magnitude_change": 0.0014415855348537399, "hash_signature": "ce11e01cd889b7f3", "sequence_str": "RA -> EN -> SHA -> REMESH"}