{"sequence": ["AL", "UM", "IL", "VAL", "NUL", "NAV"], "coherence_change": 0.0074148179115194335, "sense_index_change": -0.012327223612951799, "phi_s_change": 0.0450903101335306, "grad_phi_change": 0.06541807762914731, "k_phi_change": 0.14515399114836217, "xi_c_change": 0.0, "phase_sync_change": -0.031351133412015786, "epi_magnitude_change": 0.0022534844855709446, "hash_signature": "ef70e60cbad91f29", "sequence_str": "AL -> UM -> IL -> VAL -> NUL -> NAV"}