{"sequence": ["IL", "UM", "OZ", "NAV"], "coherence_change": -0.011307066296212254, "sense_index_change": 0.03942914725097746, "phi_s_change": -0.17233571051645036, "grad_phi_change": -0.11394487573174517, "k_phi_change": -0.41998123025139905, "xi_c_change": 0.0, "phase_sync_change": 0.032565252443535364, "epi_magnitude_change": 0.0, "hash_signature": "1b99f38c472e812c", "sequence_str": "IL -> UM -> OZ -> NAV"}