{"sequence": ["RA", "NUL", "VAL", "AL", "NUL", "NAV"], "coherence_change": 0.0, "sense_index_change": 0.023440478228132444, "phi_s_change": 0.0, "grad_phi_change": -0.1166650816102297, "k_phi_change": 0.1712921343682089, "xi_c_change": 0.0, "phase_sync_change": 0.03129588976532627, "epi_magnitude_change": -0.006085025035874714, "hash_signature": "1e6c4fe0dfeeaa99", "sequence_str": "RA -> NUL -> VAL -> AL -> NUL -> NAV"}