{"sequence": ["OZ", "EN", "ZHIR", "RA", "REMESH"], "coherence_change": -0.013652175069763683, "sense_index_change": -0.010203363028295054, "phi_s_change": -0.07554320427748273, "grad_phi_change": 0.02887644458094174, "k_phi_change": 0.2636646079317551, "xi_c_change": 0.0, "phase_sync_change": -0.018547314104987223, "epi_magnitude_change": 0.0013454519424658251, "hash_signature": "36c2417bc988c54f", "sequence_str": "OZ -> EN -> ZHIR -> RA -> REMESH"}