{"sequence": ["AL", "RA", "ZHIR", "RA", "EN", "REMESH"], "coherence_change": 0.0, "sense_index_change": 0.048272427843240595, "phi_s_change": 0.0, "grad_phi_change": -0.2677009260507446, "k_phi_change": 0.21185441528658935, "xi_c_change": 0.0, "phase_sync_change": 0.08073677226796316, "epi_magnitude_change": -0.007061822788636762, "hash_signature": "2e900d2f7213cc39", "sequence_str": "AL -> RA -> ZHIR -> RA -> EN -> REMESH"}