{"sequence": ["AL", "OZ", "EN", "IL", "OZ"], "coherence_change": -0.014890724909459752, "sense_index_change": -0.008899063535721174, "phi_s_change": 0.012576623115947538, "grad_phi_change": 0.0, "k_phi_change": 0.0, "xi_c_change": 0.0, "phase_sync_change": 0.0, "epi_magnitude_change": -0.007948093052479344, "hash_signature": "8ed9cf65c3c0c5db", "sequence_str": "AL -> OZ -> EN -> IL -> OZ"}