{"sequence": ["REMESH", "UM", "SHA", "EN", "NUL", "SHA"], "coherence_change": 0.0, "sense_index_change": 0.02310132033064749, "phi_s_change": 0.0, "grad_phi_change": -0.15799451306038348, "k_phi_change": 0.6305314154295786, "xi_c_change": 0.0, "phase_sync_change": 0.046699824286844493, "epi_magnitude_change": -0.008859825663976806, "hash_signature": "461701e9eba1ef77", "sequence_str": "REMESH -> UM -> SHA -> EN -> NUL -> SHA"}