{"sequence": ["NAV", "NAV", "THOL", "ZHIR", "REMESH"], "coherence_change": 0.005536570142666064, "sense_index_change": -0.01711609460067215, "phi_s_change": 0.015811188661254194, "grad_phi_change": 0.08534770485324361, "k_phi_change": 0.3865909342735285, "xi_c_change": 0.0, "phase_sync_change": -0.029323246245932744, "epi_magnitude_change": 0.0018790460775865991, "hash_signature": "e8bf407dd6f23eff", "sequence_str": "NAV -> NAV -> THOL -> ZHIR -> REMESH"}