{"sequence": ["RA", "REMESH", "AL", "SHA", "IL", "REMESH"], "coherence_change": 0.006152690502337466, "sense_index_change": -0.029759022951533265, "phi_s_change": 0.06562755532943254, "grad_phi_change": 0.06573095027232845, "k_phi_change": 0.4570851332163062, "xi_c_change": 0.0, "phase_sync_change": -0.0280696084521721, "epi_magnitude_change": 0.0026109210800553395, "hash_signature": "2c885c25fbb176b9", "sequence_str": "RA -> REMESH -> AL -> SHA -> IL -> REMESH"}