{"sequence": ["EN", "ZHIR", "THOL", "NAV"], "coherence_change": 0.004140086704303214, "sense_index_change": 0.019290056650713594, "phi_s_change": 0.05179547330933176, "grad_phi_change": -0.028769466885066652, "k_phi_change": 0.2425217158435106, "xi_c_change": 0.0, "phase_sync_change": 0.01183409792118284, "epi_magnitude_change": 0.0, "hash_signature": "0058a0953849f65d", "sequence_str": "EN -> ZHIR -> THOL -> NAV"}