{"sequence": ["AL", "SHA", "IL", "UM", "VAL", "NAV"], "coherence_change": 0.0038597844318758456, "sense_index_change": 0.041908069269476544, "phi_s_change": 0.0027346920316869694, "grad_phi_change": -0.13456771077243235, "k_phi_change": 0.1294594967373371, "xi_c_change": 0.0, "phase_sync_change": 0.04847963609311001, "epi_magnitude_change": 0.02351612705617967, "hash_signature": "c7ea00ee0aeae521", "sequence_str": "AL -> SHA -> IL -> UM -> VAL -> NAV"}