{"sequence": ["REMESH", "NUL", "UM", "NAV", "IL", "SHA"], "coherence_change": 0.00626812145249811, "sense_index_change": 0.024136514470760706, "phi_s_change": 0.015396479568405508, "grad_phi_change": -0.07564871972777687, "k_phi_change": 0.20817016935078203, "xi_c_change": 0.0, "phase_sync_change": 0.023585549245283777, "epi_magnitude_change": -0.011010900979264826, "hash_signature": "ba49cfbfefa62bca", "sequence_str": "REMESH -> NUL -> UM -> NAV -> IL -> SHA"}