{"sequence": ["THOL", "UM", "AL", "RA", "REMESH"], "coherence_change": 0.003512154531135514, "sense_index_change": 0.007988285284087904, "phi_s_change": 0.028456894358389828, "grad_phi_change": -0.028151153641908788, "k_phi_change": 0.2519179456483399, "xi_c_change": 0.0, "phase_sync_change": -0.007693574566726036, "epi_magnitude_change": 0.004599618084625057, "hash_signature": "d1a3c89c867cf517", "sequence_str": "THOL -> UM -> AL -> RA -> REMESH"}