{"sequence": ["VAL", "THOL", "ZHIR", "EN", "OZ"], "coherence_change": -0.004107876638878016, "sense_index_change": 0.0016111877542653863, "phi_s_change": 0.002283495736095542, "grad_phi_change": 0.003936858887830574, "k_phi_change": 0.022124698767476997, "xi_c_change": 0.0, "phase_sync_change": -0.004268335446710125, "epi_magnitude_change": 0.01384994373766646, "hash_signature": "da470a9025d9fe9e", "sequence_str": "VAL -> THOL -> ZHIR -> EN -> OZ"}