{"sequence": ["NAV", "ZHIR", "THOL", "AL", "RA", "REMESH"], "coherence_change": 0.005299295764262135, "sense_index_change": -0.026106768477608566, "phi_s_change": -0.01825447868209773, "grad_phi_change": 0.12129368940379215, "k_phi_change": 0.11608646990074103, "xi_c_change": 0.0, "phase_sync_change": -0.04251128750046884, "epi_magnitude_change": -0.0065640219233302766, "hash_signature": "f3ef3713c7b042ab", "sequence_str": "NAV -> ZHIR -> THOL -> AL -> RA -> REMESH"}