{"sequence": ["REMESH", "RA", "NUL", "OZ"], "coherence_change": -0.017055461638339486, "sense_index_change": 0.011838599376733927, "phi_s_change": -0.12203781671522751, "grad_phi_change": 0.039014576708052084, "k_phi_change": 0.17035907552074311, "xi_c_change": 0.0, "phase_sync_change": -0.022243625010743062, "epi_magnitude_change": -0.019327414139726495, "hash_signature": "c010221d83b0a7c0", "sequence_str": "REMESH -> RA -> NUL -> OZ"}