{"sequence": ["AL", "ZHIR", "UM", "SHA", "EN", "OZ"], "coherence_change": -0.01314024026459304, "sense_index_change": -0.019099711787256224, "phi_s_change": -0.043812623958073615, "grad_phi_change": 0.03294936473554522, "k_phi_change": 0.3380931007487832, "xi_c_change": 0.0, "phase_sync_change": -0.01249702082825599, "epi_magnitude_change": -0.00031147844459367136, "hash_signature": "f796c7008a491f70", "sequence_str": "AL -> ZHIR -> UM -> SHA -> EN -> OZ"}