{"sequence": ["IL", "RA", "THOL", "EN", "IL", "OZ"], "coherence_change": 0.00723596933438253, "sense_index_change": -0.009295980496148104, "phi_s_change": 0.035716545363667196, "grad_phi_change": 0.038807007898515655, "k_phi_change": 0.2740174503909643, "xi_c_change": 0.0, "phase_sync_change": -0.022362766321112115, "epi_magnitude_change": 0.0, "hash_signature": "5beb4b3d784f01e7", "sequence_str": "IL -> RA -> THOL -> EN -> IL -> OZ"}