{"sequence": ["THOL", "SHA", "NAV", "RA", "SHA"], "coherence_change": 0.0060662353310070305, "sense_index_change": -0.002307754826368913, "phi_s_change": 0.026966485692002884, "grad_phi_change": -0.024042038196640192, "k_phi_change": -0.07234834956611569, "xi_c_change": 0.0, "phase_sync_change": 0.011841158507163607, "epi_magnitude_change": 0.0, "hash_signature": "8e49b9dc08b01ff5", "sequence_str": "THOL -> SHA -> NAV -> RA -> SHA"}