{"sequence": ["OZ", "REMESH", "THOL", "IL", "OZ"], "coherence_change": -0.006871721399921871, "sense_index_change": -0.0018561198446511717, "phi_s_change": -0.018603333117595877, "grad_phi_change": 0.0, "k_phi_change": 0.0, "xi_c_change": 0.0, "phase_sync_change": 0.0, "epi_magnitude_change": 0.001597589075556849, "hash_signature": "7c2e0b8697ef5550", "sequence_str": "OZ -> REMESH -> THOL -> IL -> OZ"}