{"sequence": ["UM", "EN", "IL", "NUL", "UM", "OZ"], "coherence_change": -0.0024295886359346763, "sense_index_change": 0.05041218223068156, "phi_s_change": -0.08778092598964993, "grad_phi_change": -0.27158700625572063, "k_phi_change": 0.44137083338778615, "xi_c_change": 0.0, "phase_sync_change": 0.07867257053107912, "epi_magnitude_change": -0.010322621737913096, "hash_signature": "b63811875a3fdc7a", "sequence_str": "UM -> EN -> IL -> NUL -> UM -> OZ"}