{"sequence": ["AL", "RA", "ZHIR", "EN", "NAV"], "coherence_change": 0.0, "sense_index_change": -0.015627930520156708, "phi_s_change": 0.0, "grad_phi_change": 0.10290669308724332, "k_phi_change": 0.8425032135689938, "xi_c_change": 0.0, "phase_sync_change": -0.036371179306424195, "epi_magnitude_change": -0.0006807171909425369, "hash_signature": "2b02f6fbb2f33aa6", "sequence_str": "AL -> RA -> ZHIR -> EN -> NAV"}