{"sequence": ["OZ", "VAL", "EN", "REMESH"], "coherence_change": -0.009783607816524653, "sense_index_change": -0.007034964008354461, "phi_s_change": -0.027423204827249803, "grad_phi_change": 0.0, "k_phi_change": 0.0, "xi_c_change": 0.0, "phase_sync_change": 0.0, "epi_magnitude_change": 0.010464310641596808, "hash_signature": "f5e39fa9d094fdc4", "sequence_str": "OZ -> VAL -> EN -> REMESH"}