{"sequence": ["NAV", "NUL", "SHA", "RA", "VAL", "OZ"], "coherence_change": -0.014478036681451423, "sense_index_change": -0.014359462857887584, "phi_s_change": 0.005070785657732002, "grad_phi_change": 0.058532500565745105, "k_phi_change": 0.355257060775671, "xi_c_change": 0.0, "phase_sync_change": -0.024038226905231053, "epi_magnitude_change": -0.01563371432255911, "hash_signature": "06b3cb849e146cb0", "sequence_str": "NAV -> NUL -> SHA -> RA -> VAL -> OZ"}