{"sequence": ["OZ", "NAV", "ZHIR", "OZ"], "coherence_change": -0.023704445462831236, "sense_index_change": 0.008145379765804872, "phi_s_change": -0.17290640207756414, "grad_phi_change": 0.01754785856907337, "k_phi_change": 0.023996513435029815, "xi_c_change": 0.0, "phase_sync_change": -0.002585656863891228, "epi_magnitude_change": 0.0, "hash_signature": "c6c39924b941b03b", "sequence_str": "OZ -> NAV -> ZHIR -> OZ"}