{"sequence": ["OZ", "OZ", "VAL", "AL", "REMESH"], "coherence_change": -0.018324715809442282, "sense_index_change": -0.011430565934910486, "phi_s_change": 0.01809612643345926, "grad_phi_change": 0.0, "k_phi_change": 0.0, "xi_c_change": 0.0, "phase_sync_change": 0.0, "epi_magnitude_change": 0.011073215068105768, "hash_signature": "a938c617a660f444", "sequence_str": "OZ -> OZ -> VAL -> AL -> REMESH"}