{"sequence": ["UM", "ZHIR", "RA", "REMESH"], "coherence_change": 0.0, "sense_index_change": 0.05487846925778195, "phi_s_change": 0.0, "grad_phi_change": -0.31789209314894107, "k_phi_change": 0.14472141908299718, "xi_c_change": 0.0, "phase_sync_change": 0.09240440889119561, "epi_magnitude_change": 0.0012301218808349335, "hash_signature": "3c247d736bc6332d", "sequence_str": "UM -> ZHIR -> RA -> REMESH"}