{"sequence": ["EN", "SHA", "EN", "RA", "SHA"], "coherence_change": 0.0, "sense_index_change": 0.01751338855127993, "phi_s_change": 0.0, "grad_phi_change": -0.07884709654014688, "k_phi_change": 0.2712992496941474, "xi_c_change": 0.0, "phase_sync_change": 0.022607649059833257, "epi_magnitude_change": 0.0, "hash_signature": "fb18776f916e8e79", "sequence_str": "EN -> SHA -> EN -> RA -> SHA"}