{"sequence": ["THOL", "NUL", "THOL", "REMESH"], "coherence_change": 0.010394074299144074, "sense_index_change": 0.008960301416389704, "phi_s_change": -0.011977466262228509, "grad_phi_change": 0.0, "k_phi_change": 0.0, "xi_c_change": 0.0, "phase_sync_change": 0.0, "epi_magnitude_change": -0.013831693884046259, "hash_signature": "b29bf750199c8c8f", "sequence_str": "THOL -> NUL -> THOL -> REMESH"}