{"sequence": ["NUL", "UM", "NUL", "OZ", "THOL", "SHA"], "coherence_change": -0.01040828894156176, "sense_index_change": 0.04285267219167588, "phi_s_change": -0.13363184035116127, "grad_phi_change": -0.14984409326950887, "k_phi_change": 0.2661315184373011, "xi_c_change": 0.0, "phase_sync_change": 0.04688768569715707, "epi_magnitude_change": -0.03600832292155254, "hash_signature": "c285f675f84e3246", "sequence_str": "NUL -> UM -> NUL -> OZ -> THOL -> SHA"}