{"sequence": ["IL", "IL", "RA", "SHA", "REMESH"], "coherence_change": 0.014291695259554316, "sense_index_change": -0.001949939414639723, "phi_s_change": -0.033039770162759496, "grad_phi_change": 0.039450729383035066, "k_phi_change": 0.5395445772913681, "xi_c_change": 0.0, "phase_sync_change": -0.022299005023528773, "epi_magnitude_change": 0.0014551963551205915, "hash_signature": "b3f027ee6e3151ff", "sequence_str": "IL -> IL -> RA -> SHA -> REMESH"}