{"sequence": ["AL", "OZ", "EN", "REMESH"], "coherence_change": -0.012900147616481061, "sense_index_change": 0.02407515230226176, "phi_s_change": -0.06995480142664945, "grad_phi_change": 0.0, "k_phi_change": 0.0, "xi_c_change": 0.0, "phase_sync_change": 0.0, "epi_magnitude_change": -0.0019009719843633421, "hash_signature": "f1712dbbc1903a12", "sequence_str": "AL -> OZ -> EN -> REMESH"}