{"sequence": ["RA", "RA", "AL", "OZ"], "coherence_change": -0.010814807315788988, "sense_index_change": 0.027223477603005475, "phi_s_change": -0.03525287395575438, "grad_phi_change": -0.14624567339224748, "k_phi_change": 0.02219230058551877, "xi_c_change": 0.0, "phase_sync_change": 0.04234925306617854, "epi_magnitude_change": 0.009818403300192569, "hash_signature": "df82d7b8b8f5663d", "sequence_str": "RA -> RA -> AL -> OZ"}