{"sequence": ["ZHIR", "IL", "ZHIR", "NUL", "REMESH"], "coherence_change": 0.011794487762977313, "sense_index_change": -0.007068957476661697, "phi_s_change": 0.10848331585650173, "grad_phi_change": 0.03771798001951243, "k_phi_change": 0.10353780423755808, "xi_c_change": 0.0, "phase_sync_change": -0.00494660368974742, "epi_magnitude_change": -0.00972882575009848, "hash_signature": "505156356afb6ffe", "sequence_str": "ZHIR -> IL -> ZHIR -> NUL -> REMESH"}