{"sequence": ["EN", "REMESH", "UM", "REMESH", "ZHIR", "SHA"], "coherence_change": 0.0, "sense_index_change": 0.006206022131445166, "phi_s_change": 0.0, "grad_phi_change": -0.06987864142854616, "k_phi_change": -0.26465162141461024, "xi_c_change": 0.0, "phase_sync_change": 0.015630375532741714, "epi_magnitude_change": 0.0031039471627130055, "hash_signature": "2f3f19294c4046a6", "sequence_str": "EN -> REMESH -> UM -> REMESH -> ZHIR -> SHA"}