{"sequence": ["EN", "VAL", "NUL", "RA", "NAV"], "coherence_change": 0.0, "sense_index_change": -0.007339383523370935, "phi_s_change": 0.0, "grad_phi_change": 0.0609853415237811, "k_phi_change": 0.48362818837649113, "xi_c_change": 0.0, "phase_sync_change": -0.021185039371076297, "epi_magnitude_change": -0.00518109444081849, "hash_signature": "8a76d3e93b83ae43", "sequence_str": "EN -> VAL -> NUL -> RA -> NAV"}