{"sequence": ["RA", "AL", "UM", "UM", "NAV"], "coherence_change": 0.0, "sense_index_change": 0.041319891658369134, "phi_s_change": 0.0, "grad_phi_change": -0.15855033568398103, "k_phi_change": -0.055556690251030605, "xi_c_change": 0.0, "phase_sync_change": 0.03507220525446908, "epi_magnitude_change": 0.015634435347229414, "hash_signature": "eaa57c69a2c746a0", "sequence_str": "RA -> AL -> UM -> UM -> NAV"}