{"sequence": ["NAV", "REMESH", "RA", "REMESH"], "coherence_change": 0.0, "sense_index_change": -0.012208893682072508, "phi_s_change": 0.0, "grad_phi_change": 0.01927013302223024, "k_phi_change": -0.09261585985919635, "xi_c_change": 0.0, "phase_sync_change": -0.01363394280800545, "epi_magnitude_change": 0.0020739703774297347, "hash_signature": "0867e717bcd3279e", "sequence_str": "NAV -> REMESH -> RA -> REMESH"}