{"sequence": ["IL", "VAL", "OZ"], "coherence_change": -0.007515544430599652, "sense_index_change": -0.005386621699315364, "phi_s_change": 0.01581960342469968, "grad_phi_change": 0.0, "k_phi_change": 0.0, "xi_c_change": 0.0, "phase_sync_change": 0.0, "epi_magnitude_change": 0.015857755581198285, "hash_signature": "747ad81af782593f", "sequence_str": "IL -> VAL -> OZ"}