{"sequence": ["THOL", "RA", "VAL", "NAV"], "coherence_change": 0.004734927777248266, "sense_index_change": 0.013369029741704508, "phi_s_change": 0.005419572178820831, "grad_phi_change": -0.05157647095815343, "k_phi_change": 0.3476237361120593, "xi_c_change": 0.0, "phase_sync_change": 0.012927480634857269, "epi_magnitude_change": 0.012342536044949837, "hash_signature": "af2c5b3b14b1ac94", "sequence_str": "THOL -> RA -> VAL -> NAV"}