{"sequence": ["REMESH", "SHA", "RA", "AL", "SHA"], "coherence_change": 0.0, "sense_index_change": 0.0008727586941871257, "phi_s_change": 0.0, "grad_phi_change": 0.011961812917558268, "k_phi_change": 0.22225093416434183, "xi_c_change": 0.0, "phase_sync_change": -0.0014376155912383393, "epi_magnitude_change": -0.0008895074035881745, "hash_signature": "8dce52ceeb2d3f53", "sequence_str": "REMESH -> SHA -> RA -> AL -> SHA"}