{"sequence": ["NUL", "ZHIR", "RA", "IL", "NAV"], "coherence_change": 0.009039014935717682, "sense_index_change": -0.017429794557754064, "phi_s_change": 0.05501341223946221, "grad_phi_change": 0.05531726840838913, "k_phi_change": 0.1524581348651653, "xi_c_change": 0.0, "phase_sync_change": -0.021250412392291196, "epi_magnitude_change": -0.010744699037334327, "hash_signature": "40b3264c0d71ee73", "sequence_str": "NUL -> ZHIR -> RA -> IL -> NAV"}