{"sequence": ["REMESH", "ZHIR", "SHA", "THOL", "OZ"], "coherence_change": -0.009785881056913137, "sense_index_change": 0.022787152132250577, "phi_s_change": -0.1308936577397639, "grad_phi_change": -0.011487269660132027, "k_phi_change": -0.09646603973867329, "xi_c_change": 0.0, "phase_sync_change": 0.0061203708025378, "epi_magnitude_change": 0.000839861195883973, "hash_signature": "c5342d551ba5acf6", "sequence_str": "REMESH -> ZHIR -> SHA -> THOL -> OZ"}