{"sequence": ["UM", "SHA", "NUL", "RA", "REMESH"], "coherence_change": 0.0, "sense_index_change": 0.004033546775326302, "phi_s_change": 0.0, "grad_phi_change": -0.017181562732193845, "k_phi_change": 0.5899938662159334, "xi_c_change": 0.0, "phase_sync_change": 0.009317696564222433, "epi_magnitude_change": -0.012262792511308906, "hash_signature": "b799bb2eeb560622", "sequence_str": "UM -> SHA -> NUL -> RA -> REMESH"}