{"sequence": ["UM", "VAL", "REMESH", "AL", "OZ"], "coherence_change": -0.013645793428807007, "sense_index_change": 0.017705910769102773, "phi_s_change": -0.17943878602101537, "grad_phi_change": -0.07732982108035324, "k_phi_change": 0.2638633098476987, "xi_c_change": 0.0, "phase_sync_change": 0.01681014359630839, "epi_magnitude_change": 0.02160622338765572, "hash_signature": "42a3410fa03e6e8a", "sequence_str": "UM -> VAL -> REMESH -> AL -> OZ"}