{"sequence": ["UM", "OZ", "RA", "UM", "OZ"], "coherence_change": -0.025222159816853273, "sense_index_change": 0.06477835124820652, "phi_s_change": 0.12829659347631517, "grad_phi_change": -0.3066977351363398, "k_phi_change": 0.4458105915440836, "xi_c_change": 0.0, "phase_sync_change": 0.08668830364380653, "epi_magnitude_change": 0.0, "hash_signature": "644907be0458a9fd", "sequence_str": "UM -> OZ -> RA -> UM -> OZ"}