{"sequence": ["IL", "IL", "EN", "IL", "ZHIR", "SHA"], "coherence_change": 0.02273280763965768, "sense_index_change": 0.0017067555199774542, "phi_s_change": -0.005606976261216534, "grad_phi_change": -0.036985348990697275, "k_phi_change": 0.05612847344109856, "xi_c_change": 0.0, "phase_sync_change": 0.01233092818679482, "epi_magnitude_change": 0.0, "hash_signature": "e773ac530317f060", "sequence_str": "IL -> IL -> EN -> IL -> ZHIR -> SHA"}