{"sequence": ["SHA", "ZHIR", "NAV", "AL", "SHA"], "coherence_change": 0.0, "sense_index_change": 0.021806391517447565, "phi_s_change": 0.0, "grad_phi_change": -0.057282095929010346, "k_phi_change": 0.191326862922792, "xi_c_change": 0.0, "phase_sync_change": 0.022956120000094726, "epi_magnitude_change": 0.009196459458733819, "hash_signature": "1d2472aeb4db9bb8", "sequence_str": "SHA -> ZHIR -> NAV -> AL -> SHA"}