{"sequence": ["NUL", "NUL", "RA", "NAV", "IL", "NAV"], "coherence_change": 0.006476773980895301, "sense_index_change": -0.012579737483664089, "phi_s_change": 0.015859525631580884, "grad_phi_change": 0.10305647053283118, "k_phi_change": 0.6863275253814176, "xi_c_change": 0.0, "phase_sync_change": -0.03912336830542251, "epi_magnitude_change": -0.023755541677586534, "hash_signature": "9eb633d0e61954ce", "sequence_str": "NUL -> NUL -> RA -> NAV -> IL -> NAV"}