{"sequence": ["OZ", "OZ", "RA", "IL", "THOL", "OZ"], "coherence_change": -0.01706511860298543, "sense_index_change": 0.010847189125405388, "phi_s_change": -0.16979445820181027, "grad_phi_change": -0.04213910523388864, "k_phi_change": 0.16468731352409663, "xi_c_change": 0.0, "phase_sync_change": 0.012311572002323468, "epi_magnitude_change": 0.0, "hash_signature": "9c25743ad8a6fefc", "sequence_str": "OZ -> OZ -> RA -> IL -> THOL -> OZ"}