{"sequence": ["ZHIR", "UM", "UM", "VAL", "RA", "REMESH"], "coherence_change": 0.0, "sense_index_change": 0.036141027709788, "phi_s_change": 0.0, "grad_phi_change": -0.14921864664348305, "k_phi_change": 0.19511738721687055, "xi_c_change": 0.0, "phase_sync_change": 0.03529896970190738, "epi_magnitude_change": 0.014406368318999108, "hash_signature": "81be8aa8f239abd0", "sequence_str": "ZHIR -> UM -> UM -> VAL -> RA -> REMESH"}