{"sequence": ["AL", "ZHIR", "IL", "SHA"], "coherence_change": 0.007767982538283147, "sense_index_change": -0.01079447002865308, "phi_s_change": 0.019597491455826344, "grad_phi_change": 0.042336118265176914, "k_phi_change": 0.22158561091939113, "xi_c_change": 0.0, "phase_sync_change": -0.010654219198662829, "epi_magnitude_change": 0.006684211571992393, "hash_signature": "59232dbff0b5ef80", "sequence_str": "AL -> ZHIR -> IL -> SHA"}