{"sequence": ["REMESH", "IL", "OZ"], "coherence_change": 0.0009399888598202732, "sense_index_change": 0.0014030504359721085, "phi_s_change": -0.05935828481392069, "grad_phi_change": 0.0, "k_phi_change": 0.0, "xi_c_change": 0.0, "phase_sync_change": 0.0, "epi_magnitude_change": 0.0015260165309495255, "hash_signature": "020f8e3c755fb3e1", "sequence_str": "REMESH -> IL -> OZ"}