{"sequence": ["AL", "RA", "SHA", "EN", "REMESH"], "coherence_change": 0.0, "sense_index_change": 0.029917548029716357, "phi_s_change": 0.0, "grad_phi_change": -0.0938678233268484, "k_phi_change": 0.1085479273467628, "xi_c_change": 0.0, "phase_sync_change": 0.0235830887596723, "epi_magnitude_change": -0.004602977724191271, "hash_signature": "609a83c4d7ee2e59", "sequence_str": "AL -> RA -> SHA -> EN -> REMESH"}