{"sequence": ["THOL", "AL", "OZ", "ZHIR", "OZ"], "coherence_change": -0.02321175229311645, "sense_index_change": -0.006399748144486739, "phi_s_change": -0.06786546203656874, "grad_phi_change": 0.09381985131194637, "k_phi_change": 0.3153639963978858, "xi_c_change": 0.0, "phase_sync_change": -0.02857556977649045, "epi_magnitude_change": 0.0008889230607092014, "hash_signature": "68110f4181aef855", "sequence_str": "THOL -> AL -> OZ -> ZHIR -> OZ"}