{"sequence": ["AL", "IL", "OZ", "NUL", "OZ"], "coherence_change": -0.022873971344441024, "sense_index_change": -0.006231354682752266, "phi_s_change": -0.13624621213190624, "grad_phi_change": 0.0, "k_phi_change": 0.0, "xi_c_change": 0.0, "phase_sync_change": 0.0, "epi_magnitude_change": -0.0042835295035617005, "hash_signature": "19d5604c89728111", "sequence_str": "AL -> IL -> OZ -> NUL -> OZ"}