{"sequence": ["RA", "UM", "VAL", "NAV", "ZHIR", "NAV"], "coherence_change": 0.0, "sense_index_change": 0.03575291265494929, "phi_s_change": 0.0, "grad_phi_change": -0.2154403169340895, "k_phi_change": 0.5374920490488797, "xi_c_change": 0.0, "phase_sync_change": 0.052868892634203246, "epi_magnitude_change": 0.014289194223416013, "hash_signature": "62fdf06ca956db0a", "sequence_str": "RA -> UM -> VAL -> NAV -> ZHIR -> NAV"}