{"sequence": ["NAV", "OZ", "NAV", "REMESH", "RA", "SHA"], "coherence_change": -0.009906597352417501, "sense_index_change": 0.032040179843018435, "phi_s_change": 0.006217990097082793, "grad_phi_change": -0.15602817108017675, "k_phi_change": -0.12586017723116066, "xi_c_change": 0.0, "phase_sync_change": 0.04819523221864708, "epi_magnitude_change": 0.0014384879557989283, "hash_signature": "745a4e44b439851c", "sequence_str": "NAV -> OZ -> NAV -> REMESH -> RA -> SHA"}