{"sequence": ["IL", "SHA", "VAL", "SHA"], "coherence_change": 0.007673995038005921, "sense_index_change": 0.002050281332016235, "phi_s_change": 0.008037000871767508, "grad_phi_change": 0.0, "k_phi_change": 0.0, "xi_c_change": 0.0, "phase_sync_change": 0.0, "epi_magnitude_change": 0.02122584035229169, "hash_signature": "14143893920115c8", "sequence_str": "IL -> SHA -> VAL -> SHA"}