{"sequence": ["NAV", "NUL", "UM", "REMESH"], "coherence_change": 0.0, "sense_index_change": 0.00528284184686223, "phi_s_change": 0.0, "grad_phi_change": -0.055145181130223264, "k_phi_change": -0.02757026809219329, "xi_c_change": 0.0, "phase_sync_change": 0.014005647959872136, "epi_magnitude_change": -0.01454724921924977, "hash_signature": "31ab2418ef6a03bb", "sequence_str": "NAV -> NUL -> UM -> REMESH"}