{"sequence": ["NUL", "IL", "REMESH", "SHA"], "coherence_change": 0.009307055582046586, "sense_index_change": 0.004851159869503352, "phi_s_change": 0.006526419459107702, "grad_phi_change": 0.0, "k_phi_change": 0.0, "xi_c_change": 0.0, "phase_sync_change": 0.0, "epi_magnitude_change": -0.01658381377699969, "hash_signature": "1c90288885f7c941", "sequence_str": "NUL -> IL -> REMESH -> SHA"}