{"sequence": ["UM", "SHA", "UM", "OZ"], "coherence_change": -0.011057886510206894, "sense_index_change": 0.09953731096397866, "phi_s_change": -0.015419795690307714, "grad_phi_change": -0.5194419993826231, "k_phi_change": 0.43085229775408596, "xi_c_change": 0.0, "phase_sync_change": 0.16519144764155758, "epi_magnitude_change": 0.0, "hash_signature": "ca051d9af88e40ff", "sequence_str": "UM -> SHA -> UM -> OZ"}