{"sequence": ["VAL", "RA", "EN", "SHA"], "coherence_change": 0.0, "sense_index_change": -0.004223187704534337, "phi_s_change": 0.0, "grad_phi_change": -0.05083958693839774, "k_phi_change": 0.5114278521179545, "xi_c_change": 0.0, "phase_sync_change": 0.007354015074387821, "epi_magnitude_change": 0.0246027480650568, "hash_signature": "6f21654eb5472af9", "sequence_str": "VAL -> RA -> EN -> SHA"}