{"sequence": ["NUL", "AL", "REMESH", "EN", "THOL", "REMESH"], "coherence_change": 0.0037040317963483727, "sense_index_change": 0.0019991483148235067, "phi_s_change": 0.051787758045629295, "grad_phi_change": 0.0, "k_phi_change": 0.0, "xi_c_change": 0.0, "phase_sync_change": 0.0, "epi_magnitude_change": -0.013845581671712792, "hash_signature": "4002550b315fc302", "sequence_str": "NUL -> AL -> REMESH -> EN -> THOL -> REMESH"}