{"sequence": ["SHA", "NUL", "ZHIR", "SHA"], "coherence_change": 0.0, "sense_index_change": 0.011658390174728916, "phi_s_change": 0.0, "grad_phi_change": -0.015040294926073061, "k_phi_change": 0.02247119417403251, "xi_c_change": 0.0, "phase_sync_change": 0.0075386660853025145, "epi_magnitude_change": -0.00721384819640003, "hash_signature": "4620ea4bc9c5ab26", "sequence_str": "SHA -> NUL -> ZHIR -> SHA"}