{"sequence": ["VAL", "RA", "AL", "REMESH"], "coherence_change": 0.0, "sense_index_change": -0.010767426042821271, "phi_s_change": 0.0, "grad_phi_change": 0.06941132060250133, "k_phi_change": 0.6015516743244583, "xi_c_change": 0.0, "phase_sync_change": -0.02668996767041909, "epi_magnitude_change": 0.017263087233285068, "hash_signature": "2aa2f39ef7c3809d", "sequence_str": "VAL -> RA -> AL -> REMESH"}