{"sequence": ["IL", "RA", "AL", "ZHIR", "RA", "OZ"], "coherence_change": -0.004585143148975845, "sense_index_change": 0.027012546033541196, "phi_s_change": 0.08562212183182294, "grad_phi_change": -0.29150102593051086, "k_phi_change": 0.21512546930194676, "xi_c_change": 0.0, "phase_sync_change": 0.09106370580168688, "epi_magnitude_change": 0.006765394805894442, "hash_signature": "6fef4f8d94b7e827", "sequence_str": "IL -> RA -> AL -> ZHIR -> RA -> OZ"}