{"sequence": ["AL", "ZHIR", "SHA"], "coherence_change": 0.0, "sense_index_change": -0.010234956025021724, "phi_s_change": 0.0, "grad_phi_change": 0.06610095763948087, "k_phi_change": 0.35419541943101973, "xi_c_change": 0.0, "phase_sync_change": -0.017025044655418875, "epi_magnitude_change": -0.000246058186758491, "hash_signature": "f6479c325d74bbc6", "sequence_str": "AL -> ZHIR -> SHA"}