{"sequence": ["ZHIR", "NAV", "SHA", "ZHIR", "NAV"], "coherence_change": 0.0, "sense_index_change": -0.00016064080798527947, "phi_s_change": 0.0, "grad_phi_change": 0.008375599485678231, "k_phi_change": 0.41794186655851295, "xi_c_change": 0.0, "phase_sync_change": 0.0007163440979408575, "epi_magnitude_change": 0.0, "hash_signature": "6e841a3d9b8c019c", "sequence_str": "ZHIR -> NAV -> SHA -> ZHIR -> NAV"}