{"sequence": ["REMESH", "RA", "AL", "OZ", "UM", "NAV"], "coherence_change": -0.014556684146801224, "sense_index_change": -0.011291385407310894, "phi_s_change": -0.07302466333105107, "grad_phi_change": -0.04132824928172307, "k_phi_change": 0.15864740780306702, "xi_c_change": 0.0, "phase_sync_change": 0.00791562755164621, "epi_magnitude_change": -0.004505863211392125, "hash_signature": "6325738a7a945306", "sequence_str": "REMESH -> RA -> AL -> OZ -> UM -> NAV"}