{"sequence": ["ZHIR", "UM", "AL", "NAV"], "coherence_change": 0.0, "sense_index_change": 0.007791902577012899, "phi_s_change": 0.0, "grad_phi_change": -0.00024358050928308117, "k_phi_change": -0.13328514551381515, "xi_c_change": 0.0, "phase_sync_change": 0.009429201831675171, "epi_magnitude_change": 0.005775355062395904, "hash_signature": "75f8f664e2ed82a2", "sequence_str": "ZHIR -> UM -> AL -> NAV"}