{"sequence": ["NUL", "AL", "THOL", "AL", "OZ"], "coherence_change": -0.011397923299724888, "sense_index_change": 0.0053590129100246076, "phi_s_change": -0.06196594580936199, "grad_phi_change": 0.0, "k_phi_change": 0.0, "xi_c_change": 0.0, "phase_sync_change": 0.0, "epi_magnitude_change": -0.0175202018470062, "hash_signature": "ca6e1895f7151459", "sequence_str": "NUL -> AL -> THOL -> AL -> OZ"}