{"sequence": ["AL", "ZHIR", "OZ", "THOL", "SHA"], "coherence_change": -0.006373244527803412, "sense_index_change": 0.01757028322375276, "phi_s_change": -0.04035115093109576, "grad_phi_change": -0.03160481062541587, "k_phi_change": 0.03597918302870784, "xi_c_change": 0.0, "phase_sync_change": 0.013080116748631299, "epi_magnitude_change": -0.0013983893638440659, "hash_signature": "afaa0e77a0a31007", "sequence_str": "AL -> ZHIR -> OZ -> THOL -> SHA"}