{"sequence": ["SHA", "OZ", "THOL", "VAL", "UM", "NAV"], "coherence_change": -0.0047626932371582775, "sense_index_change": -0.05193274702795875, "phi_s_change": -0.043795459397637626, "grad_phi_change": 0.17536302522986436, "k_phi_change": 0.03566726872166062, "xi_c_change": 0.0, "phase_sync_change": -0.06846032982577177, "epi_magnitude_change": 0.013152879762183267, "hash_signature": "8511375fb2df7ddf", "sequence_str": "SHA -> OZ -> THOL -> VAL -> UM -> NAV"}