{"sequence": ["REMESH", "SHA", "SHA", "REMESH", "EN", "OZ"], "coherence_change": -0.007482723190721741, "sense_index_change": 0.010713169630862773, "phi_s_change": 0.005394357748033429, "grad_phi_change": 0.0, "k_phi_change": 0.0, "xi_c_change": 0.0, "phase_sync_change": 0.0, "epi_magnitude_change": 0.002782017235423595, "hash_signature": "56505872896b4d89", "sequence_str": "REMESH -> SHA -> SHA -> REMESH -> EN -> OZ"}