{"sequence": ["IL", "AL", "UM", "VAL", "SHA"], "coherence_change": 0.010026911555370943, "sense_index_change": 0.045620898344202465, "phi_s_change": 0.021471036780215003, "grad_phi_change": -0.16674533374522094, "k_phi_change": 0.4243848665151737, "xi_c_change": 0.0, "phase_sync_change": 0.06694027118508583, "epi_magnitude_change": 0.01327304943211749, "hash_signature": "1130fea4c00cea10", "sequence_str": "IL -> AL -> UM -> VAL -> SHA"}