{"sequence": ["ZHIR", "UM", "EN", "THOL", "AL", "OZ"], "coherence_change": -0.013137748516963033, "sense_index_change": 0.03237685873978313, "phi_s_change": -0.011115581349693704, "grad_phi_change": -0.2173112272175448, "k_phi_change": 0.5188572924614525, "xi_c_change": 0.0, "phase_sync_change": 0.0777884151866618, "epi_magnitude_change": -0.0048145521515114975, "hash_signature": "5440d5fbe0a804a2", "sequence_str": "ZHIR -> UM -> EN -> THOL -> AL -> OZ"}