{"sequence": ["REMESH", "THOL", "NAV", "RA", "REMESH"], "coherence_change": 0.003544798738251198, "sense_index_change": 0.008656968279445287, "phi_s_change": -0.0018833461246332561, "grad_phi_change": -0.017444600032579194, "k_phi_change": 0.5653532267784385, "xi_c_change": 0.0, "phase_sync_change": 0.000363935774183366, "epi_magnitude_change": 0.0027592136114346077, "hash_signature": "d5f87ba8fecec64e", "sequence_str": "REMESH -> THOL -> NAV -> RA -> REMESH"}