{"sequence": ["ZHIR", "OZ", "SHA"], "coherence_change": -0.014658579781470893, "sense_index_change": 0.001783466448473492, "phi_s_change": -0.020825056680407572, "grad_phi_change": 0.004857834995608323, "k_phi_change": -0.04493590075844536, "xi_c_change": 0.0, "phase_sync_change": 0.00010575363549247818, "epi_magnitude_change": 0.0, "hash_signature": "9cda0264af6f3109", "sequence_str": "ZHIR -> OZ -> SHA"}