{"sequence": ["REMESH", "REMESH", "REMESH", "RA", "SHA"], "coherence_change": 0.0, "sense_index_change": -0.005460559251397434, "phi_s_change": 0.0, "grad_phi_change": 0.03965277570010706, "k_phi_change": 0.47080436001496884, "xi_c_change": 0.0, "phase_sync_change": -0.01378973998348465, "epi_magnitude_change": 0.004360649475674272, "hash_signature": "ea0b1cef3601a905", "sequence_str": "REMESH -> REMESH -> REMESH -> RA -> SHA"}