{"sequence": ["AL", "AL", "VAL", "OZ"], "coherence_change": -0.014837449486523657, "sense_index_change": 0.016121182445030247, "phi_s_change": -0.02139499904015607, "grad_phi_change": 0.0, "k_phi_change": 0.0, "xi_c_change": 0.0, "phase_sync_change": 0.0, "epi_magnitude_change": 0.02435401475386323, "hash_signature": "9a542b3a8d878e5d", "sequence_str": "AL -> AL -> VAL -> OZ"}