{"sequence": ["UM", "AL", "AL", "THOL", "SHA"], "coherence_change": 0.006035978167683642, "sense_index_change": 0.006694552692053324, "phi_s_change": 0.06962358979673944, "grad_phi_change": -0.09635797274168278, "k_phi_change": 0.3778577781135053, "xi_c_change": 0.0, "phase_sync_change": 0.04227499756019626, "epi_magnitude_change": -0.004380358632217196, "hash_signature": "420adbad97229879", "sequence_str": "UM -> AL -> AL -> THOL -> SHA"}