{"sequence": ["RA", "RA", "VAL", "RA", "NAV"], "coherence_change": 0.0, "sense_index_change": 0.06859582378364959, "phi_s_change": 0.0, "grad_phi_change": -0.43039835396784487, "k_phi_change": 0.2526332075612385, "xi_c_change": 0.0, "phase_sync_change": 0.14043811431035902, "epi_magnitude_change": 0.011470316115223644, "hash_signature": "96413ce6865adbd7", "sequence_str": "RA -> RA -> VAL -> RA -> NAV"}