{"sequence": ["REMESH", "ZHIR", "OZ", "NAV", "REMESH"], "coherence_change": -0.009280312040776728, "sense_index_change": 0.003231870845888052, "phi_s_change": -0.06217599809537433, "grad_phi_change": -0.049916416607037606, "k_phi_change": 0.00503748007363633, "xi_c_change": 0.0, "phase_sync_change": 0.013333333333333308, "epi_magnitude_change": 0.00309929169925538, "hash_signature": "2fbd9dd3af553866", "sequence_str": "REMESH -> ZHIR -> OZ -> NAV -> REMESH"}