{"sequence": ["OZ", "NAV", "VAL", "THOL", "NAV"], "coherence_change": -0.00855012517134357, "sense_index_change": 0.004950914615739155, "phi_s_change": 0.0034396778329656152, "grad_phi_change": 0.0, "k_phi_change": 0.0, "xi_c_change": 0.0, "phase_sync_change": 0.0, "epi_magnitude_change": 0.01847202869844955, "hash_signature": "467ac233623f24dd", "sequence_str": "OZ -> NAV -> VAL -> THOL -> NAV"}