{"sequence": ["NAV", "REMESH", "EN", "OZ"], "coherence_change": -0.013140871356975947, "sense_index_change": 0.02102105771681395, "phi_s_change": -0.21714430670961082, "grad_phi_change": 0.0, "k_phi_change": 0.0, "xi_c_change": 0.0, "phase_sync_change": 0.0, "epi_magnitude_change": 0.0014380383274130715, "hash_signature": "b516c46f865f8c0a", "sequence_str": "NAV -> REMESH -> EN -> OZ"}