{"sequence": ["NAV", "SHA", "IL", "UM", "SHA"], "coherence_change": 0.006344680442044948, "sense_index_change": 0.030421152613825164, "phi_s_change": 0.018659636740029906, "grad_phi_change": -0.06896163666626842, "k_phi_change": 0.2940628308328892, "xi_c_change": 0.0, "phase_sync_change": 0.024447079940674965, "epi_magnitude_change": 0.0, "hash_signature": "ac14c3cd058a5d20", "sequence_str": "NAV -> SHA -> IL -> UM -> SHA"}