{"sequence": ["REMESH", "EN", "REMESH", "IL", "OZ"], "coherence_change": -0.0013003395593866873, "sense_index_change": -0.025845548926111683, "phi_s_change": 0.04490535365593218, "grad_phi_change": 0.0, "k_phi_change": 0.0, "xi_c_change": 0.0, "phase_sync_change": 0.0, "epi_magnitude_change": 0.0023597016103215074, "hash_signature": "a5c7109311614af4", "sequence_str": "REMESH -> EN -> REMESH -> IL -> OZ"}