{"sequence": ["NAV", "EN", "VAL", "RA", "NAV"], "coherence_change": 0.0, "sense_index_change": -0.0001823046799932504, "phi_s_change": 0.0, "grad_phi_change": -0.08104721627813993, "k_phi_change": 0.26918882606350725, "xi_c_change": 0.0, "phase_sync_change": 0.025035968457589597, "epi_magnitude_change": 0.020103939748721045, "hash_signature": "91a30236d16e2123", "sequence_str": "NAV -> EN -> VAL -> RA -> NAV"}