{"sequence": ["AL", "VAL", "OZ", "UM", "SHA"], "coherence_change": -0.016086517099551778, "sense_index_change": 0.06333463080947721, "phi_s_change": 0.05636576390806891, "grad_phi_change": -0.19149363233307848, "k_phi_change": 0.5817987097314454, "xi_c_change": 0.0, "phase_sync_change": 0.06141704991622443, "epi_magnitude_change": 0.015992887085957253, "hash_signature": "a9f648224cd8560c", "sequence_str": "AL -> VAL -> OZ -> UM -> SHA"}