{"sequence": ["IL", "RA", "SHA"], "coherence_change": 0.007839948378013495, "sense_index_change": 0.014627299964400153, "phi_s_change": 0.025290333085751238, "grad_phi_change": -0.035256962898812194, "k_phi_change": 0.25242381089696825, "xi_c_change": 0.0, "phase_sync_change": 0.009128356908123969, "epi_magnitude_change": 0.0, "hash_signature": "57f07441c24e10c2", "sequence_str": "IL -> RA -> SHA"}