{"sequence": ["SHA", "UM", "IL", "SHA"], "coherence_change": 0.005416507074380905, "sense_index_change": 0.05215134238795005, "phi_s_change": -0.027971320071633055, "grad_phi_change": -0.20781425019581024, "k_phi_change": 0.020728415570047898, "xi_c_change": 0.0, "phase_sync_change": 0.07077881568640465, "epi_magnitude_change": 0.0, "hash_signature": "32a4741eda868160", "sequence_str": "SHA -> UM -> IL -> SHA"}