{"sequence": ["IL", "VAL", "OZ", "REMESH"], "coherence_change": -0.0017460650077174567, "sense_index_change": 0.018434290801869313, "phi_s_change": -0.00015761600686381438, "grad_phi_change": 0.0, "k_phi_change": 0.0, "xi_c_change": 0.0, "phase_sync_change": 0.0, "epi_magnitude_change": 0.021180828325877088, "hash_signature": "cc2974cf2bd5f8af", "sequence_str": "IL -> VAL -> OZ -> REMESH"}