{"sequence": ["AL", "THOL", "REMESH", "THOL", "NAV"], "coherence_change": 0.009346606887409847, "sense_index_change": 0.007294134417454967, "phi_s_change": 0.003222294655543134, "grad_phi_change": 0.0, "k_phi_change": 0.0, "xi_c_change": 0.0, "phase_sync_change": 0.0, "epi_magnitude_change": 0.0038193588421006064, "hash_signature": "c0b042b3db5e4d52", "sequence_str": "AL -> THOL -> REMESH -> THOL -> NAV"}