{"sequence": ["NAV", "OZ", "VAL", "THOL", "REMESH"], "coherence_change": -0.010918209842520787, "sense_index_change": -0.007279614485067087, "phi_s_change": 0.0170645642302083, "grad_phi_change": 0.0, "k_phi_change": 0.0, "xi_c_change": 0.0, "phase_sync_change": 0.0, "epi_magnitude_change": 0.016836675804025036, "hash_signature": "72f5677ca0a4676e", "sequence_str": "NAV -> OZ -> VAL -> THOL -> REMESH"}