{"sequence": ["AL", "THOL", "AL", "SHA"], "coherence_change": 0.004630833698850867, "sense_index_change": 0.003612894599426708, "phi_s_change": 0.07322697109813558, "grad_phi_change": 0.0, "k_phi_change": 0.0, "xi_c_change": 0.0, "phase_sync_change": 0.0, "epi_magnitude_change": 0.00453296256075264, "hash_signature": "bdb23122f89e3224", "sequence_str": "AL -> THOL -> AL -> SHA"}