{"sequence": ["THOL", "NUL", "SHA", "ZHIR", "OZ"], "coherence_change": -0.003496539272119903, "sense_index_change": 0.013120986877209084, "phi_s_change": -0.027732525729859514, "grad_phi_change": 0.02496665612309279, "k_phi_change": -0.0277271732089861, "xi_c_change": 0.0, "phase_sync_change": -0.00937216305336186, "epi_magnitude_change": -0.013878568900565602, "hash_signature": "c9fbb356d7d92ffb", "sequence_str": "THOL -> NUL -> SHA -> ZHIR -> OZ"}