{"sequence": ["EN", "EN", "RA", "RA", "UM", "SHA"], "coherence_change": 0.0, "sense_index_change": 0.07292542307128236, "phi_s_change": 0.0, "grad_phi_change": -0.49386038373391794, "k_phi_change": -0.08194005518357084, "xi_c_change": 0.0, "phase_sync_change": 0.1532394707227217, "epi_magnitude_change": 0.0, "hash_signature": "e2c01a5479d98851", "sequence_str": "EN -> EN -> RA -> RA -> UM -> SHA"}