{"sequence": ["NAV", "UM", "IL", "IL", "UM", "SHA"], "coherence_change": 0.019329044400853035, "sense_index_change": 0.029736046684128326, "phi_s_change": 0.13307003823308106, "grad_phi_change": -0.27332450594412294, "k_phi_change": 0.5117127533626717, "xi_c_change": 0.0, "phase_sync_change": 0.07922490603760268, "epi_magnitude_change": 0.0, "hash_signature": "84717bba76411e70", "sequence_str": "NAV -> UM -> IL -> IL -> UM -> SHA"}