{"sequence": ["RA", "NUL", "RA", "SHA"], "coherence_change": 0.0, "sense_index_change": 0.0017209656074087532, "phi_s_change": 0.0, "grad_phi_change": -0.04149033528083379, "k_phi_change": -0.12998720141958908, "xi_c_change": 0.0, "phase_sync_change": 0.012375272920795322, "epi_magnitude_change": -0.018343765646685717, "hash_signature": "6fe46335f992dc9b", "sequence_str": "RA -> NUL -> RA -> SHA"}