{"sequence": ["IL", "ZHIR", "ZHIR", "SHA"], "coherence_change": 0.008054291697661808, "sense_index_change": 0.005232275472298209, "phi_s_change": 0.05049260866770833, "grad_phi_change": 0.025976105923828374, "k_phi_change": 0.162678835348304, "xi_c_change": 0.0, "phase_sync_change": -0.004782246187770789, "epi_magnitude_change": 0.0, "hash_signature": "8b5c68bde205c5e2", "sequence_str": "IL -> ZHIR -> ZHIR -> SHA"}