{"sequence": ["VAL", "AL", "OZ", "UM", "OZ"], "coherence_change": -0.030439964987104884, "sense_index_change": -0.012912990395900603, "phi_s_change": -0.01982732809667276, "grad_phi_change": 0.1500802247102082, "k_phi_change": 0.2516297196662623, "xi_c_change": 0.0, "phase_sync_change": -0.05752874041910594, "epi_magnitude_change": 0.021091193506873718, "hash_signature": "d2bc8da72a5e07f8", "sequence_str": "VAL -> AL -> OZ -> UM -> OZ"}