{"sequence": ["UM", "NAV", "AL", "AL", "REMESH"], "coherence_change": 0.0, "sense_index_change": 0.029551916028404235, "phi_s_change": 0.0, "grad_phi_change": -0.16448656421483032, "k_phi_change": 0.5429638686801654, "xi_c_change": 0.0, "phase_sync_change": 0.07370458434593019, "epi_magnitude_change": -0.00548828276613178, "hash_signature": "054ff833e7e50f4d", "sequence_str": "UM -> NAV -> AL -> AL -> REMESH"}