{"sequence": ["IL", "SHA", "AL", "IL", "REMESH"], "coherence_change": 0.015012879788623534, "sense_index_change": -0.01983151697532648, "phi_s_change": 0.16462624295344186, "grad_phi_change": 0.0, "k_phi_change": 0.0, "xi_c_change": 0.0, "phase_sync_change": 0.0, "epi_magnitude_change": -0.004746489150182831, "hash_signature": "cf07413a7f78cf56", "sequence_str": "IL -> SHA -> AL -> IL -> REMESH"}