{"sequence": ["VAL", "NAV", "RA", "NAV"], "coherence_change": 0.0, "sense_index_change": -0.0181010425433743, "phi_s_change": 0.0, "grad_phi_change": 0.06461314820350461, "k_phi_change": 0.2631934116306287, "xi_c_change": 0.0, "phase_sync_change": -0.025529727975215133, "epi_magnitude_change": 0.006228981661856481, "hash_signature": "41c0763a594c04bb", "sequence_str": "VAL -> NAV -> RA -> NAV"}