{"sequence": ["AL", "REMESH", "RA", "IL", "OZ"], "coherence_change": 0.003077776138245003, "sense_index_change": -0.019422518305258485, "phi_s_change": 0.04331864904326865, "grad_phi_change": 0.019497690305340543, "k_phi_change": 0.5901419892687111, "xi_c_change": 0.0, "phase_sync_change": -0.013123316597941304, "epi_magnitude_change": 4.0758622324332805e-05, "hash_signature": "54028a73e21431b2", "sequence_str": "AL -> REMESH -> RA -> IL -> OZ"}