{"sequence": ["NUL", "OZ", "SHA", "REMESH"], "coherence_change": -0.005004092586764819, "sense_index_change": 0.00256823733764866, "phi_s_change": 0.024645399674984803, "grad_phi_change": 0.0, "k_phi_change": 0.0, "xi_c_change": 0.0, "phase_sync_change": 0.0, "epi_magnitude_change": -0.02146036833338205, "hash_signature": "879cf1fbf99f64b8", "sequence_str": "NUL -> OZ -> SHA -> REMESH"}