{"sequence": ["NAV", "VAL", "RA", "NAV"], "coherence_change": 0.0, "sense_index_change": 0.027395513438684516, "phi_s_change": 0.0, "grad_phi_change": -0.14913310048862338, "k_phi_change": 0.12815354268578108, "xi_c_change": 0.0, "phase_sync_change": 0.04802975079620975, "epi_magnitude_change": 0.02269202644431867, "hash_signature": "2008ef86293a5ca3", "sequence_str": "NAV -> VAL -> RA -> NAV"}