{"sequence": ["AL", "AL", "UM", "RA", "REMESH"], "coherence_change": 0.0, "sense_index_change": 0.039045039528533776, "phi_s_change": 0.0, "grad_phi_change": -0.1770274138542327, "k_phi_change": 0.25012426726629, "xi_c_change": 0.0, "phase_sync_change": 0.045436369129555065, "epi_magnitude_change": -0.005647147156603638, "hash_signature": "827c4fe51b904032", "sequence_str": "AL -> AL -> UM -> RA -> REMESH"}