{"sequence": ["SHA", "AL", "AL", "RA", "IL", "REMESH"], "coherence_change": 0.007924367484396067, "sense_index_change": -0.012912778902262667, "phi_s_change": 0.05349907896377981, "grad_phi_change": 0.13434632165813087, "k_phi_change": 0.01102420119504735, "xi_c_change": 0.0, "phase_sync_change": -0.05528811475385553, "epi_magnitude_change": 0.015598689854828596, "hash_signature": "74b4648275e74901", "sequence_str": "SHA -> AL -> AL -> RA -> IL -> REMESH"}