{"sequence": ["AL", "REMESH", "THOL", "SHA"], "coherence_change": 0.0032278588613163794, "sense_index_change": 0.002766271052023095, "phi_s_change": 0.03358220776830878, "grad_phi_change": 0.0, "k_phi_change": 0.0, "xi_c_change": 0.0, "phase_sync_change": 0.0, "epi_magnitude_change": 0.0005118947684652486, "hash_signature": "d3c018d27c4ee0cb", "sequence_str": "AL -> REMESH -> THOL -> SHA"}