{"sequence": ["AL", "AL", "OZ", "UM", "SHA"], "coherence_change": -0.013007523646846764, "sense_index_change": 0.016410873847073293, "phi_s_change": -0.1468978438855173, "grad_phi_change": -0.07857713672148847, "k_phi_change": -0.25312829853193763, "xi_c_change": 0.0, "phase_sync_change": 0.016812222367817542, "epi_magnitude_change": -0.0036623565434946714, "hash_signature": "960e9b94e00d568e", "sequence_str": "AL -> AL -> OZ -> UM -> SHA"}