{"sequence": ["UM", "SHA", "RA", "EN", "REMESH"], "coherence_change": 0.0, "sense_index_change": 0.034428145854499714, "phi_s_change": 0.0, "grad_phi_change": -0.12979412840193572, "k_phi_change": 0.30134311030997113, "xi_c_change": 0.0, "phase_sync_change": 0.029630166614404763, "epi_magnitude_change": 0.000816790788984556, "hash_signature": "286ac4d70cb6ff66", "sequence_str": "UM -> SHA -> RA -> EN -> REMESH"}