{"sequence": ["EN", "EN", "AL", "EN", "ZHIR", "REMESH"], "coherence_change": 0.0, "sense_index_change": 0.024815056829073923, "phi_s_change": 0.0, "grad_phi_change": -0.0735407521368352, "k_phi_change": -0.04608298438486108, "xi_c_change": 0.0, "phase_sync_change": 0.02726302812921788, "epi_magnitude_change": 0.006400308206129801, "hash_signature": "9943d27306c9fcf6", "sequence_str": "EN -> EN -> AL -> EN -> ZHIR -> REMESH"}