{"sequence": ["ZHIR", "REMESH", "IL", "VAL", "REMESH"], "coherence_change": 0.007456797026504258, "sense_index_change": 0.0022274497541981964, "phi_s_change": 0.01703536056370858, "grad_phi_change": 0.059654963954609785, "k_phi_change": 0.16026239395678032, "xi_c_change": 0.0, "phase_sync_change": -0.01704387999990531, "epi_magnitude_change": 0.015772140573469207, "hash_signature": "bdc26e1268ea6c30", "sequence_str": "ZHIR -> REMESH -> IL -> VAL -> REMESH"}