{"sequence": ["NAV", "AL", "OZ", "SHA", "AL", "SHA"], "coherence_change": -0.012406279314721713, "sense_index_change": 0.010649103493788004, "phi_s_change": 0.14029320804843426, "grad_phi_change": 0.0, "k_phi_change": 0.0, "xi_c_change": 0.0, "phase_sync_change": 0.0, "epi_magnitude_change": 0.011624510659352327, "hash_signature": "f7374a16f88d2618", "sequence_str": "NAV -> AL -> OZ -> SHA -> AL -> SHA"}