{"sequence": ["AL", "THOL", "NAV", "ZHIR", "OZ"], "coherence_change": -0.0029451858731078806, "sense_index_change": -0.02842533877997999, "phi_s_change": 0.1464630135532794, "grad_phi_change": 0.09209841946005315, "k_phi_change": -0.1945445136104052, "xi_c_change": 0.0, "phase_sync_change": -0.030227473672139515, "epi_magnitude_change": 0.002808036790308388, "hash_signature": "f2243428fab6cba0", "sequence_str": "AL -> THOL -> NAV -> ZHIR -> OZ"}