{"sequence": ["EN", "VAL", "NAV", "ZHIR", "NAV"], "coherence_change": 0.0, "sense_index_change": 0.00106122931977215, "phi_s_change": 0.0, "grad_phi_change": 0.016116773881236002, "k_phi_change": 0.20439470560025366, "xi_c_change": 0.0, "phase_sync_change": -0.0025045135320550527, "epi_magnitude_change": 0.011146383069998933, "hash_signature": "7f87db6755e4f3b9", "sequence_str": "EN -> VAL -> NAV -> ZHIR -> NAV"}