{"sequence": ["AL", "REMESH", "OZ", "NAV"], "coherence_change": -0.014540626376541077, "sense_index_change": 0.004473740082431177, "phi_s_change": -0.048358986918422775, "grad_phi_change": 0.0, "k_phi_change": 0.0, "xi_c_change": 0.0, "phase_sync_change": 0.0, "epi_magnitude_change": -0.0004842127667523677, "hash_signature": "c7cf7e49065a37bc", "sequence_str": "AL -> REMESH -> OZ -> NAV"}