{"sequence": ["RA", "IL", "ZHIR", "ZHIR", "RA", "NAV"], "coherence_change": 0.010056660540585405, "sense_index_change": -5.633710713992546e-05, "phi_s_change": 0.17041292401509212, "grad_phi_change": -0.1492780191772498, "k_phi_change": -0.054935073500490594, "xi_c_change": 0.0, "phase_sync_change": 0.05587698847093192, "epi_magnitude_change": 0.0, "hash_signature": "f23854262085f044", "sequence_str": "RA -> IL -> ZHIR -> ZHIR -> RA -> NAV"}