{"sequence": ["NAV", "ZHIR", "ZHIR", "REMESH"], "coherence_change": 0.0, "sense_index_change": 0.012316785655307805, "phi_s_change": 0.0, "grad_phi_change": -0.07549472111572153, "k_phi_change": 0.040117844020531535, "xi_c_change": 0.0, "phase_sync_change": 0.026653736995887134, "epi_magnitude_change": 0.0014881293084685332, "hash_signature": "2b8f18caab964d71", "sequence_str": "NAV -> ZHIR -> ZHIR -> REMESH"}