{"sequence": ["AL", "VAL", "ZHIR", "NAV"], "coherence_change": 0.0, "sense_index_change": -0.03128878440190086, "phi_s_change": 0.0, "grad_phi_change": 0.10862333337736496, "k_phi_change": -0.09249170233131837, "xi_c_change": 0.0, "phase_sync_change": -0.034364765865234737, "epi_magnitude_change": 0.014905298901365271, "hash_signature": "4b7d636ea1a65d98", "sequence_str": "AL -> VAL -> ZHIR -> NAV"}