{"sequence": ["OZ", "UM", "VAL", "REMESH"], "coherence_change": -0.011560751842184191, "sense_index_change": 0.016824916349938546, "phi_s_change": 0.12783770555502783, "grad_phi_change": -0.12136119493939113, "k_phi_change": 0.3596712285579656, "xi_c_change": 0.0, "phase_sync_change": 0.039170457724610475, "epi_magnitude_change": 0.018175044654174077, "hash_signature": "4f32ec52b5dfa0a8", "sequence_str": "OZ -> UM -> VAL -> REMESH"}