{"sequence": ["UM", "IL", "VAL", "RA", "NAV"], "coherence_change": 0.0063160143441467476, "sense_index_change": 0.05226891252313148, "phi_s_change": -0.029376507949329556, "grad_phi_change": -0.26395580944895203, "k_phi_change": 0.688678989578747, "xi_c_change": 0.0, "phase_sync_change": 0.09203729139492522, "epi_magnitude_change": 0.019421641959937674, "hash_signature": "db8a23cc628c4851", "sequence_str": "UM -> IL -> VAL -> RA -> NAV"}