{"sequence": ["AL", "ZHIR", "NUL", "NAV"], "coherence_change": 0.0, "sense_index_change": 0.012363200812797848, "phi_s_change": 0.0, "grad_phi_change": -0.06365697265976755, "k_phi_change": 0.10670735927750354, "xi_c_change": 0.0, "phase_sync_change": 0.020389298480690154, "epi_magnitude_change": -0.018057532628481643, "hash_signature": "3a738cb50fab8267", "sequence_str": "AL -> ZHIR -> NUL -> NAV"}