{"sequence": ["AL", "REMESH", "IL", "RA", "ZHIR", "OZ"], "coherence_change": -0.008437086827115525, "sense_index_change": 0.008030238715378446, "phi_s_change": -0.14476692503260413, "grad_phi_change": 0.031371248603248914, "k_phi_change": 0.504161679835992, "xi_c_change": 0.0, "phase_sync_change": -0.007124293167929507, "epi_magnitude_change": 0.007711023429945452, "hash_signature": "e689b59612544493", "sequence_str": "AL -> REMESH -> IL -> RA -> ZHIR -> OZ"}