{"sequence": ["EN", "RA", "THOL", "RA", "RA", "NAV"], "coherence_change": 0.00554545143831664, "sense_index_change": 0.06283209657742272, "phi_s_change": -0.05275432544757652, "grad_phi_change": -0.43466172413325954, "k_phi_change": 0.1212878789254219, "xi_c_change": 0.0, "phase_sync_change": 0.1465155409633344, "epi_magnitude_change": 0.0, "hash_signature": "cc473b245ac0c579", "sequence_str": "EN -> RA -> THOL -> RA -> RA -> NAV"}