{"sequence": ["REMESH", "VAL", "RA", "EN", "OZ"], "coherence_change": -0.010097248017818417, "sense_index_change": -0.029714690657950793, "phi_s_change": -0.06992927855498354, "grad_phi_change": 0.07654944756531346, "k_phi_change": 0.25888095555922425, "xi_c_change": 0.0, "phase_sync_change": -0.02889733635214531, "epi_magnitude_change": 0.02141326062128357, "hash_signature": "0e9533a7fabc738a", "sequence_str": "REMESH -> VAL -> RA -> EN -> OZ"}