{"sequence": ["RA", "NAV", "EN", "EN", "VAL", "REMESH"], "coherence_change": 0.0, "sense_index_change": 0.013406057156715279, "phi_s_change": 0.0, "grad_phi_change": -0.03339085318294477, "k_phi_change": 0.2655538995711513, "xi_c_change": 0.0, "phase_sync_change": 0.005000543116309597, "epi_magnitude_change": 0.012139380542169675, "hash_signature": "0734841cc1e8d22d", "sequence_str": "RA -> NAV -> EN -> EN -> VAL -> REMESH"}