{"sequence": ["THOL", "REMESH", "NAV", "NUL", "NAV"], "coherence_change": 0.005832964899478821, "sense_index_change": 0.0018241944681899325, "phi_s_change": 0.029955637405087998, "grad_phi_change": 0.0, "k_phi_change": 0.0, "xi_c_change": 0.0, "phase_sync_change": 0.0, "epi_magnitude_change": -0.009226699858732146, "hash_signature": "f42a4fa883c282f6", "sequence_str": "THOL -> REMESH -> NAV -> NUL -> NAV"}