{"sequence": ["UM", "AL", "RA", "VAL", "REMESH"], "coherence_change": 0.0, "sense_index_change": 0.028908710581048824, "phi_s_change": 0.0, "grad_phi_change": -0.08577187403616304, "k_phi_change": 0.3372034089125572, "xi_c_change": 0.0, "phase_sync_change": 0.03132542336275146, "epi_magnitude_change": 0.012185544436576379, "hash_signature": "8c340ffb3711c695", "sequence_str": "UM -> AL -> RA -> VAL -> REMESH"}