{"sequence": ["EN", "ZHIR", "IL", "EN", "UM", "REMESH"], "coherence_change": 0.007068581512418515, "sense_index_change": 0.03080239512337679, "phi_s_change": 0.04156468687460613, "grad_phi_change": -0.14848264715357673, "k_phi_change": 0.394312211198026, "xi_c_change": 0.0, "phase_sync_change": 0.044279101513171826, "epi_magnitude_change": 0.0013110227501725857, "hash_signature": "b7bc8673f8b3d3dd", "sequence_str": "EN -> ZHIR -> IL -> EN -> UM -> REMESH"}