{"sequence": ["REMESH", "AL", "SHA", "EN", "OZ"], "coherence_change": -0.013613193779533406, "sense_index_change": 0.010320516180761685, "phi_s_change": -0.1873998467345539, "grad_phi_change": 0.0, "k_phi_change": 0.0, "xi_c_change": 0.0, "phase_sync_change": 0.0, "epi_magnitude_change": 0.004493082622928024, "hash_signature": "5bd597a241e39fe6", "sequence_str": "REMESH -> AL -> SHA -> EN -> OZ"}