{"sequence": ["NAV", "OZ", "UM", "ZHIR", "RA", "NAV"], "coherence_change": -0.011128428879510488, "sense_index_change": 0.020957889097315996, "phi_s_change": -0.15532907819909658, "grad_phi_change": -0.07232912875366782, "k_phi_change": 0.4819747663922587, "xi_c_change": 0.0, "phase_sync_change": 0.028567069991085936, "epi_magnitude_change": 0.0, "hash_signature": "d9dfa7a08d92a2cf", "sequence_str": "NAV -> OZ -> UM -> ZHIR -> RA -> NAV"}