{"sequence": ["OZ", "REMESH", "THOL", "RA", "THOL", "OZ"], "coherence_change": -0.011942515230893513, "sense_index_change": 0.007273397943289961, "phi_s_change": 0.05442788986895353, "grad_phi_change": 0.032333328782578885, "k_phi_change": 0.6670047898601743, "xi_c_change": 0.0, "phase_sync_change": -0.019145867983650144, "epi_magnitude_change": 0.0012666221021790935, "hash_signature": "605aabf7ecd7e882", "sequence_str": "OZ -> REMESH -> THOL -> RA -> THOL -> OZ"}