{"sequence": ["EN", "SHA", "THOL", "REMESH"], "coherence_change": 0.005594105958350526, "sense_index_change": 0.003396177525292532, "phi_s_change": -0.00875662701738067, "grad_phi_change": 0.0, "k_phi_change": 0.0, "xi_c_change": 0.0, "phase_sync_change": 0.0, "epi_magnitude_change": 0.0014998013908689156, "hash_signature": "be54e15b071a26b4", "sequence_str": "EN -> SHA -> THOL -> REMESH"}