{"sequence": ["VAL", "REMESH", "NUL", "UM", "UM", "NAV"], "coherence_change": 0.0, "sense_index_change": 0.011534679375099444, "phi_s_change": 0.0, "grad_phi_change": -0.050643998802125445, "k_phi_change": 0.14770627798353742, "xi_c_change": 0.0, "phase_sync_change": 0.01387566855940836, "epi_magnitude_change": 0.005514202165192605, "hash_signature": "762a21aaade948c5", "sequence_str": "VAL -> REMESH -> NUL -> UM -> UM -> NAV"}