{"sequence": ["IL", "VAL", "NAV", "UM", "AL", "OZ"], "coherence_change": -0.0037511617328154223, "sense_index_change": -0.0025585073490622667, "phi_s_change": -0.004982174443256104, "grad_phi_change": -0.06636942966534543, "k_phi_change": -0.007842451766740421, "xi_c_change": 0.0, "phase_sync_change": 0.010690725525752787, "epi_magnitude_change": 0.007781338775793234, "hash_signature": "df646c8ae4f1c4b5", "sequence_str": "IL -> VAL -> NAV -> UM -> AL -> OZ"}