{"sequence": ["UM", "IL", "AL", "REMESH", "EN", "OZ"], "coherence_change": -0.006238883755706359, "sense_index_change": 0.020390686923220658, "phi_s_change": 0.05335026097965234, "grad_phi_change": -0.22406470446266735, "k_phi_change": 0.38096808388927644, "xi_c_change": 0.0, "phase_sync_change": 0.053490174968369386, "epi_magnitude_change": -0.006437266618994908, "hash_signature": "bb3000caaba31f59", "sequence_str": "UM -> IL -> AL -> REMESH -> EN -> OZ"}