{"sequence": ["EN", "IL", "RA", "NAV"], "coherence_change": 0.006655023074497168, "sense_index_change": 0.012691060992762182, "phi_s_change": 0.048957740022470775, "grad_phi_change": -0.07612334614042493, "k_phi_change": 0.3778570707445616, "xi_c_change": 0.0, "phase_sync_change": 0.019706743570741092, "epi_magnitude_change": 0.0, "hash_signature": "a6bff86ffac0aa32", "sequence_str": "EN -> IL -> RA -> NAV"}