{"sequence": ["REMESH", "RA", "VAL", "AL", "SHA"], "coherence_change": 0.0, "sense_index_change": -0.018755979750860574, "phi_s_change": 0.0, "grad_phi_change": 0.13383820755661735, "k_phi_change": 0.11446523300907503, "xi_c_change": 0.0, "phase_sync_change": -0.04490114962929259, "epi_magnitude_change": 0.010860493793618198, "hash_signature": "4ca7f8c6de477bf5", "sequence_str": "REMESH -> RA -> VAL -> AL -> SHA"}