{"sequence": ["OZ", "NUL", "THOL", "OZ"], "coherence_change": -0.018498771991632412, "sense_index_change": 0.014736037023914572, "phi_s_change": -0.014552938363874168, "grad_phi_change": 0.0, "k_phi_change": 0.0, "xi_c_change": 0.0, "phase_sync_change": 0.0, "epi_magnitude_change": -0.013393179512131703, "hash_signature": "144d3660a08b4954", "sequence_str": "OZ -> NUL -> THOL -> OZ"}