{"sequence": ["NAV", "THOL", "ZHIR", "UM", "SHA"], "coherence_change": 0.007211333746804938, "sense_index_change": 0.0018417109955679578, "phi_s_change": 0.004240936222514868, "grad_phi_change": -0.05592645101541205, "k_phi_change": 0.34478571375025235, "xi_c_change": 0.0, "phase_sync_change": 0.0062517847398171345, "epi_magnitude_change": 0.0, "hash_signature": "580e8f52ae6ef1db", "sequence_str": "NAV -> THOL -> ZHIR -> UM -> SHA"}