{"sequence": ["ZHIR", "AL", "AL", "RA", "NAV"], "coherence_change": 0.0, "sense_index_change": 0.0018329916621933062, "phi_s_change": 0.0, "grad_phi_change": -0.14141169542765186, "k_phi_change": 0.14957212933079556, "xi_c_change": 0.0, "phase_sync_change": 0.05041690518435493, "epi_magnitude_change": 0.004551845541547639, "hash_signature": "5c474332b195bf9c", "sequence_str": "ZHIR -> AL -> AL -> RA -> NAV"}