{"sequence": ["AL", "IL", "UM", "OZ"], "coherence_change": -0.0031309964700116932, "sense_index_change": 0.028618695954459872, "phi_s_change": -0.02432607922771468, "grad_phi_change": -0.18657644375678295, "k_phi_change": 0.6017164919994805, "xi_c_change": 0.0, "phase_sync_change": 0.05250286882015964, "epi_magnitude_change": 0.002555478494164598, "hash_signature": "c9957e6ea2a3351f", "sequence_str": "AL -> IL -> UM -> OZ"}