{"sequence": ["REMESH", "THOL", "UM", "OZ", "NAV"], "coherence_change": -0.0037780073733135744, "sense_index_change": 0.01574878021530257, "phi_s_change": -0.0771252835930929, "grad_phi_change": -0.07528924479195931, "k_phi_change": 0.5252736342295511, "xi_c_change": 0.0, "phase_sync_change": 0.025938314980678223, "epi_magnitude_change": 0.0011452253784464128, "hash_signature": "a22027a379d13f7c", "sequence_str": "REMESH -> THOL -> UM -> OZ -> NAV"}