{"sequence": ["UM", "ZHIR", "ZHIR", "REMESH", "NUL", "SHA"], "coherence_change": 0.0, "sense_index_change": 0.009686539951768935, "phi_s_change": 0.0, "grad_phi_change": -0.09558969131369754, "k_phi_change": 0.012906744359524575, "xi_c_change": 0.0, "phase_sync_change": 0.019971487343260264, "epi_magnitude_change": -0.022317259120434807, "hash_signature": "64d38141ac774c63", "sequence_str": "UM -> ZHIR -> ZHIR -> REMESH -> NUL -> SHA"}