{"sequence": ["NAV", "SHA", "SHA", "NUL", "OZ"], "coherence_change": -0.01136303497576352, "sense_index_change": 0.003705182131803708, "phi_s_change": -0.14992256617387434, "grad_phi_change": 0.0, "k_phi_change": 0.0, "xi_c_change": 0.0, "phase_sync_change": 0.0, "epi_magnitude_change": -0.02121278604665655, "hash_signature": "65d6aba049100555", "sequence_str": "NAV -> SHA -> SHA -> NUL -> OZ"}