{"sequence": ["EN", "SHA", "VAL", "IL", "OZ"], "coherence_change": -0.00626292707824494, "sense_index_change": 0.009296224272162257, "phi_s_change": -0.02024189397909104, "grad_phi_change": 0.0, "k_phi_change": 0.0, "xi_c_change": 0.0, "phase_sync_change": 0.0, "epi_magnitude_change": 0.010756593769234768, "hash_signature": "6e6c258eaf662de0", "sequence_str": "EN -> SHA -> VAL -> IL -> OZ"}