{"sequence": ["SHA", "SHA", "VAL", "OZ"], "coherence_change": -0.009117460884385253, "sense_index_change": -0.00939424967880309, "phi_s_change": -0.10718643079826096, "grad_phi_change": 0.0, "k_phi_change": 0.0, "xi_c_change": 0.0, "phase_sync_change": 0.0, "epi_magnitude_change": 0.020240002199351625, "hash_signature": "ab862c8e0996606b", "sequence_str": "SHA -> SHA -> VAL -> OZ"}