{"sequence": ["REMESH", "AL", "NAV", "RA", "NAV"], "coherence_change": 0.0, "sense_index_change": 0.0022764707185722877, "phi_s_change": 0.0, "grad_phi_change": 0.00899462664462125, "k_phi_change": 0.13467587258229863, "xi_c_change": 0.0, "phase_sync_change": -0.004826895729192038, "epi_magnitude_change": -0.017977309133181407, "hash_signature": "18a488af71f72043", "sequence_str": "REMESH -> AL -> NAV -> RA -> NAV"}