{"sequence": ["AL", "THOL", "NUL", "THOL", "NAV"], "coherence_change": 0.00888831141249291, "sense_index_change": 0.006583727168919862, "phi_s_change": -0.017395385898001603, "grad_phi_change": 0.0, "k_phi_change": 0.0, "xi_c_change": 0.0, "phase_sync_change": 0.0, "epi_magnitude_change": -0.017209341890614738, "hash_signature": "7661efe589a51b45", "sequence_str": "AL -> THOL -> NUL -> THOL -> NAV"}