{"sequence": ["REMESH", "REMESH", "ZHIR", "REMESH"], "coherence_change": 0.0, "sense_index_change": 0.010794823637096052, "phi_s_change": 0.0, "grad_phi_change": -0.0389086425946108, "k_phi_change": 0.35024397431176896, "xi_c_change": 0.0, "phase_sync_change": 0.01043952132058823, "epi_magnitude_change": 0.004250373655749651, "hash_signature": "b73029a7ca810cc2", "sequence_str": "REMESH -> REMESH -> ZHIR -> REMESH"}