{"sequence": ["NAV", "IL", "AL", "SHA"], "coherence_change": 0.006105439559200843, "sense_index_change": 0.0038893705382749832, "phi_s_change": 0.047276558724016815, "grad_phi_change": 0.0, "k_phi_change": 0.0, "xi_c_change": 0.0, "phase_sync_change": 0.0, "epi_magnitude_change": 0.002105666623957503, "hash_signature": "3b89b74f6089560e", "sequence_str": "NAV -> IL -> AL -> SHA"}