{"sequence": ["ZHIR", "OZ", "SHA", "SHA", "AL", "SHA"], "coherence_change": -0.011336967336953774, "sense_index_change": 0.0165480318462482, "phi_s_change": 0.05392333998651566, "grad_phi_change": -0.09508323980717237, "k_phi_change": 0.03625498231201635, "xi_c_change": 0.0, "phase_sync_change": 0.033430275131642095, "epi_magnitude_change": -0.009722842168961687, "hash_signature": "12b017160d9781a7", "sequence_str": "ZHIR -> OZ -> SHA -> SHA -> AL -> SHA"}