{"sequence": ["NAV", "SHA", "REMESH", "THOL", "SHA"], "coherence_change": 0.006196043641667814, "sense_index_change": -0.007598614520952007, "phi_s_change": 0.05398884299341766, "grad_phi_change": 0.0, "k_phi_change": 0.0, "xi_c_change": 0.0, "phase_sync_change": 0.0, "epi_magnitude_change": 0.0012424222752649428, "hash_signature": "2e5082d922a35756", "sequence_str": "NAV -> SHA -> REMESH -> THOL -> SHA"}