{"sequence": ["REMESH", "NUL", "ZHIR", "ZHIR", "ZHIR", "OZ"], "coherence_change": -0.011569468277343065, "sense_index_change": 0.021864408435858018, "phi_s_change": -0.011859276070263713, "grad_phi_change": -0.11958318708055704, "k_phi_change": 0.20806607712889177, "xi_c_change": 0.0, "phase_sync_change": 0.04657199773048204, "epi_magnitude_change": -0.01834016204919653, "hash_signature": "07332a229ca8c020", "sequence_str": "REMESH -> NUL -> ZHIR -> ZHIR -> ZHIR -> OZ"}