{"sequence": ["OZ", "VAL", "NAV", "THOL", "REMESH"], "coherence_change": -0.013276637880742848, "sense_index_change": 0.008741537563962232, "phi_s_change": 0.003145465998303898, "grad_phi_change": 0.0, "k_phi_change": 0.0, "xi_c_change": 0.0, "phase_sync_change": 0.0, "epi_magnitude_change": 0.011013795390115266, "hash_signature": "d16b646e1c55426a", "sequence_str": "OZ -> VAL -> NAV -> THOL -> REMESH"}