{"sequence": ["THOL", "VAL", "REMESH", "AL", "OZ"], "coherence_change": -0.003209996705061613, "sense_index_change": 0.004282803815668812, "phi_s_change": -0.042206879856205415, "grad_phi_change": 0.0, "k_phi_change": 0.0, "xi_c_change": 0.0, "phase_sync_change": 0.0, "epi_magnitude_change": 0.022843347574255546, "hash_signature": "ba8498c9958248d2", "sequence_str": "THOL -> VAL -> REMESH -> AL -> OZ"}