{"sequence": ["UM", "VAL", "SHA", "NAV"], "coherence_change": 0.0, "sense_index_change": 0.03698741724417631, "phi_s_change": 0.0, "grad_phi_change": -0.20421290115226087, "k_phi_change": 0.2886829242396059, "xi_c_change": 0.0, "phase_sync_change": 0.05384847361849021, "epi_magnitude_change": 0.013006319216978146, "hash_signature": "9148ead436796ab9", "sequence_str": "UM -> VAL -> SHA -> NAV"}