{"sequence": ["AL", "RA", "IL", "EN", "OZ"], "coherence_change": 0.0014916007090696182, "sense_index_change": -0.010411903202886486, "phi_s_change": 0.05878576660491497, "grad_phi_change": -0.034945972742120635, "k_phi_change": 0.38003738105147455, "xi_c_change": 0.0, "phase_sync_change": 0.004777203461491353, "epi_magnitude_change": 0.0034560163613804873, "hash_signature": "646c6fe770fb0404", "sequence_str": "AL -> RA -> IL -> EN -> OZ"}