{"sequence": ["AL", "REMESH", "SHA", "SHA", "RA", "OZ"], "coherence_change": -0.015673505778157515, "sense_index_change": 0.01744068520003994, "phi_s_change": -0.17395515175437015, "grad_phi_change": -0.050583275295333685, "k_phi_change": 0.15227704645383816, "xi_c_change": 0.0, "phase_sync_change": 0.011244738232062068, "epi_magnitude_change": 0.0030897213536699164, "hash_signature": "0736ddc4a166aea3", "sequence_str": "AL -> REMESH -> SHA -> SHA -> RA -> OZ"}