{"sequence": ["IL", "NAV", "OZ", "UM", "ZHIR", "REMESH"], "coherence_change": -0.0002742660595640434, "sense_index_change": 0.02028216946204542, "phi_s_change": -0.0642376789388931, "grad_phi_change": -0.04865080844098757, "k_phi_change": -0.2651401127604115, "xi_c_change": 0.0, "phase_sync_change": 0.0173963479621132, "epi_magnitude_change": 0.0016312949087010642, "hash_signature": "9ecf69b95c73d32c", "sequence_str": "IL -> NAV -> OZ -> UM -> ZHIR -> REMESH"}