{"sequence": ["EN", "ZHIR", "AL", "SHA"], "coherence_change": 0.0, "sense_index_change": 0.002562559490998595, "phi_s_change": 0.0, "grad_phi_change": -0.055041649478348775, "k_phi_change": -0.10569649459710789, "xi_c_change": 0.0, "phase_sync_change": 0.02152458156114012, "epi_magnitude_change": 0.000992681049523103, "hash_signature": "494e81099af5ebb1", "sequence_str": "EN -> ZHIR -> AL -> SHA"}