{"sequence": ["SHA", "UM", "VAL", "ZHIR", "AL", "OZ"], "coherence_change": -0.012766874868632594, "sense_index_change": 0.04801756355400333, "phi_s_change": -0.008594037271428823, "grad_phi_change": -0.09586916614799912, "k_phi_change": 0.42657824197459954, "xi_c_change": 0.0, "phase_sync_change": 0.023324836243765912, "epi_magnitude_change": 0.01756589255120533, "hash_signature": "da8109a7a1aab4ed", "sequence_str": "SHA -> UM -> VAL -> ZHIR -> AL -> OZ"}