{"sequence": ["REMESH", "THOL", "UM", "NAV"], "coherence_change": 0.004425119836238833, "sense_index_change": 0.02409477996369902, "phi_s_change": 0.036960696569616314, "grad_phi_change": -0.13481212242972074, "k_phi_change": 0.1261480751560452, "xi_c_change": 0.0, "phase_sync_change": 0.05438359293154382, "epi_magnitude_change": 0.0016041851069367175, "hash_signature": "d97da3151d4d280b", "sequence_str": "REMESH -> THOL -> UM -> NAV"}