{"sequence": ["RA", "NUL", "REMESH", "VAL", "SHA"], "coherence_change": 0.0, "sense_index_change": 0.018995500442116398, "phi_s_change": 0.0, "grad_phi_change": -0.06464240998900816, "k_phi_change": 0.26049418513440326, "xi_c_change": 0.0, "phase_sync_change": 0.01658344736696793, "epi_magnitude_change": 0.0068953444918795626, "hash_signature": "1c7d8c5577ebeeb5", "sequence_str": "RA -> NUL -> REMESH -> VAL -> SHA"}