{"sequence": ["RA", "ZHIR", "NAV", "REMESH"], "coherence_change": 0.0, "sense_index_change": 0.0075993398193870965, "phi_s_change": 0.0, "grad_phi_change": -0.06917063106454391, "k_phi_change": 0.20936091652670688, "xi_c_change": 0.0, "phase_sync_change": 0.02015267284102895, "epi_magnitude_change": 0.0017354549148725917, "hash_signature": "eff296661d0cdce6", "sequence_str": "RA -> ZHIR -> NAV -> REMESH"}