{"sequence": ["SHA", "RA", "REMESH"], "coherence_change": 0.0, "sense_index_change": -0.01637835390566622, "phi_s_change": 0.0, "grad_phi_change": 0.025239849247577162, "k_phi_change": 0.10510567947348783, "xi_c_change": 0.0, "phase_sync_change": -0.010509843147368692, "epi_magnitude_change": 0.0016429853896849922, "hash_signature": "7cd7d9db3504b3c1", "sequence_str": "SHA -> RA -> REMESH"}