{"sequence": ["IL", "SHA", "NUL", "UM", "NAV"], "coherence_change": 0.008074507013357102, "sense_index_change": 0.021827919015047326, "phi_s_change": 0.07062609372914719, "grad_phi_change": -0.1594126766113828, "k_phi_change": -0.02297801939922997, "xi_c_change": 0.0, "phase_sync_change": 0.04609231176827433, "epi_magnitude_change": -0.028256471681880058, "hash_signature": "03c1c6be8487d5c2", "sequence_str": "IL -> SHA -> NUL -> UM -> NAV"}