{"sequence": ["UM", "IL", "ZHIR", "UM", "OZ"], "coherence_change": -0.006902160550048553, "sense_index_change": 0.03312686206560511, "phi_s_change": -0.030696944726749664, "grad_phi_change": -0.18865625113446005, "k_phi_change": 0.4263064387377191, "xi_c_change": 0.0, "phase_sync_change": 0.057208237364896886, "epi_magnitude_change": 0.0, "hash_signature": "c3520b2a23481ec0", "sequence_str": "UM -> IL -> ZHIR -> UM -> OZ"}