{"sequence": ["RA", "IL", "VAL", "AL", "NAV"], "coherence_change": 0.007563234661071561, "sense_index_change": 0.00028546890264569136, "phi_s_change": 0.06529005491039563, "grad_phi_change": 0.023578235598666453, "k_phi_change": 0.13727352136875537, "xi_c_change": 0.0, "phase_sync_change": -0.010792009080411558, "epi_magnitude_change": 0.018198200670904607, "hash_signature": "3ab5bb215ca58a32", "sequence_str": "RA -> IL -> VAL -> AL -> NAV"}