{"sequence": ["RA", "EN", "THOL", "SHA"], "coherence_change": 0.005314867272670942, "sense_index_change": 0.01553681134189, "phi_s_change": 0.012374998635299672, "grad_phi_change": 0.015652470832340004, "k_phi_change": -0.17657412913755555, "xi_c_change": 0.0, "phase_sync_change": -0.013051531781642756, "epi_magnitude_change": 0.0, "hash_signature": "187a9023fda6ce56", "sequence_str": "RA -> EN -> THOL -> SHA"}