{"sequence": ["RA", "ZHIR", "REMESH", "RA", "REMESH"], "coherence_change": 0.0, "sense_index_change": -0.0018274936228305227, "phi_s_change": 0.0, "grad_phi_change": -0.08981120007028087, "k_phi_change": 0.2052812197862783, "xi_c_change": 0.0, "phase_sync_change": 0.035260815933262024, "epi_magnitude_change": 0.002557932181723066, "hash_signature": "8d0a5eb9dd277163", "sequence_str": "RA -> ZHIR -> REMESH -> RA -> REMESH"}