{"sequence": ["IL", "UM", "EN", "IL", "SHA"], "coherence_change": 0.013756639750188926, "sense_index_change": 0.018760955479619867, "phi_s_change": 0.06230905485946159, "grad_phi_change": -0.07335082233716306, "k_phi_change": 0.6521184128252282, "xi_c_change": 0.0, "phase_sync_change": 0.02321989287639492, "epi_magnitude_change": 0.0, "hash_signature": "e7796302c496ec3c", "sequence_str": "IL -> UM -> EN -> IL -> SHA"}