{"sequence": ["EN", "RA", "RA", "REMESH", "RA", "SHA"], "coherence_change": 0.0, "sense_index_change": 0.08144282057825736, "phi_s_change": 0.0, "grad_phi_change": -0.49444014451730034, "k_phi_change": 0.18426530655380816, "xi_c_change": 0.0, "phase_sync_change": 0.157975358519726, "epi_magnitude_change": 0.001119337269420928, "hash_signature": "e63b3300e2b26ed7", "sequence_str": "EN -> RA -> RA -> REMESH -> RA -> SHA"}