{"sequence": ["THOL", "VAL", "EN", "SHA"], "coherence_change": 0.00443458616618686, "sense_index_change": 0.0019745474885652925, "phi_s_change": 0.03911911758243347, "grad_phi_change": 0.0, "k_phi_change": 0.0, "xi_c_change": 0.0, "phase_sync_change": 0.0, "epi_magnitude_change": 0.013897419463571037, "hash_signature": "5ffc4f64400a5b8b", "sequence_str": "THOL -> VAL -> EN -> SHA"}