{"sequence": ["SHA", "RA", "NAV", "ZHIR", "REMESH"], "coherence_change": 0.0, "sense_index_change": -0.01674772388831408, "phi_s_change": 0.0, "grad_phi_change": 0.09163671731110257, "k_phi_change": 0.7517401237358055, "xi_c_change": 0.0, "phase_sync_change": -0.034163681004909185, "epi_magnitude_change": 0.0007925145923746157, "hash_signature": "bad5dfd8babdf92c", "sequence_str": "SHA -> RA -> NAV -> ZHIR -> REMESH"}