{"sequence": ["UM", "IL", "UM", "AL", "SHA"], "coherence_change": 0.010043150013726354, "sense_index_change": -0.024895734057005958, "phi_s_change": -0.05006385111559597, "grad_phi_change": 0.13033551604513227, "k_phi_change": -0.07668141916499444, "xi_c_change": 0.0, "phase_sync_change": -0.05541309301089714, "epi_magnitude_change": -0.0012196934304203877, "hash_signature": "db5b365cd25b3eff", "sequence_str": "UM -> IL -> UM -> AL -> SHA"}