{"sequence": ["IL", "VAL", "ZHIR", "OZ"], "coherence_change": 0.0018060210134351884, "sense_index_change": 0.003533123274441219, "phi_s_change": -0.01299106725008592, "grad_phi_change": 0.018454244863692182, "k_phi_change": -0.04297313290033691, "xi_c_change": 0.0, "phase_sync_change": -0.007709302929378659, "epi_magnitude_change": 0.02192698376809199, "hash_signature": "2823c4cf120fa3e1", "sequence_str": "IL -> VAL -> ZHIR -> OZ"}