{"sequence": ["OZ", "UM", "NUL", "NAV"], "coherence_change": -0.009538913947566785, "sense_index_change": 0.0040984529803097525, "phi_s_change": 0.13489512264376513, "grad_phi_change": 0.03135020959596724, "k_phi_change": -0.17939036628731314, "xi_c_change": 0.0, "phase_sync_change": -0.00848284621515738, "epi_magnitude_change": -0.0167173322252403, "hash_signature": "52dedc0761d90b39", "sequence_str": "OZ -> UM -> NUL -> NAV"}