{"sequence": ["THOL", "AL", "ZHIR", "REMESH"], "coherence_change": 0.0052684576668534655, "sense_index_change": -0.00874557511750168, "phi_s_change": 0.010569703455081014, "grad_phi_change": 0.02933528027656629, "k_phi_change": 0.026666216581939323, "xi_c_change": 0.0, "phase_sync_change": -0.00872892539092418, "epi_magnitude_change": -0.00016285921647374302, "hash_signature": "292d8981d10e49fe", "sequence_str": "THOL -> AL -> ZHIR -> REMESH"}