{"sequence": ["REMESH", "ZHIR", "NAV"], "coherence_change": 0.0, "sense_index_change": -0.018212415354506684, "phi_s_change": 0.0, "grad_phi_change": 0.09267808771162, "k_phi_change": 0.06658587598765231, "xi_c_change": 0.0, "phase_sync_change": -0.029323246245932744, "epi_magnitude_change": 0.0012564936800011361, "hash_signature": "f40ec7ab861c751d", "sequence_str": "REMESH -> ZHIR -> NAV"}