{"sequence": ["THOL", "NUL", "SHA", "THOL", "REMESH"], "coherence_change": 0.012920028225722469, "sense_index_change": 0.005228262621097213, "phi_s_change": 0.04702152658194647, "grad_phi_change": 0.0, "k_phi_change": 0.0, "xi_c_change": 0.0, "phase_sync_change": 0.0, "epi_magnitude_change": -0.022947965401889814, "hash_signature": "a275df401531d15c", "sequence_str": "THOL -> NUL -> SHA -> THOL -> REMESH"}