{"sequence": ["AL", "NUL", "ZHIR", "REMESH"], "coherence_change": 0.0, "sense_index_change": 0.013208316915087503, "phi_s_change": 0.0, "grad_phi_change": -0.029490763335216386, "k_phi_change": 0.07972068946284441, "xi_c_change": 0.0, "phase_sync_change": 0.010643237662437466, "epi_magnitude_change": -0.016898877932804868, "hash_signature": "7e801cee00b5cafd", "sequence_str": "AL -> NUL -> ZHIR -> REMESH"}