{"sequence": ["REMESH", "UM", "ZHIR", "AL", "REMESH"], "coherence_change": 0.0, "sense_index_change": 0.00905400429940495, "phi_s_change": 0.0, "grad_phi_change": -0.028825626815095262, "k_phi_change": 0.3173963525363687, "xi_c_change": 0.0, "phase_sync_change": 0.012263263538437541, "epi_magnitude_change": 0.0022199026583439307, "hash_signature": "6c38ee5a2b5903c1", "sequence_str": "REMESH -> UM -> ZHIR -> AL -> REMESH"}