{"sequence": ["IL", "NUL", "THOL", "REMESH"], "coherence_change": 0.010157302517358358, "sense_index_change": 0.0049402218332528225, "phi_s_change": 0.03125257327029329, "grad_phi_change": 0.0, "k_phi_change": 0.0, "xi_c_change": 0.0, "phase_sync_change": 0.0, "epi_magnitude_change": -0.012555190245734149, "hash_signature": "4d856555439f21bf", "sequence_str": "IL -> NUL -> THOL -> REMESH"}