{"sequence": ["UM", "ZHIR", "SHA", "AL", "VAL", "NAV"], "coherence_change": 0.0, "sense_index_change": -0.012122110728995161, "phi_s_change": 0.0, "grad_phi_change": 0.002469089535715119, "k_phi_change": -0.34666353746023265, "xi_c_change": 0.0, "phase_sync_change": -0.0034229662673621597, "epi_magnitude_change": 0.0003768890283156745, "hash_signature": "6d3efd6d6ce21beb", "sequence_str": "UM -> ZHIR -> SHA -> AL -> VAL -> NAV"}