{"sequence": ["ZHIR", "REMESH", "UM", "REMESH", "UM", "SHA"], "coherence_change": 0.0, "sense_index_change": 0.04012772860647518, "phi_s_change": 0.0, "grad_phi_change": -0.2031857309433589, "k_phi_change": 0.3473706486492958, "xi_c_change": 0.0, "phase_sync_change": 0.06351309916202108, "epi_magnitude_change": 0.00260634479267452, "hash_signature": "ee129020e720fc50", "sequence_str": "ZHIR -> REMESH -> UM -> REMESH -> UM -> SHA"}