{"sequence": ["VAL", "IL", "SHA", "EN", "OZ"], "coherence_change": 0.00027302944602869417, "sense_index_change": -0.00025897683041387065, "phi_s_change": 0.000947703165519509, "grad_phi_change": 0.0, "k_phi_change": 0.0, "xi_c_change": 0.0, "phase_sync_change": 0.0, "epi_magnitude_change": 0.01580420888892109, "hash_signature": "95b7c56ce368f3a1", "sequence_str": "VAL -> IL -> SHA -> EN -> OZ"}