{"sequence": ["REMESH", "SHA", "UM", "ZHIR", "NAV"], "coherence_change": 0.0, "sense_index_change": 0.019074088235751407, "phi_s_change": 0.0, "grad_phi_change": -0.07473015056341592, "k_phi_change": 0.3182421043391325, "xi_c_change": 0.0, "phase_sync_change": 0.024721971371074902, "epi_magnitude_change": 0.0016101998608057944, "hash_signature": "731d210bb08dd15f", "sequence_str": "REMESH -> SHA -> UM -> ZHIR -> NAV"}