{"sequence": ["REMESH", "UM", "NUL", "RA", "NUL", "NAV"], "coherence_change": 0.0, "sense_index_change": 0.04258855436628228, "phi_s_change": 0.0, "grad_phi_change": -0.20883594333990452, "k_phi_change": 0.1791454602464983, "xi_c_change": 0.0, "phase_sync_change": 0.061787334421786855, "epi_magnitude_change": -0.024890033963532177, "hash_signature": "1ee30f07f0e413e1", "sequence_str": "REMESH -> UM -> NUL -> RA -> NUL -> NAV"}