{"sequence": ["EN", "UM", "AL", "VAL", "SHA"], "coherence_change": 0.0, "sense_index_change": -0.011789984558662925, "phi_s_change": 0.0, "grad_phi_change": 0.007185501717012377, "k_phi_change": -0.02562225105346283, "xi_c_change": 0.0, "phase_sync_change": -0.0026220651131616535, "epi_magnitude_change": 0.02329323480743084, "hash_signature": "687241ec8d61fdb7", "sequence_str": "EN -> UM -> AL -> VAL -> SHA"}