{"sequence": ["ZHIR", "AL", "THOL", "VAL", "UM", "OZ"], "coherence_change": -0.007471853766554348, "sense_index_change": 0.012302439926999087, "phi_s_change": 0.017714505484834775, "grad_phi_change": -0.060159124176131895, "k_phi_change": 0.10652318014460081, "xi_c_change": 0.0, "phase_sync_change": 0.024308883693098582, "epi_magnitude_change": 0.017151680877386166, "hash_signature": "3236f1fd83ef7440", "sequence_str": "ZHIR -> AL -> THOL -> VAL -> UM -> OZ"}