{"sequence": ["VAL", "NUL", "IL", "IL", "IL", "NAV"], "coherence_change": 0.021174735534797096, "sense_index_change": 0.014580112045569527, "phi_s_change": 0.07436618213132018, "grad_phi_change": 0.0, "k_phi_change": 0.0, "xi_c_change": 0.0, "phase_sync_change": 0.0, "epi_magnitude_change": -0.003838675047831863, "hash_signature": "500c4766fa4b237f", "sequence_str": "VAL -> NUL -> IL -> IL -> IL -> NAV"}