{"sequence": ["NUL", "OZ", "IL", "REMESH"], "coherence_change": -0.007161176008969705, "sense_index_change": 0.024298575079051088, "phi_s_change": -0.14508330989789675, "grad_phi_change": 0.0, "k_phi_change": 0.0, "xi_c_change": 0.0, "phase_sync_change": 0.0, "epi_magnitude_change": -0.011437477626034753, "hash_signature": "1acdb3f19d3e4c46", "sequence_str": "NUL -> OZ -> IL -> REMESH"}