{"sequence": ["THOL", "IL", "RA", "SHA"], "coherence_change": 0.012487284532521237, "sense_index_change": -0.01768070786686493, "phi_s_change": 0.030524471402454734, "grad_phi_change": 0.08137447745249449, "k_phi_change": 0.03029934948203672, "xi_c_change": 0.0, "phase_sync_change": -0.034527855377835426, "epi_magnitude_change": 0.0, "hash_signature": "b679a3af1721f28c", "sequence_str": "THOL -> IL -> RA -> SHA"}