{"sequence": ["UM", "ZHIR", "UM", "NAV"], "coherence_change": 0.0, "sense_index_change": 0.07326271371066073, "phi_s_change": 0.0, "grad_phi_change": -0.3711416760259847, "k_phi_change": 0.26562948423513993, "xi_c_change": 0.0, "phase_sync_change": 0.1269537389459875, "epi_magnitude_change": 0.0, "hash_signature": "991095b4a745bc15", "sequence_str": "UM -> ZHIR -> UM -> NAV"}