{"sequence": ["UM", "RA", "VAL", "OZ"], "coherence_change": -0.010998697623331388, "sense_index_change": 0.08264834803047061, "phi_s_change": -0.07535232082396437, "grad_phi_change": -0.27712285089359323, "k_phi_change": 0.253117891666987, "xi_c_change": 0.0, "phase_sync_change": 0.09892776708458062, "epi_magnitude_change": 0.014250813048551247, "hash_signature": "f68d401937f7c7a9", "sequence_str": "UM -> RA -> VAL -> OZ"}