{"sequence": ["AL", "SHA", "RA", "OZ", "IL", "REMESH"], "coherence_change": -0.003990061780320575, "sense_index_change": -0.014376363974926532, "phi_s_change": -0.06646541285743568, "grad_phi_change": 0.049128123297869974, "k_phi_change": 0.26912602205633135, "xi_c_change": 0.0, "phase_sync_change": -0.02027031778330346, "epi_magnitude_change": 0.004565857830701625, "hash_signature": "a0dc3c0e35867682", "sequence_str": "AL -> SHA -> RA -> OZ -> IL -> REMESH"}