{"sequence": ["SHA", "ZHIR", "NAV"], "coherence_change": 0.0, "sense_index_change": -0.0004210778993045672, "phi_s_change": 0.0, "grad_phi_change": -0.00037888295256793825, "k_phi_change": 0.1316038028392511, "xi_c_change": 0.0, "phase_sync_change": -0.0006265488625792903, "epi_magnitude_change": 0.0, "hash_signature": "3ea881c99ce22247", "sequence_str": "SHA -> ZHIR -> NAV"}