{"sequence": ["EN", "RA", "ZHIR", "ZHIR", "REMESH"], "coherence_change": 0.0, "sense_index_change": -0.007968133540571576, "phi_s_change": 0.0, "grad_phi_change": 0.08579591378267737, "k_phi_change": 0.22085155277454604, "xi_c_change": 0.0, "phase_sync_change": -0.033466379643962485, "epi_magnitude_change": 0.0016025451879604358, "hash_signature": "7de2421c10bc96e1", "sequence_str": "EN -> RA -> ZHIR -> ZHIR -> REMESH"}