{"sequence": ["NAV", "REMESH", "UM", "NAV"], "coherence_change": 0.0, "sense_index_change": -0.020483052919315015, "phi_s_change": 0.0, "grad_phi_change": 0.032647014569970656, "k_phi_change": 0.019003892178103082, "xi_c_change": 0.0, "phase_sync_change": -0.01799510593498188, "epi_magnitude_change": 0.0014944119470082784, "hash_signature": "d67a23c8ba4c4814", "sequence_str": "NAV -> REMESH -> UM -> NAV"}