{"sequence": ["REMESH", "SHA", "ZHIR", "SHA"], "coherence_change": 0.0, "sense_index_change": -0.0003963719509033625, "phi_s_change": 0.0, "grad_phi_change": 0.0494338288827485, "k_phi_change": 0.43392145923479297, "xi_c_change": 0.0, "phase_sync_change": -0.01651398529971959, "epi_magnitude_change": 0.001407304819188937, "hash_signature": "06647524a1a55712", "sequence_str": "REMESH -> SHA -> ZHIR -> SHA"}