{"sequence": ["ZHIR", "AL", "ZHIR", "OZ"], "coherence_change": -0.014227339454208177, "sense_index_change": 0.0020203796019695464, "phi_s_change": -0.0038539755622453153, "grad_phi_change": -0.03420642788568773, "k_phi_change": 0.10623285568359218, "xi_c_change": 0.0, "phase_sync_change": 0.006414628086500396, "epi_magnitude_change": 0.002684551555554804, "hash_signature": "faf6888b362d9c23", "sequence_str": "ZHIR -> AL -> ZHIR -> OZ"}