{"sequence": ["IL", "OZ", "UM", "SHA"], "coherence_change": -0.0021275821665504013, "sense_index_change": 0.021523963854578998, "phi_s_change": 0.0831104861415165, "grad_phi_change": -0.07379661677947569, "k_phi_change": -0.1364621031926344, "xi_c_change": 0.0, "phase_sync_change": 0.014060837191738118, "epi_magnitude_change": 0.0, "hash_signature": "3f928aa37c963754", "sequence_str": "IL -> OZ -> UM -> SHA"}