{"sequence": ["UM", "ZHIR", "OZ", "EN", "REMESH"], "coherence_change": -0.015730994726190106, "sense_index_change": 0.009986316847329646, "phi_s_change": -0.16961614305532335, "grad_phi_change": 0.05080822191628376, "k_phi_change": 0.23793904938046598, "xi_c_change": 0.0, "phase_sync_change": -0.026990093861021913, "epi_magnitude_change": 0.0014886448042821243, "hash_signature": "4454c66785e95dd6", "sequence_str": "UM -> ZHIR -> OZ -> EN -> REMESH"}