{"sequence": ["NUL", "OZ", "EN", "THOL", "SHA"], "coherence_change": -0.0023065623268090363, "sense_index_change": 0.015829990203071742, "phi_s_change": -0.03174900604868269, "grad_phi_change": 0.0, "k_phi_change": 0.0, "xi_c_change": 0.0, "phase_sync_change": 0.0, "epi_magnitude_change": -0.015067043055636331, "hash_signature": "636cdc8db03a10f1", "sequence_str": "NUL -> OZ -> EN -> THOL -> SHA"}