{"sequence": ["AL", "NAV", "UM", "THOL", "NAV"], "coherence_change": 0.0033411953546602646, "sense_index_change": 0.028042086450657533, "phi_s_change": 0.01725327006073285, "grad_phi_change": -0.1670830590051542, "k_phi_change": 0.24213050678080592, "xi_c_change": 0.0, "phase_sync_change": 0.06099873980523318, "epi_magnitude_change": -0.007925993936391595, "hash_signature": "c3d67365d7fe2ea4", "sequence_str": "AL -> NAV -> UM -> THOL -> NAV"}