{"sequence": ["AL", "SHA", "UM", "SHA"], "coherence_change": 0.0, "sense_index_change": 0.02205485285094233, "phi_s_change": 0.0, "grad_phi_change": -0.1481883440192273, "k_phi_change": 0.2565874171406851, "xi_c_change": 0.0, "phase_sync_change": 0.046316769973311245, "epi_magnitude_change": 0.00932790884221113, "hash_signature": "a9540837df12056a", "sequence_str": "AL -> SHA -> UM -> SHA"}