{"sequence": ["EN", "EN", "REMESH", "THOL", "RA", "REMESH"], "coherence_change": 0.004120528206071783, "sense_index_change": 0.021090045374982602, "phi_s_change": 0.029190852008894708, "grad_phi_change": -0.08125269227647514, "k_phi_change": 0.27002446901155847, "xi_c_change": 0.0, "phase_sync_change": 0.017685436291588474, "epi_magnitude_change": 0.0027167010851961715, "hash_signature": "788081500426c5fc", "sequence_str": "EN -> EN -> REMESH -> THOL -> RA -> REMESH"}