{"sequence": ["RA", "EN", "VAL", "NAV"], "coherence_change": 0.0, "sense_index_change": 0.004023885014317052, "phi_s_change": 0.0, "grad_phi_change": -0.045526034558734496, "k_phi_change": 0.3361947836816359, "xi_c_change": 0.0, "phase_sync_change": 0.007584154956070233, "epi_magnitude_change": 0.011363696777787369, "hash_signature": "34b82cdb7ab1c14d", "sequence_str": "RA -> EN -> VAL -> NAV"}