{"sequence": ["THOL", "REMESH", "ZHIR", "SHA"], "coherence_change": 0.004486063840906329, "sense_index_change": 0.005607043470134521, "phi_s_change": -0.002483477639481313, "grad_phi_change": -0.022043075549957436, "k_phi_change": 0.3690789794938723, "xi_c_change": 0.0, "phase_sync_change": 0.00483831465723672, "epi_magnitude_change": 0.0015827332904843061, "hash_signature": "ccd7350864da587c", "sequence_str": "THOL -> REMESH -> ZHIR -> SHA"}