{"sequence": ["AL", "AL", "REMESH", "ZHIR", "VAL", "SHA"], "coherence_change": 0.0, "sense_index_change": 0.03178417184893778, "phi_s_change": 0.0, "grad_phi_change": -0.08649578403007108, "k_phi_change": 0.18255937662281685, "xi_c_change": 0.0, "phase_sync_change": 0.026080815005775082, "epi_magnitude_change": 0.012930386125542759, "hash_signature": "1c0fd6b144baa87f", "sequence_str": "AL -> AL -> REMESH -> ZHIR -> VAL -> SHA"}