{"sequence": ["ZHIR", "AL", "EN", "UM", "IL", "REMESH"], "coherence_change": 0.007468477144415675, "sense_index_change": 0.04448650559316869, "phi_s_change": -0.008984403964240162, "grad_phi_change": -0.17890705359957848, "k_phi_change": 0.5662993095279094, "xi_c_change": 0.0, "phase_sync_change": 0.05689627246856899, "epi_magnitude_change": 0.0008733231260632524, "hash_signature": "0b80f644fdccf5ae", "sequence_str": "ZHIR -> AL -> EN -> UM -> IL -> REMESH"}