{"sequence": ["IL", "RA", "NAV", "REMESH"], "coherence_change": 0.007435428613800199, "sense_index_change": 0.04548484549641485, "phi_s_change": 0.0002483295394696272, "grad_phi_change": -0.11036978087257787, "k_phi_change": 0.12939067780077645, "xi_c_change": 0.0, "phase_sync_change": 0.027227824466138473, "epi_magnitude_change": 0.001605402541163481, "hash_signature": "35a74707d902fd3b", "sequence_str": "IL -> RA -> NAV -> REMESH"}