{"sequence": ["UM", "AL", "EN", "REMESH", "VAL", "REMESH"], "coherence_change": 0.0, "sense_index_change": 0.048846255335403765, "phi_s_change": 0.0, "grad_phi_change": -0.24221604142829323, "k_phi_change": 0.28967424243002277, "xi_c_change": 0.0, "phase_sync_change": 0.08375867834966011, "epi_magnitude_change": 0.012353742858848826, "hash_signature": "67d16b81101a822d", "sequence_str": "UM -> AL -> EN -> REMESH -> VAL -> REMESH"}