{"sequence": ["EN", "EN", "IL", "VAL", "OZ"], "coherence_change": -0.0025772315711138916, "sense_index_change": 0.004128839580668564, "phi_s_change": 0.10829978232167126, "grad_phi_change": 0.0, "k_phi_change": 0.0, "xi_c_change": 0.0, "phase_sync_change": 0.0, "epi_magnitude_change": 0.02451045137541541, "hash_signature": "8f6f55f5e6ed27c4", "sequence_str": "EN -> EN -> IL -> VAL -> OZ"}