{"sequence": ["NAV", "ZHIR", "ZHIR", "EN", "OZ"], "coherence_change": -0.00901400136626207, "sense_index_change": -0.015009905145377755, "phi_s_change": -0.04789876708867702, "grad_phi_change": 0.057247329353013576, "k_phi_change": -0.03308496395380342, "xi_c_change": 0.0, "phase_sync_change": -0.012702796074637313, "epi_magnitude_change": 0.0, "hash_signature": "c02c214c8d4337ce", "sequence_str": "NAV -> ZHIR -> ZHIR -> EN -> OZ"}