{"sequence": ["REMESH", "ZHIR", "NUL", "OZ"], "coherence_change": -0.013926145544868929, "sense_index_change": 0.008903340771980295, "phi_s_change": -0.03311961913717221, "grad_phi_change": 0.06835506980382466, "k_phi_change": -0.0736697331436848, "xi_c_change": 0.0, "phase_sync_change": -0.021284500791872385, "epi_magnitude_change": -0.012905265956313694, "hash_signature": "2c4d6b2ab0498347", "sequence_str": "REMESH -> ZHIR -> NUL -> OZ"}