{"sequence": ["IL", "NUL", "IL", "NAV"], "coherence_change": 0.01609255562293943, "sense_index_change": 0.011158401843843313, "phi_s_change": 0.07010991370226205, "grad_phi_change": 0.0, "k_phi_change": 0.0, "xi_c_change": 0.0, "phase_sync_change": 0.0, "epi_magnitude_change": -0.018208858258215166, "hash_signature": "0655ede96432f476", "sequence_str": "IL -> NUL -> IL -> NAV"}