{"sequence": ["REMESH", "UM", "THOL", "REMESH"], "coherence_change": 0.006077925646591376, "sense_index_change": -0.002547738896727436, "phi_s_change": 0.07111080220668009, "grad_phi_change": -0.06009801075429144, "k_phi_change": -0.322836475287901, "xi_c_change": 0.0, "phase_sync_change": 0.014010757020674891, "epi_magnitude_change": 0.0028731832507523647, "hash_signature": "cb4e7ab171e28946", "sequence_str": "REMESH -> UM -> THOL -> REMESH"}