{"sequence": ["AL", "THOL", "IL", "UM", "SHA"], "coherence_change": 0.013553049863161526, "sense_index_change": 0.01205769256413225, "phi_s_change": 0.07319810953006933, "grad_phi_change": -0.039629655848164136, "k_phi_change": 0.3093972646640043, "xi_c_change": 0.0, "phase_sync_change": 0.015328801912510182, "epi_magnitude_change": -0.007764821451811121, "hash_signature": "2f6a1d0494f05d70", "sequence_str": "AL -> THOL -> IL -> UM -> SHA"}