{"sequence": ["AL", "IL", "IL", "AL", "NAV"], "coherence_change": 0.014416603127611172, "sense_index_change": 0.0060842558243943134, "phi_s_change": 0.008270945969447552, "grad_phi_change": 0.0, "k_phi_change": 0.0, "xi_c_change": 0.0, "phase_sync_change": 0.0, "epi_magnitude_change": 0.011490306881456469, "hash_signature": "25123a790bbd6a7d", "sequence_str": "AL -> IL -> IL -> AL -> NAV"}