{"sequence": ["NAV", "ZHIR", "IL", "REMESH"], "coherence_change": 0.008359021501253672, "sense_index_change": -0.004509988186218172, "phi_s_change": 0.1108068882676676, "grad_phi_change": 0.005720675353085403, "k_phi_change": -0.23946742219280337, "xi_c_change": 0.0, "phase_sync_change": -0.003089170861335644, "epi_magnitude_change": 0.0018237640043320402, "hash_signature": "976af9ff9d2b39d0", "sequence_str": "NAV -> ZHIR -> IL -> REMESH"}