{"sequence": ["NAV", "OZ", "UM", "NAV"], "coherence_change": -0.009487058189543762, "sense_index_change": 0.021161198484032195, "phi_s_change": 0.024988056913694323, "grad_phi_change": -0.14344132798411602, "k_phi_change": 0.037326487331736435, "xi_c_change": 0.0, "phase_sync_change": 0.04709434896176712, "epi_magnitude_change": 0.0, "hash_signature": "d4d1fdbd21c11d53", "sequence_str": "NAV -> OZ -> UM -> NAV"}