{"sequence": ["ZHIR", "SHA", "SHA"], "coherence_change": 0.0, "sense_index_change": -0.004918776692613203, "phi_s_change": 0.0, "grad_phi_change": -0.0027283561680031543, "k_phi_change": 0.13290962788076446, "xi_c_change": 0.0, "phase_sync_change": 0.0017871830731768235, "epi_magnitude_change": 0.0, "hash_signature": "dce7ef8ac5487e03", "sequence_str": "ZHIR -> SHA -> SHA"}