{"sequence": ["UM", "RA", "IL", "THOL", "EN", "REMESH"], "coherence_change": 0.012799515030366027, "sense_index_change": 0.045352930202692376, "phi_s_change": 0.04094105690756078, "grad_phi_change": -0.12876403947874393, "k_phi_change": 0.14871765959704936, "xi_c_change": 0.0, "phase_sync_change": 0.043536604553504055, "epi_magnitude_change": 0.0016307716686094764, "hash_signature": "2f49ad1aca5b2003", "sequence_str": "UM -> RA -> IL -> THOL -> EN -> REMESH"}