{"sequence": ["SHA", "THOL", "UM", "OZ"], "coherence_change": -0.005548209955349215, "sense_index_change": -0.02521361969681818, "phi_s_change": -0.03575527468318207, "grad_phi_change": 0.07553585663940576, "k_phi_change": -0.5189006147129034, "xi_c_change": 0.0, "phase_sync_change": -0.033741448350136594, "epi_magnitude_change": 0.0, "hash_signature": "17e14264736d71c9", "sequence_str": "SHA -> THOL -> UM -> OZ"}