{"sequence": ["REMESH", "THOL", "AL", "IL", "SHA"], "coherence_change": 0.011425772427099745, "sense_index_change": 0.0011162852827678593, "phi_s_change": 0.01773496754232129, "grad_phi_change": 0.0, "k_phi_change": 0.0, "xi_c_change": 0.0, "phase_sync_change": 0.0, "epi_magnitude_change": -0.0016101973557248739, "hash_signature": "0de9550b9cea964a", "sequence_str": "REMESH -> THOL -> AL -> IL -> SHA"}