{"sequence": ["REMESH", "VAL", "AL", "ZHIR", "NAV"], "coherence_change": 0.0, "sense_index_change": -0.009984019820544199, "phi_s_change": 0.0, "grad_phi_change": 0.07941358539646304, "k_phi_change": -0.24527571723791725, "xi_c_change": 0.0, "phase_sync_change": -0.022656579579266256, "epi_magnitude_change": 0.015078349295537974, "hash_signature": "5b485c429d6a7624", "sequence_str": "REMESH -> VAL -> AL -> ZHIR -> NAV"}