{"sequence": ["NUL", "RA", "REMESH", "IL", "REMESH"], "coherence_change": 0.005197275721867012, "sense_index_change": -0.0032661081590384944, "phi_s_change": 0.03700373248960842, "grad_phi_change": 0.07435506336393094, "k_phi_change": 0.4463343075441006, "xi_c_change": 0.0, "phase_sync_change": -0.032233622968518616, "epi_magnitude_change": -0.014927805356221291, "hash_signature": "ca9bc9c3628a5050", "sequence_str": "NUL -> RA -> REMESH -> IL -> REMESH"}