{"sequence": ["IL", "IL", "OZ", "REMESH"], "coherence_change": 0.011144307461208758, "sense_index_change": -0.01566846414250722, "phi_s_change": 0.1250659396767837, "grad_phi_change": 0.0, "k_phi_change": 0.0, "xi_c_change": 0.0, "phase_sync_change": 0.0, "epi_magnitude_change": 0.001152176192424359, "hash_signature": "cf85f1d60a133982", "sequence_str": "IL -> IL -> OZ -> REMESH"}