{"sequence": ["REMESH", "IL", "IL", "RA", "REMESH"], "coherence_change": 0.015054725100231647, "sense_index_change": 0.016605605821489955, "phi_s_change": 0.08276376756537684, "grad_phi_change": 0.0387126146794019, "k_phi_change": 0.4248490289471025, "xi_c_change": 0.0, "phase_sync_change": -0.020146812970409433, "epi_magnitude_change": 0.0028528319916457656, "hash_signature": "546302039c9b71f2", "sequence_str": "REMESH -> IL -> IL -> RA -> REMESH"}