{"sequence": ["REMESH", "AL", "RA", "EN", "NAV"], "coherence_change": 0.0, "sense_index_change": -0.007436482917625442, "phi_s_change": 0.0, "grad_phi_change": 0.0274527336250161, "k_phi_change": 0.07073174883527596, "xi_c_change": 0.0, "phase_sync_change": -0.018477893957216995, "epi_magnitude_change": -0.004850779490126245, "hash_signature": "a18d271960b198ec", "sequence_str": "REMESH -> AL -> RA -> EN -> NAV"}