{"sequence": ["NUL", "VAL", "OZ"], "coherence_change": -0.006903204042617905, "sense_index_change": -0.004943422189631175, "phi_s_change": -0.02600805338338319, "grad_phi_change": 0.0, "k_phi_change": 0.0, "xi_c_change": 0.0, "phase_sync_change": 0.0, "epi_magnitude_change": 0.004072775471242074, "hash_signature": "75959424adc2281d", "sequence_str": "NUL -> VAL -> OZ"}