{"sequence": ["UM", "REMESH", "OZ", "REMESH", "UM", "REMESH"], "coherence_change": -0.016769114163802445, "sense_index_change": 0.09129652027105806, "phi_s_change": -0.13956641891002597, "grad_phi_change": -0.2842596284939378, "k_phi_change": 0.10572043504347994, "xi_c_change": 0.0, "phase_sync_change": 0.08983622021898208, "epi_magnitude_change": 0.0036792658701789716, "hash_signature": "684b5338946cd9a1", "sequence_str": "UM -> REMESH -> OZ -> REMESH -> UM -> REMESH"}