{"sequence": ["EN", "IL", "VAL", "NAV"], "coherence_change": 0.008466064218684233, "sense_index_change": 0.005932691618369956, "phi_s_change": 0.011783339466707066, "grad_phi_change": 0.0, "k_phi_change": 0.0, "xi_c_change": 0.0, "phase_sync_change": 0.0, "epi_magnitude_change": 0.019906709047992965, "hash_signature": "38720df368f29319", "sequence_str": "EN -> IL -> VAL -> NAV"}