{"sequence": ["AL", "IL", "AL", "REMESH", "UM", "NAV"], "coherence_change": 0.010399483995028436, "sense_index_change": -0.0187352249176157, "phi_s_change": 0.025621761035691692, "grad_phi_change": 0.10389295780363095, "k_phi_change": -0.22125454803270234, "xi_c_change": 0.0, "phase_sync_change": -0.03352254106146424, "epi_magnitude_change": 0.0037159225845512234, "hash_signature": "f980be87bdb509f0", "sequence_str": "AL -> IL -> AL -> REMESH -> UM -> NAV"}