{"sequence": ["SHA", "OZ", "ZHIR", "OZ"], "coherence_change": -0.02829088076403119, "sense_index_change": 0.018079211938645923, "phi_s_change": -0.14847131617972387, "grad_phi_change": -0.03520412217976565, "k_phi_change": 0.24286876238813854, "xi_c_change": 0.0, "phase_sync_change": 0.009069390321768678, "epi_magnitude_change": 0.0, "hash_signature": "6a4837dc813c6c55", "sequence_str": "SHA -> OZ -> ZHIR -> OZ"}