{"sequence": ["OZ", "ZHIR", "NUL", "NAV", "NUL", "OZ"], "coherence_change": -0.026130690771068665, "sense_index_change": -0.020987863573511123, "phi_s_change": -0.21640579251104786, "grad_phi_change": 0.10301861118933253, "k_phi_change": 0.2206643876174499, "xi_c_change": 0.0, "phase_sync_change": -0.034215026204135524, "epi_magnitude_change": -0.026416621969973075, "hash_signature": "23c01bfce2a693f7", "sequence_str": "OZ -> ZHIR -> NUL -> NAV -> NUL -> OZ"}