{"sequence": ["UM", "NAV", "REMESH", "ZHIR", "UM", "SHA"], "coherence_change": 0.0, "sense_index_change": 0.06671006741914387, "phi_s_change": 0.0, "grad_phi_change": -0.2810783014742777, "k_phi_change": 0.10990811511321397, "xi_c_change": 0.0, "phase_sync_change": 0.08541582863524921, "epi_magnitude_change": 0.0012146803305841392, "hash_signature": "5ed6b5409483e343", "sequence_str": "UM -> NAV -> REMESH -> ZHIR -> UM -> SHA"}