{"sequence": ["OZ", "THOL", "UM", "UM", "REMESH"], "coherence_change": -0.01176663073923545, "sense_index_change": 0.043652782135463086, "phi_s_change": -0.09481099070548926, "grad_phi_change": -0.25078064592744154, "k_phi_change": -0.44361463439069754, "xi_c_change": 0.0, "phase_sync_change": 0.06403481231345864, "epi_magnitude_change": 0.0015761118158593712, "hash_signature": "8c2933c7b3122f17", "sequence_str": "OZ -> THOL -> UM -> UM -> REMESH"}