{"sequence": ["RA", "THOL", "REMESH", "NUL", "OZ"], "coherence_change": -0.006561905651642164, "sense_index_change": -0.0034035265700693706, "phi_s_change": 0.1576521262427869, "grad_phi_change": 0.05648148836745892, "k_phi_change": 0.12205003697593834, "xi_c_change": 0.0, "phase_sync_change": -0.02045035994867439, "epi_magnitude_change": -0.010643816368124726, "hash_signature": "99b1b119fa671902", "sequence_str": "RA -> THOL -> REMESH -> NUL -> OZ"}