{"sequence": ["AL", "REMESH", "NAV", "ZHIR", "EN", "NAV"], "coherence_change": 0.0, "sense_index_change": -0.0028978477004085734, "phi_s_change": 0.0, "grad_phi_change": 0.027152470478529978, "k_phi_change": 0.09178658429242044, "xi_c_change": 0.0, "phase_sync_change": -0.008609085868120037, "epi_magnitude_change": -0.0021076896930555256, "hash_signature": "4b9390a32a678973", "sequence_str": "AL -> REMESH -> NAV -> ZHIR -> EN -> NAV"}