{"sequence": ["IL", "SHA", "NUL", "OZ"], "coherence_change": -0.0017273847510391738, "sense_index_change": -0.016974943425600464, "phi_s_change": 0.0375817874301817, "grad_phi_change": 0.0, "k_phi_change": 0.0, "xi_c_change": 0.0, "phase_sync_change": 0.0, "epi_magnitude_change": -0.01228297035008219, "hash_signature": "cad41b8ea7d8c482", "sequence_str": "IL -> SHA -> NUL -> OZ"}