{"sequence": ["THOL", "ZHIR", "REMESH", "UM", "OZ"], "coherence_change": -0.010637538187368678, "sense_index_change": -0.004335073613692009, "phi_s_change": 0.032299546668871915, "grad_phi_change": -0.02444468840655567, "k_phi_change": 0.030916442026680896, "xi_c_change": 0.0, "phase_sync_change": -0.005341398774928452, "epi_magnitude_change": 0.0015172404617221913, "hash_signature": "7aedbad1dcde8fde", "sequence_str": "THOL -> ZHIR -> REMESH -> UM -> OZ"}