{"sequence": ["REMESH", "RA", "ZHIR", "OZ"], "coherence_change": -0.014411019597034946, "sense_index_change": -0.013794801874789875, "phi_s_change": -0.08479154790426746, "grad_phi_change": 0.01055651052560469, "k_phi_change": 0.3904456304575302, "xi_c_change": 0.0, "phase_sync_change": -0.002836044189067577, "epi_magnitude_change": 0.0016677755811893569, "hash_signature": "1d52cc91fd374dd2", "sequence_str": "REMESH -> RA -> ZHIR -> OZ"}