{"sequence": ["REMESH", "IL", "SHA", "OZ"], "coherence_change": -0.0014175631319598425, "sense_index_change": 0.003217843902578954, "phi_s_change": -0.09532526421408227, "grad_phi_change": 0.0, "k_phi_change": 0.0, "xi_c_change": 0.0, "phase_sync_change": 0.0, "epi_magnitude_change": 0.0015311199481208293, "hash_signature": "1cf99f7dc0c8252b", "sequence_str": "REMESH -> IL -> SHA -> OZ"}