{"sequence": ["ZHIR", "REMESH", "SHA", "NUL", "UM", "OZ"], "coherence_change": -0.011964368347626042, "sense_index_change": 0.006395588438297017, "phi_s_change": -0.1483052638017417, "grad_phi_change": 0.08672252160250671, "k_phi_change": 0.6035552503101931, "xi_c_change": 0.0, "phase_sync_change": -0.0325244640668616, "epi_magnitude_change": -0.009212536899304458, "hash_signature": "dfb8a0c307c5b15c", "sequence_str": "ZHIR -> REMESH -> SHA -> NUL -> UM -> OZ"}