{"sequence": ["REMESH", "NAV", "THOL", "NAV", "NUL", "NAV"], "coherence_change": 0.004764984577243059, "sense_index_change": 0.004095297296079825, "phi_s_change": 0.0001258308382207085, "grad_phi_change": 0.0, "k_phi_change": 0.0, "xi_c_change": 0.0, "phase_sync_change": 0.0, "epi_magnitude_change": -0.014431462482756174, "hash_signature": "e783504226bd00a8", "sequence_str": "REMESH -> NAV -> THOL -> NAV -> NUL -> NAV"}