{"sequence": ["IL", "RA", "UM", "SHA"], "coherence_change": 0.0065394145475600185, "sense_index_change": 0.016815005873847988, "phi_s_change": 0.042608554639538165, "grad_phi_change": -0.1718882477198198, "k_phi_change": 0.4455860064595257, "xi_c_change": 0.0, "phase_sync_change": 0.05626727489084715, "epi_magnitude_change": 0.0, "hash_signature": "57ab8df07e6bd54c", "sequence_str": "IL -> RA -> UM -> SHA"}