{"sequence": ["THOL", "RA", "IL", "REMESH"], "coherence_change": 0.01281338379796737, "sense_index_change": -0.016524801035692205, "phi_s_change": 0.1236183584287287, "grad_phi_change": 0.0321959656975459, "k_phi_change": -0.09931747367255706, "xi_c_change": 0.0, "phase_sync_change": -0.017913155456920293, "epi_magnitude_change": 0.0013296965457431087, "hash_signature": "1be9965ef1b31912", "sequence_str": "THOL -> RA -> IL -> REMESH"}