{"sequence": ["REMESH", "NAV", "RA", "VAL", "REMESH"], "coherence_change": 0.0, "sense_index_change": 0.028159551451702125, "phi_s_change": 0.0, "grad_phi_change": -0.07675135710440961, "k_phi_change": 0.13160657324047803, "xi_c_change": 0.0, "phase_sync_change": 0.02092172648884494, "epi_magnitude_change": 0.010136511440905993, "hash_signature": "0da996b2bd008309", "sequence_str": "REMESH -> NAV -> RA -> VAL -> REMESH"}