{"sequence": ["IL", "SHA", "VAL", "REMESH"], "coherence_change": 0.00851569156152121, "sense_index_change": -0.009213601812192163, "phi_s_change": -0.03364102254083057, "grad_phi_change": 0.0, "k_phi_change": 0.0, "xi_c_change": 0.0, "phase_sync_change": 0.0, "epi_magnitude_change": 0.011466624599897335, "hash_signature": "4c13232dab02beef", "sequence_str": "IL -> SHA -> VAL -> REMESH"}