{"sequence": ["UM", "VAL", "IL", "NAV"], "coherence_change": 0.010671539193955693, "sense_index_change": 0.0363999408620409, "phi_s_change": 0.0960133293257468, "grad_phi_change": -0.12671282042072995, "k_phi_change": -0.016952967630469162, "xi_c_change": 0.0, "phase_sync_change": 0.04040133355047992, "epi_magnitude_change": 0.010648285698076743, "hash_signature": "61a7fc587d4a8a23", "sequence_str": "UM -> VAL -> IL -> NAV"}