{"sequence": ["ZHIR", "AL", "VAL", "SHA"], "coherence_change": 0.0, "sense_index_change": 0.000603873905030694, "phi_s_change": 0.0, "grad_phi_change": 0.02716517655617512, "k_phi_change": 0.07556072437176876, "xi_c_change": 0.0, "phase_sync_change": -0.009719435306885349, "epi_magnitude_change": 0.019036697811389502, "hash_signature": "2b2636beb9362bea", "sequence_str": "ZHIR -> AL -> VAL -> SHA"}