{"sequence": ["REMESH", "UM", "VAL", "ZHIR", "NAV"], "coherence_change": 0.0, "sense_index_change": 0.02105419158326971, "phi_s_change": 0.0, "grad_phi_change": -0.037881380887908156, "k_phi_change": 0.11061023602919882, "xi_c_change": 0.0, "phase_sync_change": 0.019444985445945417, "epi_magnitude_change": 0.01104096096011098, "hash_signature": "183b1acf30317764", "sequence_str": "REMESH -> UM -> VAL -> ZHIR -> NAV"}