{"sequence": ["NUL", "NAV", "IL", "ZHIR", "SHA"], "coherence_change": 0.006191700534102118, "sense_index_change": 0.01703711189996493, "phi_s_change": -0.023007468308231083, "grad_phi_change": -0.06501662859425905, "k_phi_change": -0.004927533434960718, "xi_c_change": 0.0, "phase_sync_change": 0.0193807817543733, "epi_magnitude_change": -0.013732620665538597, "hash_signature": "5642e41b085c8402", "sequence_str": "NUL -> NAV -> IL -> ZHIR -> SHA"}