{"sequence": ["UM", "EN", "NUL", "UM", "NAV"], "coherence_change": 0.0, "sense_index_change": 0.082034361563607, "phi_s_change": 0.0, "grad_phi_change": -0.5146172889142604, "k_phi_change": 0.05043825289035603, "xi_c_change": 0.0, "phase_sync_change": 0.17018716926073618, "epi_magnitude_change": -0.019035467748576895, "hash_signature": "84d71dc309eb760a", "sequence_str": "UM -> EN -> NUL -> UM -> NAV"}