{"sequence": ["ZHIR", "VAL", "NUL", "NAV"], "coherence_change": 0.0, "sense_index_change": 0.0016497375800096359, "phi_s_change": 0.0, "grad_phi_change": -0.015877195169660574, "k_phi_change": 0.3587234452063166, "xi_c_change": 0.0, "phase_sync_change": 0.003976570995770978, "epi_magnitude_change": 0.0004474189063042866, "hash_signature": "b0931e7e3d13ae2d", "sequence_str": "ZHIR -> VAL -> NUL -> NAV"}