{"sequence": ["AL", "OZ", "ZHIR", "NAV"], "coherence_change": -0.012438790470277739, "sense_index_change": -0.019241369655004892, "phi_s_change": -0.07847338035722196, "grad_phi_change": 0.028885420568081965, "k_phi_change": 0.03908214832377957, "xi_c_change": 0.0, "phase_sync_change": -0.01021561913632274, "epi_magnitude_change": -0.0008523723322961807, "hash_signature": "1e6be4e796ff6e57", "sequence_str": "AL -> OZ -> ZHIR -> NAV"}