{"sequence": ["RA", "NAV", "NUL", "AL", "RA", "SHA"], "coherence_change": 0.0, "sense_index_change": 0.026180147501637774, "phi_s_change": 0.0, "grad_phi_change": -0.1127714920897136, "k_phi_change": -0.051318508090043374, "xi_c_change": 0.0, "phase_sync_change": 0.03594745750233652, "epi_magnitude_change": -0.018452949267916963, "hash_signature": "03f2a60c3f7e65d6", "sequence_str": "RA -> NAV -> NUL -> AL -> RA -> SHA"}