{"sequence": ["AL", "THOL", "RA", "REMESH"], "coherence_change": 0.0057335996394281, "sense_index_change": 0.0023814686747323233, "phi_s_change": -0.012993519792409036, "grad_phi_change": 0.026986728536115168, "k_phi_change": 0.06785232750511319, "xi_c_change": 0.0, "phase_sync_change": -0.014393378625775277, "epi_magnitude_change": -0.007453901434710142, "hash_signature": "0c7fc55c640c7c41", "sequence_str": "AL -> THOL -> RA -> REMESH"}