{"sequence": ["REMESH", "UM", "RA", "EN", "THOL", "REMESH"], "coherence_change": 0.004692434598925099, "sense_index_change": 0.03232258565424828, "phi_s_change": 0.03017439678281164, "grad_phi_change": -0.1625376107406642, "k_phi_change": 0.08978151834216913, "xi_c_change": 0.0, "phase_sync_change": 0.056530965080373696, "epi_magnitude_change": 0.002623104428601586, "hash_signature": "359ae0c80011e4be", "sequence_str": "REMESH -> UM -> RA -> EN -> THOL -> REMESH"}