{"sequence": ["EN", "NUL", "REMESH", "OZ"], "coherence_change": -0.017420626612642542, "sense_index_change": 0.005420593637651794, "phi_s_change": -0.13708769068467652, "grad_phi_change": 0.0, "k_phi_change": 0.0, "xi_c_change": 0.0, "phase_sync_change": 0.0, "epi_magnitude_change": -0.01590179248872403, "hash_signature": "4d92f28014357e81", "sequence_str": "EN -> NUL -> REMESH -> OZ"}