{"sequence": ["AL", "EN", "ZHIR", "REMESH"], "coherence_change": 0.0, "sense_index_change": 0.0010501269250060563, "phi_s_change": 0.0, "grad_phi_change": 0.002010438206343279, "k_phi_change": -0.1671267928747876, "xi_c_change": 0.0, "phase_sync_change": -0.00461462458588402, "epi_magnitude_change": -0.010114963900751506, "hash_signature": "49d478bd4ae1fdf5", "sequence_str": "AL -> EN -> ZHIR -> REMESH"}