{"sequence": ["EN", "IL", "VAL", "VAL", "SHA"], "coherence_change": 0.006562518485897506, "sense_index_change": 0.0029816454484328236, "phi_s_change": 0.01583452323670509, "grad_phi_change": 0.0, "k_phi_change": 0.0, "xi_c_change": 0.0, "phase_sync_change": 0.0, "epi_magnitude_change": 0.03023483336829036, "hash_signature": "e7536762d1cca130", "sequence_str": "EN -> IL -> VAL -> VAL -> SHA"}