{"sequence": ["ZHIR", "REMESH", "IL", "ZHIR", "NAV"], "coherence_change": 0.012167778970746723, "sense_index_change": -0.026811642437577332, "phi_s_change": 0.12619040997895503, "grad_phi_change": 0.04991993372779224, "k_phi_change": -0.15678911843856286, "xi_c_change": 0.0, "phase_sync_change": -0.014135863081845113, "epi_magnitude_change": 0.0015499088853762055, "hash_signature": "7077cda613974448", "sequence_str": "ZHIR -> REMESH -> IL -> ZHIR -> NAV"}