{"sequence": ["ZHIR", "REMESH", "NUL", "SHA"], "coherence_change": 0.0, "sense_index_change": -0.01840759088888888, "phi_s_change": 0.0, "grad_phi_change": 0.045124060750583395, "k_phi_change": -0.143920755100589, "xi_c_change": 0.0, "phase_sync_change": -0.015918990197224425, "epi_magnitude_change": -0.02618841157208507, "hash_signature": "b3045b65dc3ce109", "sequence_str": "ZHIR -> REMESH -> NUL -> SHA"}