{"sequence": ["REMESH", "SHA", "IL", "OZ"], "coherence_change": -0.0014303316532238153, "sense_index_change": 0.0035485570121739363, "phi_s_change": -0.0616073252648498, "grad_phi_change": 0.0, "k_phi_change": 0.0, "xi_c_change": 0.0, "phase_sync_change": 0.0, "epi_magnitude_change": 0.0013431537524781767, "hash_signature": "70aaec4129f42aef", "sequence_str": "REMESH -> SHA -> IL -> OZ"}