{"sequence": ["AL", "THOL", "NAV", "EN", "OZ"], "coherence_change": -0.007456743192008508, "sense_index_change": 0.011942866425436516, "phi_s_change": 0.06339694087170544, "grad_phi_change": 0.0, "k_phi_change": 0.0, "xi_c_change": 0.0, "phase_sync_change": 0.0, "epi_magnitude_change": 0.003259874761626369, "hash_signature": "bf5d5e2471dd0b1e", "sequence_str": "AL -> THOL -> NAV -> EN -> OZ"}