{"sequence": ["REMESH", "REMESH", "ZHIR", "NAV"], "coherence_change": 0.0, "sense_index_change": 0.011414967085939032, "phi_s_change": 0.0, "grad_phi_change": -0.033596167849621716, "k_phi_change": 0.32781634715707153, "xi_c_change": 0.0, "phase_sync_change": 0.008437160939985033, "epi_magnitude_change": 0.0024229965278170784, "hash_signature": "5faa4ba8fefc1b3a", "sequence_str": "REMESH -> REMESH -> ZHIR -> NAV"}