{"sequence": ["AL", "IL", "NUL", "NAV"], "coherence_change": 0.008964349208519962, "sense_index_change": 0.007646985845322862, "phi_s_change": 0.008362933366216518, "grad_phi_change": 0.0, "k_phi_change": 0.0, "xi_c_change": 0.0, "phase_sync_change": 0.0, "epi_magnitude_change": -0.00808572407935304, "hash_signature": "111fe7d13db20f24", "sequence_str": "AL -> IL -> NUL -> NAV"}