{"sequence": ["IL", "UM", "OZ", "NUL", "SHA"], "coherence_change": -0.008316976220731132, "sense_index_change": -0.015246063381665231, "phi_s_change": -0.0825193103999472, "grad_phi_change": 0.1504455726040277, "k_phi_change": 0.602842400063094, "xi_c_change": 0.0, "phase_sync_change": -0.05145788702192333, "epi_magnitude_change": -0.00905225546380195, "hash_signature": "c3600869e8f6b6a8", "sequence_str": "IL -> UM -> OZ -> NUL -> SHA"}