{"sequence": ["ZHIR", "EN", "IL", "SHA"], "coherence_change": 0.011002678362310503, "sense_index_change": -0.009572888333650775, "phi_s_change": 0.002513500304868743, "grad_phi_change": 0.027439270785829306, "k_phi_change": -0.06481893038897579, "xi_c_change": 0.0, "phase_sync_change": -0.00797577776219549, "epi_magnitude_change": 0.0, "hash_signature": "253e9f1878c9ca36", "sequence_str": "ZHIR -> EN -> IL -> SHA"}