{"sequence": ["NAV", "UM", "OZ", "REMESH"], "coherence_change": -0.013282667504181389, "sense_index_change": 0.0021434753816685914, "phi_s_change": 0.02867500715202964, "grad_phi_change": -0.13563238848670234, "k_phi_change": -0.1828189740541446, "xi_c_change": 0.0, "phase_sync_change": 0.03814409847271116, "epi_magnitude_change": 0.0015967940710616135, "hash_signature": "b1c4d6e39b976adc", "sequence_str": "NAV -> UM -> OZ -> REMESH"}