{"sequence": ["ZHIR", "ZHIR", "ZHIR", "THOL", "SHA"], "coherence_change": 0.004842882719766628, "sense_index_change": 0.00911164877389703, "phi_s_change": -0.005594638184402534, "grad_phi_change": -0.026905223065390338, "k_phi_change": 0.3749629424530866, "xi_c_change": 0.0, "phase_sync_change": 0.008833612053986695, "epi_magnitude_change": 0.0, "hash_signature": "948a0861d51b1777", "sequence_str": "ZHIR -> ZHIR -> ZHIR -> THOL -> SHA"}