{"sequence": ["AL", "OZ", "NUL", "IL", "OZ"], "coherence_change": -0.02616917331594182, "sense_index_change": 0.03358224014013611, "phi_s_change": -0.22959198007853765, "grad_phi_change": 0.0, "k_phi_change": 0.0, "xi_c_change": 0.0, "phase_sync_change": 0.0, "epi_magnitude_change": -0.01864942514512591, "hash_signature": "20584deb99d96889", "sequence_str": "AL -> OZ -> NUL -> IL -> OZ"}