{"sequence": ["VAL", "NUL", "SHA", "SHA", "THOL", "OZ"], "coherence_change": -0.006652140525917671, "sense_index_change": 0.0008803349662263038, "phi_s_change": -0.05537337241959195, "grad_phi_change": 0.0, "k_phi_change": 0.0, "xi_c_change": 0.0, "phase_sync_change": 0.0, "epi_magnitude_change": 0.004644404014748749, "hash_signature": "ee39908320872385", "sequence_str": "VAL -> NUL -> SHA -> SHA -> THOL -> OZ"}