{"sequence": ["REMESH", "UM", "VAL", "SHA"], "coherence_change": 0.0, "sense_index_change": 0.004095532718412231, "phi_s_change": 0.0, "grad_phi_change": 0.02960267233340441, "k_phi_change": 0.1398593498554569, "xi_c_change": 0.0, "phase_sync_change": -0.01734128184918704, "epi_magnitude_change": 0.010074703558645037, "hash_signature": "2fe67fcb646f3c0f", "sequence_str": "REMESH -> UM -> VAL -> SHA"}