{"sequence": ["REMESH", "RA", "NUL", "THOL", "REMESH"], "coherence_change": 0.006584550270977929, "sense_index_change": -0.02869942763462241, "phi_s_change": 0.05660990930083398, "grad_phi_change": 0.16263717437927006, "k_phi_change": 0.46297551383500324, "xi_c_change": 0.0, "phase_sync_change": -0.05751962587581316, "epi_magnitude_change": -0.007535999231770618, "hash_signature": "8c6da8f4d0d88152", "sequence_str": "REMESH -> RA -> NUL -> THOL -> REMESH"}