{"sequence": ["EN", "AL", "AL", "OZ", "IL", "OZ"], "coherence_change": -0.016104951389868005, "sense_index_change": 0.015762581456722158, "phi_s_change": -0.03449398202833642, "grad_phi_change": 0.0, "k_phi_change": 0.0, "xi_c_change": 0.0, "phase_sync_change": 0.0, "epi_magnitude_change": 0.006446621909055428, "hash_signature": "9684176c67a17ae0", "sequence_str": "EN -> AL -> AL -> OZ -> IL -> OZ"}