{"sequence": ["VAL", "UM", "THOL", "SHA"], "coherence_change": 0.005290641774926996, "sense_index_change": 0.015323825910833588, "phi_s_change": 0.04109197890414562, "grad_phi_change": -0.10121708423121945, "k_phi_change": 0.29532168599678027, "xi_c_change": 0.0, "phase_sync_change": 0.02685818801522266, "epi_magnitude_change": 0.015662224814999348, "hash_signature": "a003641293fb8270", "sequence_str": "VAL -> UM -> THOL -> SHA"}