{"sequence": ["NAV", "EN", "AL", "UM", "SHA"], "coherence_change": 0.0, "sense_index_change": 0.05418858785685143, "phi_s_change": 0.0, "grad_phi_change": -0.33723288624622416, "k_phi_change": 0.30356114407297563, "xi_c_change": 0.0, "phase_sync_change": 0.10906127508902907, "epi_magnitude_change": -0.002572208933718456, "hash_signature": "72fcbeac4278c301", "sequence_str": "NAV -> EN -> AL -> UM -> SHA"}