{"sequence": ["AL", "THOL", "NUL", "NAV"], "coherence_change": 0.004518131115362478, "sense_index_change": 0.0021878322085174817, "phi_s_change": 0.03030548840957814, "grad_phi_change": 0.0, "k_phi_change": 0.0, "xi_c_change": 0.0, "phase_sync_change": 0.0, "epi_magnitude_change": -0.015729554333708373, "hash_signature": "40d58ec5dacfeb02", "sequence_str": "AL -> THOL -> NUL -> NAV"}