{"sequence": ["NAV", "THOL", "ZHIR", "UM", "NAV"], "coherence_change": 0.00511816816615962, "sense_index_change": 0.040542729551526935, "phi_s_change": -0.025672553233963558, "grad_phi_change": -0.0939613441815248, "k_phi_change": 0.1968339116819034, "xi_c_change": 0.0, "phase_sync_change": 0.03900405649671057, "epi_magnitude_change": 0.0, "hash_signature": "b845fb492649a787", "sequence_str": "NAV -> THOL -> ZHIR -> UM -> NAV"}