{"sequence": ["EN", "OZ", "RA", "OZ", "NUL", "REMESH"], "coherence_change": -0.024748359112460983, "sense_index_change": 0.013954219366162701, "phi_s_change": -0.13433365968603384, "grad_phi_change": 0.02588680913311392, "k_phi_change": -0.019469520886338576, "xi_c_change": 0.0, "phase_sync_change": -0.017673977600269675, "epi_magnitude_change": -0.014753096600594318, "hash_signature": "c47742b0c03235e7", "sequence_str": "EN -> OZ -> RA -> OZ -> NUL -> REMESH"}