{"sequence": ["REMESH", "OZ", "SHA", "NAV", "SHA"], "coherence_change": -0.008312546932909837, "sense_index_change": -0.0016041347041669818, "phi_s_change": 0.07903256109380674, "grad_phi_change": 0.0, "k_phi_change": 0.0, "xi_c_change": 0.0, "phase_sync_change": 0.0, "epi_magnitude_change": 0.0014795788367009122, "hash_signature": "739b4e10360a8ca6", "sequence_str": "REMESH -> OZ -> SHA -> NAV -> SHA"}