{"sequence": ["AL", "NUL", "NAV", "THOL", "NAV"], "coherence_change": 0.007122589652756917, "sense_index_change": -0.00010569260331960706, "phi_s_change": -0.017450200098469315, "grad_phi_change": 0.0, "k_phi_change": 0.0, "xi_c_change": 0.0, "phase_sync_change": 0.0, "epi_magnitude_change": -0.006381722157217218, "hash_signature": "6d2763147fe81fbd", "sequence_str": "AL -> NUL -> NAV -> THOL -> NAV"}