{"sequence": ["SHA", "ZHIR", "VAL", "NUL", "UM", "NAV"], "coherence_change": 0.0, "sense_index_change": 0.025606786919424196, "phi_s_change": 0.0, "grad_phi_change": -0.10572310088232761, "k_phi_change": 0.230798659791217, "xi_c_change": 0.0, "phase_sync_change": 0.02769821658144289, "epi_magnitude_change": 0.006338691616498693, "hash_signature": "eb82077f2e4ab80a", "sequence_str": "SHA -> ZHIR -> VAL -> NUL -> UM -> NAV"}