{"sequence": ["AL", "THOL", "VAL", "OZ"], "coherence_change": -0.010721056712224342, "sense_index_change": 0.008085147852535668, "phi_s_change": -0.15573382054684304, "grad_phi_change": 0.0, "k_phi_change": 0.0, "xi_c_change": 0.0, "phase_sync_change": 0.0, "epi_magnitude_change": 0.006588520294522615, "hash_signature": "d78f2009d4345852", "sequence_str": "AL -> THOL -> VAL -> OZ"}