{"sequence": ["SHA", "ZHIR", "RA", "THOL", "UM", "NAV"], "coherence_change": 0.006674674933013214, "sense_index_change": -0.00638481297616611, "phi_s_change": 0.04777182170610039, "grad_phi_change": 0.0029468744422129767, "k_phi_change": 0.6204983576462866, "xi_c_change": 0.0, "phase_sync_change": -0.0013424766511151986, "epi_magnitude_change": 0.0, "hash_signature": "830ab1b33d685274", "sequence_str": "SHA -> ZHIR -> RA -> THOL -> UM -> NAV"}