{"sequence": ["RA", "RA", "UM", "OZ"], "coherence_change": -0.015558207815031477, "sense_index_change": 0.09412184763767317, "phi_s_change": -0.1259119104911247, "grad_phi_change": -0.4624413626341972, "k_phi_change": 0.12098919942048877, "xi_c_change": 0.0, "phase_sync_change": 0.15373163883672725, "epi_magnitude_change": 0.0, "hash_signature": "a736ed782bac55f7", "sequence_str": "RA -> RA -> UM -> OZ"}