{"sequence": ["VAL", "EN", "NUL", "OZ"], "coherence_change": -0.016248867336121853, "sense_index_change": 0.020321716259747657, "phi_s_change": -0.07270083597348687, "grad_phi_change": 0.0, "k_phi_change": 0.0, "xi_c_change": 0.0, "phase_sync_change": 0.0, "epi_magnitude_change": 0.003101075025826572, "hash_signature": "9c42f2e43edb8a9a", "sequence_str": "VAL -> EN -> NUL -> OZ"}