{"sequence": ["VAL", "UM", "IL", "OZ"], "coherence_change": -0.005139941072141774, "sense_index_change": 0.030071805498372517, "phi_s_change": -0.20277411890522545, "grad_phi_change": 0.0016632535859670838, "k_phi_change": 0.43976448536922863, "xi_c_change": 0.0, "phase_sync_change": 0.0008717694520554709, "epi_magnitude_change": 0.018393573615087422, "hash_signature": "1869c99379ed58a7", "sequence_str": "VAL -> UM -> IL -> OZ"}