{"sequence": ["UM", "RA", "AL", "OZ"], "coherence_change": -0.0091345185840489, "sense_index_change": 0.019612190213234126, "phi_s_change": -0.094557842146747, "grad_phi_change": -0.15299667866258138, "k_phi_change": -0.06037274298191542, "xi_c_change": 0.0, "phase_sync_change": 0.05485766574530204, "epi_magnitude_change": -0.006097830318903319, "hash_signature": "71338c0f1ff29a89", "sequence_str": "UM -> RA -> AL -> OZ"}