{"sequence": ["REMESH", "NAV", "RA", "ZHIR", "OZ"], "coherence_change": -0.015522509211638447, "sense_index_change": -0.0149903995080935, "phi_s_change": 0.13306508794048943, "grad_phi_change": 0.013300740858555038, "k_phi_change": 0.4525304929976777, "xi_c_change": 0.0, "phase_sync_change": -0.00630478451038996, "epi_magnitude_change": 0.0015638177977483902, "hash_signature": "30850e76b6e1d195", "sequence_str": "REMESH -> NAV -> RA -> ZHIR -> OZ"}