{"sequence": ["UM", "SHA", "AL", "REMESH"], "coherence_change": 0.0, "sense_index_change": 0.03750711290761488, "phi_s_change": 0.0, "grad_phi_change": -0.18818648946533667, "k_phi_change": 0.0774840485802525, "xi_c_change": 0.0, "phase_sync_change": 0.07251244052692607, "epi_magnitude_change": -0.001049628605397146, "hash_signature": "bf6f215ae9fa5727", "sequence_str": "UM -> SHA -> AL -> REMESH"}