{"sequence": ["RA", "OZ", "NUL", "SHA", "NUL", "NAV"], "coherence_change": -0.017253870226121903, "sense_index_change": 0.022528975003174745, "phi_s_change": -0.12862604205783412, "grad_phi_change": -0.045328829006359816, "k_phi_change": 0.3795944383837831, "xi_c_change": 0.0, "phase_sync_change": 0.010888923965303832, "epi_magnitude_change": -0.021488442399169694, "hash_signature": "a111e3cba257e7f7", "sequence_str": "RA -> OZ -> NUL -> SHA -> NUL -> NAV"}