{"sequence": ["REMESH", "RA", "ZHIR", "IL", "IL", "SHA"], "coherence_change": 0.015480666820433364, "sense_index_change": -0.03286767965313686, "phi_s_change": 0.1026552765870492, "grad_phi_change": 0.013875893906236891, "k_phi_change": -0.14790735795347631, "xi_c_change": 0.0, "phase_sync_change": -0.009133296035495508, "epi_magnitude_change": 0.0011795125988991462, "hash_signature": "45119ab18f01cfb9", "sequence_str": "REMESH -> RA -> ZHIR -> IL -> IL -> SHA"}