{"sequence": ["ZHIR", "VAL", "OZ"], "coherence_change": -0.011878486218855788, "sense_index_change": 0.021882593366771452, "phi_s_change": -0.1226877420666671, "grad_phi_change": 0.01513734348124629, "k_phi_change": 0.1401080302136201, "xi_c_change": 0.0, "phase_sync_change": 0.0029749553445811427, "epi_magnitude_change": 0.014501909816815095, "hash_signature": "bac0cacc88b08128", "sequence_str": "ZHIR -> VAL -> OZ"}