{"sequence": ["VAL", "OZ", "RA", "SHA"], "coherence_change": -0.012720887663532743, "sense_index_change": -0.0002268673969636481, "phi_s_change": 0.06614515518274444, "grad_phi_change": 0.0049609716609044785, "k_phi_change": 0.4259340655204388, "xi_c_change": 0.0, "phase_sync_change": -0.00947999461387139, "epi_magnitude_change": 0.011676742961985287, "hash_signature": "6c980b71291f2001", "sequence_str": "VAL -> OZ -> RA -> SHA"}