{"sequence": ["THOL", "AL", "VAL", "RA", "SHA"], "coherence_change": 0.004128752591784468, "sense_index_change": 0.008125103857413385, "phi_s_change": 0.026519288122309748, "grad_phi_change": 0.049357585568131856, "k_phi_change": 0.309810042849242, "xi_c_change": 0.0, "phase_sync_change": -0.028241812102596686, "epi_magnitude_change": 0.014175769902993518, "hash_signature": "42f5d2eb112359c9", "sequence_str": "THOL -> AL -> VAL -> RA -> SHA"}