{"sequence": ["AL", "UM", "IL", "UM", "OZ"], "coherence_change": -0.0034196415809952807, "sense_index_change": 0.02432348385698513, "phi_s_change": -0.1570371448422383, "grad_phi_change": -0.08586560096766749, "k_phi_change": 0.19461190552808452, "xi_c_change": 0.0, "phase_sync_change": 0.03029797520040789, "epi_magnitude_change": 0.0066132367205833376, "hash_signature": "5d4652b3b7d6bd98", "sequence_str": "AL -> UM -> IL -> UM -> OZ"}