{"sequence": ["UM", "NAV", "THOL", "THOL", "SHA"], "coherence_change": 0.00976421606186162, "sense_index_change": 0.011395575289357418, "phi_s_change": 0.002430321745620856, "grad_phi_change": -0.07706287393605193, "k_phi_change": -0.04131157311774228, "xi_c_change": 0.0, "phase_sync_change": 0.006710038313843314, "epi_magnitude_change": 0.0, "hash_signature": "e526c582f30d4104", "sequence_str": "UM -> NAV -> THOL -> THOL -> SHA"}