{"sequence": ["NAV", "IL", "EN", "RA", "NAV"], "coherence_change": 0.008216118735725253, "sense_index_change": -0.01216647992240627, "phi_s_change": 0.08245417801688104, "grad_phi_change": 0.0015580933137233632, "k_phi_change": 0.4497936886105957, "xi_c_change": 0.0, "phase_sync_change": -0.0019773890007230843, "epi_magnitude_change": 0.0, "hash_signature": "3779cae545710d1d", "sequence_str": "NAV -> IL -> EN -> RA -> NAV"}