{"sequence": ["AL", "NUL", "UM", "RA", "REMESH"], "coherence_change": 0.0, "sense_index_change": 0.015408005575569872, "phi_s_change": 0.0, "grad_phi_change": -0.1289438722647016, "k_phi_change": 0.1158589989740707, "xi_c_change": 0.0, "phase_sync_change": 0.027969112542868824, "epi_magnitude_change": -0.020734725466516224, "hash_signature": "df9e0303dcb7c7a6", "sequence_str": "AL -> NUL -> UM -> RA -> REMESH"}