{"sequence": ["VAL", "RA", "RA", "REMESH", "ZHIR", "NAV"], "coherence_change": 0.0, "sense_index_change": 0.048525274632864934, "phi_s_change": 0.0, "grad_phi_change": -0.31955791698587555, "k_phi_change": 0.034750958687329886, "xi_c_change": 0.0, "phase_sync_change": 0.10865884027776485, "epi_magnitude_change": 0.018819251116711455, "hash_signature": "aa3b253b6d7a6fc5", "sequence_str": "VAL -> RA -> RA -> REMESH -> ZHIR -> NAV"}