{"sequence": ["AL", "EN", "UM", "NAV", "EN", "OZ"], "coherence_change": -0.01034808167093837, "sense_index_change": 0.027577966516305175, "phi_s_change": 0.020307554136855033, "grad_phi_change": -0.19356114348545672, "k_phi_change": 0.2938765107704947, "xi_c_change": 0.0, "phase_sync_change": 0.0677715670962088, "epi_magnitude_change": 0.0005802027523916786, "hash_signature": "24a85f257fb57f9b", "sequence_str": "AL -> EN -> UM -> NAV -> EN -> OZ"}