{"sequence": ["THOL", "ZHIR", "RA", "SHA"], "coherence_change": 0.003944954132820255, "sense_index_change": -0.0214639338781899, "phi_s_change": -0.0033922399910253365, "grad_phi_change": 0.0719322421336066, "k_phi_change": 0.404464171720073, "xi_c_change": 0.0, "phase_sync_change": -0.03215394396378668, "epi_magnitude_change": 0.0, "hash_signature": "67dbedc3347e71cb", "sequence_str": "THOL -> ZHIR -> RA -> SHA"}