{"sequence": ["OZ", "RA", "EN", "REMESH"], "coherence_change": -0.007710706534708955, "sense_index_change": 0.007663258035384812, "phi_s_change": -0.04361909640710293, "grad_phi_change": -0.046724832607503375, "k_phi_change": 0.0419051443449579, "xi_c_change": 0.0, "phase_sync_change": 0.008401935643987168, "epi_magnitude_change": 0.001833637640873298, "hash_signature": "48ae140ee05788d8", "sequence_str": "OZ -> RA -> EN -> REMESH"}