{"sequence": ["NUL", "NUL", "RA", "NAV"], "coherence_change": 0.0, "sense_index_change": 0.013948692301239851, "phi_s_change": 0.0, "grad_phi_change": -0.06033433557501722, "k_phi_change": -0.030799554780196886, "xi_c_change": 0.0, "phase_sync_change": 0.013596550623896309, "epi_magnitude_change": -0.033622484488192717, "hash_signature": "256efbda19e17213", "sequence_str": "NUL -> NUL -> RA -> NAV"}