{"sequence": ["UM", "ZHIR", "UM", "OZ", "NAV"], "coherence_change": -0.009996020214216639, "sense_index_change": 0.038803720399124164, "phi_s_change": -0.018041037104861934, "grad_phi_change": -0.20586400629346158, "k_phi_change": 0.2182778205151759, "xi_c_change": 0.0, "phase_sync_change": 0.0893988246398364, "epi_magnitude_change": 0.0, "hash_signature": "274f82537933f1aa", "sequence_str": "UM -> ZHIR -> UM -> OZ -> NAV"}