{"sequence": ["AL", "IL", "ZHIR", "UM", "AL", "OZ"], "coherence_change": -0.004843173106994558, "sense_index_change": 0.07041431099776341, "phi_s_change": 0.11142964756202012, "grad_phi_change": -0.2903247330454706, "k_phi_change": -0.11185456813052552, "xi_c_change": 0.0, "phase_sync_change": 0.08223050934979337, "epi_magnitude_change": -0.00851099720456272, "hash_signature": "737b06acdfef0759", "sequence_str": "AL -> IL -> ZHIR -> UM -> AL -> OZ"}