{"sequence": ["ZHIR", "THOL", "VAL", "OZ"], "coherence_change": -0.009287550697730906, "sense_index_change": 0.01599883021643067, "phi_s_change": 0.08939580195324381, "grad_phi_change": -0.060502709636244933, "k_phi_change": 0.21194058183085915, "xi_c_change": 0.0, "phase_sync_change": 0.02498386218457871, "epi_magnitude_change": 0.017752532491348783, "hash_signature": "732d89142099fcbf", "sequence_str": "ZHIR -> THOL -> VAL -> OZ"}