{"sequence": ["EN", "UM", "IL", "IL", "VAL", "REMESH"], "coherence_change": 0.012236458094553537, "sense_index_change": 0.05825723798128768, "phi_s_change": 0.032548908114496844, "grad_phi_change": -0.2138170058696811, "k_phi_change": 0.5202691594858133, "xi_c_change": 0.0, "phase_sync_change": 0.06880930800855178, "epi_magnitude_change": 0.032174722868418604, "hash_signature": "2e4c6579b0e246d8", "sequence_str": "EN -> UM -> IL -> IL -> VAL -> REMESH"}