{"sequence": ["SHA", "REMESH", "NAV", "EN", "OZ"], "coherence_change": -0.01137166056379546, "sense_index_change": 0.02239215270231909, "phi_s_change": -0.09483694024896583, "grad_phi_change": 0.0, "k_phi_change": 0.0, "xi_c_change": 0.0, "phase_sync_change": 0.0, "epi_magnitude_change": 0.0011814557269159698, "hash_signature": "1b3393ca97916ef9", "sequence_str": "SHA -> REMESH -> NAV -> EN -> OZ"}