{"sequence": ["RA", "EN", "EN", "THOL", "AL", "OZ"], "coherence_change": -0.013017841587767642, "sense_index_change": 0.0014161110491829332, "phi_s_change": -0.06448976208719759, "grad_phi_change": 0.044305532946681714, "k_phi_change": 0.22302746380817257, "xi_c_change": 0.0, "phase_sync_change": -0.0205539011329825, "epi_magnitude_change": -0.003706817538631224, "hash_signature": "116647ef7f5a6939", "sequence_str": "RA -> EN -> EN -> THOL -> AL -> OZ"}