{"sequence": ["RA", "IL", "VAL", "OZ"], "coherence_change": -0.003427619305602536, "sense_index_change": -0.007018715231090322, "phi_s_change": -0.018946607564379936, "grad_phi_change": 0.013453092588498805, "k_phi_change": 0.38425241653299524, "xi_c_change": 0.0, "phase_sync_change": -0.010992407880103916, "epi_magnitude_change": 0.01918100654735433, "hash_signature": "1d6f8814ff96cf99", "sequence_str": "RA -> IL -> VAL -> OZ"}