{"sequence": ["AL", "NAV", "REMESH", "OZ"], "coherence_change": -0.014980733137065494, "sense_index_change": -0.00020208627785633926, "phi_s_change": 0.023121364569371083, "grad_phi_change": 0.0, "k_phi_change": 0.0, "xi_c_change": 0.0, "phase_sync_change": 0.0, "epi_magnitude_change": 0.0027081797164630883, "hash_signature": "33ff3686e7d2b874", "sequence_str": "AL -> NAV -> REMESH -> OZ"}