{"sequence": ["REMESH", "THOL", "VAL", "SHA"], "coherence_change": 0.0037679793331665268, "sense_index_change": -0.001980463655089748, "phi_s_change": 0.004252534005200426, "grad_phi_change": 0.0, "k_phi_change": 0.0, "xi_c_change": 0.0, "phase_sync_change": 0.0, "epi_magnitude_change": 0.021480448972128863, "hash_signature": "1461029aff4a4a4b", "sequence_str": "REMESH -> THOL -> VAL -> SHA"}