{"sequence": ["RA", "NAV", "VAL", "NAV", "NAV"], "coherence_change": 0.0, "sense_index_change": 0.004869114487052184, "phi_s_change": 0.0, "grad_phi_change": -0.034913055516361036, "k_phi_change": 0.6742717147102105, "xi_c_change": 0.0, "phase_sync_change": 0.004334505992396043, "epi_magnitude_change": 0.012617483992454548, "hash_signature": "40b9e5e603a9f8b2", "sequence_str": "RA -> NAV -> VAL -> NAV -> NAV"}