{"sequence": ["NAV", "ZHIR", "REMESH", "NUL", "NUL", "OZ"], "coherence_change": -0.013086748460117703, "sense_index_change": 0.032980258808777974, "phi_s_change": -0.0028196042395740584, "grad_phi_change": -0.0493213863570201, "k_phi_change": 0.1771997571892111, "xi_c_change": 0.0, "phase_sync_change": 0.015566035567153191, "epi_magnitude_change": -0.019404575307131466, "hash_signature": "678684fbf7a41f85", "sequence_str": "NAV -> ZHIR -> REMESH -> NUL -> NUL -> OZ"}