{"sequence": ["AL", "UM", "OZ"], "coherence_change": -0.013925176445891974, "sense_index_change": -0.010058708637139535, "phi_s_change": -0.048987685321838836, "grad_phi_change": 0.017290861519429823, "k_phi_change": 0.10685764264149963, "xi_c_change": 0.0, "phase_sync_change": -0.0027013528112813656, "epi_magnitude_change": 0.005123438404143199, "hash_signature": "18740a35a9a8fa20", "sequence_str": "AL -> UM -> OZ"}