{"sequence": ["IL", "AL", "SHA", "SHA"], "coherence_change": 0.0069284210084852305, "sense_index_change": -0.008810336172703326, "phi_s_change": 0.10224027842327077, "grad_phi_change": 0.0, "k_phi_change": 0.0, "xi_c_change": 0.0, "phase_sync_change": 0.0, "epi_magnitude_change": 0.002632252629586662, "hash_signature": "c0569fb72b3576e9", "sequence_str": "IL -> AL -> SHA -> SHA"}