{"sequence": ["IL", "UM", "THOL", "VAL", "VAL", "SHA"], "coherence_change": 0.013960485691786317, "sense_index_change": -0.006167459588343971, "phi_s_change": 0.030816300832794075, "grad_phi_change": 0.11968024896445817, "k_phi_change": 0.15648579416368438, "xi_c_change": 0.0, "phase_sync_change": -0.04851637575335899, "epi_magnitude_change": 0.029195862906239767, "hash_signature": "e65677123f1129f0", "sequence_str": "IL -> UM -> THOL -> VAL -> VAL -> SHA"}