{"sequence": ["REMESH", "IL", "OZ", "OZ", "SHA"], "coherence_change": -0.014839776170224361, "sense_index_change": -0.012150631525494615, "phi_s_change": -0.11786214951341101, "grad_phi_change": 0.0, "k_phi_change": 0.0, "xi_c_change": 0.0, "phase_sync_change": 0.0, "epi_magnitude_change": 0.0014130601632064144, "hash_signature": "0a2a274feb044f8e", "sequence_str": "REMESH -> IL -> OZ -> OZ -> SHA"}