{"sequence": ["THOL", "RA", "IL", "AL", "OZ"], "coherence_change": 0.004285041899923514, "sense_index_change": 0.009162899056390894, "phi_s_change": 0.1071039823784784, "grad_phi_change": -0.08896700597022389, "k_phi_change": 0.45536021974867263, "xi_c_change": 0.0, "phase_sync_change": 0.025880431915644597, "epi_magnitude_change": -0.00019311690658618819, "hash_signature": "08915a17fe2b034e", "sequence_str": "THOL -> RA -> IL -> AL -> OZ"}