{"sequence": ["VAL", "OZ"], "coherence_change": -0.009997524532932123, "sense_index_change": -0.0071909827169414076, "phi_s_change": 0.07565083106820325, "grad_phi_change": 0.0, "k_phi_change": 0.0, "xi_c_change": 0.0, "phase_sync_change": 0.0, "epi_magnitude_change": 0.01360542101337614, "hash_signature": "f5c662824ddc70cf", "sequence_str": "VAL -> OZ"}