{"sequence": ["REMESH", "EN", "SHA", "ZHIR", "REMESH"], "coherence_change": 0.0, "sense_index_change": -0.006581453838782281, "phi_s_change": 0.0, "grad_phi_change": 0.07856290558925183, "k_phi_change": -0.07059609457575328, "xi_c_change": 0.0, "phase_sync_change": -0.024241732418004536, "epi_magnitude_change": 0.0032614228145624313, "hash_signature": "50791dd518927c68", "sequence_str": "REMESH -> EN -> SHA -> ZHIR -> REMESH"}