{"sequence": ["VAL", "EN", "SHA", "SHA", "RA", "NAV"], "coherence_change": 0.0, "sense_index_change": -0.007977640619521553, "phi_s_change": 0.0, "grad_phi_change": -0.0037572610223568503, "k_phi_change": 0.11337347275454569, "xi_c_change": 0.0, "phase_sync_change": -0.00840795421124152, "epi_magnitude_change": 0.015972880747000207, "hash_signature": "cf32294f3a74209d", "sequence_str": "VAL -> EN -> SHA -> SHA -> RA -> NAV"}