{"sequence": ["OZ", "AL", "UM", "SHA"], "coherence_change": -0.013603693581231924, "sense_index_change": 0.03464599811970148, "phi_s_change": -0.13109399743529948, "grad_phi_change": -0.09052844333090992, "k_phi_change": -0.40260116362309234, "xi_c_change": 0.0, "phase_sync_change": 0.027062687219292392, "epi_magnitude_change": 0.0015768307170201945, "hash_signature": "0d3ece16905893b8", "sequence_str": "OZ -> AL -> UM -> SHA"}