{"sequence": ["NAV", "THOL", "SHA", "NUL", "ZHIR", "OZ"], "coherence_change": -0.01049438142866399, "sense_index_change": -0.004573814568273438, "phi_s_change": -0.09763296351600959, "grad_phi_change": 0.11323277054329339, "k_phi_change": 0.11903370432663732, "xi_c_change": 0.0, "phase_sync_change": -0.03495458086839165, "epi_magnitude_change": -0.01810957511366551, "hash_signature": "6c58e6936b04b5ef", "sequence_str": "NAV -> THOL -> SHA -> NUL -> ZHIR -> OZ"}