{"sequence": ["ZHIR", "THOL", "NUL", "REMESH"], "coherence_change": 0.004471998586993542, "sense_index_change": -0.015222698303459015, "phi_s_change": 0.058031269447061606, "grad_phi_change": 0.04367283230374075, "k_phi_change": 0.10904041233361454, "xi_c_change": 0.0, "phase_sync_change": -0.016146463869363692, "epi_magnitude_change": -0.006353717343575704, "hash_signature": "614632e0c44dfa5e", "sequence_str": "ZHIR -> THOL -> NUL -> REMESH"}