{"sequence": ["THOL", "ZHIR", "OZ"], "coherence_change": -0.0055822188186159805, "sense_index_change": -0.021142739001417277, "phi_s_change": 0.13404647650615809, "grad_phi_change": 0.09451099924676232, "k_phi_change": -0.16209930377777515, "xi_c_change": 0.0, "phase_sync_change": -0.028229505726681703, "epi_magnitude_change": 0.0, "hash_signature": "9bb855c63abfecf0", "sequence_str": "THOL -> ZHIR -> OZ"}