{"sequence": ["ZHIR", "UM", "SHA"], "coherence_change": 0.0, "sense_index_change": -0.029675201203126778, "phi_s_change": 0.0, "grad_phi_change": 0.11038899085785792, "k_phi_change": 0.13350184647341243, "xi_c_change": 0.0, "phase_sync_change": -0.04177776339849437, "epi_magnitude_change": 0.0, "hash_signature": "49ad5ea2f5c61100", "sequence_str": "ZHIR -> UM -> SHA"}