{"sequence": ["RA", "VAL", "UM", "EN", "NUL", "SHA"], "coherence_change": 0.0, "sense_index_change": 0.033514046610828685, "phi_s_change": 0.0, "grad_phi_change": -0.1304724353215192, "k_phi_change": 0.32029661062144693, "xi_c_change": 0.0, "phase_sync_change": 0.04149820920884528, "epi_magnitude_change": -0.008406146319473673, "hash_signature": "110f6d77e9fc529e", "sequence_str": "RA -> VAL -> UM -> EN -> NUL -> SHA"}