{"sequence": ["AL", "VAL", "THOL", "REMESH", "UM", "REMESH"], "coherence_change": 0.00425944180968707, "sense_index_change": 0.016214753624090417, "phi_s_change": -0.0003670066805391281, "grad_phi_change": -0.06227205396993951, "k_phi_change": 0.649412831134182, "xi_c_change": 0.0, "phase_sync_change": 0.014872601540430797, "epi_magnitude_change": 0.015037129456727971, "hash_signature": "98988fcccb7682a3", "sequence_str": "AL -> VAL -> THOL -> REMESH -> UM -> REMESH"}