{"sequence": ["SHA", "UM", "REMESH", "OZ", "RA", "OZ"], "coherence_change": -0.03356570787619728, "sense_index_change": 0.028275612907293746, "phi_s_change": -0.12736106576137174, "grad_phi_change": -0.1245755030734721, "k_phi_change": 0.6044620817013898, "xi_c_change": 0.0, "phase_sync_change": 0.03131945511239331, "epi_magnitude_change": 0.0014466718334575912, "hash_signature": "1890080cd7006190", "sequence_str": "SHA -> UM -> REMESH -> OZ -> RA -> OZ"}