{"sequence": ["EN", "THOL", "UM", "REMESH"], "coherence_change": 0.004949172274236968, "sense_index_change": 0.02906583643852778, "phi_s_change": 0.07194995139563942, "grad_phi_change": -0.13663222391868968, "k_phi_change": 0.06993083091916467, "xi_c_change": 0.0, "phase_sync_change": 0.05083534318389926, "epi_magnitude_change": 0.001679580330457675, "hash_signature": "cd91577db81452b4", "sequence_str": "EN -> THOL -> UM -> REMESH"}