{"sequence": ["OZ", "NAV", "IL", "UM", "IL", "NAV"], "coherence_change": 0.0073326530424713265, "sense_index_change": 0.03955106576696299, "phi_s_change": 0.06922884474798063, "grad_phi_change": -0.18051435453615183, "k_phi_change": 0.24420242866679, "xi_c_change": 0.0, "phase_sync_change": 0.06822045744487981, "epi_magnitude_change": 0.0, "hash_signature": "2ce47be7e3ef8168", "sequence_str": "OZ -> NAV -> IL -> UM -> IL -> NAV"}