{"sequence": ["IL", "THOL", "NUL", "REMESH"], "coherence_change": 0.011407371986143056, "sense_index_change": 0.00884870791764758, "phi_s_change": 0.06852223287251114, "grad_phi_change": 0.0, "k_phi_change": 0.0, "xi_c_change": 0.0, "phase_sync_change": 0.0, "epi_magnitude_change": -0.009298700693056161, "hash_signature": "16ed52d9e3661039", "sequence_str": "IL -> THOL -> NUL -> REMESH"}