{"sequence": ["RA", "VAL", "THOL", "REMESH"], "coherence_change": 0.004684377832419595, "sense_index_change": -0.009133448100469233, "phi_s_change": 0.013450380359631975, "grad_phi_change": 0.05095148042262654, "k_phi_change": -0.013101052097897137, "xi_c_change": 0.0, "phase_sync_change": -0.025003212683240017, "epi_magnitude_change": 0.01693098368145607, "hash_signature": "8367293b33a0c4e1", "sequence_str": "RA -> VAL -> THOL -> REMESH"}