{"sequence": ["UM", "AL", "AL", "OZ"], "coherence_change": -0.0179129202841517, "sense_index_change": 0.0001435664549173099, "phi_s_change": -0.18166815359501232, "grad_phi_change": 0.06812134001089554, "k_phi_change": -0.1683349887787131, "xi_c_change": 0.0, "phase_sync_change": -0.034002900914930745, "epi_magnitude_change": 0.007116820931179713, "hash_signature": "07bbfbde591bee85", "sequence_str": "UM -> AL -> AL -> OZ"}