{"sequence": ["ZHIR", "NUL", "IL", "RA", "SHA"], "coherence_change": 0.005519977467121739, "sense_index_change": -0.03784935740355655, "phi_s_change": 0.03977733066303224, "grad_phi_change": 0.1594551997338265, "k_phi_change": 0.767344569417691, "xi_c_change": 0.0, "phase_sync_change": -0.055828284088877966, "epi_magnitude_change": -0.01415060846376659, "hash_signature": "4074ced98611473a", "sequence_str": "ZHIR -> NUL -> IL -> RA -> SHA"}