{"sequence": ["AL", "RA", "ZHIR", "NAV"], "coherence_change": 0.0, "sense_index_change": -0.0069518262025917155, "phi_s_change": 0.0, "grad_phi_change": -0.004171333707869929, "k_phi_change": 0.22249248957526463, "xi_c_change": 0.0, "phase_sync_change": -0.0032122837822716743, "epi_magnitude_change": 0.003144367942851223, "hash_signature": "0f220fb48d2610b4", "sequence_str": "AL -> RA -> ZHIR -> NAV"}