{"sequence": ["AL", "REMESH", "RA", "EN", "RA", "OZ"], "coherence_change": -0.01129260733647286, "sense_index_change": 0.05143084177679824, "phi_s_change": 0.02843217569506218, "grad_phi_change": -0.14143417080438137, "k_phi_change": 0.4154948275235506, "xi_c_change": 0.0, "phase_sync_change": 0.04511933835107451, "epi_magnitude_change": 0.002175184399052177, "hash_signature": "806716834356dfa9", "sequence_str": "AL -> REMESH -> RA -> EN -> RA -> OZ"}