{"sequence": ["VAL", "EN", "OZ"], "coherence_change": -0.006039751108998459, "sense_index_change": -0.0043197848869968025, "phi_s_change": -0.056248212961726995, "grad_phi_change": 0.0, "k_phi_change": 0.0, "xi_c_change": 0.0, "phase_sync_change": 0.0, "epi_magnitude_change": 0.014841214061663832, "hash_signature": "ec8ec45dc06bac22", "sequence_str": "VAL -> EN -> OZ"}