{"sequence": ["REMESH", "SHA", "UM", "SHA"], "coherence_change": 0.0, "sense_index_change": 0.002204135982385891, "phi_s_change": 0.0, "grad_phi_change": -0.049709045878344016, "k_phi_change": 0.02679205402929269, "xi_c_change": 0.0, "phase_sync_change": 0.016937200395332086, "epi_magnitude_change": 0.001313074185903873, "hash_signature": "d0ee86421ad0b697", "sequence_str": "REMESH -> SHA -> UM -> SHA"}