{"sequence": ["NAV", "NUL", "EN", "UM", "NUL", "OZ"], "coherence_change": -0.013932122082994436, "sense_index_change": 0.025318831291110677, "phi_s_change": 0.1488151533005455, "grad_phi_change": -0.17207314449976518, "k_phi_change": -0.19120264010941473, "xi_c_change": 0.0, "phase_sync_change": 0.04886026652233555, "epi_magnitude_change": -0.023501025599786174, "hash_signature": "ce1983979ebd5f5d", "sequence_str": "NAV -> NUL -> EN -> UM -> NUL -> OZ"}