{"sequence": ["ZHIR", "RA", "UM", "EN", "VAL", "NAV"], "coherence_change": 0.0, "sense_index_change": 0.015601270806843481, "phi_s_change": 0.0, "grad_phi_change": -0.09767412490944727, "k_phi_change": 0.6861530537805974, "xi_c_change": 0.0, "phase_sync_change": 0.023177363621382452, "epi_magnitude_change": 0.013974190636949269, "hash_signature": "609b7ed44c5bd708", "sequence_str": "ZHIR -> RA -> UM -> EN -> VAL -> NAV"}