{"sequence": ["AL", "UM", "UM", "VAL", "OZ"], "coherence_change": -0.007886627748049269, "sense_index_change": 0.017882933069670037, "phi_s_change": 0.005559426341999241, "grad_phi_change": -0.14614889637042028, "k_phi_change": 0.11017316587950347, "xi_c_change": 0.0, "phase_sync_change": 0.038189070583173446, "epi_magnitude_change": 0.011970992253033219, "hash_signature": "c9e5d73d428044bc", "sequence_str": "AL -> UM -> UM -> VAL -> OZ"}