{"sequence": ["NUL", "NAV", "ZHIR", "SHA"], "coherence_change": 0.0, "sense_index_change": -0.013827828159845346, "phi_s_change": 0.0, "grad_phi_change": 0.06422140743594573, "k_phi_change": 0.025292529356451376, "xi_c_change": 0.0, "phase_sync_change": -0.019313492897149676, "epi_magnitude_change": -0.028564677915356884, "hash_signature": "90d768e9623b8c5f", "sequence_str": "NUL -> NAV -> ZHIR -> SHA"}