{"sequence": ["AL", "THOL", "EN", "REMESH"], "coherence_change": 0.006113157564085481, "sense_index_change": -0.017849620069947114, "phi_s_change": 0.07406402639708332, "grad_phi_change": 0.0, "k_phi_change": 0.0, "xi_c_change": 0.0, "phase_sync_change": 0.0, "epi_magnitude_change": -0.0013482531279385146, "hash_signature": "b90213821065b0c9", "sequence_str": "AL -> THOL -> EN -> REMESH"}