{"sequence": ["THOL", "SHA", "SHA", "NUL", "REMESH"], "coherence_change": 0.004951436835471168, "sense_index_change": 0.0004213656150147127, "phi_s_change": -0.02234378654046143, "grad_phi_change": 0.0, "k_phi_change": 0.0, "xi_c_change": 0.0, "phase_sync_change": 0.0, "epi_magnitude_change": -0.008851283663949272, "hash_signature": "f9314c4a01d4204e", "sequence_str": "THOL -> SHA -> SHA -> NUL -> REMESH"}