{"sequence": ["ZHIR", "UM", "NAV", "AL", "AL", "REMESH"], "coherence_change": 0.0, "sense_index_change": 0.03614781320439642, "phi_s_change": 0.0, "grad_phi_change": -0.2101664933917169, "k_phi_change": 0.2915969567293303, "xi_c_change": 0.0, "phase_sync_change": 0.06002479161708585, "epi_magnitude_change": -0.0025104461261759026, "hash_signature": "38f2798821602311", "sequence_str": "ZHIR -> UM -> NAV -> AL -> AL -> REMESH"}