{"sequence": ["REMESH", "NUL", "THOL", "NUL", "OZ"], "coherence_change": -0.003462903766748071, "sense_index_change": -0.018267553825361327, "phi_s_change": 0.13848769730731902, "grad_phi_change": 0.0, "k_phi_change": 0.0, "xi_c_change": 0.0, "phase_sync_change": 0.0, "epi_magnitude_change": -0.026053327789807956, "hash_signature": "1b8986334a3efc44", "sequence_str": "REMESH -> NUL -> THOL -> NUL -> OZ"}