{"sequence": ["NUL", "NAV", "RA", "THOL", "SHA"], "coherence_change": 0.0037857729991067623, "sense_index_change": 0.011476854669151715, "phi_s_change": 0.036668220319709954, "grad_phi_change": -0.019577183779606155, "k_phi_change": 0.2268459448799968, "xi_c_change": 0.0, "phase_sync_change": 0.00591501090382196, "epi_magnitude_change": -0.01951796527816374, "hash_signature": "b815961639531d0c", "sequence_str": "NUL -> NAV -> RA -> THOL -> SHA"}