{"sequence": ["OZ", "UM", "OZ", "THOL", "SHA"], "coherence_change": -0.022862961398339987, "sense_index_change": 0.028311573306057713, "phi_s_change": -0.1482919245544405, "grad_phi_change": -0.03776917443987271, "k_phi_change": 0.09119203334291973, "xi_c_change": 0.0, "phase_sync_change": 0.0012797840583916864, "epi_magnitude_change": 0.0, "hash_signature": "2ff2d540e0104d98", "sequence_str": "OZ -> UM -> OZ -> THOL -> SHA"}