{"sequence": ["AL", "NAV", "ZHIR", "AL", "VAL", "REMESH"], "coherence_change": 0.0, "sense_index_change": 0.0075903087375776, "phi_s_change": 0.0, "grad_phi_change": -0.04506806789298423, "k_phi_change": 0.2335666455768765, "xi_c_change": 0.0, "phase_sync_change": 0.01693612562455271, "epi_magnitude_change": 0.010616497973031769, "hash_signature": "b92fd96bab4283d0", "sequence_str": "AL -> NAV -> ZHIR -> AL -> VAL -> REMESH"}