{"sequence": ["IL", "SHA", "THOL", "IL", "VAL", "SHA"], "coherence_change": 0.020526914967342935, "sense_index_change": 0.019498220576767644, "phi_s_change": 0.060176771050192035, "grad_phi_change": 0.0, "k_phi_change": 0.0, "xi_c_change": 0.0, "phase_sync_change": 0.0, "epi_magnitude_change": 0.019199112728455536, "hash_signature": "a53983dde5b285b2", "sequence_str": "IL -> SHA -> THOL -> IL -> VAL -> SHA"}