{"sequence": ["REMESH", "VAL", "UM", "UM", "SHA"], "coherence_change": 0.0, "sense_index_change": 0.04940338986700643, "phi_s_change": 0.0, "grad_phi_change": -0.41630481626331783, "k_phi_change": 0.33683869545197076, "xi_c_change": 0.0, "phase_sync_change": 0.14000019687361787, "epi_magnitude_change": 0.023868891286006444, "hash_signature": "e2a80f336f9a3e41", "sequence_str": "REMESH -> VAL -> UM -> UM -> SHA"}