{"sequence": ["NAV", "IL", "AL", "RA", "SHA"], "coherence_change": 0.009731777179178502, "sense_index_change": 0.01750500847806502, "phi_s_change": -0.008308906724390108, "grad_phi_change": -0.13348413257632608, "k_phi_change": 0.2573034419527872, "xi_c_change": 0.0, "phase_sync_change": 0.037214328151979115, "epi_magnitude_change": 0.0016347335529565132, "hash_signature": "c8b1b2026127ddf3", "sequence_str": "NAV -> IL -> AL -> RA -> SHA"}