{"sequence": ["REMESH", "REMESH", "VAL", "AL", "RA", "OZ"], "coherence_change": -0.014005960169683362, "sense_index_change": 0.006367825370498181, "phi_s_change": 0.1074150168406467, "grad_phi_change": 0.004252397204822289, "k_phi_change": 0.32224747963628775, "xi_c_change": 0.0, "phase_sync_change": -0.010088810262655734, "epi_magnitude_change": 0.019252692535345672, "hash_signature": "dd2564dc052a9ad9", "sequence_str": "REMESH -> REMESH -> VAL -> AL -> RA -> OZ"}