{"sequence": ["ZHIR", "SHA", "OZ", "REMESH", "EN", "NAV"], "coherence_change": -0.013483158029789166, "sense_index_change": 0.018168382745821554, "phi_s_change": -0.1839113882284774, "grad_phi_change": -0.03006424672027852, "k_phi_change": -0.08349108564973984, "xi_c_change": 0.0, "phase_sync_change": 0.011456064516474407, "epi_magnitude_change": 0.0016296656408746335, "hash_signature": "d7ebe5a0183446a3", "sequence_str": "ZHIR -> SHA -> OZ -> REMESH -> EN -> NAV"}