{"sequence": ["IL", "EN", "RA", "NAV"], "coherence_change": 0.007777975993369046, "sense_index_change": 0.012699848444660988, "phi_s_change": 0.030832805619403936, "grad_phi_change": -0.006734863068806662, "k_phi_change": 0.21146261997902827, "xi_c_change": 0.0, "phase_sync_change": -0.005930917960014437, "epi_magnitude_change": 0.0, "hash_signature": "e857edbe155e12dd", "sequence_str": "IL -> EN -> RA -> NAV"}