{"sequence": ["VAL", "RA", "THOL", "SHA"], "coherence_change": 0.002918518739486675, "sense_index_change": 0.02304798910944339, "phi_s_change": -0.0214433306586459, "grad_phi_change": -0.05834243096095859, "k_phi_change": 0.716351716363615, "xi_c_change": 0.0, "phase_sync_change": 0.016513867500286494, "epi_magnitude_change": 0.014444827595916587, "hash_signature": "669d3cb43d66e1d4", "sequence_str": "VAL -> RA -> THOL -> SHA"}