{"sequence": ["REMESH", "SHA", "NAV", "ZHIR", "REMESH"], "coherence_change": 0.0, "sense_index_change": 0.0019836136655505543, "phi_s_change": 0.0, "grad_phi_change": 0.028996352019500016, "k_phi_change": -0.08504101532275926, "xi_c_change": 0.0, "phase_sync_change": -0.014823262913536972, "epi_magnitude_change": 0.0025743776282745046, "hash_signature": "8b2900f4a51c2287", "sequence_str": "REMESH -> SHA -> NAV -> ZHIR -> REMESH"}