{"sequence": ["THOL", "IL", "SHA", "REMESH"], "coherence_change": 0.014553438297574273, "sense_index_change": -0.003923334571998116, "phi_s_change": 0.04860814257427526, "grad_phi_change": 0.0, "k_phi_change": 0.0, "xi_c_change": 0.0, "phase_sync_change": 0.0, "epi_magnitude_change": 0.0017098368716433887, "hash_signature": "af0639c5139b2e0f", "sequence_str": "THOL -> IL -> SHA -> REMESH"}