{"sequence": ["REMESH", "NUL", "IL", "IL", "UM", "SHA"], "coherence_change": 0.013581023786449209, "sense_index_change": 0.05129856130558996, "phi_s_change": 0.038322849722027486, "grad_phi_change": -0.1855426985452262, "k_phi_change": 0.5169983481865371, "xi_c_change": 0.0, "phase_sync_change": 0.05488770441343094, "epi_magnitude_change": -0.012151674653513966, "hash_signature": "01a45374cf727910", "sequence_str": "REMESH -> NUL -> IL -> IL -> UM -> SHA"}