{"sequence": ["NAV", "OZ", "OZ", "UM", "REMESH"], "coherence_change": -0.02724343927077333, "sense_index_change": 0.019125224248072947, "phi_s_change": 0.10149815607586854, "grad_phi_change": -0.023622413775968187, "k_phi_change": 0.3611625636757152, "xi_c_change": 0.0, "phase_sync_change": 0.007679091330852095, "epi_magnitude_change": 0.0010258050519359463, "hash_signature": "d3f3a692fa6e1046", "sequence_str": "NAV -> OZ -> OZ -> UM -> REMESH"}