{"sequence": ["ZHIR", "VAL", "THOL", "EN", "RA", "NAV"], "coherence_change": 0.005941439916666291, "sense_index_change": 0.008193978819766023, "phi_s_change": 0.06060705427508495, "grad_phi_change": -0.09079466931628688, "k_phi_change": 0.10505074719762415, "xi_c_change": 0.0, "phase_sync_change": 0.02860709329518396, "epi_magnitude_change": 0.0056163540998090955, "hash_signature": "ddcdba5d33cbc44c", "sequence_str": "ZHIR -> VAL -> THOL -> EN -> RA -> NAV"}