{"sequence": ["NAV", "REMESH", "VAL", "UM", "NAV"], "coherence_change": 0.0, "sense_index_change": 0.0056236957700802614, "phi_s_change": 0.0, "grad_phi_change": -0.00628307789573479, "k_phi_change": 0.3801235391118122, "xi_c_change": 0.0, "phase_sync_change": 0.000937922628466259, "epi_magnitude_change": 0.013930377948099149, "hash_signature": "f5d7154140895ab7", "sequence_str": "NAV -> REMESH -> VAL -> UM -> NAV"}