{"sequence": ["SHA", "OZ", "ZHIR", "RA", "VAL", "SHA"], "coherence_change": -0.010261112448579968, "sense_index_change": -0.014583680512558206, "phi_s_change": -0.03212543131341383, "grad_phi_change": 0.13705829729641872, "k_phi_change": 0.6512942401322193, "xi_c_change": 0.0, "phase_sync_change": -0.047367588609495304, "epi_magnitude_change": 0.020499347017064906, "hash_signature": "0b09242bbfb96b8b", "sequence_str": "SHA -> OZ -> ZHIR -> RA -> VAL -> SHA"}