{"sequence": ["AL", "SHA", "ZHIR", "VAL", "OZ"], "coherence_change": -0.009271880388332487, "sense_index_change": 0.0451805474675524, "phi_s_change": -0.1091835161618353, "grad_phi_change": -0.007679448708775238, "k_phi_change": 0.12651123559538457, "xi_c_change": 0.0, "phase_sync_change": 0.0, "epi_magnitude_change": 0.018413609745050907, "hash_signature": "4b82c9cf6013efc5", "sequence_str": "AL -> SHA -> ZHIR -> VAL -> OZ"}