{"sequence": ["RA", "OZ", "OZ", "EN", "UM", "SHA"], "coherence_change": -0.02248576943122582, "sense_index_change": 0.047109857455934656, "phi_s_change": 0.13251617454516218, "grad_phi_change": -0.15939172300545312, "k_phi_change": -0.14573360903475202, "xi_c_change": 0.0, "phase_sync_change": 0.05618275157142971, "epi_magnitude_change": 0.0, "hash_signature": "287d8e40651bdde9", "sequence_str": "RA -> OZ -> OZ -> EN -> UM -> SHA"}