{"sequence": ["NAV", "AL", "UM", "SHA", "ZHIR", "SHA"], "coherence_change": 0.0, "sense_index_change": -0.025402575329645682, "phi_s_change": 0.0, "grad_phi_change": 0.06279083926259443, "k_phi_change": -0.16971629719564452, "xi_c_change": 0.0, "phase_sync_change": -0.03436096691778512, "epi_magnitude_change": 0.0036238997304260945, "hash_signature": "6da03a58a1f84a38", "sequence_str": "NAV -> AL -> UM -> SHA -> ZHIR -> SHA"}