{"sequence": ["VAL", "OZ", "RA", "NAV", "VAL", "REMESH"], "coherence_change": -0.011896221052431377, "sense_index_change": 0.036007027543052406, "phi_s_change": -0.18032550739879882, "grad_phi_change": -0.060833503558780366, "k_phi_change": 0.24982180599981837, "xi_c_change": 0.0, "phase_sync_change": 0.009927643292130806, "epi_magnitude_change": 0.03506403994933993, "hash_signature": "f43a5f2b17852b82", "sequence_str": "VAL -> OZ -> RA -> NAV -> VAL -> REMESH"}