{"sequence": ["RA", "NUL", "NUL", "NUL", "SHA"], "coherence_change": 0.0, "sense_index_change": -0.00745517241064475, "phi_s_change": 0.0, "grad_phi_change": -0.02679026095838899, "k_phi_change": 0.4990248875948463, "xi_c_change": 0.0, "phase_sync_change": 0.008530524991802624, "epi_magnitude_change": -0.04327165687779988, "hash_signature": "4f38efc48494f2cc", "sequence_str": "RA -> NUL -> NUL -> NUL -> SHA"}