{"sequence": ["UM", "EN", "NAV"], "coherence_change": 0.0, "sense_index_change": 0.037787732394687246, "phi_s_change": 0.0, "grad_phi_change": -0.15261870210841888, "k_phi_change": 0.5239313335318356, "xi_c_change": 0.0, "phase_sync_change": 0.06294264306524966, "epi_magnitude_change": 0.0, "hash_signature": "4fe48c38c6344c6f", "sequence_str": "UM -> EN -> NAV"}