{"sequence": ["REMESH", "UM", "UM", "NAV"], "coherence_change": 0.0, "sense_index_change": 0.03715360357273678, "phi_s_change": 0.0, "grad_phi_change": -0.20140270935756788, "k_phi_change": 0.5000266069304897, "xi_c_change": 0.0, "phase_sync_change": 0.06832420540026696, "epi_magnitude_change": 0.0011634768001232976, "hash_signature": "1a8781b21b7d5295", "sequence_str": "REMESH -> UM -> UM -> NAV"}