{"sequence": ["AL", "THOL", "VAL", "UM", "NAV"], "coherence_change": 0.0035479671996372364, "sense_index_change": 0.023071099793218197, "phi_s_change": -0.029346920175960856, "grad_phi_change": -0.06615078047511203, "k_phi_change": 0.5397558504348499, "xi_c_change": 0.0, "phase_sync_change": 0.02311161369229353, "epi_magnitude_change": 0.011667364854107354, "hash_signature": "9f15e98f28f9b5b6", "sequence_str": "AL -> THOL -> VAL -> UM -> NAV"}