{"sequence": ["UM", "NAV", "UM", "OZ", "RA", "NAV"], "coherence_change": -0.009058148294092794, "sense_index_change": 0.060604160119180794, "phi_s_change": -0.03696639890856068, "grad_phi_change": -0.3865649962524196, "k_phi_change": 0.3618676038175437, "xi_c_change": 0.0, "phase_sync_change": 0.12447876775018407, "epi_magnitude_change": 0.0, "hash_signature": "0e57651142faa80c", "sequence_str": "UM -> NAV -> UM -> OZ -> RA -> NAV"}