{"sequence": ["AL", "AL", "THOL", "AL", "OZ"], "coherence_change": -0.00479115503401617, "sense_index_change": -0.019376889271345232, "phi_s_change": 0.025548560170332024, "grad_phi_change": 0.0, "k_phi_change": 0.0, "xi_c_change": 0.0, "phase_sync_change": 0.0, "epi_magnitude_change": -0.010161835819495035, "hash_signature": "0057edcd5bb5d298", "sequence_str": "AL -> AL -> THOL -> AL -> OZ"}