{"sequence": ["NAV", "SHA", "RA", "IL", "NAV"], "coherence_change": 0.006354039350171314, "sense_index_change": 0.02359222182253151, "phi_s_change": -0.005668468964950657, "grad_phi_change": -0.05582111608441065, "k_phi_change": 0.32158376474842987, "xi_c_change": 0.0, "phase_sync_change": 0.013446299448820809, "epi_magnitude_change": 0.0, "hash_signature": "23bfef8ba6a2ea77", "sequence_str": "NAV -> SHA -> RA -> IL -> NAV"}