{"sequence": ["VAL", "REMESH", "REMESH", "SHA", "OZ"], "coherence_change": -0.00878823421781505, "sense_index_change": -0.008501541660602796, "phi_s_change": 0.025480281826103623, "grad_phi_change": 0.0, "k_phi_change": 0.0, "xi_c_change": 0.0, "phase_sync_change": 0.0, "epi_magnitude_change": 0.01973483205635307, "hash_signature": "1988152809eb910e", "sequence_str": "VAL -> REMESH -> REMESH -> SHA -> OZ"}