{"sequence": ["THOL", "VAL", "OZ", "EN", "REMESH"], "coherence_change": -0.009033678847110815, "sense_index_change": 0.0007837986570843336, "phi_s_change": -0.02950235995198358, "grad_phi_change": 0.0, "k_phi_change": 0.0, "xi_c_change": 0.0, "phase_sync_change": 0.0, "epi_magnitude_change": 0.016240465333818288, "hash_signature": "055f3de944e45238", "sequence_str": "THOL -> VAL -> OZ -> EN -> REMESH"}