{"sequence": ["AL", "IL", "ZHIR", "VAL", "AL", "OZ"], "coherence_change": -0.006437581360942302, "sense_index_change": 0.01853774041995626, "phi_s_change": 0.09717471991383386, "grad_phi_change": -0.0028764836992407616, "k_phi_change": -0.05849740033094536, "xi_c_change": 0.0, "phase_sync_change": 0.002052042080782468, "epi_magnitude_change": 0.022587092710515955, "hash_signature": "dcdc6743513a3eb8", "sequence_str": "AL -> IL -> ZHIR -> VAL -> AL -> OZ"}