{"sequence": ["EN", "REMESH", "OZ", "THOL", "AL", "REMESH"], "coherence_change": -0.0040209935249939655, "sense_index_change": -0.01410575953127513, "phi_s_change": -0.023774339463981886, "grad_phi_change": 0.0, "k_phi_change": 0.0, "xi_c_change": 0.0, "phase_sync_change": 0.0, "epi_magnitude_change": 0.002078685638890465, "hash_signature": "c091474b61c42267", "sequence_str": "EN -> REMESH -> OZ -> THOL -> AL -> REMESH"}