{"sequence": ["REMESH", "RA", "NUL", "REMESH", "NAV"], "coherence_change": 0.0, "sense_index_change": 0.010138117807406588, "phi_s_change": 0.0, "grad_phi_change": -0.039697178468561134, "k_phi_change": 0.009199019227365102, "xi_c_change": 0.0, "phase_sync_change": 0.005829777757863974, "epi_magnitude_change": -0.011789249043295702, "hash_signature": "b2815ea622bbedee", "sequence_str": "REMESH -> RA -> NUL -> REMESH -> NAV"}