{"sequence": ["ZHIR", "NUL", "RA", "ZHIR", "OZ"], "coherence_change": -0.01453372219843485, "sense_index_change": -0.013111013332760879, "phi_s_change": 0.023087717214621217, "grad_phi_change": 0.08774096351774907, "k_phi_change": 0.5700227630000319, "xi_c_change": 0.0, "phase_sync_change": -0.031684763014980466, "epi_magnitude_change": -0.01494629098370226, "hash_signature": "1de3798f9e814973", "sequence_str": "ZHIR -> NUL -> RA -> ZHIR -> OZ"}