{"sequence": ["OZ", "OZ", "NAV", "RA", "NAV"], "coherence_change": -0.02060658798275905, "sense_index_change": -0.007241731556200559, "phi_s_change": -0.006098365964041563, "grad_phi_change": -0.02006094448644391, "k_phi_change": 0.26946687364847033, "xi_c_change": 0.0, "phase_sync_change": -0.0012949036772986755, "epi_magnitude_change": 0.0, "hash_signature": "0480ae401b71191b", "sequence_str": "OZ -> OZ -> NAV -> RA -> NAV"}