{"sequence": ["NUL", "RA", "IL", "VAL", "OZ"], "coherence_change": -0.005203346825362276, "sense_index_change": -0.03111601306047107, "phi_s_change": 0.1508830437679216, "grad_phi_change": 0.04667097965254774, "k_phi_change": 0.05341010540147517, "xi_c_change": 0.0, "phase_sync_change": -0.021148790043067578, "epi_magnitude_change": 0.0006607005568303181, "hash_signature": "ccb3e56c94ba16f2", "sequence_str": "NUL -> RA -> IL -> VAL -> OZ"}