{"sequence": ["NAV", "NUL", "UM", "ZHIR", "NAV"], "coherence_change": 0.0, "sense_index_change": -0.004136140313080183, "phi_s_change": 0.0, "grad_phi_change": 0.0022363983723237, "k_phi_change": 0.037733945406151215, "xi_c_change": 0.0, "phase_sync_change": -0.0043921073106863995, "epi_magnitude_change": -0.011015705727191905, "hash_signature": "f01ed7524aff8bc9", "sequence_str": "NAV -> NUL -> UM -> ZHIR -> NAV"}