{"sequence": ["AL", "ZHIR", "UM", "UM", "SHA"], "coherence_change": 0.0, "sense_index_change": 0.012212519942287003, "phi_s_change": 0.0, "grad_phi_change": -0.20173590053883905, "k_phi_change": -0.18129449026511796, "xi_c_change": 0.0, "phase_sync_change": 0.0636374806805119, "epi_magnitude_change": 0.002749678449838644, "hash_signature": "56f0b38b39c164af", "sequence_str": "AL -> ZHIR -> UM -> UM -> SHA"}