{"sequence": ["NAV", "VAL", "UM", "THOL", "SHA"], "coherence_change": 0.0039906082313211355, "sense_index_change": 0.046853651339319846, "phi_s_change": 0.026826319425738432, "grad_phi_change": -0.15606047761880926, "k_phi_change": 0.17744250198281886, "xi_c_change": 0.0, "phase_sync_change": 0.05397884801686881, "epi_magnitude_change": 0.017366810777333708, "hash_signature": "3c3a10e6e3953995", "sequence_str": "NAV -> VAL -> UM -> THOL -> SHA"}