{"sequence": ["ZHIR", "IL", "SHA", "THOL", "NAV"], "coherence_change": 0.01313251488797329, "sense_index_change": -0.03719488842568469, "phi_s_change": 0.1673043750626656, "grad_phi_change": 0.08682281973648043, "k_phi_change": 0.25969021774148493, "xi_c_change": 0.0, "phase_sync_change": -0.03058570215399714, "epi_magnitude_change": 0.0, "hash_signature": "0c05a978a711cbc5", "sequence_str": "ZHIR -> IL -> SHA -> THOL -> NAV"}