{"sequence": ["IL", "EN", "OZ", "AL", "REMESH"], "coherence_change": -0.006412219644681971, "sense_index_change": -0.004380337813722268, "phi_s_change": 0.07883585444654706, "grad_phi_change": 0.0, "k_phi_change": 0.0, "xi_c_change": 0.0, "phase_sync_change": 0.0, "epi_magnitude_change": 0.0008617442105324224, "hash_signature": "f13b725cb7dd3258", "sequence_str": "IL -> EN -> OZ -> AL -> REMESH"}