{"sequence": ["REMESH", "NUL", "AL", "OZ"], "coherence_change": -0.010080751878760341, "sense_index_change": 0.0023647562005434386, "phi_s_change": -0.04393595005432194, "grad_phi_change": 0.0, "k_phi_change": 0.0, "xi_c_change": 0.0, "phase_sync_change": 0.0, "epi_magnitude_change": -0.00930012939053726, "hash_signature": "5fffc68739f097d1", "sequence_str": "REMESH -> NUL -> AL -> OZ"}