{"sequence": ["THOL", "THOL", "UM", "VAL", "NUL", "OZ"], "coherence_change": -0.007562351833297898, "sense_index_change": 0.03402757543285195, "phi_s_change": 0.03757131003258174, "grad_phi_change": -0.09437404470855637, "k_phi_change": 0.29530319606648037, "xi_c_change": 0.0, "phase_sync_change": 0.03125710320490904, "epi_magnitude_change": 0.007094786084529514, "hash_signature": "be8094624f61217b", "sequence_str": "THOL -> THOL -> UM -> VAL -> NUL -> OZ"}