{"sequence": ["IL", "EN", "EN", "IL", "VAL", "NAV"], "coherence_change": 0.016924600792520672, "sense_index_change": -0.0010389361345947146, "phi_s_change": 0.11071797828603114, "grad_phi_change": 0.0, "k_phi_change": 0.0, "xi_c_change": 0.0, "phase_sync_change": 0.0, "epi_magnitude_change": 0.011479879774419333, "hash_signature": "29a2f1a152ba5e75", "sequence_str": "IL -> EN -> EN -> IL -> VAL -> NAV"}