{"sequence": ["REMESH", "REMESH", "OZ", "SHA", "REMESH"], "coherence_change": -0.012437176883768108, "sense_index_change": -0.002397537963028329, "phi_s_change": -0.060252265274271855, "grad_phi_change": 0.0, "k_phi_change": 0.0, "xi_c_change": 0.0, "phase_sync_change": 0.0, "epi_magnitude_change": 0.004583897320375119, "hash_signature": "594115fe1531d504", "sequence_str": "REMESH -> REMESH -> OZ -> SHA -> REMESH"}