{"sequence": ["THOL", "UM", "ZHIR", "SHA", "VAL", "REMESH"], "coherence_change": 0.005921890900094762, "sense_index_change": -0.003781885316618605, "phi_s_change": -0.016331593473877026, "grad_phi_change": -0.015521343654667286, "k_phi_change": 0.09012142440118931, "xi_c_change": 0.0, "phase_sync_change": -0.0020312229237812174, "epi_magnitude_change": 0.014527537404856572, "hash_signature": "d4d35fc104d3aaa6", "sequence_str": "THOL -> UM -> ZHIR -> SHA -> VAL -> REMESH"}