{"sequence": ["VAL", "RA", "ZHIR", "OZ"], "coherence_change": -0.010556261808143286, "sense_index_change": 0.027344045748379564, "phi_s_change": 0.04748626074015527, "grad_phi_change": -0.10989771748468846, "k_phi_change": 0.05225772458473979, "xi_c_change": 0.0, "phase_sync_change": 0.03709536881091535, "epi_magnitude_change": 0.00892412304507817, "hash_signature": "10a64cb61c3d7392", "sequence_str": "VAL -> RA -> ZHIR -> OZ"}