{"sequence": ["THOL", "SHA", "OZ", "REMESH", "ZHIR", "REMESH"], "coherence_change": -0.0017400502047949518, "sense_index_change": 0.0034228921529788625, "phi_s_change": -0.008092731636346273, "grad_phi_change": 0.016229989001325995, "k_phi_change": 0.1995963040069652, "xi_c_change": 0.0, "phase_sync_change": -0.0019305646656367914, "epi_magnitude_change": 0.003016955716608982, "hash_signature": "29a8a341ce34e8a8", "sequence_str": "THOL -> SHA -> OZ -> REMESH -> ZHIR -> REMESH"}