{"sequence": ["EN", "UM", "EN", "IL", "EN", "OZ"], "coherence_change": -0.0015665154373373236, "sense_index_change": -0.00534045162530572, "phi_s_change": 0.036236931091644164, "grad_phi_change": -0.07471665961700458, "k_phi_change": -0.0492752469728637, "xi_c_change": 0.0, "phase_sync_change": 0.028732000998710983, "epi_magnitude_change": 0.0, "hash_signature": "813caaa104ba1014", "sequence_str": "EN -> UM -> EN -> IL -> EN -> OZ"}