{"sequence": ["NAV", "ZHIR", "THOL", "RA", "OZ"], "coherence_change": -0.007378109098809982, "sense_index_change": 0.022427423161286764, "phi_s_change": -0.043267382241589325, "grad_phi_change": -0.08436122393751044, "k_phi_change": 0.302519246490716, "xi_c_change": 0.0, "phase_sync_change": 0.02087119599667031, "epi_magnitude_change": 0.0, "hash_signature": "a9fbb34be3907001", "sequence_str": "NAV -> ZHIR -> THOL -> RA -> OZ"}