{"sequence": ["NAV", "UM", "REMESH"], "coherence_change": 0.0, "sense_index_change": 0.00648106891832867, "phi_s_change": 0.0, "grad_phi_change": -0.08454587354192067, "k_phi_change": 0.15116858121117996, "xi_c_change": 0.0, "phase_sync_change": 0.01292222221243855, "epi_magnitude_change": 0.0016268546775388693, "hash_signature": "668479eaf8bd8b14", "sequence_str": "NAV -> UM -> REMESH"}