{"sequence": ["REMESH", "OZ", "NUL", "EN", "REMESH"], "coherence_change": -0.013549130434510892, "sense_index_change": 0.022690646041872098, "phi_s_change": -0.054971606065973844, "grad_phi_change": 0.0, "k_phi_change": 0.0, "xi_c_change": 0.0, "phase_sync_change": 0.0, "epi_magnitude_change": -0.015602355514996669, "hash_signature": "aa70e1114c891c03", "sequence_str": "REMESH -> OZ -> NUL -> EN -> REMESH"}