{"sequence": ["AL", "OZ", "THOL", "EN", "NAV"], "coherence_change": -0.0018904236166440436, "sense_index_change": 0.0016776399814842913, "phi_s_change": -0.03142601752520735, "grad_phi_change": 0.0, "k_phi_change": 0.0, "xi_c_change": 0.0, "phase_sync_change": 0.0, "epi_magnitude_change": 0.005635070826310429, "hash_signature": "9ed08f6b98c3e584", "sequence_str": "AL -> OZ -> THOL -> EN -> NAV"}