{"sequence": ["AL", "RA", "RA", "EN", "ZHIR", "SHA"], "coherence_change": 0.0, "sense_index_change": 0.027783069275308492, "phi_s_change": 0.0, "grad_phi_change": -0.1205206830642287, "k_phi_change": 0.29546073785576393, "xi_c_change": 0.0, "phase_sync_change": 0.035773963396157904, "epi_magnitude_change": -0.005628103403264695, "hash_signature": "c9d032b5ed54344c", "sequence_str": "AL -> RA -> RA -> EN -> ZHIR -> SHA"}