{"sequence": ["EN", "VAL", "THOL", "SHA"], "coherence_change": 0.0042928533524975165, "sense_index_change": 0.0015978958217001127, "phi_s_change": 0.011393270193090888, "grad_phi_change": 0.0, "k_phi_change": 0.0, "xi_c_change": 0.0, "phase_sync_change": 0.0, "epi_magnitude_change": 0.024352740858254562, "hash_signature": "4f6a976f6450632d", "sequence_str": "EN -> VAL -> THOL -> SHA"}