{"sequence": ["NAV", "EN", "EN", "THOL", "RA", "REMESH"], "coherence_change": 0.004749308682646336, "sense_index_change": -3.1031879092036085e-05, "phi_s_change": 0.0008288589849803074, "grad_phi_change": 0.01967672860385572, "k_phi_change": 0.03177994136510953, "xi_c_change": 0.0, "phase_sync_change": -0.015079503716509124, "epi_magnitude_change": 0.0016244889136187712, "hash_signature": "571cb33baa8d0808", "sequence_str": "NAV -> EN -> EN -> THOL -> RA -> REMESH"}