{"sequence": ["RA", "EN", "VAL", "UM", "REMESH"], "coherence_change": 0.0, "sense_index_change": 0.054267390298055385, "phi_s_change": 0.0, "grad_phi_change": -0.31338251928920124, "k_phi_change": -0.052932063638247095, "xi_c_change": 0.0, "phase_sync_change": 0.10770655511618121, "epi_magnitude_change": 0.009652834527412169, "hash_signature": "d493f09ada3d7515", "sequence_str": "RA -> EN -> VAL -> UM -> REMESH"}