{"sequence": ["AL", "SHA", "OZ"], "coherence_change": -0.012452603602872592, "sense_index_change": 0.0003139014354583969, "phi_s_change": -0.09809685562401782, "grad_phi_change": 0.0, "k_phi_change": 0.0, "xi_c_change": 0.0, "phase_sync_change": 0.0, "epi_magnitude_change": -0.006147324364227491, "hash_signature": "f59df1ddaa8a5b3c", "sequence_str": "AL -> SHA -> OZ"}