{"sequence": ["IL", "THOL", "ZHIR", "AL", "SHA"], "coherence_change": 0.010597495040692406, "sense_index_change": 0.026833649762113887, "phi_s_change": 0.0747886012601402, "grad_phi_change": -0.06146091418002486, "k_phi_change": 0.28948048781093394, "xi_c_change": 0.0, "phase_sync_change": 0.023197967195460856, "epi_magnitude_change": 0.004037960773817795, "hash_signature": "963574106a92ee55", "sequence_str": "IL -> THOL -> ZHIR -> AL -> SHA"}