{"sequence": ["THOL", "VAL", "SHA"], "coherence_change": 0.0046692258218550275, "sense_index_change": -0.0010724696783329657, "phi_s_change": 0.07360886253860655, "grad_phi_change": 0.0, "k_phi_change": 0.0, "xi_c_change": 0.0, "phase_sync_change": 0.0, "epi_magnitude_change": 0.019090696558643816, "hash_signature": "b744d5759f86b7ec", "sequence_str": "THOL -> VAL -> SHA"}