{"sequence": ["IL", "UM", "IL", "SHA"], "coherence_change": 0.012984436243708042, "sense_index_change": 0.027300108177198412, "phi_s_change": 0.06171460315861965, "grad_phi_change": -0.06038092674476747, "k_phi_change": 0.40808882298017257, "xi_c_change": 0.0, "phase_sync_change": 0.012557218785686497, "epi_magnitude_change": 0.0, "hash_signature": "9dfb959f4e1adc12", "sequence_str": "IL -> UM -> IL -> SHA"}