{"sequence": ["NUL", "EN", "RA", "NAV"], "coherence_change": 0.0, "sense_index_change": 0.0011412587422190423, "phi_s_change": 0.0, "grad_phi_change": -0.025041157363445254, "k_phi_change": 0.5435867720986389, "xi_c_change": 0.0, "phase_sync_change": 0.004861592598541686, "epi_magnitude_change": -0.022861638810815488, "hash_signature": "0b0a3489b78ff853", "sequence_str": "NUL -> EN -> RA -> NAV"}