{"sequence": ["NAV", "ZHIR", "VAL", "AL", "REMESH"], "coherence_change": 0.0, "sense_index_change": -0.02335640859772825, "phi_s_change": 0.0, "grad_phi_change": 0.07383915190686796, "k_phi_change": -0.1251447724186709, "xi_c_change": 0.0, "phase_sync_change": -0.023352168677819862, "epi_magnitude_change": 0.007824490083880642, "hash_signature": "74bbd80d493b6a71", "sequence_str": "NAV -> ZHIR -> VAL -> AL -> REMESH"}