{"sequence": ["NAV", "UM", "SHA", "AL", "AL", "REMESH"], "coherence_change": 0.0, "sense_index_change": -0.02796735992240934, "phi_s_change": 0.0, "grad_phi_change": 0.10132431285985755, "k_phi_change": 0.2808855210797709, "xi_c_change": 0.0, "phase_sync_change": -0.03871233366613913, "epi_magnitude_change": 0.01132770406265693, "hash_signature": "1da436e06bb36d0b", "sequence_str": "NAV -> UM -> SHA -> AL -> AL -> REMESH"}