{"sequence": ["AL", "RA", "UM", "EN", "SHA"], "coherence_change": 0.0, "sense_index_change": 0.03582939825571951, "phi_s_change": 0.0, "grad_phi_change": -0.20052630898715895, "k_phi_change": 0.19586059074774126, "xi_c_change": 0.0, "phase_sync_change": 0.058414233183741504, "epi_magnitude_change": 0.0019061033314403675, "hash_signature": "4afca44f97ea0016", "sequence_str": "AL -> RA -> UM -> EN -> SHA"}