{"sequence": ["NUL", "THOL", "NUL", "ZHIR", "REMESH"], "coherence_change": 0.005047435503717113, "sense_index_change": 0.009665922221302026, "phi_s_change": 0.04030250914058997, "grad_phi_change": 0.015794168324002156, "k_phi_change": 0.04502324057713375, "xi_c_change": 0.0, "phase_sync_change": -0.0028823190967358636, "epi_magnitude_change": -0.02213627849795463, "hash_signature": "54429e7c9317eca3", "sequence_str": "NUL -> THOL -> NUL -> ZHIR -> REMESH"}