{"sequence": ["UM", "ZHIR", "EN", "REMESH", "THOL", "NAV"], "coherence_change": 0.0044164841224133555, "sense_index_change": 0.003581516190181211, "phi_s_change": 0.03556862609049016, "grad_phi_change": -0.07972098407548556, "k_phi_change": 0.18903681286771298, "xi_c_change": 0.0, "phase_sync_change": 0.01305672201657615, "epi_magnitude_change": 0.0014430222135659587, "hash_signature": "acb432f57e4eaba6", "sequence_str": "UM -> ZHIR -> EN -> REMESH -> THOL -> NAV"}