{"sequence": ["SHA", "SHA", "NUL", "THOL", "RA", "OZ"], "coherence_change": -0.007730567048744197, "sense_index_change": -0.013863459996605265, "phi_s_change": 0.024420893604861216, "grad_phi_change": 0.044092720282991715, "k_phi_change": 0.46973876357503064, "xi_c_change": 0.0, "phase_sync_change": -0.02176930307611391, "epi_magnitude_change": -0.017517268433333677, "hash_signature": "784d74ec538f2d24", "sequence_str": "SHA -> SHA -> NUL -> THOL -> RA -> OZ"}