{"sequence": ["RA", "ZHIR", "UM", "IL", "NUL", "OZ"], "coherence_change": -0.008070231769259362, "sense_index_change": 0.0889346068330219, "phi_s_change": -0.13717262525372154, "grad_phi_change": -0.3780688962643488, "k_phi_change": 0.117020794253497, "xi_c_change": 0.0, "phase_sync_change": 0.11959739905822186, "epi_magnitude_change": -0.017255767576798697, "hash_signature": "4ad81ab7a2fc5ae1", "sequence_str": "RA -> ZHIR -> UM -> IL -> NUL -> OZ"}