{"sequence": ["AL", "THOL", "REMESH", "EN", "UM", "SHA"], "coherence_change": 0.0038340201467119694, "sense_index_change": 0.05355092716439047, "phi_s_change": 0.0024120293374534363, "grad_phi_change": -0.14946394480547354, "k_phi_change": 0.14225826370188846, "xi_c_change": 0.0, "phase_sync_change": 0.05569529880128099, "epi_magnitude_change": 0.00906588154585497, "hash_signature": "c89e49a46af4f232", "sequence_str": "AL -> THOL -> REMESH -> EN -> UM -> SHA"}