{"sequence": ["EN", "OZ", "VAL", "OZ", "NAV"], "coherence_change": -0.018099269524328943, "sense_index_change": -0.013171074228903124, "phi_s_change": -0.020931074829744878, "grad_phi_change": 0.0, "k_phi_change": 0.0, "xi_c_change": 0.0, "phase_sync_change": 0.0, "epi_magnitude_change": 0.010000104791444642, "hash_signature": "8901316d5dc83d80", "sequence_str": "EN -> OZ -> VAL -> OZ -> NAV"}