{"sequence": ["REMESH", "NUL", "UM", "EN", "REMESH"], "coherence_change": 0.0, "sense_index_change": 0.02457529597400565, "phi_s_change": 0.0, "grad_phi_change": -0.10803466952835672, "k_phi_change": 0.35246123858682266, "xi_c_change": 0.0, "phase_sync_change": 0.04180559502272996, "epi_magnitude_change": -0.019994441017303854, "hash_signature": "65cece28e3d687a8", "sequence_str": "REMESH -> NUL -> UM -> EN -> REMESH"}