{"sequence": ["AL", "NAV", "IL", "AL", "OZ"], "coherence_change": -0.0030334207565364535, "sense_index_change": 0.0180687534952112, "phi_s_change": -0.13217929670818507, "grad_phi_change": 0.0, "k_phi_change": 0.0, "xi_c_change": 0.0, "phase_sync_change": 0.0, "epi_magnitude_change": -0.0027400904453867003, "hash_signature": "8380b4fe772def42", "sequence_str": "AL -> NAV -> IL -> AL -> OZ"}