{"sequence": ["VAL", "OZ", "AL", "NAV"], "coherence_change": -0.012175587657771936, "sense_index_change": 0.0025725168856424174, "phi_s_change": -0.06744175229972094, "grad_phi_change": 0.0, "k_phi_change": 0.0, "xi_c_change": 0.0, "phase_sync_change": 0.0, "epi_magnitude_change": 0.004761313519404453, "hash_signature": "381fae271e264990", "sequence_str": "VAL -> OZ -> AL -> NAV"}