{"sequence": ["THOL", "NAV", "VAL", "EN", "NAV"], "coherence_change": 0.004431026015990325, "sense_index_change": 0.003799537883996673, "phi_s_change": 0.05021588861335802, "grad_phi_change": 0.0, "k_phi_change": 0.0, "xi_c_change": 0.0, "phase_sync_change": 0.0, "epi_magnitude_change": 0.020288792547933032, "hash_signature": "2fd15bf543a7d78e", "sequence_str": "THOL -> NAV -> VAL -> EN -> NAV"}