{"sequence": ["REMESH", "EN", "NUL", "OZ", "NAV"], "coherence_change": -0.013761851437763761, "sense_index_change": -0.0015874000065450034, "phi_s_change": 0.051287019217566954, "grad_phi_change": 0.0, "k_phi_change": 0.0, "xi_c_change": 0.0, "phase_sync_change": 0.0, "epi_magnitude_change": -0.024551166883225672, "hash_signature": "b314d358663fe070", "sequence_str": "REMESH -> EN -> NUL -> OZ -> NAV"}