{"sequence": ["NAV", "VAL", "UM", "NAV"], "coherence_change": 0.0, "sense_index_change": 0.07302531094757436, "phi_s_change": 0.0, "grad_phi_change": -0.36802029811451575, "k_phi_change": 0.22427348453568208, "xi_c_change": 0.0, "phase_sync_change": 0.12904609011165313, "epi_magnitude_change": 0.025021674585570253, "hash_signature": "27d3b9f86f88dadd", "sequence_str": "NAV -> VAL -> UM -> NAV"}