{"sequence": ["RA", "REMESH", "SHA"], "coherence_change": 0.0, "sense_index_change": -0.007969510896996157, "phi_s_change": 0.0, "grad_phi_change": -0.008530833038481456, "k_phi_change": 0.2875400386058924, "xi_c_change": 0.0, "phase_sync_change": -0.004198764419543588, "epi_magnitude_change": 0.0012565723330772993, "hash_signature": "fc0f50641f065992", "sequence_str": "RA -> REMESH -> SHA"}