{"sequence": ["REMESH", "THOL", "AL", "VAL", "REMESH"], "coherence_change": 0.006968143816614036, "sense_index_change": 0.007227596293992722, "phi_s_change": -0.019131457021281384, "grad_phi_change": 0.0, "k_phi_change": 0.0, "xi_c_change": 0.0, "phase_sync_change": 0.0, "epi_magnitude_change": 0.019249534452025818, "hash_signature": "c8d36a6d13203d48", "sequence_str": "REMESH -> THOL -> AL -> VAL -> REMESH"}