{"sequence": ["OZ", "ZHIR", "NAV", "SHA", "OZ"], "coherence_change": -0.028563947535262035, "sense_index_change": 0.039151396424763174, "phi_s_change": 0.026498910117842778, "grad_phi_change": -0.060959011905706406, "k_phi_change": 0.17358827524374532, "xi_c_change": 0.0, "phase_sync_change": 0.01964162201124775, "epi_magnitude_change": 0.0, "hash_signature": "2258929de30eea41", "sequence_str": "OZ -> ZHIR -> NAV -> SHA -> OZ"}