{"sequence": ["REMESH", "OZ", "RA", "SHA"], "coherence_change": -0.010921423973821454, "sense_index_change": 0.0008779480830589659, "phi_s_change": -0.08977421314726797, "grad_phi_change": -0.036514473895713495, "k_phi_change": -0.21451143522198696, "xi_c_change": 0.0, "phase_sync_change": 0.007074398149868988, "epi_magnitude_change": 0.0008396279810821694, "hash_signature": "8c65665a0632fe2b", "sequence_str": "REMESH -> OZ -> RA -> SHA"}