{"sequence": ["REMESH", "AL", "NUL", "RA", "NAV"], "coherence_change": 0.0, "sense_index_change": 0.036553483594212066, "phi_s_change": 0.0, "grad_phi_change": -0.09693835347372537, "k_phi_change": 0.13135694098767753, "xi_c_change": 0.0, "phase_sync_change": 0.02565082483674408, "epi_magnitude_change": -0.0049693711402549745, "hash_signature": "001c0d9117c2caae", "sequence_str": "REMESH -> AL -> NUL -> RA -> NAV"}