{"sequence": ["AL", "IL", "EN", "VAL", "AL", "NAV"], "coherence_change": 0.010585424796140108, "sense_index_change": -0.0019997436041113703, "phi_s_change": 0.058742700014311366, "grad_phi_change": 0.0, "k_phi_change": 0.0, "xi_c_change": 0.0, "phase_sync_change": 0.0, "epi_magnitude_change": 0.020565328023912643, "hash_signature": "dad3f90a94950d63", "sequence_str": "AL -> IL -> EN -> VAL -> AL -> NAV"}