{"sequence": ["AL", "THOL", "NUL", "ZHIR", "UM", "OZ"], "coherence_change": -0.004790087632288942, "sense_index_change": 0.04111687934629704, "phi_s_change": -0.00813824910083083, "grad_phi_change": -0.1061509308313684, "k_phi_change": 0.25734780483881925, "xi_c_change": 0.0, "phase_sync_change": 0.03459896172960708, "epi_magnitude_change": -0.01299517376859427, "hash_signature": "0a8d7d1ca59d596e", "sequence_str": "AL -> THOL -> NUL -> ZHIR -> UM -> OZ"}