{"sequence": ["NAV", "ZHIR", "EN", "REMESH"], "coherence_change": 0.0, "sense_index_change": 0.004901247042486068, "phi_s_change": 0.0, "grad_phi_change": 0.00060469508904748, "k_phi_change": 0.14458212028301057, "xi_c_change": 0.0, "phase_sync_change": 0.0014202931566814625, "epi_magnitude_change": 0.001688401362355041, "hash_signature": "dbd3e9581827fc0c", "sequence_str": "NAV -> ZHIR -> EN -> REMESH"}