{"sequence": ["REMESH", "REMESH", "UM", "ZHIR", "SHA"], "coherence_change": 0.0, "sense_index_change": 0.027327960853046895, "phi_s_change": 0.0, "grad_phi_change": -0.11507106186678828, "k_phi_change": 0.46143296565306857, "xi_c_change": 0.0, "phase_sync_change": 0.026816887803803646, "epi_magnitude_change": 0.002497456306918333, "hash_signature": "de229e5a8c4912b7", "sequence_str": "REMESH -> REMESH -> UM -> ZHIR -> SHA"}