{"sequence": ["NUL", "IL", "VAL", "UM", "IL", "REMESH"], "coherence_change": 0.019852148177540108, "sense_index_change": 0.04753896981018835, "phi_s_change": 0.1316857731067287, "grad_phi_change": -0.2938389331389404, "k_phi_change": 0.37432720845927836, "xi_c_change": 0.0, "phase_sync_change": 0.09706233025614919, "epi_magnitude_change": -0.0050534612398149825, "hash_signature": "7cfcc07a79c775c4", "sequence_str": "NUL -> IL -> VAL -> UM -> IL -> REMESH"}