{"sequence": ["IL", "EN", "EN", "OZ", "VAL", "REMESH"], "coherence_change": -0.004678773216922449, "sense_index_change": -0.003339910637076393, "phi_s_change": 0.14527952155134471, "grad_phi_change": 0.0, "k_phi_change": 0.0, "xi_c_change": 0.0, "phase_sync_change": 0.0, "epi_magnitude_change": 0.025114326908305173, "hash_signature": "99e1f2292b818521", "sequence_str": "IL -> EN -> EN -> OZ -> VAL -> REMESH"}