{"sequence": ["REMESH", "EN", "OZ", "RA", "EN", "OZ"], "coherence_change": -0.020346236129195616, "sense_index_change": 0.009892031253727174, "phi_s_change": -0.21885852592566923, "grad_phi_change": 0.0252780862266615, "k_phi_change": 0.6047975723184635, "xi_c_change": 0.0, "phase_sync_change": -0.0119550310438159, "epi_magnitude_change": 0.0012579150537366246, "hash_signature": "df0a73b46df34ec6", "sequence_str": "REMESH -> EN -> OZ -> RA -> EN -> OZ"}