{"sequence": ["EN", "IL", "ZHIR", "NUL", "ZHIR", "OZ"], "coherence_change": -0.009829624565784068, "sense_index_change": -0.006450954192707248, "phi_s_change": -0.016678394708020017, "grad_phi_change": 0.006533389235376719, "k_phi_change": -0.27536079935257435, "xi_c_change": 0.0, "phase_sync_change": 0.0025804991900146845, "epi_magnitude_change": -0.011892029310153318, "hash_signature": "82c9c189471e61c8", "sequence_str": "EN -> IL -> ZHIR -> NUL -> ZHIR -> OZ"}