{"sequence": ["NUL", "ZHIR", "THOL", "NAV"], "coherence_change": 0.004666530812345249, "sense_index_change": 0.012423113378072781, "phi_s_change": 0.04859104380693402, "grad_phi_change": -0.054744203754924836, "k_phi_change": -0.2857186230495493, "xi_c_change": 0.0, "phase_sync_change": 0.012246522852600972, "epi_magnitude_change": -0.008200694129658737, "hash_signature": "8fbdcc817d4c9097", "sequence_str": "NUL -> ZHIR -> THOL -> NAV"}