{"sequence": ["AL", "NAV", "RA", "OZ"], "coherence_change": -0.011084008362952313, "sense_index_change": -0.03722711102532328, "phi_s_change": 0.11278701688445814, "grad_phi_change": 0.14040413233340487, "k_phi_change": -0.023342942773779934, "xi_c_change": 0.0, "phase_sync_change": -0.05562282854142564, "epi_magnitude_change": -0.0062251993453456, "hash_signature": "46ed25abee46c083", "sequence_str": "AL -> NAV -> RA -> OZ"}