{"sequence": ["NUL", "OZ", "NAV"], "coherence_change": -0.013914580757907302, "sense_index_change": 0.007634697076866148, "phi_s_change": 0.01722551287615659, "grad_phi_change": 0.0, "k_phi_change": 0.0, "xi_c_change": 0.0, "phase_sync_change": 0.0, "epi_magnitude_change": -0.01523446148590546, "hash_signature": "ecae22a5d6dd4d4a", "sequence_str": "NUL -> OZ -> NAV"}