{"sequence": ["AL", "REMESH", "ZHIR", "NAV"], "coherence_change": 0.0, "sense_index_change": 0.005903079938864297, "phi_s_change": 0.0, "grad_phi_change": -0.03045038956697188, "k_phi_change": 0.025418818646380653, "xi_c_change": 0.0, "phase_sync_change": 0.011898952497134019, "epi_magnitude_change": 0.0033146663133132304, "hash_signature": "f393fba04dad6a0e", "sequence_str": "AL -> REMESH -> ZHIR -> NAV"}