{"sequence": ["EN", "RA", "EN", "IL", "SHA"], "coherence_change": 0.008089579193779617, "sense_index_change": -0.01692085599715093, "phi_s_change": 0.060170882417005855, "grad_phi_change": 0.12496253059869988, "k_phi_change": 0.4185245400665881, "xi_c_change": 0.0, "phase_sync_change": -0.04587244957596792, "epi_magnitude_change": 0.0, "hash_signature": "b98d649bdb8e102b", "sequence_str": "EN -> RA -> EN -> IL -> SHA"}