{"sequence": ["AL", "THOL", "EN", "IL", "NAV"], "coherence_change": 0.01342921349960402, "sense_index_change": 0.011031316750712228, "phi_s_change": 0.026200990173659955, "grad_phi_change": 0.0, "k_phi_change": 0.0, "xi_c_change": 0.0, "phase_sync_change": 0.0, "epi_magnitude_change": 0.004770763162801672, "hash_signature": "089f152e67a531ff", "sequence_str": "AL -> THOL -> EN -> IL -> NAV"}