{"sequence": ["REMESH", "THOL", "THOL", "OZ", "SHA"], "coherence_change": 0.0030301874484663927, "sense_index_change": -0.017277683679347067, "phi_s_change": -0.020161825843116654, "grad_phi_change": 0.0, "k_phi_change": 0.0, "xi_c_change": 0.0, "phase_sync_change": 0.0, "epi_magnitude_change": 0.0011961374305454742, "hash_signature": "27b686791b89ac05", "sequence_str": "REMESH -> THOL -> THOL -> OZ -> SHA"}