{"sequence": ["REMESH", "REMESH", "RA", "OZ"], "coherence_change": -0.013942786614631442, "sense_index_change": 0.02405016504565305, "phi_s_change": -0.07980935130637323, "grad_phi_change": 0.026344184020129946, "k_phi_change": 0.28690123947903434, "xi_c_change": 0.0, "phase_sync_change": -0.01523808268084026, "epi_magnitude_change": 0.0018564742302172865, "hash_signature": "5871438121478738", "sequence_str": "REMESH -> REMESH -> RA -> OZ"}