{"sequence": ["REMESH", "UM", "ZHIR", "OZ"], "coherence_change": -0.009504789488823051, "sense_index_change": -0.04327677746332226, "phi_s_change": -0.05032617273080242, "grad_phi_change": 0.16863256117800307, "k_phi_change": 0.01061534595957786, "xi_c_change": 0.0, "phase_sync_change": -0.06772738939690526, "epi_magnitude_change": 0.0014987192205855315, "hash_signature": "953e418470d02a58", "sequence_str": "REMESH -> UM -> ZHIR -> OZ"}