{"sequence": ["RA", "EN", "OZ", "VAL", "OZ"], "coherence_change": -0.018270587144861294, "sense_index_change": 0.01241994240179134, "phi_s_change": -0.008413058460857048, "grad_phi_change": 0.05701937454521855, "k_phi_change": 0.4946585524574576, "xi_c_change": 0.0, "phase_sync_change": -0.02771962229966507, "epi_magnitude_change": 0.017332004570139614, "hash_signature": "c8e211319594a192", "sequence_str": "RA -> EN -> OZ -> VAL -> OZ"}