{"sequence": ["UM", "ZHIR", "NAV", "OZ", "ZHIR", "OZ"], "coherence_change": -0.025445418910720163, "sense_index_change": 0.04067981305377932, "phi_s_change": -0.1417387075360914, "grad_phi_change": -0.18339450937597568, "k_phi_change": -0.07261457914382435, "xi_c_change": 0.0, "phase_sync_change": 0.04959963493517361, "epi_magnitude_change": 0.0, "hash_signature": "bd4a3e5401b3ff12", "sequence_str": "UM -> ZHIR -> NAV -> OZ -> ZHIR -> OZ"}