{"sequence": ["AL", "VAL", "AL", "OZ"], "coherence_change": -0.010092137608914142, "sense_index_change": 0.0037101905531090607, "phi_s_change": -0.0984150533058783, "grad_phi_change": 0.0, "k_phi_change": 0.0, "xi_c_change": 0.0, "phase_sync_change": 0.0, "epi_magnitude_change": 0.017885283638681027, "hash_signature": "5a7284b771b2d5f1", "sequence_str": "AL -> VAL -> AL -> OZ"}