{"sequence": ["UM", "IL", "EN", "NAV"], "coherence_change": 0.0049664736072307925, "sense_index_change": 0.042449814354643345, "phi_s_change": 0.03514524045816014, "grad_phi_change": -0.2645886462414371, "k_phi_change": -0.1644609270853658, "xi_c_change": 0.0, "phase_sync_change": 0.07869205630930742, "epi_magnitude_change": 0.0, "hash_signature": "2fe4a91c625e342a", "sequence_str": "UM -> IL -> EN -> NAV"}