{"sequence": ["EN", "RA", "NUL", "IL", "SHA"], "coherence_change": 0.00758816231706505, "sense_index_change": -0.018911238248185358, "phi_s_change": -0.0008492984425321204, "grad_phi_change": 0.1277903557638127, "k_phi_change": 0.3177600774910808, "xi_c_change": 0.0, "phase_sync_change": -0.048724474336506285, "epi_magnitude_change": -0.012836135570796992, "hash_signature": "87e9be80008a94b5", "sequence_str": "EN -> RA -> NUL -> IL -> SHA"}