{"sequence": ["NAV", "NUL", "REMESH", "UM", "NAV"], "coherence_change": 0.0, "sense_index_change": 0.021288675332817086, "phi_s_change": 0.0, "grad_phi_change": -0.19169778996563402, "k_phi_change": 0.1824418632556564, "xi_c_change": 0.0, "phase_sync_change": 0.07082782220665751, "epi_magnitude_change": -0.00791333767034419, "hash_signature": "10037bf3a40dae38", "sequence_str": "NAV -> NUL -> REMESH -> UM -> NAV"}