{"sequence": ["AL", "EN", "REMESH", "THOL", "SHA"], "coherence_change": 0.0041101532410796615, "sense_index_change": 0.0009908275719496817, "phi_s_change": 0.03619171461512094, "grad_phi_change": 0.0, "k_phi_change": 0.0, "xi_c_change": 0.0, "phase_sync_change": 0.0, "epi_magnitude_change": 0.003572786215531698, "hash_signature": "a4a5d3491d661bfb", "sequence_str": "AL -> EN -> REMESH -> THOL -> SHA"}