{"sequence": ["SHA", "REMESH", "UM", "ZHIR", "EN", "OZ"], "coherence_change": -0.012119676663529755, "sense_index_change": 0.013093829600757778, "phi_s_change": -0.014593200145738838, "grad_phi_change": -0.017728629604386148, "k_phi_change": 0.32651016894632273, "xi_c_change": 0.0, "phase_sync_change": -0.0005034029491415293, "epi_magnitude_change": 0.0010133299167732757, "hash_signature": "1ec979febf1e55a1", "sequence_str": "SHA -> REMESH -> UM -> ZHIR -> EN -> OZ"}