{"sequence": ["ZHIR", "IL", "RA", "RA", "OZ"], "coherence_change": -0.004677660638930159, "sense_index_change": 0.0296665109380142, "phi_s_change": -0.028865267729530686, "grad_phi_change": -0.22152401783367903, "k_phi_change": 0.2516183526990057, "xi_c_change": 0.0, "phase_sync_change": 0.06602341994075889, "epi_magnitude_change": 0.0, "hash_signature": "50bc6038d92965ed", "sequence_str": "ZHIR -> IL -> RA -> RA -> OZ"}