{"sequence": ["AL", "OZ", "SHA", "IL", "NAV"], "coherence_change": -0.006682296415680966, "sense_index_change": 0.001543798200741242, "phi_s_change": 0.09402724205824353, "grad_phi_change": 0.0, "k_phi_change": 0.0, "xi_c_change": 0.0, "phase_sync_change": 0.0, "epi_magnitude_change": 0.0031237201749794163, "hash_signature": "8a3d2c1751827114", "sequence_str": "AL -> OZ -> SHA -> IL -> NAV"}