{"sequence": ["AL", "RA", "EN", "RA", "ZHIR", "SHA"], "coherence_change": 0.0, "sense_index_change": 0.05048128259362117, "phi_s_change": 0.0, "grad_phi_change": -0.26986620675676476, "k_phi_change": 0.009219810911764353, "xi_c_change": 0.0, "phase_sync_change": 0.08950582391336204, "epi_magnitude_change": -0.004643850340449784, "hash_signature": "84caa561011e3175", "sequence_str": "AL -> RA -> EN -> RA -> ZHIR -> SHA"}