{"sequence": ["REMESH", "NUL", "ZHIR", "SHA"], "coherence_change": 0.0, "sense_index_change": -0.02028343163808627, "phi_s_change": 0.0, "grad_phi_change": 0.025830872929515802, "k_phi_change": -0.01198834563992146, "xi_c_change": 0.0, "phase_sync_change": -0.01000000000000012, "epi_magnitude_change": -0.013870115353763035, "hash_signature": "d386e10f092c2664", "sequence_str": "REMESH -> NUL -> ZHIR -> SHA"}