{"sequence": ["REMESH", "EN", "UM", "RA", "REMESH"], "coherence_change": 0.0, "sense_index_change": 0.05264617549456152, "phi_s_change": 0.0, "grad_phi_change": -0.2350552770644705, "k_phi_change": 0.2093209877771342, "xi_c_change": 0.0, "phase_sync_change": 0.09098137514323112, "epi_magnitude_change": 0.003886426131915255, "hash_signature": "580722264ecbee4b", "sequence_str": "REMESH -> EN -> UM -> RA -> REMESH"}