{"sequence": ["SHA", "RA", "VAL", "ZHIR", "ZHIR", "OZ"], "coherence_change": -0.011102119327874638, "sense_index_change": 0.008535045865025515, "phi_s_change": -0.07406551740408063, "grad_phi_change": -0.0733113127417846, "k_phi_change": 0.15725176157023416, "xi_c_change": 0.0, "phase_sync_change": 0.025600627358450367, "epi_magnitude_change": 0.01762413965779519, "hash_signature": "05fcf4ec122b9c3d", "sequence_str": "SHA -> RA -> VAL -> ZHIR -> ZHIR -> OZ"}