{"sequence": ["AL", "UM", "NAV", "SHA", "UM", "REMESH"], "coherence_change": 0.0, "sense_index_change": 0.06488806318327567, "phi_s_change": 0.0, "grad_phi_change": -0.3987781529397636, "k_phi_change": -0.007640998725643222, "xi_c_change": 0.0, "phase_sync_change": 0.1359228173645347, "epi_magnitude_change": -0.004781011948511993, "hash_signature": "0661b3b59145101c", "sequence_str": "AL -> UM -> NAV -> SHA -> UM -> REMESH"}