{"sequence": ["EN", "RA", "EN", "SHA", "NAV"], "coherence_change": 0.0, "sense_index_change": -0.004994785784734335, "phi_s_change": 0.0, "grad_phi_change": 0.030523731218742745, "k_phi_change": 0.07513778272022333, "xi_c_change": 0.0, "phase_sync_change": -0.01770636361395883, "epi_magnitude_change": 0.0, "hash_signature": "70f766cd8018997b", "sequence_str": "EN -> RA -> EN -> SHA -> NAV"}