{"sequence": ["EN", "UM", "EN", "NUL", "NAV"], "coherence_change": 0.0, "sense_index_change": 0.02284666376098199, "phi_s_change": 0.0, "grad_phi_change": -0.21471524000491993, "k_phi_change": -0.14522725302237466, "xi_c_change": 0.0, "phase_sync_change": 0.060006218698027136, "epi_magnitude_change": -0.018936349503128724, "hash_signature": "490069fe64a009d1", "sequence_str": "EN -> UM -> EN -> NUL -> NAV"}