{"sequence": ["NUL", "UM", "SHA", "NAV"], "coherence_change": 0.0, "sense_index_change": 0.01964208755292085, "phi_s_change": 0.0, "grad_phi_change": -0.08505739725202544, "k_phi_change": 0.07330383773864523, "xi_c_change": 0.0, "phase_sync_change": 0.025727341863592046, "epi_magnitude_change": -0.010603939443157406, "hash_signature": "c57fe0970a980501", "sequence_str": "NUL -> UM -> SHA -> NAV"}