{"sequence": ["ZHIR", "EN", "IL", "THOL", "VAL", "SHA"], "coherence_change": 0.014742828755752058, "sense_index_change": 0.0013851929158387177, "phi_s_change": 0.15724474241766395, "grad_phi_change": -0.08743954243503049, "k_phi_change": 0.19297124299745844, "xi_c_change": 0.0, "phase_sync_change": 0.027802541978558915, "epi_magnitude_change": 0.012927554773099148, "hash_signature": "39dcb2cd5833219a", "sequence_str": "ZHIR -> EN -> IL -> THOL -> VAL -> SHA"}