{"sequence": ["NAV", "AL", "OZ", "IL", "RA", "REMESH"], "coherence_change": -0.0025795835092146113, "sense_index_change": 0.03742430232631433, "phi_s_change": -0.012740387274738807, "grad_phi_change": -0.07183850378270473, "k_phi_change": -0.25127868578711227, "xi_c_change": 0.0, "phase_sync_change": 0.013188888321522096, "epi_magnitude_change": -0.0005452224245554582, "hash_signature": "162e8c1e734478ff", "sequence_str": "NAV -> AL -> OZ -> IL -> RA -> REMESH"}