{"sequence": ["OZ", "NUL", "NAV", "NUL", "OZ"], "coherence_change": -0.022410389615168613, "sense_index_change": 0.022231146960908443, "phi_s_change": -0.15154831153749293, "grad_phi_change": 0.0, "k_phi_change": 0.0, "xi_c_change": 0.0, "phase_sync_change": 0.0, "epi_magnitude_change": -0.025008677621693898, "hash_signature": "0decc16fa97418ff", "sequence_str": "OZ -> NUL -> NAV -> NUL -> OZ"}