{"sequence": ["ZHIR", "THOL", "NUL", "RA", "NAV"], "coherence_change": 0.006438596766906168, "sense_index_change": -0.012015967226703728, "phi_s_change": 0.04243986197289651, "grad_phi_change": 0.08906595262247863, "k_phi_change": 0.3508332792130408, "xi_c_change": 0.0, "phase_sync_change": -0.030572970372890196, "epi_magnitude_change": -0.016369398034871585, "hash_signature": "bf9603ca7b3fbf50", "sequence_str": "ZHIR -> THOL -> NUL -> RA -> NAV"}