{"sequence": ["AL", "THOL", "NUL", "SHA"], "coherence_change": 0.00530720753184144, "sense_index_change": -0.0026582572127237247, "phi_s_change": -0.017022317478588067, "grad_phi_change": 0.0, "k_phi_change": 0.0, "xi_c_change": 0.0, "phase_sync_change": 0.0, "epi_magnitude_change": -0.022944705458202375, "hash_signature": "0869a00e55c72432", "sequence_str": "AL -> THOL -> NUL -> SHA"}