{"sequence": ["EN", "THOL", "NUL", "REMESH"], "coherence_change": 0.006688656918684144, "sense_index_change": 0.005409271939841975, "phi_s_change": 0.07211574149902256, "grad_phi_change": 0.0, "k_phi_change": 0.0, "xi_c_change": 0.0, "phase_sync_change": 0.0, "epi_magnitude_change": -0.012502695417162868, "hash_signature": "5b2e9ce277af9d58", "sequence_str": "EN -> THOL -> NUL -> REMESH"}