{"sequence": ["RA", "NUL", "IL", "NUL", "UM", "REMESH"], "coherence_change": 0.007916441062313595, "sense_index_change": 0.044484717054312006, "phi_s_change": 0.0700690545953041, "grad_phi_change": -0.24575505524935592, "k_phi_change": 0.15453683088103617, "xi_c_change": 0.0, "phase_sync_change": 0.07289015025733636, "epi_magnitude_change": -0.02791360743849325, "hash_signature": "12b1a0cb06165562", "sequence_str": "RA -> NUL -> IL -> NUL -> UM -> REMESH"}