{"sequence": ["REMESH", "UM", "EN", "EN", "NAV"], "coherence_change": 0.0, "sense_index_change": -0.004575352893830709, "phi_s_change": 0.0, "grad_phi_change": -0.016913621828797964, "k_phi_change": -0.20053613164465006, "xi_c_change": 0.0, "phase_sync_change": 0.0031717713798575797, "epi_magnitude_change": 0.0012127127738867927, "hash_signature": "0439437e1e73c200", "sequence_str": "REMESH -> UM -> EN -> EN -> NAV"}