{"sequence": ["ZHIR", "VAL", "NUL", "RA", "NAV"], "coherence_change": 0.0, "sense_index_change": -0.010661743494508824, "phi_s_change": 0.0, "grad_phi_change": 0.042372846202471726, "k_phi_change": 0.2598925893086422, "xi_c_change": 0.0, "phase_sync_change": -0.017242333787497066, "epi_magnitude_change": 0.0013823090442266484, "hash_signature": "b9c89e3ea280d3a5", "sequence_str": "ZHIR -> VAL -> NUL -> RA -> NAV"}