{"sequence": ["REMESH", "OZ", "OZ", "THOL", "SHA"], "coherence_change": -0.016785905086032837, "sense_index_change": 0.0032640343873666655, "phi_s_change": 0.02263278712111838, "grad_phi_change": 0.0, "k_phi_change": 0.0, "xi_c_change": 0.0, "phase_sync_change": 0.0, "epi_magnitude_change": 0.001104845681703992, "hash_signature": "e9876b402ed635d7", "sequence_str": "REMESH -> OZ -> OZ -> THOL -> SHA"}