{"sequence": ["REMESH", "IL", "THOL", "IL", "OZ"], "coherence_change": 0.014999079563295603, "sense_index_change": 0.01378050298571909, "phi_s_change": 0.057239070214141985, "grad_phi_change": 0.0, "k_phi_change": 0.0, "xi_c_change": 0.0, "phase_sync_change": 0.0, "epi_magnitude_change": 0.0016833616819246222, "hash_signature": "d6705ab5f7c85fe9", "sequence_str": "REMESH -> IL -> THOL -> IL -> OZ"}