{"sequence": ["AL", "VAL", "RA", "SHA"], "coherence_change": 0.0, "sense_index_change": -0.023264351596901378, "phi_s_change": 0.0, "grad_phi_change": 0.12447736925242947, "k_phi_change": 0.33914539328585647, "xi_c_change": 0.0, "phase_sync_change": -0.0510756887777718, "epi_magnitude_change": 0.014773340596943796, "hash_signature": "985ae23af46ac520", "sequence_str": "AL -> VAL -> RA -> SHA"}