{"sequence": ["REMESH", "VAL", "NAV", "VAL", "OZ"], "coherence_change": -0.010251335566194175, "sense_index_change": 0.012303007039237479, "phi_s_change": -0.05738606154160686, "grad_phi_change": 0.0, "k_phi_change": 0.0, "xi_c_change": 0.0, "phase_sync_change": 0.0, "epi_magnitude_change": 0.031227269230312382, "hash_signature": "02ba5fe88c50b580", "sequence_str": "REMESH -> VAL -> NAV -> VAL -> OZ"}