{"sequence": ["VAL", "VAL", "UM", "THOL", "EN", "SHA"], "coherence_change": 0.0042139589702869795, "sense_index_change": 0.012400944360631994, "phi_s_change": -0.009500974149100228, "grad_phi_change": -0.07168307585094347, "k_phi_change": 0.3480346075562305, "xi_c_change": 0.0, "phase_sync_change": 0.02876197081281695, "epi_magnitude_change": 0.04068327222281709, "hash_signature": "04fe97cebd15f1c4", "sequence_str": "VAL -> VAL -> UM -> THOL -> EN -> SHA"}