{"sequence": ["NAV", "IL", "VAL", "OZ", "IL", "SHA"], "coherence_change": 0.004028090609087265, "sense_index_change": 0.01170884013976492, "phi_s_change": 0.024111672906995896, "grad_phi_change": 0.0, "k_phi_change": 0.0, "xi_c_change": 0.0, "phase_sync_change": 0.0, "epi_magnitude_change": 0.014899048274362059, "hash_signature": "1780cf04238c8411", "sequence_str": "NAV -> IL -> VAL -> OZ -> IL -> SHA"}