{"sequence": ["EN", "THOL", "THOL", "RA", "IL", "SHA"], "coherence_change": 0.019526222272676974, "sense_index_change": -0.01512625689760233, "phi_s_change": 0.04162117518669284, "grad_phi_change": -0.021093174005398785, "k_phi_change": 0.17993221827190437, "xi_c_change": 0.0, "phase_sync_change": -0.0010456521564480292, "epi_magnitude_change": 0.0, "hash_signature": "9c75b9eda462decc", "sequence_str": "EN -> THOL -> THOL -> RA -> IL -> SHA"}