{"sequence": ["OZ", "AL", "EN", "RA", "REMESH"], "coherence_change": -0.015744498074736102, "sense_index_change": 0.023816985116069445, "phi_s_change": -0.05595638933424085, "grad_phi_change": -0.025114939548451343, "k_phi_change": -0.010386514418256748, "xi_c_change": 0.0, "phase_sync_change": -0.003474176827097608, "epi_magnitude_change": 0.005905641312493604, "hash_signature": "9f87b3ed64579052", "sequence_str": "OZ -> AL -> EN -> RA -> REMESH"}