{"sequence": ["REMESH", "NAV", "RA", "IL", "NAV"], "coherence_change": 0.005620834537388597, "sense_index_change": -0.015508789194304318, "phi_s_change": 0.023177330352250447, "grad_phi_change": 0.07081835358113087, "k_phi_change": -0.0030209128206114544, "xi_c_change": 0.0, "phase_sync_change": -0.02970241602719803, "epi_magnitude_change": 0.0014128098017112123, "hash_signature": "942d51272d5044c4", "sequence_str": "REMESH -> NAV -> RA -> IL -> NAV"}