{"sequence": ["ZHIR", "NAV", "NUL", "OZ", "IL", "SHA"], "coherence_change": -0.004410407455891163, "sense_index_change": 0.008698775873128395, "phi_s_change": 0.04011086728697011, "grad_phi_change": -0.047146951446063845, "k_phi_change": 0.1842873832857891, "xi_c_change": 0.0, "phase_sync_change": 0.01922623046373184, "epi_magnitude_change": -0.0144568124924912, "hash_signature": "a0dda046c0fd92d6", "sequence_str": "ZHIR -> NAV -> NUL -> OZ -> IL -> SHA"}