{"sequence": ["RA", "OZ", "NUL", "NUL", "NAV"], "coherence_change": -0.008330194475080988, "sense_index_change": -0.011983358805867428, "phi_s_change": -0.09676727467442647, "grad_phi_change": 0.03641422310949416, "k_phi_change": 0.3073002880755106, "xi_c_change": 0.0, "phase_sync_change": -0.019242621560136897, "epi_magnitude_change": -0.04650524636588704, "hash_signature": "ceb12f0e6e229ecf", "sequence_str": "RA -> OZ -> NUL -> NUL -> NAV"}