{"sequence": ["REMESH", "AL", "OZ", "EN", "OZ"], "coherence_change": -0.031469870916483456, "sense_index_change": 0.015239122091473378, "phi_s_change": -0.0820483073478715, "grad_phi_change": 0.0, "k_phi_change": 0.0, "xi_c_change": 0.0, "phase_sync_change": 0.0, "epi_magnitude_change": 0.002042521287593635, "hash_signature": "0c878a7f9c869f78", "sequence_str": "REMESH -> AL -> OZ -> EN -> OZ"}