{"sequence": ["NAV", "SHA", "IL", "RA", "NAV"], "coherence_change": 0.008363970073923643, "sense_index_change": 0.014628877879888424, "phi_s_change": 0.005601737265066298, "grad_phi_change": -0.06130725718636332, "k_phi_change": -0.017400674986056797, "xi_c_change": 0.0, "phase_sync_change": 0.014865643510265092, "epi_magnitude_change": 0.0, "hash_signature": "281e155179d8bec6", "sequence_str": "NAV -> SHA -> IL -> RA -> NAV"}