{"sequence": ["RA", "THOL", "EN", "NAV"], "coherence_change": 0.0046523031638457946, "sense_index_change": -0.009159511639225792, "phi_s_change": 0.0015907815374325285, "grad_phi_change": 0.0898151058655976, "k_phi_change": 0.3073848683830013, "xi_c_change": 0.0, "phase_sync_change": -0.03471752905526737, "epi_magnitude_change": 0.0, "hash_signature": "d7c931f8110a4ce3", "sequence_str": "RA -> THOL -> EN -> NAV"}