{"sequence": ["AL", "RA", "REMESH", "ZHIR", "RA", "REMESH"], "coherence_change": 0.0, "sense_index_change": 0.04405926140899363, "phi_s_change": 0.0, "grad_phi_change": -0.22960543938019606, "k_phi_change": 0.45402098247439876, "xi_c_change": 0.0, "phase_sync_change": 0.07428515323734441, "epi_magnitude_change": -0.0013096817728061039, "hash_signature": "66a29a7b6a60c987", "sequence_str": "AL -> RA -> REMESH -> ZHIR -> RA -> REMESH"}