{"sequence": ["AL", "THOL", "AL", "IL", "ZHIR", "OZ"], "coherence_change": -0.0011796454378791843, "sense_index_change": 0.03240063970753748, "phi_s_change": -0.1080736452299671, "grad_phi_change": -0.01830250156248381, "k_phi_change": 0.0402216973651095, "xi_c_change": 0.0, "phase_sync_change": 0.01215920052256625, "epi_magnitude_change": -0.0003217534241015674, "hash_signature": "687ab020dc2124ee", "sequence_str": "AL -> THOL -> AL -> IL -> ZHIR -> OZ"}