{"sequence": ["NAV", "AL", "RA", "UM", "NUL", "NAV"], "coherence_change": 0.0, "sense_index_change": 0.04581973328621758, "phi_s_change": 0.0, "grad_phi_change": -0.2105317939460829, "k_phi_change": 0.29545507840709717, "xi_c_change": 0.0, "phase_sync_change": 0.0656597591884277, "epi_magnitude_change": -0.011370294216609844, "hash_signature": "2bcf223ea5019a64", "sequence_str": "NAV -> AL -> RA -> UM -> NUL -> NAV"}