{"sequence": ["AL", "REMESH", "NUL", "OZ"], "coherence_change": -0.01265982226586193, "sense_index_change": 0.010674018376238936, "phi_s_change": 0.0012973683275022685, "grad_phi_change": 0.0, "k_phi_change": 0.0, "xi_c_change": 0.0, "phase_sync_change": 0.0, "epi_magnitude_change": -0.006587838454593431, "hash_signature": "e5671d595966b701", "sequence_str": "AL -> REMESH -> NUL -> OZ"}