{"sequence": ["AL", "REMESH", "IL", "EN", "NUL", "SHA"], "coherence_change": 0.007613600140608856, "sense_index_change": 0.004260090826706087, "phi_s_change": 0.09977357799068942, "grad_phi_change": 0.0, "k_phi_change": 0.0, "xi_c_change": 0.0, "phase_sync_change": 0.0, "epi_magnitude_change": -0.0060856936403133055, "hash_signature": "3c39386c16817df2", "sequence_str": "AL -> REMESH -> IL -> EN -> NUL -> SHA"}