{"sequence": ["NAV", "NUL", "VAL", "OZ", "UM", "SHA"], "coherence_change": -0.009585417842103872, "sense_index_change": -0.0051703317614745226, "phi_s_change": -0.026115379326520305, "grad_phi_change": -0.04683698593369523, "k_phi_change": 0.31818939276532293, "xi_c_change": 0.0, "phase_sync_change": 0.006559175055788624, "epi_magnitude_change": -0.01363790003054477, "hash_signature": "d259827df0eb7ff9", "sequence_str": "NAV -> NUL -> VAL -> OZ -> UM -> SHA"}