{"sequence": ["IL", "AL", "THOL", "OZ"], "coherence_change": 0.0012388455116200126, "sense_index_change": -0.010251049928133305, "phi_s_change": 0.06267566949950232, "grad_phi_change": 0.0, "k_phi_change": 0.0, "xi_c_change": 0.0, "phase_sync_change": 0.0, "epi_magnitude_change": 0.0010510387642763686, "hash_signature": "8d412ce9adad3d6c", "sequence_str": "IL -> AL -> THOL -> OZ"}