{"sequence": ["OZ", "ZHIR", "EN", "NUL", "NAV"], "coherence_change": -0.011941104729667806, "sense_index_change": 0.026084686658404244, "phi_s_change": -0.16010845974209065, "grad_phi_change": -0.06984651155623434, "k_phi_change": 0.020370134763439324, "xi_c_change": 0.0, "phase_sync_change": 0.022254333479386212, "epi_magnitude_change": -0.017518051871973972, "hash_signature": "d46b6343f7c33208", "sequence_str": "OZ -> ZHIR -> EN -> NUL -> NAV"}