{"sequence": ["IL", "RA", "RA", "OZ"], "coherence_change": -0.0009890799663749839, "sense_index_change": 0.007326490000474251, "phi_s_change": -0.03168913173032084, "grad_phi_change": -0.09787657587207033, "k_phi_change": -0.05479694672683505, "xi_c_change": 0.0, "phase_sync_change": 0.023806607354960985, "epi_magnitude_change": 0.0, "hash_signature": "a926f3e6fe689550", "sequence_str": "IL -> RA -> RA -> OZ"}