{"sequence": ["NUL", "OZ", "UM", "REMESH", "UM", "SHA"], "coherence_change": -0.015833465491493004, "sense_index_change": 0.02876054401151118, "phi_s_change": -0.06176776063925804, "grad_phi_change": -0.030867842951772806, "k_phi_change": 0.20150604789693993, "xi_c_change": 0.0, "phase_sync_change": 0.006284203920897902, "epi_magnitude_change": -0.013524437041058768, "hash_signature": "a8c27a5fd32787aa", "sequence_str": "NUL -> OZ -> UM -> REMESH -> UM -> SHA"}