{"sequence": ["UM", "NUL", "REMESH", "EN", "EN", "NAV"], "coherence_change": 0.0, "sense_index_change": 0.013010176169214627, "phi_s_change": 0.0, "grad_phi_change": -0.02810177506048217, "k_phi_change": 0.03536442272791712, "xi_c_change": 0.0, "phase_sync_change": -0.0013867052645365474, "epi_magnitude_change": -0.017964738651951584, "hash_signature": "217c505e780823f2", "sequence_str": "UM -> NUL -> REMESH -> EN -> EN -> NAV"}