{"sequence": ["AL", "NAV", "AL", "IL", "RA", "SHA"], "coherence_change": 0.007457376459714449, "sense_index_change": -0.02315736077256675, "phi_s_change": 0.04042561235862885, "grad_phi_change": 0.14837844956268875, "k_phi_change": 0.029229856056614517, "xi_c_change": 0.0, "phase_sync_change": -0.05983658920612833, "epi_magnitude_change": 0.006834923084979239, "hash_signature": "091e4e2381d06642", "sequence_str": "AL -> NAV -> AL -> IL -> RA -> SHA"}