{"sequence": ["REMESH", "SHA", "NUL", "VAL", "OZ"], "coherence_change": -0.0070816027929194725, "sense_index_change": 0.0014343426237862777, "phi_s_change": -0.09460883289886712, "grad_phi_change": 0.0, "k_phi_change": 0.0, "xi_c_change": 0.0, "phase_sync_change": 0.0, "epi_magnitude_change": -0.005373198043177374, "hash_signature": "c9bf897b38ed557e", "sequence_str": "REMESH -> SHA -> NUL -> VAL -> OZ"}