{"sequence": ["REMESH", "ZHIR", "NUL", "NAV"], "coherence_change": 0.0, "sense_index_change": -0.0038542864876295324, "phi_s_change": 0.0, "grad_phi_change": 0.026726993138969535, "k_phi_change": 0.0038070273260701337, "xi_c_change": 0.0, "phase_sync_change": -0.00117413281076717, "epi_magnitude_change": -0.010315860722296177, "hash_signature": "7af5824d9b69affa", "sequence_str": "REMESH -> ZHIR -> NUL -> NAV"}