{"sequence": ["AL", "REMESH", "RA", "OZ"], "coherence_change": -0.011191080543782705, "sense_index_change": -0.025755125914638854, "phi_s_change": -0.04031180811952628, "grad_phi_change": 0.08182131460983344, "k_phi_change": 0.3278323085579641, "xi_c_change": 0.0, "phase_sync_change": -0.03371721936053118, "epi_magnitude_change": 0.004515621297703887, "hash_signature": "408672926d6ed5f4", "sequence_str": "AL -> REMESH -> RA -> OZ"}