{"sequence": ["NAV", "AL", "SHA", "OZ"], "coherence_change": -0.0054899712713453175, "sense_index_change": -0.0032949688419341427, "phi_s_change": -0.007968343122797483, "grad_phi_change": 0.0, "k_phi_change": 0.0, "xi_c_change": 0.0, "phase_sync_change": 0.0, "epi_magnitude_change": -0.0036945048535811376, "hash_signature": "e9a8212b6d4bebeb", "sequence_str": "NAV -> AL -> SHA -> OZ"}