{"sequence": ["NAV", "OZ", "ZHIR", "REMESH"], "coherence_change": -0.015768389602467847, "sense_index_change": 0.0010612481842547927, "phi_s_change": -0.15047817225700222, "grad_phi_change": 0.0626584245773174, "k_phi_change": 0.14328607821605438, "xi_c_change": 0.0, "phase_sync_change": -0.022656579579266034, "epi_magnitude_change": 0.0015970882381661777, "hash_signature": "ce71a9e01dd65c30", "sequence_str": "NAV -> OZ -> ZHIR -> REMESH"}