{"sequence": ["IL", "AL", "REMESH", "REMESH"], "coherence_change": 0.005604893155848112, "sense_index_change": 0.0056924144262809895, "phi_s_change": 0.05556626908802342, "grad_phi_change": 0.0, "k_phi_change": 0.0, "xi_c_change": 0.0, "phase_sync_change": 0.0, "epi_magnitude_change": 0.0024744391583496617, "hash_signature": "5e155dd7c0b53a22", "sequence_str": "IL -> AL -> REMESH -> REMESH"}