{"sequence": ["OZ", "AL", "ZHIR", "REMESH"], "coherence_change": -0.009477628670457983, "sense_index_change": 0.005383543175466854, "phi_s_change": 0.008122821089691867, "grad_phi_change": -0.0035365750843718846, "k_phi_change": -0.03303902180792864, "xi_c_change": 0.0, "phase_sync_change": 0.00031837576531501544, "epi_magnitude_change": 0.00417304008090591, "hash_signature": "39400035491b321e", "sequence_str": "OZ -> AL -> ZHIR -> REMESH"}