{"sequence": ["REMESH", "IL", "RA", "VAL", "UM", "REMESH"], "coherence_change": 0.006793044115041225, "sense_index_change": 0.05701856523861859, "phi_s_change": -0.013493926501141895, "grad_phi_change": -0.26025896653591696, "k_phi_change": 0.19672461575773556, "xi_c_change": 0.0, "phase_sync_change": 0.08044352793630571, "epi_magnitude_change": 0.016559851209999144, "hash_signature": "3380544c4aa5e13e", "sequence_str": "REMESH -> IL -> RA -> VAL -> UM -> REMESH"}