{"sequence": ["RA", "AL", "AL", "RA", "REMESH"], "coherence_change": 0.0, "sense_index_change": 0.04631729442963728, "phi_s_change": 0.0, "grad_phi_change": -0.28579897593539516, "k_phi_change": 0.17660072561273343, "xi_c_change": 0.0, "phase_sync_change": 0.08974430385653465, "epi_magnitude_change": -0.006881218243024456, "hash_signature": "2606b47e6def546a", "sequence_str": "RA -> AL -> AL -> RA -> REMESH"}