{"sequence": ["NAV", "NUL", "EN", "IL", "SHA"], "coherence_change": 0.008255981364754805, "sense_index_change": 0.0035668164239425204, "phi_s_change": 0.0660205666392587, "grad_phi_change": 0.0, "k_phi_change": 0.0, "xi_c_change": 0.0, "phase_sync_change": 0.0, "epi_magnitude_change": -0.02278086560286907, "hash_signature": "e465e5b578694035", "sequence_str": "NAV -> NUL -> EN -> IL -> SHA"}