{"sequence": ["REMESH", "ZHIR", "EN", "VAL", "SHA"], "coherence_change": 0.0, "sense_index_change": 0.007261606179269076, "phi_s_change": 0.0, "grad_phi_change": 0.013209537269909699, "k_phi_change": -0.03712638312579661, "xi_c_change": 0.0, "phase_sync_change": -0.006894140338806198, "epi_magnitude_change": 0.01764577224802666, "hash_signature": "ab204aec2494367c", "sequence_str": "REMESH -> ZHIR -> EN -> VAL -> SHA"}