{"sequence": ["RA", "ZHIR", "OZ"], "coherence_change": -0.009287656455785331, "sense_index_change": 0.0036180070245734886, "phi_s_change": -0.07966611364693355, "grad_phi_change": -0.0538389924277447, "k_phi_change": 0.6663380499058797, "xi_c_change": 0.0, "phase_sync_change": 0.008425044159174555, "epi_magnitude_change": 0.0, "hash_signature": "af1a45ddb9837ec9", "sequence_str": "RA -> ZHIR -> OZ"}