{"sequence": ["RA", "NAV", "REMESH", "NAV"], "coherence_change": 0.0, "sense_index_change": -0.01369659312287802, "phi_s_change": 0.0, "grad_phi_change": 0.055332118280929876, "k_phi_change": 0.13167005108386265, "xi_c_change": 0.0, "phase_sync_change": -0.024149890829429643, "epi_magnitude_change": 0.0015240656701041022, "hash_signature": "dfcf02ea2f6b83c1", "sequence_str": "RA -> NAV -> REMESH -> NAV"}