{"sequence": ["EN", "ZHIR", "THOL", "REMESH"], "coherence_change": 0.006150918766481106, "sense_index_change": -0.006318693977656609, "phi_s_change": 0.05919060051308811, "grad_phi_change": -0.034206088846453486, "k_phi_change": -0.0320024021362266, "xi_c_change": 0.0, "phase_sync_change": 0.00740657113920562, "epi_magnitude_change": 0.0010162093335603917, "hash_signature": "39808cde1fb8b8fa", "sequence_str": "EN -> ZHIR -> THOL -> REMESH"}