{"sequence": ["EN", "NUL", "SHA", "UM", "AL", "SHA"], "coherence_change": 0.0, "sense_index_change": -0.004219552230283252, "phi_s_change": 0.0, "grad_phi_change": -0.03207302614922636, "k_phi_change": 0.37980335110965824, "xi_c_change": 0.0, "phase_sync_change": 0.002456454981690004, "epi_magnitude_change": -0.017120630999123643, "hash_signature": "ea0985474bba9c8b", "sequence_str": "EN -> NUL -> SHA -> UM -> AL -> SHA"}