{"sequence": ["AL", "UM", "RA", "SHA", "NUL", "REMESH"], "coherence_change": 0.0, "sense_index_change": 0.05448445940605773, "phi_s_change": 0.0, "grad_phi_change": -0.3264752626783214, "k_phi_change": 0.2509158103060627, "xi_c_change": 0.0, "phase_sync_change": 0.11805503126226868, "epi_magnitude_change": -0.010189444303672968, "hash_signature": "1866b438b23da519", "sequence_str": "AL -> UM -> RA -> SHA -> NUL -> REMESH"}