{"sequence": ["EN", "EN", "REMESH", "ZHIR", "REMESH"], "coherence_change": 0.0, "sense_index_change": 0.009563097558771938, "phi_s_change": 0.0, "grad_phi_change": -0.02067836689222835, "k_phi_change": -0.029645405384022716, "xi_c_change": 0.0, "phase_sync_change": 0.009177065412523833, "epi_magnitude_change": 0.0027406577748760874, "hash_signature": "1d7e75b9a530e26e", "sequence_str": "EN -> EN -> REMESH -> ZHIR -> REMESH"}