{"sequence": ["RA", "RA", "IL", "NUL", "THOL", "NAV"], "coherence_change": 0.011617320507378959, "sense_index_change": -0.00428144654458984, "phi_s_change": -0.09269090605013908, "grad_phi_change": 0.0875847699454202, "k_phi_change": 0.3323503110734863, "xi_c_change": 0.0, "phase_sync_change": -0.03413861486842007, "epi_magnitude_change": -0.012793162473634045, "hash_signature": "f8c1dc9dd8a6c34d", "sequence_str": "RA -> RA -> IL -> NUL -> THOL -> NAV"}