{"sequence": ["NAV", "IL", "OZ", "RA", "REMESH"], "coherence_change": 0.0017850162724080132, "sense_index_change": -0.00037968996012982537, "phi_s_change": 0.00022117268570964743, "grad_phi_change": -0.06840376785649527, "k_phi_change": 0.2176747860886992, "xi_c_change": 0.0, "phase_sync_change": 0.012751549870838597, "epi_magnitude_change": 0.0018302067584525794, "hash_signature": "d7db6171ad5ff86e", "sequence_str": "NAV -> IL -> OZ -> RA -> REMESH"}