{"sequence": ["REMESH", "EN", "THOL", "REMESH"], "coherence_change": 0.006172237023747917, "sense_index_change": -0.011324114145011166, "phi_s_change": 0.022209306700129106, "grad_phi_change": 0.0, "k_phi_change": 0.0, "xi_c_change": 0.0, "phase_sync_change": 0.0, "epi_magnitude_change": 0.002950046160389741, "hash_signature": "7ae8df5638079777", "sequence_str": "REMESH -> EN -> THOL -> REMESH"}