{"sequence": ["NAV", "VAL", "RA", "VAL", "OZ"], "coherence_change": -0.008985334223318597, "sense_index_change": -0.03365566582998886, "phi_s_change": -0.01085174906787012, "grad_phi_change": 0.10141972039448133, "k_phi_change": 0.32144476628002217, "xi_c_change": 0.0, "phase_sync_change": -0.03990872948638735, "epi_magnitude_change": 0.021805341721926386, "hash_signature": "d7ab39dedc13b565", "sequence_str": "NAV -> VAL -> RA -> VAL -> OZ"}