{"sequence": ["NUL", "RA", "EN", "SHA", "OZ"], "coherence_change": -0.011233996171266747, "sense_index_change": -0.010153742851863268, "phi_s_change": -0.029714568411286724, "grad_phi_change": 0.03884964067628083, "k_phi_change": 0.29679589892388547, "xi_c_change": 0.0, "phase_sync_change": -0.027722414346748714, "epi_magnitude_change": -0.024991815411838814, "hash_signature": "652019bf0ddeecef", "sequence_str": "NUL -> RA -> EN -> SHA -> OZ"}