{"sequence": ["OZ", "RA", "IL", "UM", "EN", "REMESH"], "coherence_change": -0.0005242606347453105, "sense_index_change": 0.033442762566030626, "phi_s_change": -0.025068171850664456, "grad_phi_change": -0.2831583570959917, "k_phi_change": 0.3989415409984435, "xi_c_change": 0.0, "phase_sync_change": 0.08604255945285166, "epi_magnitude_change": 0.0010905067368971455, "hash_signature": "e0aeea907fdf3ea2", "sequence_str": "OZ -> RA -> IL -> UM -> EN -> REMESH"}