{"sequence": ["NAV", "AL", "EN", "NUL", "IL", "OZ"], "coherence_change": -0.002612433250866686, "sense_index_change": 0.00044335790113447793, "phi_s_change": 0.18444861436497184, "grad_phi_change": 0.0, "k_phi_change": 0.0, "xi_c_change": 0.0, "phase_sync_change": 0.0, "epi_magnitude_change": -0.01713284021233996, "hash_signature": "a32d36128ebae446", "sequence_str": "NAV -> AL -> EN -> NUL -> IL -> OZ"}