{"sequence": ["AL", "THOL", "VAL", "THOL", "UM", "NAV"], "coherence_change": 0.007239305544149199, "sense_index_change": 0.032677390476093415, "phi_s_change": 0.0202606895533195, "grad_phi_change": -0.17116276444206213, "k_phi_change": 0.1328833293576115, "xi_c_change": 0.0, "phase_sync_change": 0.049320499269820295, "epi_magnitude_change": 0.01518915258395992, "hash_signature": "737f49759fe0bbdf", "sequence_str": "AL -> THOL -> VAL -> THOL -> UM -> NAV"}