{"sequence": ["SHA", "OZ", "THOL", "UM", "REMESH"], "coherence_change": -0.0035347881870099185, "sense_index_change": 0.02354052831756004, "phi_s_change": -0.08677936468502967, "grad_phi_change": -0.23356105863801702, "k_phi_change": -0.0996121300234461, "xi_c_change": 0.0, "phase_sync_change": 0.07649184901383765, "epi_magnitude_change": 0.0016046684118435905, "hash_signature": "fb87dd91c5efcfd0", "sequence_str": "SHA -> OZ -> THOL -> UM -> REMESH"}