{"sequence": ["AL", "NUL", "UM", "RA", "EN", "OZ"], "coherence_change": -0.013591507922072976, "sense_index_change": 0.060492857884084206, "phi_s_change": 0.08776479190007358, "grad_phi_change": -0.2381884535020835, "k_phi_change": 0.5650213397083483, "xi_c_change": 0.0, "phase_sync_change": 0.08504448497090789, "epi_magnitude_change": -0.010283599227538298, "hash_signature": "ae77233614c8c549", "sequence_str": "AL -> NUL -> UM -> RA -> EN -> OZ"}