{"sequence": ["NAV", "REMESH", "THOL", "NAV"], "coherence_change": 0.0044947103113736064, "sense_index_change": 0.0038864562747781273, "phi_s_change": 0.02338904407436615, "grad_phi_change": 0.0, "k_phi_change": 0.0, "xi_c_change": 0.0, "phase_sync_change": 0.0, "epi_magnitude_change": 0.001348437046897577, "hash_signature": "664061610d8b2a1c", "sequence_str": "NAV -> REMESH -> THOL -> NAV"}