{"sequence": ["REMESH", "AL", "OZ", "REMESH", "UM", "SHA"], "coherence_change": -0.01449175083576093, "sense_index_change": 0.03590313166880432, "phi_s_change": -0.10683031323045733, "grad_phi_change": -0.1891972654965295, "k_phi_change": -0.15757873960595836, "xi_c_change": 0.0, "phase_sync_change": 0.046376370816668566, "epi_magnitude_change": 0.0019284592013902868, "hash_signature": "0a5545d5d8ffb45e", "sequence_str": "REMESH -> AL -> OZ -> REMESH -> UM -> SHA"}