{"sequence": ["REMESH", "EN", "OZ", "NAV"], "coherence_change": -0.013133359589553861, "sense_index_change": 0.0005904314424955981, "phi_s_change": 0.0864529020236886, "grad_phi_change": 0.0, "k_phi_change": 0.0, "xi_c_change": 0.0, "phase_sync_change": 0.0, "epi_magnitude_change": 0.000939544828996719, "hash_signature": "7a905a6b23ad4906", "sequence_str": "REMESH -> EN -> OZ -> NAV"}