{"sequence": ["REMESH", "UM", "ZHIR", "REMESH"], "coherence_change": 0.0, "sense_index_change": 0.02226459220553234, "phi_s_change": 0.0, "grad_phi_change": -0.17241746969014482, "k_phi_change": 0.1792059304016879, "xi_c_change": 0.0, "phase_sync_change": 0.05752945823378253, "epi_magnitude_change": 0.0026394563263176796, "hash_signature": "4646e30d28fe0970", "sequence_str": "REMESH -> UM -> ZHIR -> REMESH"}