{"sequence": ["REMESH", "IL", "EN", "UM", "REMESH"], "coherence_change": 0.006356894357671172, "sense_index_change": 0.007877973601849164, "phi_s_change": 0.025113620601017517, "grad_phi_change": -0.045347901049677786, "k_phi_change": 0.0937934237929565, "xi_c_change": 0.0, "phase_sync_change": 0.012570665911691647, "epi_magnitude_change": 0.0026641490309682325, "hash_signature": "9bb74e20392a664b", "sequence_str": "REMESH -> IL -> EN -> UM -> REMESH"}