{"sequence": ["RA", "NUL", "SHA", "ZHIR", "RA", "OZ"], "coherence_change": -0.015611244192431317, "sense_index_change": 0.054527690637034665, "phi_s_change": -0.037337339521233526, "grad_phi_change": -0.22711472997249005, "k_phi_change": -0.031354937613323364, "xi_c_change": 0.0, "phase_sync_change": 0.07481178846952996, "epi_magnitude_change": -0.009772418243022662, "hash_signature": "efb20b5a336d31fd", "sequence_str": "RA -> NUL -> SHA -> ZHIR -> RA -> OZ"}