{"sequence": ["NUL", "ZHIR", "IL", "IL", "REMESH"], "coherence_change": 0.013212254822446479, "sense_index_change": -0.008329064226879512, "phi_s_change": -0.0017228692140651702, "grad_phi_change": 0.07149910244989499, "k_phi_change": -0.20368719280589564, "xi_c_change": 0.0, "phase_sync_change": -0.018445336975917104, "epi_magnitude_change": -0.015874449666189117, "hash_signature": "f77c857b4b204b2a", "sequence_str": "NUL -> ZHIR -> IL -> IL -> REMESH"}