{"sequence": ["ZHIR", "UM", "IL", "AL", "ZHIR", "NAV"], "coherence_change": 0.006843191671132898, "sense_index_change": 0.030800369795366378, "phi_s_change": 0.05313384050819281, "grad_phi_change": -0.16714285774992432, "k_phi_change": 0.2434370601253556, "xi_c_change": 0.0, "phase_sync_change": 0.03795048090129549, "epi_magnitude_change": 0.00549505050644139, "hash_signature": "637d464286cc5a81", "sequence_str": "ZHIR -> UM -> IL -> AL -> ZHIR -> NAV"}