{"sequence": ["OZ", "EN", "NAV", "UM", "REMESH"], "coherence_change": -0.012584904265193764, "sense_index_change": 0.027084479308947862, "phi_s_change": -0.13016507191845939, "grad_phi_change": -0.165986303165379, "k_phi_change": 0.1117523904940542, "xi_c_change": 0.0, "phase_sync_change": 0.04975216200491783, "epi_magnitude_change": 0.0011239979260733168, "hash_signature": "cf86f8c7d3db5a3e", "sequence_str": "OZ -> EN -> NAV -> UM -> REMESH"}