{"sequence": ["RA", "EN", "OZ"], "coherence_change": -0.016156943991277206, "sense_index_change": -0.028609435778705672, "phi_s_change": -0.07598142963967958, "grad_phi_change": 0.04145766662200834, "k_phi_change": 0.40165136866979356, "xi_c_change": 0.0, "phase_sync_change": -0.01841559634927803, "epi_magnitude_change": 0.0, "hash_signature": "0516e0b52bb9ef9e", "sequence_str": "RA -> EN -> OZ"}