{"sequence": ["SHA", "ZHIR", "ZHIR", "THOL", "REMESH"], "coherence_change": 0.004160989670963899, "sense_index_change": -0.0034623231486919925, "phi_s_change": 0.006409677402448244, "grad_phi_change": 0.02049066486354012, "k_phi_change": -0.15348259533173791, "xi_c_change": 0.0, "phase_sync_change": -0.00975257611907776, "epi_magnitude_change": 0.0013515955581039352, "hash_signature": "4b32affbddbc03c6", "sequence_str": "SHA -> ZHIR -> ZHIR -> THOL -> REMESH"}