{"sequence": ["EN", "EN", "RA", "AL", "REMESH"], "coherence_change": 0.0, "sense_index_change": 0.01772103531675384, "phi_s_change": 0.0, "grad_phi_change": -0.09783333442642239, "k_phi_change": 0.21368290946040472, "xi_c_change": 0.0, "phase_sync_change": 0.0331177575156425, "epi_magnitude_change": 0.0005169740388761834, "hash_signature": "e4b3ccca2151a5eb", "sequence_str": "EN -> EN -> RA -> AL -> REMESH"}