{"sequence": ["AL", "EN", "OZ", "SHA"], "coherence_change": -0.012507011516797117, "sense_index_change": -0.015993561097042197, "phi_s_change": -0.005088835251200963, "grad_phi_change": 0.0, "k_phi_change": 0.0, "xi_c_change": 0.0, "phase_sync_change": 0.0, "epi_magnitude_change": -0.0005472228970221371, "hash_signature": "ede9285c8af3d3b8", "sequence_str": "AL -> EN -> OZ -> SHA"}