{"sequence": ["OZ", "NAV", "AL", "NAV", "OZ"], "coherence_change": -0.026921535247642958, "sense_index_change": 0.04445673060576394, "phi_s_change": -0.1861381389260801, "grad_phi_change": 0.0, "k_phi_change": 0.0, "xi_c_change": 0.0, "phase_sync_change": 0.0, "epi_magnitude_change": -0.004242433784901745, "hash_signature": "507a2549fa849ab1", "sequence_str": "OZ -> NAV -> AL -> NAV -> OZ"}