{"sequence": ["AL", "OZ", "OZ", "VAL", "UM", "NAV"], "coherence_change": -0.025884709525736627, "sense_index_change": 0.0030308818114632707, "phi_s_change": -0.05594026140795805, "grad_phi_change": -0.04636770484892305, "k_phi_change": 0.41820837827595875, "xi_c_change": 0.0, "phase_sync_change": 0.019956552437745967, "epi_magnitude_change": 0.01451550452907846, "hash_signature": "82c97c32319c8889", "sequence_str": "AL -> OZ -> OZ -> VAL -> UM -> NAV"}