{"sequence": ["AL", "IL", "NUL", "THOL", "NAV"], "coherence_change": 0.012792017760467567, "sense_index_change": 0.011654265782988671, "phi_s_change": 0.12557229582109264, "grad_phi_change": 0.0, "k_phi_change": 0.0, "xi_c_change": 0.0, "phase_sync_change": 0.0, "epi_magnitude_change": -0.009176873445047806, "hash_signature": "2b0b426c1a7015e0", "sequence_str": "AL -> IL -> NUL -> THOL -> NAV"}