{"sequence": ["NAV", "UM", "EN", "ZHIR", "RA", "REMESH"], "coherence_change": 0.0, "sense_index_change": 0.07269818964675479, "phi_s_change": 0.0, "grad_phi_change": -0.39978253215264936, "k_phi_change": 0.5238358539347816, "xi_c_change": 0.0, "phase_sync_change": 0.13227939985972703, "epi_magnitude_change": 0.0013320717422892203, "hash_signature": "62c20befa9e6b992", "sequence_str": "NAV -> UM -> EN -> ZHIR -> RA -> REMESH"}