{"sequence": ["VAL", "SHA", "UM", "THOL", "UM", "SHA"], "coherence_change": 0.006635714289555561, "sense_index_change": 0.04773519443501051, "phi_s_change": 0.01258144306635356, "grad_phi_change": -0.28087237544790633, "k_phi_change": 0.41998737753239046, "xi_c_change": 0.0, "phase_sync_change": 0.0972914021724045, "epi_magnitude_change": 0.015076084666590495, "hash_signature": "e0b5a7f004bd74de", "sequence_str": "VAL -> SHA -> UM -> THOL -> UM -> SHA"}