{"sequence": ["AL", "AL", "RA", "SHA"], "coherence_change": 0.0, "sense_index_change": -0.015796344738632007, "phi_s_change": 0.0, "grad_phi_change": 0.019477673843204313, "k_phi_change": -0.49241691395673376, "xi_c_change": 0.0, "phase_sync_change": -0.013964268156712034, "epi_magnitude_change": -0.010822973793445323, "hash_signature": "d1b73b9a4ed4d840", "sequence_str": "AL -> AL -> RA -> SHA"}