{"sequence": ["NUL", "NUL", "NAV", "NUL", "OZ"], "coherence_change": -0.012377264520062936, "sense_index_change": 0.00929754883060252, "phi_s_change": -0.02360432062529827, "grad_phi_change": 0.0, "k_phi_change": 0.0, "xi_c_change": 0.0, "phase_sync_change": 0.0, "epi_magnitude_change": -0.03777195282491841, "hash_signature": "066ab5e213df2916", "sequence_str": "NUL -> NUL -> NAV -> NUL -> OZ"}