{"sequence": ["THOL", "VAL", "AL", "UM", "OZ"], "coherence_change": -0.011303054190868411, "sense_index_change": 0.007384198809428977, "phi_s_change": -0.14540066750027236, "grad_phi_change": 0.02738736409820386, "k_phi_change": 0.6312201543673588, "xi_c_change": 0.0, "phase_sync_change": -0.012679478723740423, "epi_magnitude_change": 0.01826606327874747, "hash_signature": "8d759f35f13ff2b5", "sequence_str": "THOL -> VAL -> AL -> UM -> OZ"}