{"sequence": ["NUL", "ZHIR", "RA", "THOL", "REMESH"], "coherence_change": 0.004951901499605449, "sense_index_change": 0.009342404574292695, "phi_s_change": 0.030810107279310106, "grad_phi_change": -0.12288895392069632, "k_phi_change": 0.5564665858180475, "xi_c_change": 0.0, "phase_sync_change": 0.04188112184380943, "epi_magnitude_change": -0.014261151365662417, "hash_signature": "55d67da2b1470432", "sequence_str": "NUL -> ZHIR -> RA -> THOL -> REMESH"}