{"sequence": ["REMESH", "NAV", "RA", "OZ"], "coherence_change": -0.012767088314010078, "sense_index_change": 0.005238195606563689, "phi_s_change": -0.030905299401393527, "grad_phi_change": 0.008375548146180911, "k_phi_change": 0.2579625764320117, "xi_c_change": 0.0, "phase_sync_change": -0.0077999529780740096, "epi_magnitude_change": 0.0012766994983560709, "hash_signature": "eb692fc0dce5f986", "sequence_str": "REMESH -> NAV -> RA -> OZ"}