{"sequence": ["NUL", "UM", "NUL", "SHA"], "coherence_change": 0.0, "sense_index_change": 0.00750339117623966, "phi_s_change": 0.0, "grad_phi_change": -0.017747900506884573, "k_phi_change": -0.09931042805535839, "xi_c_change": 0.0, "phase_sync_change": 0.005195515944063422, "epi_magnitude_change": -0.03212033822727489, "hash_signature": "0ff7f690689604a6", "sequence_str": "NUL -> UM -> NUL -> SHA"}