{"sequence": ["NAV", "AL", "OZ", "UM", "ZHIR", "OZ"], "coherence_change": -0.024785691820868982, "sense_index_change": -0.031003210971837447, "phi_s_change": -0.15972936349789912, "grad_phi_change": 0.15232778019970383, "k_phi_change": 0.008520809080559633, "xi_c_change": 0.0, "phase_sync_change": -0.04828342357254101, "epi_magnitude_change": 0.007129375673715743, "hash_signature": "cad6a82690b5592f", "sequence_str": "NAV -> AL -> OZ -> UM -> ZHIR -> OZ"}