{"sequence": ["THOL", "ZHIR", "ZHIR", "IL", "REMESH"], "coherence_change": 0.009992391305334358, "sense_index_change": 0.0005065354658582155, "phi_s_change": 0.06633668371634338, "grad_phi_change": 0.012772509704498614, "k_phi_change": -0.03288840552242464, "xi_c_change": 0.0, "phase_sync_change": -0.006140532191943104, "epi_magnitude_change": 0.0010818404808089488, "hash_signature": "1b3323e53fd55c88", "sequence_str": "THOL -> ZHIR -> ZHIR -> IL -> REMESH"}