{"sequence": ["REMESH", "UM", "SHA", "NAV", "NAV"], "coherence_change": 0.0, "sense_index_change": 0.028617022773383183, "phi_s_change": 0.0, "grad_phi_change": -0.10835639623460547, "k_phi_change": -0.04256339419059263, "xi_c_change": 0.0, "phase_sync_change": 0.026627623713104343, "epi_magnitude_change": 0.0015672820613912286, "hash_signature": "94156fd70b62205d", "sequence_str": "REMESH -> UM -> SHA -> NAV -> NAV"}