{"sequence": ["IL", "VAL", "NUL", "NAV"], "coherence_change": 0.0086365140592225, "sense_index_change": 0.0060506984594995705, "phi_s_change": 0.06587386324054201, "grad_phi_change": 0.0, "k_phi_change": 0.0, "xi_c_change": 0.0, "phase_sync_change": 0.0, "epi_magnitude_change": 0.006096216653559305, "hash_signature": "79b36d52c3ee20b5", "sequence_str": "IL -> VAL -> NUL -> NAV"}