{"sequence": ["IL", "SHA", "THOL", "ZHIR", "SHA"], "coherence_change": 0.011779727951624519, "sense_index_change": 0.009062426275309177, "phi_s_change": -0.012620013973191013, "grad_phi_change": -0.04268452400134004, "k_phi_change": 0.02155984703112382, "xi_c_change": 0.0, "phase_sync_change": 0.015444907960289966, "epi_magnitude_change": 0.0, "hash_signature": "c76bcdb034e2b663", "sequence_str": "IL -> SHA -> THOL -> ZHIR -> SHA"}