{"sequence": ["REMESH", "RA", "AL", "REMESH"], "coherence_change": 0.0, "sense_index_change": 0.023865253144829568, "phi_s_change": 0.0, "grad_phi_change": -0.1047853208583529, "k_phi_change": -0.004168303674130847, "xi_c_change": 0.0, "phase_sync_change": 0.031090094192513074, "epi_magnitude_change": 0.0032392421184158637, "hash_signature": "6e856fd50f28ee3e", "sequence_str": "REMESH -> RA -> AL -> REMESH"}