{"sequence": ["AL", "RA", "UM", "IL", "REMESH"], "coherence_change": 0.005718293143814113, "sense_index_change": 0.0334035445083789, "phi_s_change": 0.014953078673682452, "grad_phi_change": -0.12172221259193461, "k_phi_change": 0.07986753447216616, "xi_c_change": 0.0, "phase_sync_change": 0.024989826603452836, "epi_magnitude_change": -0.00731399360147611, "hash_signature": "b7b6c13f4c5ffc5a", "sequence_str": "AL -> RA -> UM -> IL -> REMESH"}