{"sequence": ["REMESH", "AL", "ZHIR", "ZHIR", "REMESH"], "coherence_change": 0.0, "sense_index_change": 0.0016983989956326218, "phi_s_change": 0.0, "grad_phi_change": -0.002958611908816078, "k_phi_change": 0.0031192831838897928, "xi_c_change": 0.0, "phase_sync_change": 0.003961170279971449, "epi_magnitude_change": -0.0038395150056436123, "hash_signature": "f1daa56c4b0b66eb", "sequence_str": "REMESH -> AL -> ZHIR -> ZHIR -> REMESH"}