{"sequence": ["THOL", "AL", "RA", "NAV"], "coherence_change": 0.006017525476083141, "sense_index_change": 0.014720370582383735, "phi_s_change": 0.017396065295691154, "grad_phi_change": -0.09522421579163831, "k_phi_change": 0.5105105313073807, "xi_c_change": 0.0, "phase_sync_change": 0.029319232503092096, "epi_magnitude_change": 0.010275569216343428, "hash_signature": "d04ab426312a15be", "sequence_str": "THOL -> AL -> RA -> NAV"}