{"sequence": ["VAL", "NUL", "OZ"], "coherence_change": -0.01603257060462082, "sense_index_change": 0.021406564272086204, "phi_s_change": -0.17074932668804677, "grad_phi_change": 0.0, "k_phi_change": 0.0, "xi_c_change": 0.0, "phase_sync_change": 0.0, "epi_magnitude_change": -0.013822738020098924, "hash_signature": "32b6efb38ec59a6a", "sequence_str": "VAL -> NUL -> OZ"}