{"sequence": ["UM", "REMESH", "RA", "REMESH"], "coherence_change": 0.0, "sense_index_change": 0.03719747866607692, "phi_s_change": 0.0, "grad_phi_change": -0.2196685843296784, "k_phi_change": 0.03960049143221234, "xi_c_change": 0.0, "phase_sync_change": 0.052723812898763156, "epi_magnitude_change": 0.003139358655994462, "hash_signature": "c3151ec28574b541", "sequence_str": "UM -> REMESH -> RA -> REMESH"}