{"sequence": ["SHA", "UM", "SHA", "SHA", "IL", "SHA"], "coherence_change": 0.004366420391562653, "sense_index_change": 0.04014557947892072, "phi_s_change": 0.035674918134550926, "grad_phi_change": -0.18067942878814613, "k_phi_change": 0.1254108096537351, "xi_c_change": 0.0, "phase_sync_change": 0.060928491154551234, "epi_magnitude_change": 0.0, "hash_signature": "cab11aa11987e861", "sequence_str": "SHA -> UM -> SHA -> SHA -> IL -> SHA"}