{"sequence": ["ZHIR", "OZ", "REMESH", "UM", "NAV"], "coherence_change": -0.012846902754793943, "sense_index_change": 0.031564780999639, "phi_s_change": 0.061050935937790984, "grad_phi_change": -0.2042843759024906, "k_phi_change": 0.10404758519834842, "xi_c_change": 0.0, "phase_sync_change": 0.08255585199909776, "epi_magnitude_change": 0.0015193647101519048, "hash_signature": "269b68aea1b7b984", "sequence_str": "ZHIR -> OZ -> REMESH -> UM -> NAV"}