{"sequence": ["ZHIR", "UM", "NAV", "UM", "SHA"], "coherence_change": 0.0, "sense_index_change": 0.05698707692109184, "phi_s_change": 0.0, "grad_phi_change": -0.4219031900661916, "k_phi_change": 0.039628059940224364, "xi_c_change": 0.0, "phase_sync_change": 0.13196422114434936, "epi_magnitude_change": 0.0, "hash_signature": "a6054c545e54f338", "sequence_str": "ZHIR -> UM -> NAV -> UM -> SHA"}