{"sequence": ["ZHIR", "AL", "SHA"], "coherence_change": 0.0, "sense_index_change": 0.023050202495232264, "phi_s_change": 0.0, "grad_phi_change": -0.10520614946873974, "k_phi_change": 0.1280382120256735, "xi_c_change": 0.0, "phase_sync_change": 0.036763608464975395, "epi_magnitude_change": 0.008840449180771315, "hash_signature": "4328918ec766e9f2", "sequence_str": "ZHIR -> AL -> SHA"}