{"sequence": ["NUL", "AL", "EN", "OZ"], "coherence_change": -0.012032064305581569, "sense_index_change": 0.0006895922353148398, "phi_s_change": 0.019131392167115124, "grad_phi_change": 0.0, "k_phi_change": 0.0, "xi_c_change": 0.0, "phase_sync_change": 0.0, "epi_magnitude_change": -0.01151220465713454, "hash_signature": "bdb88b6d06280cb3", "sequence_str": "NUL -> AL -> EN -> OZ"}