{"sequence": ["NUL", "NUL", "AL", "THOL", "OZ"], "coherence_change": -0.005807056046006509, "sense_index_change": -0.00836289798501999, "phi_s_change": 0.021658325111968746, "grad_phi_change": 0.0, "k_phi_change": 0.0, "xi_c_change": 0.0, "phase_sync_change": 0.0, "epi_magnitude_change": -0.028123448244022686, "hash_signature": "44505271ca333f59", "sequence_str": "NUL -> NUL -> AL -> THOL -> OZ"}