{"sequence": ["NAV", "AL", "UM", "EN", "SHA"], "coherence_change": 0.0, "sense_index_change": 0.03491927095654224, "phi_s_change": 0.0, "grad_phi_change": -0.16926242586384443, "k_phi_change": 0.03528927186895664, "xi_c_change": 0.0, "phase_sync_change": 0.056035965644917196, "epi_magnitude_change": -0.005789781583265263, "hash_signature": "c2e8fc7832f4676a", "sequence_str": "NAV -> AL -> UM -> EN -> SHA"}