{"sequence": ["AL", "RA", "RA", "IL", "REMESH"], "coherence_change": 0.009101002415457304, "sense_index_change": 0.02487729808696082, "phi_s_change": 0.0727803731662322, "grad_phi_change": -0.22035089082060022, "k_phi_change": 0.013351095371306937, "xi_c_change": 0.0, "phase_sync_change": 0.06844442480100021, "epi_magnitude_change": 0.0039631422185152365, "hash_signature": "c9eb315052b30a4e", "sequence_str": "AL -> RA -> RA -> IL -> REMESH"}