{"sequence": ["ZHIR", "NUL", "IL", "VAL", "OZ"], "coherence_change": -0.006275553079991059, "sense_index_change": 0.011734972204260896, "phi_s_change": 0.06716299162688855, "grad_phi_change": -0.03973945056749573, "k_phi_change": 0.05222277143056098, "xi_c_change": 0.0, "phase_sync_change": 0.01430887153259297, "epi_magnitude_change": -0.004414692624019501, "hash_signature": "7e7c8ee79e6ac5ae", "sequence_str": "ZHIR -> NUL -> IL -> VAL -> OZ"}