{"sequence": ["VAL", "RA", "REMESH", "NAV", "NUL", "NAV"], "coherence_change": 0.0, "sense_index_change": -0.013948921735121078, "phi_s_change": 0.0, "grad_phi_change": 0.06608782838848803, "k_phi_change": 0.15871708256599912, "xi_c_change": 0.0, "phase_sync_change": -0.02737660512729334, "epi_magnitude_change": -0.006582551109255208, "hash_signature": "cdf19432a397fd94", "sequence_str": "VAL -> RA -> REMESH -> NAV -> NUL -> NAV"}