{"sequence": ["AL", "UM", "VAL", "OZ", "UM", "OZ"], "coherence_change": -0.021001634906845257, "sense_index_change": 0.10258674405313029, "phi_s_change": -0.1901378098220703, "grad_phi_change": -0.3625412817091167, "k_phi_change": 0.41379146590843024, "xi_c_change": 0.0, "phase_sync_change": 0.11930271309228135, "epi_magnitude_change": 0.0101330236174203, "hash_signature": "63c0be5e793d2c16", "sequence_str": "AL -> UM -> VAL -> OZ -> UM -> OZ"}