{"sequence": ["RA", "IL", "REMESH", "AL", "REMESH"], "coherence_change": 0.009053616906906647, "sense_index_change": 0.023655782850499962, "phi_s_change": 0.0011471226339214713, "grad_phi_change": -0.10278804393974172, "k_phi_change": 0.062393875161850326, "xi_c_change": 0.0, "phase_sync_change": 0.03065964310254765, "epi_magnitude_change": -0.007160063640842429, "hash_signature": "ae2b3a7211a8fd74", "sequence_str": "RA -> IL -> REMESH -> AL -> REMESH"}