{"sequence": ["ZHIR", "THOL", "IL", "RA", "VAL", "SHA"], "coherence_change": 0.01828077045247667, "sense_index_change": 0.027427509791899896, "phi_s_change": 0.08020350099671114, "grad_phi_change": -0.14227101034604495, "k_phi_change": 0.26859482051310213, "xi_c_change": 0.0, "phase_sync_change": 0.04157294333296335, "epi_magnitude_change": 0.015600746638057994, "hash_signature": "60d175786b446aa9", "sequence_str": "ZHIR -> THOL -> IL -> RA -> VAL -> SHA"}