{"sequence": ["AL", "RA", "IL", "REMESH", "NAV"], "coherence_change": 0.009859336831975263, "sense_index_change": -0.013457218508279023, "phi_s_change": 0.11465065565247967, "grad_phi_change": 0.07174537468035092, "k_phi_change": 0.23238781834008945, "xi_c_change": 0.0, "phase_sync_change": -0.032244893557102694, "epi_magnitude_change": 8.897699300780548e-05, "hash_signature": "dece7edd97a33702", "sequence_str": "AL -> RA -> IL -> REMESH -> NAV"}