{"sequence": ["SHA", "UM", "AL", "SHA"], "coherence_change": 0.0, "sense_index_change": -0.015629397365785724, "phi_s_change": 0.0, "grad_phi_change": 0.03674304815266427, "k_phi_change": 0.2648653229311112, "xi_c_change": 0.0, "phase_sync_change": -0.01484364356078538, "epi_magnitude_change": 0.005397553436589431, "hash_signature": "1e62570ed0bc3fc7", "sequence_str": "SHA -> UM -> AL -> SHA"}