{"sequence": ["NAV", "REMESH", "ZHIR", "SHA", "ZHIR", "NAV"], "coherence_change": 0.0, "sense_index_change": 0.0007886636133894731, "phi_s_change": 0.0, "grad_phi_change": -0.02690835590951335, "k_phi_change": 0.07667964891589871, "xi_c_change": 0.0, "phase_sync_change": 0.012649303952109947, "epi_magnitude_change": 0.0015368919840044182, "hash_signature": "12e206118d081af5", "sequence_str": "NAV -> REMESH -> ZHIR -> SHA -> ZHIR -> NAV"}