{"sequence": ["AL", "REMESH", "UM", "REMESH"], "coherence_change": 0.0, "sense_index_change": 0.06573045806533206, "phi_s_change": 0.0, "grad_phi_change": -0.3081482447703887, "k_phi_change": 0.09157127494287476, "xi_c_change": 0.0, "phase_sync_change": 0.09800791832545086, "epi_magnitude_change": -0.0004675551827320046, "hash_signature": "6ffa773fe65e0e5b", "sequence_str": "AL -> REMESH -> UM -> REMESH"}