{"sequence": ["EN", "OZ", "UM", "REMESH", "RA", "NAV"], "coherence_change": -0.011160225284871261, "sense_index_change": -0.00869295154965033, "phi_s_change": -0.08384647993410532, "grad_phi_change": -0.03730276691828216, "k_phi_change": 0.3530729160346001, "xi_c_change": 0.0, "phase_sync_change": -0.002597148980171271, "epi_magnitude_change": 0.0014743590944641394, "hash_signature": "060fc6a1a4e6af45", "sequence_str": "EN -> OZ -> UM -> REMESH -> RA -> NAV"}