{"sequence": ["AL", "RA", "EN", "NAV"], "coherence_change": 0.0, "sense_index_change": 0.015904568802174057, "phi_s_change": 0.0, "grad_phi_change": -0.013160894950220214, "k_phi_change": 0.5100272589435688, "xi_c_change": 0.0, "phase_sync_change": 0.00014703190267995048, "epi_magnitude_change": 0.005078612890301537, "hash_signature": "af96397fdc6bc87b", "sequence_str": "AL -> RA -> EN -> NAV"}