{"sequence": ["AL", "THOL", "AL", "OZ", "ZHIR", "NAV"], "coherence_change": -0.010164219310492495, "sense_index_change": 0.037138105302521374, "phi_s_change": -0.07882065364463675, "grad_phi_change": -0.03400019874526805, "k_phi_change": 0.18757160038552073, "xi_c_change": 0.0, "phase_sync_change": 0.011543020601178955, "epi_magnitude_change": -0.0023298300629848168, "hash_signature": "0581dba73be407a5", "sequence_str": "AL -> THOL -> AL -> OZ -> ZHIR -> NAV"}