{"sequence": ["SHA", "UM", "ZHIR", "NUL", "NAV"], "coherence_change": 0.0, "sense_index_change": 0.04763455558924223, "phi_s_change": 0.0, "grad_phi_change": -0.2438286989659595, "k_phi_change": 0.19407456077057647, "xi_c_change": 0.0, "phase_sync_change": 0.07673095526215812, "epi_magnitude_change": -0.019218534011596122, "hash_signature": "2b542015b200e238", "sequence_str": "SHA -> UM -> ZHIR -> NUL -> NAV"}