{"sequence": ["REMESH", "UM", "NUL", "ZHIR", "REMESH"], "coherence_change": 0.0, "sense_index_change": 0.009087595650214886, "phi_s_change": 0.0, "grad_phi_change": -0.03135237096508514, "k_phi_change": 0.2177190403508598, "xi_c_change": 0.0, "phase_sync_change": 0.008585633977401863, "epi_magnitude_change": -0.006097402241617256, "hash_signature": "3ea549729cd62d84", "sequence_str": "REMESH -> UM -> NUL -> ZHIR -> REMESH"}