{"sequence": ["AL", "SHA", "NUL", "AL", "OZ"], "coherence_change": -0.011006908274922012, "sense_index_change": -0.006702549374661082, "phi_s_change": -0.060070072189140955, "grad_phi_change": 0.0, "k_phi_change": 0.0, "xi_c_change": 0.0, "phase_sync_change": 0.0, "epi_magnitude_change": -0.017679802604218198, "hash_signature": "e7743b827faf89ad", "sequence_str": "AL -> SHA -> NUL -> AL -> OZ"}