{"sequence": ["NAV", "SHA", "VAL", "OZ"], "coherence_change": -0.015682341066079575, "sense_index_change": 0.0185497276969121, "phi_s_change": -0.13117350352836155, "grad_phi_change": 0.0, "k_phi_change": 0.0, "xi_c_change": 0.0, "phase_sync_change": 0.0, "epi_magnitude_change": 0.01591133975832515, "hash_signature": "d7d47731f8b39fe5", "sequence_str": "NAV -> SHA -> VAL -> OZ"}