{"sequence": ["ZHIR", "AL", "EN", "NAV", "NUL", "SHA"], "coherence_change": 0.0, "sense_index_change": -0.008887532332654602, "phi_s_change": 0.0, "grad_phi_change": 0.04567266135700421, "k_phi_change": 0.23561041078373135, "xi_c_change": 0.0, "phase_sync_change": -0.013560807005472797, "epi_magnitude_change": -0.021274911598988644, "hash_signature": "6d981ab2f28d24d9", "sequence_str": "ZHIR -> AL -> EN -> NAV -> NUL -> SHA"}