{"sequence": ["REMESH", "REMESH", "ZHIR", "NUL", "REMESH"], "coherence_change": 0.0, "sense_index_change": -0.007904844739144101, "phi_s_change": 0.0, "grad_phi_change": 0.04047833930378575, "k_phi_change": 0.09321642223725012, "xi_c_change": 0.0, "phase_sync_change": -0.00881535738757322, "epi_magnitude_change": -0.007094111384340573, "hash_signature": "771d430acf1073d5", "sequence_str": "REMESH -> REMESH -> ZHIR -> NUL -> REMESH"}