{"sequence": ["REMESH", "VAL", "IL", "UM", "REMESH"], "coherence_change": 0.007030661867553412, "sense_index_change": 0.03276669524239062, "phi_s_change": 0.09016703717056096, "grad_phi_change": -0.19579972290025283, "k_phi_change": 0.1579843187778894, "xi_c_change": 0.0, "phase_sync_change": 0.05459903452126291, "epi_magnitude_change": 0.01724725258939175, "hash_signature": "6538734eebb26224", "sequence_str": "REMESH -> VAL -> IL -> UM -> REMESH"}