{"sequence": ["OZ", "RA", "IL", "OZ"], "coherence_change": -0.02285394805204055, "sense_index_change": 0.007416167401526508, "phi_s_change": -0.1532704195999367, "grad_phi_change": 0.046833535856984465, "k_phi_change": 0.5144128191259576, "xi_c_change": 0.0, "phase_sync_change": -0.012772941392986015, "epi_magnitude_change": 0.0, "hash_signature": "2002911030df13fe", "sequence_str": "OZ -> RA -> IL -> OZ"}