{"sequence": ["THOL", "NUL", "OZ"], "coherence_change": -0.01060711463839592, "sense_index_change": 0.0001290762552258462, "phi_s_change": -0.0557911831450012, "grad_phi_change": 0.0, "k_phi_change": 0.0, "xi_c_change": 0.0, "phase_sync_change": 0.0, "epi_magnitude_change": -0.016581569694137044, "hash_signature": "59c33d2239e93d23", "sequence_str": "THOL -> NUL -> OZ"}