{"sequence": ["SHA", "VAL", "ZHIR", "REMESH"], "coherence_change": 0.0, "sense_index_change": 0.014106037629478818, "phi_s_change": 0.0, "grad_phi_change": 0.006805668688350197, "k_phi_change": 0.009099922237648855, "xi_c_change": 0.0, "phase_sync_change": -0.0005147794386219928, "epi_magnitude_change": 0.016283049619128187, "hash_signature": "63c4f03a4e7c2559", "sequence_str": "SHA -> VAL -> ZHIR -> REMESH"}