{"sequence": ["REMESH", "IL", "NUL", "AL", "ZHIR", "NAV"], "coherence_change": 0.006232863527655175, "sense_index_change": -0.021253807543964442, "phi_s_change": 0.062452852191016706, "grad_phi_change": 0.045246095580747436, "k_phi_change": 0.035482412236049254, "xi_c_change": 0.0, "phase_sync_change": -0.011685524116866852, "epi_magnitude_change": -0.01720288474942555, "hash_signature": "62ba0eba24f151fe", "sequence_str": "REMESH -> IL -> NUL -> AL -> ZHIR -> NAV"}