{"sequence": ["OZ", "SHA", "REMESH"], "coherence_change": -0.013251428078344007, "sense_index_change": -0.008122171453356364, "phi_s_change": -0.1645514575401804, "grad_phi_change": 0.0, "k_phi_change": 0.0, "xi_c_change": 0.0, "phase_sync_change": 0.0, "epi_magnitude_change": 0.0011285119189974324, "hash_signature": "6c662b6e5dfb06fc", "sequence_str": "OZ -> SHA -> REMESH"}