{"sequence": ["REMESH", "THOL", "EN", "NAV"], "coherence_change": 0.004090353449054618, "sense_index_change": 0.003680399219733399, "phi_s_change": 0.03994548148033439, "grad_phi_change": 0.0, "k_phi_change": 0.0, "xi_c_change": 0.0, "phase_sync_change": 0.0, "epi_magnitude_change": 0.0014329542255393513, "hash_signature": "eb2323d7ddc880ba", "sequence_str": "REMESH -> THOL -> EN -> NAV"}