{"sequence": ["NUL", "RA", "AL", "REMESH"], "coherence_change": 0.0, "sense_index_change": 0.03535127552796036, "phi_s_change": 0.0, "grad_phi_change": -0.160986993695448, "k_phi_change": 0.3976273649430754, "xi_c_change": 0.0, "phase_sync_change": 0.04689523244081062, "epi_magnitude_change": -0.011414577363826783, "hash_signature": "2276cb3316841497", "sequence_str": "NUL -> RA -> AL -> REMESH"}