{"sequence": ["EN", "IL", "OZ", "UM", "OZ"], "coherence_change": -0.013973225211199702, "sense_index_change": 0.02013827255527778, "phi_s_change": -0.28833129239458666, "grad_phi_change": -0.08487485277941897, "k_phi_change": -0.3397430907460363, "xi_c_change": 0.0, "phase_sync_change": 0.01553505318805748, "epi_magnitude_change": 0.0, "hash_signature": "826943151d132cde", "sequence_str": "EN -> IL -> OZ -> UM -> OZ"}