{"sequence": ["VAL", "ZHIR", "THOL", "REMESH"], "coherence_change": 0.004758702188463748, "sense_index_change": -0.0030411280166834365, "phi_s_change": 0.012192805266632467, "grad_phi_change": 0.0616724625624967, "k_phi_change": 0.1965509444521606, "xi_c_change": 0.0, "phase_sync_change": -0.01648321061254976, "epi_magnitude_change": 0.027364062579814274, "hash_signature": "676669eec204e682", "sequence_str": "VAL -> ZHIR -> THOL -> REMESH"}