{"sequence": ["REMESH", "NAV", "VAL", "RA", "OZ"], "coherence_change": -0.010165244144363594, "sense_index_change": -0.030921488092408134, "phi_s_change": -0.015604858318334025, "grad_phi_change": 0.0656023595298818, "k_phi_change": 0.5179952854720866, "xi_c_change": 0.0, "phase_sync_change": -0.02902113027607145, "epi_magnitude_change": 0.011368859969560163, "hash_signature": "2257429dc4a975af", "sequence_str": "REMESH -> NAV -> VAL -> RA -> OZ"}