{"sequence": ["UM", "IL", "AL", "THOL", "OZ"], "coherence_change": -0.0003527036630371905, "sense_index_change": 0.011075173765803248, "phi_s_change": -0.008730770928100484, "grad_phi_change": -0.056708928054308494, "k_phi_change": -0.08370351006143428, "xi_c_change": 0.0, "phase_sync_change": 0.008946774280442105, "epi_magnitude_change": 0.005088563457975814, "hash_signature": "0995d33eae9fa6dc", "sequence_str": "UM -> IL -> AL -> THOL -> OZ"}