{"sequence": ["ZHIR", "AL", "VAL", "REMESH"], "coherence_change": 0.0, "sense_index_change": 0.014980855638693558, "phi_s_change": 0.0, "grad_phi_change": -0.01503964266400959, "k_phi_change": -0.04767482101094689, "xi_c_change": 0.0, "phase_sync_change": 0.006422707397119365, "epi_magnitude_change": 0.02057686518831603, "hash_signature": "2ab7c7e394cc66cd", "sequence_str": "ZHIR -> AL -> VAL -> REMESH"}