{"sequence": ["REMESH", "EN", "REMESH", "THOL", "SHA"], "coherence_change": 0.00413979463602443, "sense_index_change": 0.006657698937191259, "phi_s_change": 0.03828409616284589, "grad_phi_change": 0.0, "k_phi_change": 0.0, "xi_c_change": 0.0, "phase_sync_change": 0.0, "epi_magnitude_change": 0.002251322026273983, "hash_signature": "552076dc45a67a89", "sequence_str": "REMESH -> EN -> REMESH -> THOL -> SHA"}