{"sequence": ["REMESH", "THOL", "RA", "UM", "EN", "SHA"], "coherence_change": 0.00500966834206007, "sense_index_change": 0.07983072893004506, "phi_s_change": 0.04311962737716024, "grad_phi_change": -0.45930814146112775, "k_phi_change": 0.3330807892702262, "xi_c_change": 0.0, "phase_sync_change": 0.14693516133849427, "epi_magnitude_change": 0.001275702230083775, "hash_signature": "499d174983867d8b", "sequence_str": "REMESH -> THOL -> RA -> UM -> EN -> SHA"}