{"sequence": ["IL", "EN", "EN", "ZHIR", "NAV"], "coherence_change": 0.006634213603384342, "sense_index_change": 0.0023739525925795535, "phi_s_change": -0.05459456573696542, "grad_phi_change": -0.036809986363312674, "k_phi_change": -0.190959273483728, "xi_c_change": 0.0, "phase_sync_change": 0.016000572221153697, "epi_magnitude_change": 0.0, "hash_signature": "f174ba3c7c1cabfc", "sequence_str": "IL -> EN -> EN -> ZHIR -> NAV"}