{"sequence": ["EN", "THOL", "AL", "OZ"], "coherence_change": -0.006840568320973683, "sense_index_change": -0.0019481684270618027, "phi_s_change": 0.01178754476441679, "grad_phi_change": 0.0, "k_phi_change": 0.0, "xi_c_change": 0.0, "phase_sync_change": 0.0, "epi_magnitude_change": -0.0010265226931280846, "hash_signature": "9ec810dbbb81f4b1", "sequence_str": "EN -> THOL -> AL -> OZ"}