{"sequence": ["VAL", "SHA", "NUL", "THOL", "SHA"], "coherence_change": 0.003684888090853655, "sense_index_change": -0.001115551522155922, "phi_s_change": 0.029993315149548727, "grad_phi_change": 0.0, "k_phi_change": 0.0, "xi_c_change": 0.0, "phase_sync_change": 0.0, "epi_magnitude_change": -0.004799534805923433, "hash_signature": "fb1767597f75dbc7", "sequence_str": "VAL -> SHA -> NUL -> THOL -> SHA"}