{"sequence": ["AL", "RA", "OZ", "AL", "OZ"], "coherence_change": -0.025174369421445686, "sense_index_change": 0.041063882759831194, "phi_s_change": -0.13248066154996085, "grad_phi_change": -0.04454972173112215, "k_phi_change": 0.5777271494025966, "xi_c_change": 0.0, "phase_sync_change": 0.00885177239625945, "epi_magnitude_change": 0.014642042482319928, "hash_signature": "749592028ccdbaa5", "sequence_str": "AL -> RA -> OZ -> AL -> OZ"}