{"sequence": ["VAL", "VAL", "RA", "UM", "EN", "SHA"], "coherence_change": 0.0, "sense_index_change": 0.0075308662358295475, "phi_s_change": 0.0, "grad_phi_change": -0.08735911942351282, "k_phi_change": 0.008043157531026107, "xi_c_change": 0.0, "phase_sync_change": 0.01847528078178562, "epi_magnitude_change": 0.019550861033665656, "hash_signature": "8a9f36c5a6acb3f7", "sequence_str": "VAL -> VAL -> RA -> UM -> EN -> SHA"}