{"sequence": ["RA", "NUL", "RA", "NAV", "AL", "REMESH"], "coherence_change": 0.0, "sense_index_change": 0.02814971633105745, "phi_s_change": 0.0, "grad_phi_change": -0.22425569333152384, "k_phi_change": -0.043617435300218305, "xi_c_change": 0.0, "phase_sync_change": 0.07582505568270526, "epi_magnitude_change": -0.01160454040899217, "hash_signature": "ec2a87162673fa7b", "sequence_str": "RA -> NUL -> RA -> NAV -> AL -> REMESH"}