{"sequence": ["NUL", "OZ", "AL", "IL", "OZ"], "coherence_change": -0.02294290640366925, "sense_index_change": 0.0401100444384942, "phi_s_change": -0.1929571158732638, "grad_phi_change": 0.0, "k_phi_change": 0.0, "xi_c_change": 0.0, "phase_sync_change": 0.0, "epi_magnitude_change": -0.022071196355090583, "hash_signature": "10e7cf9602b06290", "sequence_str": "NUL -> OZ -> AL -> IL -> OZ"}