{"sequence": ["NAV", "THOL", "AL", "OZ"], "coherence_change": -0.007773511744138317, "sense_index_change": 0.022754025166087266, "phi_s_change": -0.10017475780848362, "grad_phi_change": 0.0, "k_phi_change": 0.0, "xi_c_change": 0.0, "phase_sync_change": 0.0, "epi_magnitude_change": 0.0021839193257149336, "hash_signature": "3efee8fe41e6e46f", "sequence_str": "NAV -> THOL -> AL -> OZ"}