{"sequence": ["REMESH", "THOL", "AL", "THOL", "NAV"], "coherence_change": 0.007710964670351816, "sense_index_change": 0.009057049517225968, "phi_s_change": 0.023873577453816797, "grad_phi_change": 0.0, "k_phi_change": 0.0, "xi_c_change": 0.0, "phase_sync_change": 0.0, "epi_magnitude_change": 0.00733559187955557, "hash_signature": "a3666f9d747e2d97", "sequence_str": "REMESH -> THOL -> AL -> THOL -> NAV"}