{"sequence": ["AL", "AL", "VAL", "IL", "NAV"], "coherence_change": 0.008209880344528964, "sense_index_change": -0.0036249576327346267, "phi_s_change": 0.018973802679457474, "grad_phi_change": 0.0, "k_phi_change": 0.0, "xi_c_change": 0.0, "phase_sync_change": 0.0, "epi_magnitude_change": 0.012188389722079362, "hash_signature": "ef8092f2e8d49fd0", "sequence_str": "AL -> AL -> VAL -> IL -> NAV"}