{"sequence": ["NAV", "VAL", "SHA", "NUL", "OZ"], "coherence_change": -0.009773765544869972, "sense_index_change": -0.008611955854013531, "phi_s_change": 0.0024645714681866826, "grad_phi_change": 0.0, "k_phi_change": 0.0, "xi_c_change": 0.0, "phase_sync_change": 0.0, "epi_magnitude_change": -0.007206112037286827, "hash_signature": "bfee4c6a22bb7663", "sequence_str": "NAV -> VAL -> SHA -> NUL -> OZ"}