{"sequence": ["AL", "NAV", "RA", "SHA"], "coherence_change": 0.0, "sense_index_change": -0.012543307661511849, "phi_s_change": 0.0, "grad_phi_change": 0.0904299028463098, "k_phi_change": 0.537673002587507, "xi_c_change": 0.0, "phase_sync_change": -0.03833627785484073, "epi_magnitude_change": 0.006158595566626346, "hash_signature": "ad754a41230b76ca", "sequence_str": "AL -> NAV -> RA -> SHA"}