{"sequence": ["NAV", "ZHIR", "EN", "REMESH", "SHA"], "coherence_change": 0.0, "sense_index_change": -0.0120948937538361, "phi_s_change": 0.0, "grad_phi_change": 0.01117010721276368, "k_phi_change": -0.18988608954173847, "xi_c_change": 0.0, "phase_sync_change": -0.0033333333333335213, "epi_magnitude_change": 0.001366147448606858, "hash_signature": "9d43e52323d6a420", "sequence_str": "NAV -> ZHIR -> EN -> REMESH -> SHA"}