{"sequence": ["UM", "RA", "ZHIR", "SHA", "VAL", "NAV"], "coherence_change": 0.0, "sense_index_change": 0.03650806965341269, "phi_s_change": 0.0, "grad_phi_change": -0.19043494714829534, "k_phi_change": 0.2717972566129538, "xi_c_change": 0.0, "phase_sync_change": 0.04898854996016355, "epi_magnitude_change": 0.008252249279255608, "hash_signature": "fe220a91cba4c155", "sequence_str": "UM -> RA -> ZHIR -> SHA -> VAL -> NAV"}