{"sequence": ["VAL", "IL", "AL", "REMESH"], "coherence_change": 0.008420139106067981, "sense_index_change": -0.005427486239422907, "phi_s_change": 0.07411518879076395, "grad_phi_change": 0.0, "k_phi_change": 0.0, "xi_c_change": 0.0, "phase_sync_change": 0.0, "epi_magnitude_change": 0.013798639824522785, "hash_signature": "da9824ed7d8e6423", "sequence_str": "VAL -> IL -> AL -> REMESH"}