{"sequence": ["UM", "NUL", "EN", "RA", "NAV"], "coherence_change": 0.0, "sense_index_change": -0.004470237825812573, "phi_s_change": 0.0, "grad_phi_change": -0.03839906099438117, "k_phi_change": 0.3786780663113092, "xi_c_change": 0.0, "phase_sync_change": 0.002313542044136696, "epi_magnitude_change": -0.011489520112785367, "hash_signature": "86c48934339db1c8", "sequence_str": "UM -> NUL -> EN -> RA -> NAV"}