{"sequence": ["AL", "NAV", "REMESH", "UM", "OZ"], "coherence_change": -0.013293511140260006, "sense_index_change": -0.019699736666107748, "phi_s_change": 0.010046466396854692, "grad_phi_change": 0.0951595919039836, "k_phi_change": 0.12960834711425678, "xi_c_change": 0.0, "phase_sync_change": -0.035632087276052715, "epi_magnitude_change": 0.0034234795968300924, "hash_signature": "1507cd4d3c10e44f", "sequence_str": "AL -> NAV -> REMESH -> UM -> OZ"}