{"sequence": ["NUL", "EN", "NAV", "IL", "UM", "SHA"], "coherence_change": 0.006227878650152285, "sense_index_change": -0.015266451963742211, "phi_s_change": 0.05742614424426873, "grad_phi_change": 0.041378512957645386, "k_phi_change": 0.1017846635558198, "xi_c_change": 0.0, "phase_sync_change": -0.019320288982359934, "epi_magnitude_change": -0.008715136675034652, "hash_signature": "083b9415bb2cc834", "sequence_str": "NUL -> EN -> NAV -> IL -> UM -> SHA"}