{"sequence": ["RA", "REMESH", "NAV"], "coherence_change": 0.0, "sense_index_change": 0.005320131066849809, "phi_s_change": 0.0, "grad_phi_change": -0.03090839740851048, "k_phi_change": 0.006719048981897541, "xi_c_change": 0.0, "phase_sync_change": 0.004518799755703573, "epi_magnitude_change": 0.0013105243306595904, "hash_signature": "f0acdcc955373d2d", "sequence_str": "RA -> REMESH -> NAV"}