{"sequence": ["NUL", "THOL", "NAV", "RA", "SHA"], "coherence_change": 0.0038580802837560046, "sense_index_change": -0.0156086811062765, "phi_s_change": 0.003109153414241561, "grad_phi_change": 0.08821882948918258, "k_phi_change": 1.0639754040451097, "xi_c_change": 0.0, "phase_sync_change": -0.036846752778798675, "epi_magnitude_change": -0.02119152952148895, "hash_signature": "a9d52065298057d6", "sequence_str": "NUL -> THOL -> NAV -> RA -> SHA"}