{"sequence": ["NUL", "UM", "VAL", "THOL", "THOL", "NAV"], "coherence_change": 0.010410310042736848, "sense_index_change": -0.010401044109717428, "phi_s_change": 0.07124668349173557, "grad_phi_change": 0.0784509820010102, "k_phi_change": -0.18598941247512302, "xi_c_change": 0.0, "phase_sync_change": -0.030673377822160952, "epi_magnitude_change": 0.0006427970978681863, "hash_signature": "451413a5f707e231", "sequence_str": "NUL -> UM -> VAL -> THOL -> THOL -> NAV"}