{"sequence": ["AL", "IL", "VAL", "RA", "SHA"], "coherence_change": 0.00826072409347578, "sense_index_change": 0.004156328069549575, "phi_s_change": 0.05148721317580762, "grad_phi_change": -0.03141674870291089, "k_phi_change": 0.3459991547430744, "xi_c_change": 0.0, "phase_sync_change": 0.003075218413781222, "epi_magnitude_change": 0.012478444810106515, "hash_signature": "02c3ea3dff11f3cb", "sequence_str": "AL -> IL -> VAL -> RA -> SHA"}