{"sequence": ["THOL", "UM", "THOL", "OZ"], "coherence_change": 0.0030300550554885897, "sense_index_change": -0.005810073717859687, "phi_s_change": 0.15356020103712087, "grad_phi_change": 0.01157219136562504, "k_phi_change": 0.14804570601351474, "xi_c_change": 0.0, "phase_sync_change": -0.011933643170444541, "epi_magnitude_change": 0.0, "hash_signature": "3e2431b16244a580", "sequence_str": "THOL -> UM -> THOL -> OZ"}