{"sequence": ["AL", "RA", "NAV", "AL", "EN", "NAV"], "coherence_change": 0.0, "sense_index_change": 0.007966746227100696, "phi_s_change": 0.0, "grad_phi_change": 0.044855261867353446, "k_phi_change": 0.33535449936771156, "xi_c_change": 0.0, "phase_sync_change": -0.022340859126952717, "epi_magnitude_change": -0.014874303679082268, "hash_signature": "37bef963392fc9a5", "sequence_str": "AL -> RA -> NAV -> AL -> EN -> NAV"}