{"sequence": ["EN", "THOL", "VAL", "ZHIR", "NAV"], "coherence_change": 0.0032275976685903762, "sense_index_change": -0.005214160384715449, "phi_s_change": -0.03618120445443951, "grad_phi_change": 0.022334011437761037, "k_phi_change": 0.22025528487895987, "xi_c_change": 0.0, "phase_sync_change": -0.00794508788189252, "epi_magnitude_change": 0.015262129183861162, "hash_signature": "838f0eab0bdfaa84", "sequence_str": "EN -> THOL -> VAL -> ZHIR -> NAV"}