{"sequence": ["AL", "VAL", "UM", "ZHIR", "OZ"], "coherence_change": -0.014687935354918746, "sense_index_change": 0.015668670192725886, "phi_s_change": -0.11489420197810674, "grad_phi_change": 0.01800018992173369, "k_phi_change": 0.3928140071883694, "xi_c_change": 0.0, "phase_sync_change": -0.014065686155948054, "epi_magnitude_change": 0.006585246039313319, "hash_signature": "0c73146c6a9580b6", "sequence_str": "AL -> VAL -> UM -> ZHIR -> OZ"}