{"sequence": ["OZ", "UM", "REMESH"], "coherence_change": -0.012225187880921862, "sense_index_change": -0.004097935687848331, "phi_s_change": 0.004804063515662871, "grad_phi_change": -0.02775364381256873, "k_phi_change": -0.3964864510669179, "xi_c_change": 0.0, "phase_sync_change": 0.005316797074641055, "epi_magnitude_change": 0.0012357227672578075, "hash_signature": "ee174578adf73708", "sequence_str": "OZ -> UM -> REMESH"}