{"sequence": ["AL", "OZ", "ZHIR", "THOL", "REMESH"], "coherence_change": -0.007786125526829446, "sense_index_change": 0.010854668793012112, "phi_s_change": 0.018543303515151988, "grad_phi_change": -0.009850330800174723, "k_phi_change": -0.010872941198930064, "xi_c_change": 0.0, "phase_sync_change": -0.0013309729527302139, "epi_magnitude_change": -0.002621846572788411, "hash_signature": "1602e7b13055b322", "sequence_str": "AL -> OZ -> ZHIR -> THOL -> REMESH"}