{"sequence": ["VAL", "OZ", "THOL", "NAV"], "coherence_change": -0.005011778993476601, "sense_index_change": -0.016810638495360797, "phi_s_change": -0.0012169269921544767, "grad_phi_change": 0.0, "k_phi_change": 0.0, "xi_c_change": 0.0, "phase_sync_change": 0.0, "epi_magnitude_change": 0.019023167981556455, "hash_signature": "5ec894f0dc7f15fb", "sequence_str": "VAL -> OZ -> THOL -> NAV"}