{"sequence": ["THOL", "EN", "IL", "REMESH"], "coherence_change": 0.012904552009051162, "sense_index_change": -0.0066785767992169065, "phi_s_change": -0.019512208959344246, "grad_phi_change": 0.0, "k_phi_change": 0.0, "xi_c_change": 0.0, "phase_sync_change": 0.0, "epi_magnitude_change": 0.0013422747241830235, "hash_signature": "3723f57e725b34be", "sequence_str": "THOL -> EN -> IL -> REMESH"}