{"sequence": ["SHA", "UM", "ZHIR", "UM", "AL", "REMESH"], "coherence_change": 0.0, "sense_index_change": 0.025592676863038455, "phi_s_change": 0.0, "grad_phi_change": -0.23173218151212738, "k_phi_change": 0.13606731114366155, "xi_c_change": 0.0, "phase_sync_change": 0.07212350875714746, "epi_magnitude_change": -0.0035781859272248084, "hash_signature": "1c8e49a2d0584a14", "sequence_str": "SHA -> UM -> ZHIR -> UM -> AL -> REMESH"}