{"sequence": ["SHA", "RA", "THOL", "EN", "RA", "OZ"], "coherence_change": -0.004117017235811593, "sense_index_change": 0.06896718184059003, "phi_s_change": -0.08360417864313696, "grad_phi_change": -0.11032017792765991, "k_phi_change": -0.20039385545219618, "xi_c_change": 0.0, "phase_sync_change": 0.029967018132866063, "epi_magnitude_change": 0.0, "hash_signature": "356ed556b21ad4cd", "sequence_str": "SHA -> RA -> THOL -> EN -> RA -> OZ"}