{"sequence": ["OZ", "REMESH"], "coherence_change": -0.015654831890871246, "sense_index_change": 0.020077937045847483, "phi_s_change": -0.16055971861427143, "grad_phi_change": 0.0, "k_phi_change": 0.0, "xi_c_change": 0.0, "phase_sync_change": 0.0, "epi_magnitude_change": 0.0016594137878224169, "hash_signature": "11890a1b6d9fe935", "sequence_str": "OZ -> REMESH"}