{"sequence": ["NAV", "VAL", "AL", "VAL", "RA", "SHA"], "coherence_change": 0.0, "sense_index_change": 0.017115988645430846, "phi_s_change": 0.0, "grad_phi_change": -0.012653973806598051, "k_phi_change": -0.023510454151757898, "xi_c_change": 0.0, "phase_sync_change": -0.005427232922907366, "epi_magnitude_change": 0.04382292391765952, "hash_signature": "ff90d215c1f210ca", "sequence_str": "NAV -> VAL -> AL -> VAL -> RA -> SHA"}