{"sequence": ["VAL", "OZ", "RA", "SHA", "UM", "NAV"], "coherence_change": -0.01354941059934156, "sense_index_change": 0.03887811266539931, "phi_s_change": -0.14715554324594127, "grad_phi_change": -0.15756359616804527, "k_phi_change": 0.10618578985141965, "xi_c_change": 0.0, "phase_sync_change": 0.05278849624776638, "epi_magnitude_change": 0.011642143593720622, "hash_signature": "e5bb7e24904f916f", "sequence_str": "VAL -> OZ -> RA -> SHA -> UM -> NAV"}