{"sequence": ["OZ", "RA", "AL", "RA", "NAV"], "coherence_change": -0.017075970287937725, "sense_index_change": 0.019637882920914507, "phi_s_change": -0.019157771240692734, "grad_phi_change": -0.07546735015026051, "k_phi_change": 0.045043844777068826, "xi_c_change": 0.0, "phase_sync_change": 0.02455676083485947, "epi_magnitude_change": -0.00011994052246355746, "hash_signature": "40afcb24f37672f2", "sequence_str": "OZ -> RA -> AL -> RA -> NAV"}