{"sequence": ["EN", "UM", "SHA"], "coherence_change": 0.0, "sense_index_change": 0.016396309694685862, "phi_s_change": 0.0, "grad_phi_change": -0.1289032352295807, "k_phi_change": 0.14932739060571068, "xi_c_change": 0.0, "phase_sync_change": 0.04636866869905276, "epi_magnitude_change": 0.0, "hash_signature": "a02eb6030648c8eb", "sequence_str": "EN -> UM -> SHA"}