{"sequence": ["AL", "OZ", "UM", "IL", "VAL", "SHA"], "coherence_change": -0.002508900428354277, "sense_index_change": 0.016856049824253483, "phi_s_change": -0.018012988401755803, "grad_phi_change": -0.08147569432942658, "k_phi_change": 0.2377204402110907, "xi_c_change": 0.0, "phase_sync_change": 0.027241300426704362, "epi_magnitude_change": 0.013634171901969139, "hash_signature": "93a76b8d57b9e12e", "sequence_str": "AL -> OZ -> UM -> IL -> VAL -> SHA"}