{"sequence": ["VAL", "SHA", "UM", "SHA"], "coherence_change": 0.0, "sense_index_change": 0.02283400108432654, "phi_s_change": 0.0, "grad_phi_change": -0.123640800687836, "k_phi_change": 0.14346016017836544, "xi_c_change": 0.0, "phase_sync_change": 0.03940747293806979, "epi_magnitude_change": 0.014548452573807324, "hash_signature": "5fc434c2c9af1de3", "sequence_str": "VAL -> SHA -> UM -> SHA"}