{"sequence": ["NAV", "UM", "NAV"], "coherence_change": 0.0, "sense_index_change": 0.021874119862807517, "phi_s_change": 0.0, "grad_phi_change": -0.07430143277431434, "k_phi_change": 0.40747960404262795, "xi_c_change": 0.0, "phase_sync_change": 0.023107027334235197, "epi_magnitude_change": 0.0, "hash_signature": "695b100df1efbbec", "sequence_str": "NAV -> UM -> NAV"}