{"sequence": ["NAV", "EN", "REMESH", "THOL", "OZ"], "coherence_change": -0.005556476413928424, "sense_index_change": 0.00468173768329716, "phi_s_change": 0.05959099996197059, "grad_phi_change": 0.0, "k_phi_change": 0.0, "xi_c_change": 0.0, "phase_sync_change": 0.0, "epi_magnitude_change": 0.0013859269782197092, "hash_signature": "656c4755148c2bba", "sequence_str": "NAV -> EN -> REMESH -> THOL -> OZ"}