{"sequence": ["NAV", "UM", "AL", "REMESH", "NAV"], "coherence_change": 0.0, "sense_index_change": -0.006207717645865474, "phi_s_change": 0.0, "grad_phi_change": 0.018719596257328996, "k_phi_change": 0.3285481259899954, "xi_c_change": 0.0, "phase_sync_change": -0.015289198675522031, "epi_magnitude_change": -0.006729884486833426, "hash_signature": "163dbd910f2c613f", "sequence_str": "NAV -> UM -> AL -> REMESH -> NAV"}