{"sequence": ["SHA", "IL", "VAL", "RA", "NAV"], "coherence_change": 0.005841532552335882, "sense_index_change": 0.014823132838849173, "phi_s_change": 0.037028847381861074, "grad_phi_change": -0.058403361749671756, "k_phi_change": 0.44833929564333214, "xi_c_change": 0.0, "phase_sync_change": 0.01461214064097438, "epi_magnitude_change": 0.02204515416913655, "hash_signature": "6740e110be5c2c45", "sequence_str": "SHA -> IL -> VAL -> RA -> NAV"}