{"sequence": ["RA", "THOL", "SHA", "THOL", "NUL", "OZ"], "coherence_change": -0.0035373966176273086, "sense_index_change": 0.04594932498054727, "phi_s_change": -0.031344702678030134, "grad_phi_change": -0.022876806089870527, "k_phi_change": 0.3518203142367461, "xi_c_change": 0.0, "phase_sync_change": 0.0010135122218386527, "epi_magnitude_change": -0.012649956383590233, "hash_signature": "7c19948fb8d511c1", "sequence_str": "RA -> THOL -> SHA -> THOL -> NUL -> OZ"}