{"sequence": ["REMESH", "NUL", "OZ", "RA", "REMESH"], "coherence_change": -0.011824672069481346, "sense_index_change": -0.024276208126795595, "phi_s_change": -0.0480335735959595, "grad_phi_change": 0.10067129039489164, "k_phi_change": 0.6517585182378729, "xi_c_change": 0.0, "phase_sync_change": -0.038665104064727784, "epi_magnitude_change": -0.0046689778360449186, "hash_signature": "c1fcdd132f519e43", "sequence_str": "REMESH -> NUL -> OZ -> RA -> REMESH"}