{"sequence": ["SHA", "AL", "OZ"], "coherence_change": -0.014586274236985552, "sense_index_change": -0.004813423028307118, "phi_s_change": -0.0013548480612226577, "grad_phi_change": 0.0, "k_phi_change": 0.0, "xi_c_change": 0.0, "phase_sync_change": 0.0, "epi_magnitude_change": -0.006663901436641306, "hash_signature": "ddbc425d5573ffe2", "sequence_str": "SHA -> AL -> OZ"}