{"sequence": ["ZHIR", "ZHIR", "ZHIR", "UM", "VAL", "NAV"], "coherence_change": 0.0, "sense_index_change": 0.01635334788862508, "phi_s_change": 0.0, "grad_phi_change": -0.06428533533252101, "k_phi_change": 0.28724889598179876, "xi_c_change": 0.0, "phase_sync_change": 0.02684877707482969, "epi_magnitude_change": 0.00958912120223665, "hash_signature": "1ba946a0bb2c1a8c", "sequence_str": "ZHIR -> ZHIR -> ZHIR -> UM -> VAL -> NAV"}