{"sequence": ["OZ", "RA", "VAL", "NUL", "SHA"], "coherence_change": -0.00769592762530058, "sense_index_change": -0.01906352138021411, "phi_s_change": -0.008914030304223663, "grad_phi_change": 0.041965863269964876, "k_phi_change": 0.17641719925502042, "xi_c_change": 0.0, "phase_sync_change": -0.023804552699520976, "epi_magnitude_change": 0.0008356849782999998, "hash_signature": "905eabb9e447481a", "sequence_str": "OZ -> RA -> VAL -> NUL -> SHA"}