{"sequence": ["AL", "IL", "NUL", "AL", "NAV"], "coherence_change": 0.006071614335590336, "sense_index_change": 0.0005752252202753105, "phi_s_change": 0.018838102807255286, "grad_phi_change": 0.0, "k_phi_change": 0.0, "xi_c_change": 0.0, "phase_sync_change": 0.0, "epi_magnitude_change": -0.014518804594168877, "hash_signature": "b0216c7210998b1e", "sequence_str": "AL -> IL -> NUL -> AL -> NAV"}