{"sequence": ["VAL", "AL", "REMESH", "ZHIR", "OZ"], "coherence_change": -0.006515690294205512, "sense_index_change": 0.0028582313395220105, "phi_s_change": -0.02416825678394552, "grad_phi_change": -0.06125575572151298, "k_phi_change": 0.2801581700133341, "xi_c_change": 0.0, "phase_sync_change": 0.020643237662437586, "epi_magnitude_change": 0.01880261513162318, "hash_signature": "7ec98e5ec84409a6", "sequence_str": "VAL -> AL -> REMESH -> ZHIR -> OZ"}