{"sequence": ["REMESH", "NAV", "AL", "THOL", "OZ"], "coherence_change": -0.007098675239536112, "sense_index_change": -0.00419814783477912, "phi_s_change": -0.06350374365037659, "grad_phi_change": 0.0, "k_phi_change": 0.0, "xi_c_change": 0.0, "phase_sync_change": 0.0, "epi_magnitude_change": 0.0016245668887933107, "hash_signature": "46fa9d1809b23a6e", "sequence_str": "REMESH -> NAV -> AL -> THOL -> OZ"}