{"sequence": ["NAV", "ZHIR", "OZ"], "coherence_change": -0.014262776208272876, "sense_index_change": 0.01717836378690507, "phi_s_change": -0.026021175699530663, "grad_phi_change": -0.03825422008046697, "k_phi_change": 0.22948501827129714, "xi_c_change": 0.0, "phase_sync_change": 0.011931726850426871, "epi_magnitude_change": 0.0, "hash_signature": "d693922b029e36fa", "sequence_str": "NAV -> ZHIR -> OZ"}