{"sequence": ["NAV", "RA", "AL", "REMESH"], "coherence_change": 0.0, "sense_index_change": 0.030733556539916274, "phi_s_change": 0.0, "grad_phi_change": -0.15041402916775226, "k_phi_change": -0.05266753610218797, "xi_c_change": 0.0, "phase_sync_change": 0.05062824385826603, "epi_magnitude_change": 0.002012598648415742, "hash_signature": "4020014107eb435f", "sequence_str": "NAV -> RA -> AL -> REMESH"}