{"sequence": ["NAV", "ZHIR", "IL", "NAV", "NAV"], "coherence_change": 0.007695562019871427, "sense_index_change": -0.013965715593060923, "phi_s_change": 0.06941888682358643, "grad_phi_change": 0.02739577895734291, "k_phi_change": -0.18480916511267675, "xi_c_change": 0.0, "phase_sync_change": -0.005481874547345278, "epi_magnitude_change": 0.0, "hash_signature": "7fec32d599ccfe01", "sequence_str": "NAV -> ZHIR -> IL -> NAV -> NAV"}