{"sequence": ["AL", "ZHIR", "VAL", "IL", "OZ"], "coherence_change": -0.007075506795974129, "sense_index_change": -0.004023929310300822, "phi_s_change": -0.008559957771338889, "grad_phi_change": 0.014351300870236061, "k_phi_change": -0.030132096051178614, "xi_c_change": 0.0, "phase_sync_change": -0.006146463869363794, "epi_magnitude_change": 0.015265806511824187, "hash_signature": "a6daf1e63459c91a", "sequence_str": "AL -> ZHIR -> VAL -> IL -> OZ"}