{"sequence": ["EN", "THOL", "SHA", "VAL", "SHA"], "coherence_change": 0.004969946808122017, "sense_index_change": 0.0012424745207058052, "phi_s_change": 0.0288556282241057, "grad_phi_change": 0.0, "k_phi_change": 0.0, "xi_c_change": 0.0, "phase_sync_change": 0.0, "epi_magnitude_change": 0.01284403099332354, "hash_signature": "b395148a65670759", "sequence_str": "EN -> THOL -> SHA -> VAL -> SHA"}