{"sequence": ["ZHIR", "AL", "NAV"], "coherence_change": 0.0, "sense_index_change": -0.007602851005898303, "phi_s_change": 0.0, "grad_phi_change": 0.011076164551333978, "k_phi_change": 0.13097544544339212, "xi_c_change": 0.0, "phase_sync_change": -0.0032814451919089827, "epi_magnitude_change": 0.004467603217589655, "hash_signature": "10714477ff013190", "sequence_str": "ZHIR -> AL -> NAV"}