{"sequence": ["VAL", "IL", "SHA", "UM", "OZ"], "coherence_change": -0.01317429723880914, "sense_index_change": 0.028899655870481045, "phi_s_change": -0.11616212750996646, "grad_phi_change": -0.08591508474081233, "k_phi_change": -0.05270764610440021, "xi_c_change": 0.0, "phase_sync_change": 0.025489209763776333, "epi_magnitude_change": 0.016956065430954514, "hash_signature": "ef8fcb20a3f37e72", "sequence_str": "VAL -> IL -> SHA -> UM -> OZ"}