{"sequence": ["AL", "NAV", "RA", "OZ"], "coherence_change": -0.009655152977367187, "sense_index_change": -0.0009459445680249923, "phi_s_change": -0.11482336570986029, "grad_phi_change": 0.011051090136748654, "k_phi_change": -0.10874379138730034, "xi_c_change": 0.0, "phase_sync_change": -0.003913521556955013, "epi_magnitude_change": -0.0032642520496873884, "hash_signature": "b2074bed7ec8eff8", "sequence_str": "AL -> NAV -> RA -> OZ"}