{"sequence": ["ZHIR", "REMESH"], "coherence_change": 0.0, "sense_index_change": 0.01838549600086914, "phi_s_change": 0.0, "grad_phi_change": -0.06929126501037608, "k_phi_change": 0.20630932342318978, "xi_c_change": 0.0, "phase_sync_change": 0.021151276027691734, "epi_magnitude_change": 0.0016579385200731211, "hash_signature": "bed71289859b960e", "sequence_str": "ZHIR -> REMESH"}