{"sequence": ["NUL", "UM", "OZ", "OZ"], "coherence_change": -0.01924850811839729, "sense_index_change": 0.03037930091776797, "phi_s_change": -0.1509923153273801, "grad_phi_change": -0.21922653532239833, "k_phi_change": 0.13430241892967465, "xi_c_change": 0.0, "phase_sync_change": 0.08077906259386192, "epi_magnitude_change": -0.01243214546634186, "hash_signature": "02dcfa2c702ca0c1", "sequence_str": "NUL -> UM -> OZ -> OZ"}