{"sequence": ["UM", "UM", "OZ"], "coherence_change": -0.012807684858156976, "sense_index_change": 0.06769832636783102, "phi_s_change": -0.15408024602222403, "grad_phi_change": -0.3456357923969422, "k_phi_change": 0.5205810052062947, "xi_c_change": 0.0, "phase_sync_change": 0.10971527146137738, "epi_magnitude_change": 0.0, "hash_signature": "42782bde0cc9a50d", "sequence_str": "UM -> UM -> OZ"}