{"sequence": ["VAL", "THOL", "EN", "REMESH"], "coherence_change": 0.004113903960292653, "sense_index_change": 0.003887578265696301, "phi_s_change": -0.01283371800808275, "grad_phi_change": 0.0, "k_phi_change": 0.0, "xi_c_change": 0.0, "phase_sync_change": 0.0, "epi_magnitude_change": 0.014873951654887918, "hash_signature": "2d5ead10fc8fd915", "sequence_str": "VAL -> THOL -> EN -> REMESH"}