{"sequence": ["ZHIR", "NAV"], "coherence_change": 0.0, "sense_index_change": 0.0077724276268150705, "phi_s_change": 0.0, "grad_phi_change": 0.001146773789709954, "k_phi_change": -0.09562603874353987, "xi_c_change": 0.0, "phase_sync_change": 0.0037559072013922945, "epi_magnitude_change": 0.0, "hash_signature": "8ac29e814558a299", "sequence_str": "ZHIR -> NAV"}