{"sequence": ["IL", "ZHIR", "VAL", "SHA"], "coherence_change": 0.008222010006171176, "sense_index_change": 0.013606122832810819, "phi_s_change": -0.03857486397404897, "grad_phi_change": -0.06636370391240498, "k_phi_change": 0.3599986773726591, "xi_c_change": 0.0, "phase_sync_change": 0.026065288390706987, "epi_magnitude_change": 0.019303013029339344, "hash_signature": "6b7a4fc98676e78a", "sequence_str": "IL -> ZHIR -> VAL -> SHA"}