{"sequence": ["RA", "THOL", "ZHIR", "AL", "REMESH"], "coherence_change": 0.005067874633778113, "sense_index_change": -0.017026773051917354, "phi_s_change": 0.022295380594227088, "grad_phi_change": 0.0195698317959625, "k_phi_change": 0.08623762108539758, "xi_c_change": 0.0, "phase_sync_change": -0.012608595256382027, "epi_magnitude_change": 0.004320919622357033, "hash_signature": "1eeebdc6c80ae368", "sequence_str": "RA -> THOL -> ZHIR -> AL -> REMESH"}