{"sequence": ["ZHIR", "THOL", "NAV"], "coherence_change": 0.0031979367908121503, "sense_index_change": -0.005713975713172781, "phi_s_change": 0.003594231483973087, "grad_phi_change": 0.06789677682593553, "k_phi_change": -0.0723081042140119, "xi_c_change": 0.0, "phase_sync_change": -0.025250008440060534, "epi_magnitude_change": 0.0, "hash_signature": "65a881218639a8d6", "sequence_str": "ZHIR -> THOL -> NAV"}