{"sequence": ["OZ", "VAL", "UM", "REMESH"], "coherence_change": -0.012023183666619253, "sense_index_change": -0.044037783733250624, "phi_s_change": 0.04919096002534995, "grad_phi_change": 0.09981152141981098, "k_phi_change": -0.11414869489425539, "xi_c_change": 0.0, "phase_sync_change": -0.04406367150777202, "epi_magnitude_change": 0.017715368452128066, "hash_signature": "c5931a86e8561f4d", "sequence_str": "OZ -> VAL -> UM -> REMESH"}