{"sequence": ["NAV", "VAL", "AL", "RA", "NAV"], "coherence_change": 0.0, "sense_index_change": -0.026311985565806995, "phi_s_change": 0.0, "grad_phi_change": 0.1057798253883786, "k_phi_change": -0.0145715959935796, "xi_c_change": 0.0, "phase_sync_change": -0.04202279833066058, "epi_magnitude_change": 0.014924259284905261, "hash_signature": "3c5f4a26f5446091", "sequence_str": "NAV -> VAL -> AL -> RA -> NAV"}