{"sequence": ["EN", "AL", "EN", "OZ"], "coherence_change": -0.009878138132177416, "sense_index_change": -0.005472430533047801, "phi_s_change": -0.024516906920161063, "grad_phi_change": 0.0, "k_phi_change": 0.0, "xi_c_change": 0.0, "phase_sync_change": 0.0, "epi_magnitude_change": 0.0068317106112975035, "hash_signature": "384437ef8e7a0030", "sequence_str": "EN -> AL -> EN -> OZ"}