{"sequence": ["ZHIR", "OZ", "NUL", "NAV"], "coherence_change": -0.012376838479330465, "sense_index_change": -0.01676755713553052, "phi_s_change": -0.04510180073547998, "grad_phi_change": 0.1122190662965108, "k_phi_change": 0.1226139000988844, "xi_c_change": 0.0, "phase_sync_change": -0.0386367391430823, "epi_magnitude_change": -0.018537494962396983, "hash_signature": "a9fccf43d48d9100", "sequence_str": "ZHIR -> OZ -> NUL -> NAV"}