{"sequence": ["OZ", "NUL", "REMESH"], "coherence_change": -0.010335996105503065, "sense_index_change": 0.015072062542878295, "phi_s_change": -0.09427316671989316, "grad_phi_change": 0.0, "k_phi_change": 0.0, "xi_c_change": 0.0, "phase_sync_change": 0.0, "epi_magnitude_change": -0.012539176341443303, "hash_signature": "b313cc936f9a8cad", "sequence_str": "OZ -> NUL -> REMESH"}