{"sequence": ["RA", "REMESH", "ZHIR", "IL", "OZ"], "coherence_change": -0.0003618114475189005, "sense_index_change": -0.014669236775054051, "phi_s_change": -0.07539996220825518, "grad_phi_change": 0.0781911962550379, "k_phi_change": 0.03925612935589956, "xi_c_change": 0.0, "phase_sync_change": -0.0327976821745507, "epi_magnitude_change": 0.001236094721561054, "hash_signature": "bc4f0fd651f21846", "sequence_str": "RA -> REMESH -> ZHIR -> IL -> OZ"}