{"sequence": ["THOL", "UM", "EN", "OZ"], "coherence_change": -0.001537180017632811, "sense_index_change": 0.012605397118817807, "phi_s_change": 0.0657224850143866, "grad_phi_change": -0.10815070908879787, "k_phi_change": -0.25370060198974664, "xi_c_change": 0.0, "phase_sync_change": 0.039498579186189264, "epi_magnitude_change": 0.0, "hash_signature": "4708d48e2fc97db1", "sequence_str": "THOL -> UM -> EN -> OZ"}