{"sequence": ["REMESH", "NAV", "THOL", "UM", "SHA"], "coherence_change": 0.0058039663349352955, "sense_index_change": -0.006235110426793589, "phi_s_change": -0.010284445263904485, "grad_phi_change": 0.09060226988312459, "k_phi_change": 0.17856217889060236, "xi_c_change": 0.0, "phase_sync_change": -0.027339189353207227, "epi_magnitude_change": 0.0013854049268423596, "hash_signature": "b00c1b3d403a862b", "sequence_str": "REMESH -> NAV -> THOL -> UM -> SHA"}