{"sequence": ["EN", "VAL", "RA", "REMESH"], "coherence_change": 0.0, "sense_index_change": 0.03059550618611029, "phi_s_change": 0.0, "grad_phi_change": -0.1465164657096487, "k_phi_change": 0.0070171577630516735, "xi_c_change": 0.0, "phase_sync_change": 0.045300890469541, "epi_magnitude_change": 0.016195867165881284, "hash_signature": "df4698fb994b71f7", "sequence_str": "EN -> VAL -> RA -> REMESH"}