{"sequence": ["REMESH", "THOL", "OZ"], "coherence_change": -0.007744628395799924, "sense_index_change": -0.004512949064164773, "phi_s_change": -0.07443729332031979, "grad_phi_change": 0.0, "k_phi_change": 0.0, "xi_c_change": 0.0, "phase_sync_change": 0.0, "epi_magnitude_change": 0.0011106924931008066, "hash_signature": "e1bde1855fc0addd", "sequence_str": "REMESH -> THOL -> OZ"}