{"sequence": ["AL", "IL", "NUL", "NAV"], "coherence_change": 0.008413160676028264, "sense_index_change": -0.005431319024191583, "phi_s_change": 0.020197071822117052, "grad_phi_change": 0.0, "k_phi_change": 0.0, "xi_c_change": 0.0, "phase_sync_change": 0.0, "epi_magnitude_change": -0.0159208526897191, "hash_signature": "15da032a7820fe3b", "sequence_str": "AL -> IL -> NUL -> NAV"}