{"sequence": ["UM", "RA", "NAV"], "coherence_change": 0.0, "sense_index_change": 0.05980312499024987, "phi_s_change": 0.0, "grad_phi_change": -0.37743260429118175, "k_phi_change": 0.3417260564635606, "xi_c_change": 0.0, "phase_sync_change": 0.11859824796416552, "epi_magnitude_change": 0.0, "hash_signature": "9d9afb06cc1381d6", "sequence_str": "UM -> RA -> NAV"}