{"sequence": ["NAV", "OZ", "NUL", "OZ"], "coherence_change": -0.019172192230041518, "sense_index_change": -0.006673904703288547, "phi_s_change": 0.05305554572904747, "grad_phi_change": 0.0, "k_phi_change": 0.0, "xi_c_change": 0.0, "phase_sync_change": 0.0, "epi_magnitude_change": -0.008423232896044852, "hash_signature": "7596a48533a149cb", "sequence_str": "NAV -> OZ -> NUL -> OZ"}