{"sequence": ["REMESH", "THOL", "ZHIR", "NAV", "IL", "REMESH"], "coherence_change": 0.013253321887151448, "sense_index_change": 0.0037507439292666644, "phi_s_change": 0.09021877983282012, "grad_phi_change": 0.022850389805554983, "k_phi_change": 0.22677581745711042, "xi_c_change": 0.0, "phase_sync_change": -0.006286426820713231, "epi_magnitude_change": 0.003344853516220714, "hash_signature": "596958bdd33e92e3", "sequence_str": "REMESH -> THOL -> ZHIR -> NAV -> IL -> REMESH"}