{"sequence": ["EN", "VAL", "NUL", "ZHIR", "SHA"], "coherence_change": 0.0, "sense_index_change": 0.011687719701525379, "phi_s_change": 0.0, "grad_phi_change": 0.00352583863495326, "k_phi_change": 0.11429959372443073, "xi_c_change": 0.0, "phase_sync_change": 0.002140365178079806, "epi_magnitude_change": -0.005509422423757959, "hash_signature": "3811ce29ae13a53c", "sequence_str": "EN -> VAL -> NUL -> ZHIR -> SHA"}