{"sequence": ["UM", "THOL", "NUL", "EN", "NAV"], "coherence_change": 0.004585434640004493, "sense_index_change": 0.022067569185511338, "phi_s_change": 0.019313250295037165, "grad_phi_change": -0.10321453994611929, "k_phi_change": 0.052402999998656746, "xi_c_change": 0.0, "phase_sync_change": 0.03947964868801168, "epi_magnitude_change": -0.015754340421248125, "hash_signature": "d6837fec2e021f3f", "sequence_str": "UM -> THOL -> NUL -> EN -> NAV"}