{"sequence": ["REMESH", "SHA", "EN", "ZHIR", "ZHIR", "OZ"], "coherence_change": -0.011848206359653224, "sense_index_change": 0.010350252689942052, "phi_s_change": -0.13189302844283235, "grad_phi_change": 0.04237496936316876, "k_phi_change": -0.1757049061601057, "xi_c_change": 0.0, "phase_sync_change": -0.010932816119476274, "epi_magnitude_change": 0.001418658840223852, "hash_signature": "37345f2a29e8284b", "sequence_str": "REMESH -> SHA -> EN -> ZHIR -> ZHIR -> OZ"}