{"sequence": ["REMESH", "RA", "RA", "UM", "ZHIR", "NAV"], "coherence_change": 0.0, "sense_index_change": 0.08035897610369114, "phi_s_change": 0.0, "grad_phi_change": -0.5052014818931914, "k_phi_change": 0.03602443338610137, "xi_c_change": 0.0, "phase_sync_change": 0.16267782331072256, "epi_magnitude_change": 0.0017935804739007688, "hash_signature": "0aec68aa0db240ca", "sequence_str": "REMESH -> RA -> RA -> UM -> ZHIR -> NAV"}