{"sequence": ["NAV", "IL", "SHA", "VAL", "RA", "REMESH"], "coherence_change": 0.009523756475232181, "sense_index_change": 0.03096325227091934, "phi_s_change": 0.04003208286857918, "grad_phi_change": -0.20291974502917975, "k_phi_change": -0.2594689035119791, "xi_c_change": 0.0, "phase_sync_change": 0.06942182900791904, "epi_magnitude_change": 0.020927528335627166, "hash_signature": "d6c6693b6689ffd6", "sequence_str": "NAV -> IL -> SHA -> VAL -> RA -> REMESH"}