{"sequence": ["AL", "RA", "OZ"], "coherence_change": -0.008985851569297432, "sense_index_change": 0.00734423095038661, "phi_s_change": -0.010549632734787262, "grad_phi_change": -0.02891770317227249, "k_phi_change": 0.2156974599781069, "xi_c_change": 0.0, "phase_sync_change": 0.0018822132766326272, "epi_magnitude_change": 0.0009631191236982861, "hash_signature": "14721b2710587693", "sequence_str": "AL -> RA -> OZ"}