{"sequence": ["RA", "REMESH", "IL", "UM", "VAL", "REMESH"], "coherence_change": 0.009429880122245993, "sense_index_change": 0.010035706796618027, "phi_s_change": 0.05470869932444955, "grad_phi_change": -0.10685832977478005, "k_phi_change": 0.08882674395692215, "xi_c_change": 0.0, "phase_sync_change": 0.029095041213369144, "epi_magnitude_change": 0.018071224253475293, "hash_signature": "74878d42ac07d141", "sequence_str": "RA -> REMESH -> IL -> UM -> VAL -> REMESH"}