{"sequence": ["VAL", "THOL", "RA", "REMESH"], "coherence_change": 0.005072366548158347, "sense_index_change": -0.008616790491895343, "phi_s_change": -0.003547609882237901, "grad_phi_change": 0.053920773393836496, "k_phi_change": 0.22749828482374532, "xi_c_change": 0.0, "phase_sync_change": -0.023247341048199477, "epi_magnitude_change": 0.014968744724398575, "hash_signature": "36bbbdf118391632", "sequence_str": "VAL -> THOL -> RA -> REMESH"}