{"sequence": ["OZ", "REMESH", "RA", "OZ"], "coherence_change": -0.018148199820183897, "sense_index_change": -0.021337542716752256, "phi_s_change": -0.09068560135704296, "grad_phi_change": 0.09257932116409173, "k_phi_change": 0.5154187335006508, "xi_c_change": 0.0, "phase_sync_change": -0.03473137558293893, "epi_magnitude_change": 0.0014970764217093757, "hash_signature": "c7a3b227238b6a70", "sequence_str": "OZ -> REMESH -> RA -> OZ"}