{"sequence": ["AL", "EN", "SHA", "OZ"], "coherence_change": -0.012029149529969252, "sense_index_change": 0.0021449776496597073, "phi_s_change": 0.06892557812652411, "grad_phi_change": 0.0, "k_phi_change": 0.0, "xi_c_change": 0.0, "phase_sync_change": 0.0, "epi_magnitude_change": -0.007798525249651744, "hash_signature": "fc9a3e7a4120b034", "sequence_str": "AL -> EN -> SHA -> OZ"}