{"sequence": ["AL", "ZHIR", "UM", "THOL", "NAV"], "coherence_change": 0.006415738877253885, "sense_index_change": -0.015658851431691045, "phi_s_change": 0.009632928108971095, "grad_phi_change": 0.03228096703241623, "k_phi_change": 0.44555495209253787, "xi_c_change": 0.0, "phase_sync_change": -0.0008729590445747393, "epi_magnitude_change": 0.007582590129183608, "hash_signature": "6578338c8dabf4f2", "sequence_str": "AL -> ZHIR -> UM -> THOL -> NAV"}