{"sequence": ["REMESH", "RA", "VAL", "NUL", "NAV"], "coherence_change": 0.0, "sense_index_change": 0.0157862160904938, "phi_s_change": 0.0, "grad_phi_change": -0.0727761140023575, "k_phi_change": 0.34118905653446063, "xi_c_change": 0.0, "phase_sync_change": 0.02686929450736486, "epi_magnitude_change": -0.003410024624029062, "hash_signature": "4339ae596bfc41ba", "sequence_str": "REMESH -> RA -> VAL -> NUL -> NAV"}