{"sequence": ["REMESH", "NAV", "RA", "NAV"], "coherence_change": 0.0, "sense_index_change": 0.022928280466966378, "phi_s_change": 0.0, "grad_phi_change": -0.13750777883076193, "k_phi_change": -0.021601789746015426, "xi_c_change": 0.0, "phase_sync_change": 0.04178484560443174, "epi_magnitude_change": 0.001445880398702415, "hash_signature": "daab41133f0f0f37", "sequence_str": "REMESH -> NAV -> RA -> NAV"}