{"sequence": ["NAV", "THOL", "VAL", "NAV"], "coherence_change": 0.005760762511847983, "sense_index_change": 0.004994696131566334, "phi_s_change": 0.05158867519471144, "grad_phi_change": 0.0, "k_phi_change": 0.0, "xi_c_change": 0.0, "phase_sync_change": 0.0, "epi_magnitude_change": 0.01563006034919967, "hash_signature": "008a0cfa599be90d", "sequence_str": "NAV -> THOL -> VAL -> NAV"}