{"sequence": ["VAL", "NAV", "UM", "IL", "THOL", "NAV"], "coherence_change": 0.010836218432198508, "sense_index_change": 0.007827033414261164, "phi_s_change": 0.038417536200324065, "grad_phi_change": -0.06319661662110132, "k_phi_change": 0.18533804215487976, "xi_c_change": 0.0, "phase_sync_change": 0.019076873972622588, "epi_magnitude_change": 0.01963869824294706, "hash_signature": "7230cee17b9f154a", "sequence_str": "VAL -> NAV -> UM -> IL -> THOL -> NAV"}