{"sequence": ["RA", "SHA", "REMESH", "NUL", "NUL", "OZ"], "coherence_change": -0.009648326343094205, "sense_index_change": 0.001872689543468531, "phi_s_change": -0.10541635668577876, "grad_phi_change": -0.07287165538621099, "k_phi_change": 0.5284450146134816, "xi_c_change": 0.0, "phase_sync_change": 0.015444296905359645, "epi_magnitude_change": -0.03552785822497495, "hash_signature": "e51c001e3ac0b5ae", "sequence_str": "RA -> SHA -> REMESH -> NUL -> NUL -> OZ"}