{"sequence": ["NAV", "AL", "REMESH", "ZHIR", "OZ"], "coherence_change": -0.010538603482034059, "sense_index_change": -0.013761872448184442, "phi_s_change": -0.07093975464680746, "grad_phi_change": 0.030730972472493567, "k_phi_change": -0.2027644069775788, "xi_c_change": 0.0, "phase_sync_change": -0.008882960032594145, "epi_magnitude_change": -0.002022203250070187, "hash_signature": "add6834f445daa69", "sequence_str": "NAV -> AL -> REMESH -> ZHIR -> OZ"}