{"sequence": ["VAL", "ZHIR", "REMESH", "RA", "OZ"], "coherence_change": -0.012675915325981668, "sense_index_change": 0.04961161826169569, "phi_s_change": -0.11083083940162641, "grad_phi_change": -0.17196089752824673, "k_phi_change": 0.015758076608840987, "xi_c_change": 0.0, "phase_sync_change": 0.05897550230316573, "epi_magnitude_change": 0.020040171108951954, "hash_signature": "e4782cac63dec0ba", "sequence_str": "VAL -> ZHIR -> REMESH -> RA -> OZ"}