{"sequence": ["NUL", "ZHIR", "REMESH"], "coherence_change": 0.0, "sense_index_change": 0.019322473417504593, "phi_s_change": 0.0, "grad_phi_change": -0.056634513975946765, "k_phi_change": 0.16456141413076444, "xi_c_change": 0.0, "phase_sync_change": 0.015103827606651743, "epi_magnitude_change": -0.014774848545013541, "hash_signature": "293b8b53c6f3a8b0", "sequence_str": "NUL -> ZHIR -> REMESH"}