{"sequence": ["VAL", "IL", "NUL", "OZ"], "coherence_change": -0.008389679062117295, "sense_index_change": 0.02501335193892451, "phi_s_change": -0.015997525789467337, "grad_phi_change": 0.0, "k_phi_change": 0.0, "xi_c_change": 0.0, "phase_sync_change": 0.0, "epi_magnitude_change": -0.00810390055143051, "hash_signature": "7efa7b623f28c7e0", "sequence_str": "VAL -> IL -> NUL -> OZ"}