{"sequence": ["EN", "OZ", "OZ", "SHA", "ZHIR", "OZ"], "coherence_change": -0.0292494676825944, "sense_index_change": -0.007819770527793701, "phi_s_change": -0.1715995182885347, "grad_phi_change": -0.07990732313439586, "k_phi_change": 0.11594421076103402, "xi_c_change": 0.0, "phase_sync_change": 0.026135771518337236, "epi_magnitude_change": 0.0, "hash_signature": "16408e630141670c", "sequence_str": "EN -> OZ -> OZ -> SHA -> ZHIR -> OZ"}