{"sequence": ["OZ", "VAL", "UM", "NUL", "REMESH"], "coherence_change": -0.007752856777491712, "sense_index_change": 0.035119081078833325, "phi_s_change": -0.02944604640968107, "grad_phi_change": -0.2112471789166277, "k_phi_change": -0.23121217959369128, "xi_c_change": 0.0, "phase_sync_change": 0.06966860817017118, "epi_magnitude_change": -0.002574730169194517, "hash_signature": "c308badac68e9293", "sequence_str": "OZ -> VAL -> UM -> NUL -> REMESH"}