{"sequence": ["REMESH", "UM", "NUL", "ZHIR", "EN", "NAV"], "coherence_change": 0.0, "sense_index_change": -0.004824471315939549, "phi_s_change": 0.0, "grad_phi_change": -0.03011022197415425, "k_phi_change": 0.11277025392155364, "xi_c_change": 0.0, "phase_sync_change": 0.011651541632045292, "epi_magnitude_change": -0.00931289957188719, "hash_signature": "9f919b55b4758d79", "sequence_str": "REMESH -> UM -> NUL -> ZHIR -> EN -> NAV"}