{"sequence": ["NAV", "IL", "ZHIR", "SHA"], "coherence_change": 0.006288494369724784, "sense_index_change": 0.002830031583148873, "phi_s_change": 0.044688111477223735, "grad_phi_change": 0.013193025515533696, "k_phi_change": -0.042308238358742645, "xi_c_change": 0.0, "phase_sync_change": -0.008322742220780222, "epi_magnitude_change": 0.0, "hash_signature": "51708c39859f6f78", "sequence_str": "NAV -> IL -> ZHIR -> SHA"}