{"sequence": ["OZ", "UM", "REMESH", "AL", "NAV"], "coherence_change": -0.015747199706429793, "sense_index_change": 0.03884919592176894, "phi_s_change": -0.046531251309431254, "grad_phi_change": -0.17079268476120868, "k_phi_change": -0.081092869835031, "xi_c_change": 0.0, "phase_sync_change": 0.05388598840382597, "epi_magnitude_change": 0.006232987473661411, "hash_signature": "4a10f20f88091871", "sequence_str": "OZ -> UM -> REMESH -> AL -> NAV"}