{"sequence": ["OZ", "UM", "UM", "IL", "EN", "NAV"], "coherence_change": -0.003424064253213177, "sense_index_change": 0.03817734825357677, "phi_s_change": 0.0018238195646821387, "grad_phi_change": -0.19156502906386463, "k_phi_change": -0.035240094985295345, "xi_c_change": 0.0, "phase_sync_change": 0.06653974254056727, "epi_magnitude_change": 0.0, "hash_signature": "fae35b3999ab0166", "sequence_str": "OZ -> UM -> UM -> IL -> EN -> NAV"}