{"sequence": ["AL", "UM", "REMESH", "OZ"], "coherence_change": -0.012413738813158992, "sense_index_change": 0.0004946496117211874, "phi_s_change": 0.04020546994354235, "grad_phi_change": -0.005699656475557591, "k_phi_change": 0.28919143576933615, "xi_c_change": 0.0, "phase_sync_change": 0.004047452193724932, "epi_magnitude_change": -0.002258165616201069, "hash_signature": "0374ad05b10123a2", "sequence_str": "AL -> UM -> REMESH -> OZ"}