{"sequence": ["SHA", "AL", "AL", "ZHIR", "VAL", "SHA"], "coherence_change": 0.0, "sense_index_change": 0.013752172270624974, "phi_s_change": 0.0, "grad_phi_change": -0.05235987755983018, "k_phi_change": 0.4156464306819512, "xi_c_change": 0.0, "phase_sync_change": 0.020000000000000018, "epi_magnitude_change": 0.0156936224088573, "hash_signature": "30633409283a43fb", "sequence_str": "SHA -> AL -> AL -> ZHIR -> VAL -> SHA"}