{"sequence": ["UM", "AL", "NAV", "NAV"], "coherence_change": 0.0, "sense_index_change": 0.027271869153274952, "phi_s_change": 0.0, "grad_phi_change": -0.1242121746444611, "k_phi_change": -0.2076039632739189, "xi_c_change": 0.0, "phase_sync_change": 0.04081891983722141, "epi_magnitude_change": 0.002270852033388726, "hash_signature": "5dfae25cd5cc4881", "sequence_str": "UM -> AL -> NAV -> NAV"}