{"sequence": ["REMESH", "AL", "ZHIR", "RA", "IL", "OZ"], "coherence_change": -0.0035622520798617163, "sense_index_change": -0.008803121717437412, "phi_s_change": 0.08324567974955288, "grad_phi_change": 0.08736848258526675, "k_phi_change": 0.3369752726701975, "xi_c_change": 0.0, "phase_sync_change": -0.0362754462960313, "epi_magnitude_change": 0.007076099302436356, "hash_signature": "34dc1b623389b529", "sequence_str": "REMESH -> AL -> ZHIR -> RA -> IL -> OZ"}