{"sequence": ["RA", "THOL", "RA", "THOL", "OZ"], "coherence_change": -0.007008169834325506, "sense_index_change": 0.04538123611664924, "phi_s_change": -0.14946003129893204, "grad_phi_change": -0.1558440080306256, "k_phi_change": 0.279384114205681, "xi_c_change": 0.0, "phase_sync_change": 0.056005028917197275, "epi_magnitude_change": 0.0, "hash_signature": "be2d34b08fa67aea", "sequence_str": "RA -> THOL -> RA -> THOL -> OZ"}