{"sequence": ["NAV", "EN", "RA", "SHA"], "coherence_change": 0.0, "sense_index_change": 0.016675575981422996, "phi_s_change": 0.0, "grad_phi_change": -0.09374427016916931, "k_phi_change": -0.05857477099155556, "xi_c_change": 0.0, "phase_sync_change": 0.02525400142411882, "epi_magnitude_change": 0.0, "hash_signature": "6b7ac464138b5302", "sequence_str": "NAV -> EN -> RA -> SHA"}