{"sequence": ["UM", "EN", "IL", "IL", "REMESH"], "coherence_change": 0.013290023814659824, "sense_index_change": 0.0015021379154250836, "phi_s_change": 0.10697442967051451, "grad_phi_change": 0.0776563405379267, "k_phi_change": 0.11204085349856259, "xi_c_change": 0.0, "phase_sync_change": -0.03079022925920627, "epi_magnitude_change": 0.0012118287172286912, "hash_signature": "4fd2835659e7de9e", "sequence_str": "UM -> EN -> IL -> IL -> REMESH"}