{"sequence": ["EN", "UM", "RA", "VAL", "THOL", "OZ"], "coherence_change": -0.0060608980837466575, "sense_index_change": 0.03533679624960473, "phi_s_change": -0.09655414319613487, "grad_phi_change": -0.24351541267844135, "k_phi_change": 0.2170979242552303, "xi_c_change": 0.0, "phase_sync_change": 0.06570775902852066, "epi_magnitude_change": 0.016776519880949303, "hash_signature": "3c75055ba1b56330", "sequence_str": "EN -> UM -> RA -> VAL -> THOL -> OZ"}