{"sequence": ["IL", "OZ", "OZ", "RA", "VAL", "NAV"], "coherence_change": -0.019696876972540633, "sense_index_change": -0.008724242727388809, "phi_s_change": -0.044452633413543, "grad_phi_change": 0.00859591840434537, "k_phi_change": -0.14105644736636003, "xi_c_change": 0.0, "phase_sync_change": -0.009300746536104243, "epi_magnitude_change": 0.016996077603817383, "hash_signature": "db1314d22cadd23a", "sequence_str": "IL -> OZ -> OZ -> RA -> VAL -> NAV"}