{"sequence": ["REMESH", "SHA", "UM", "OZ"], "coherence_change": -0.011804532054273231, "sense_index_change": 0.010046780110673947, "phi_s_change": -0.04047598683344289, "grad_phi_change": -0.1447214975742508, "k_phi_change": -0.00020853479381532924, "xi_c_change": 0.0, "phase_sync_change": 0.04986139954837909, "epi_magnitude_change": 0.0014160981844985043, "hash_signature": "bf13d27986811053", "sequence_str": "REMESH -> SHA -> UM -> OZ"}