{"sequence": ["IL", "REMESH", "IL", "VAL", "OZ"], "coherence_change": -0.0022990739795446524, "sense_index_change": -0.0016356506036668828, "phi_s_change": -0.03230541704949974, "grad_phi_change": 0.0, "k_phi_change": 0.0, "xi_c_change": 0.0, "phase_sync_change": 0.0, "epi_magnitude_change": 0.01486392268498593, "hash_signature": "a4410099bd69587d", "sequence_str": "IL -> REMESH -> IL -> VAL -> OZ"}