{"sequence": ["ZHIR", "IL", "NUL", "VAL", "VAL", "OZ"], "coherence_change": 8.643947339159741e-05, "sense_index_change": -0.0029292109667644617, "phi_s_change": 0.057430152270880774, "grad_phi_change": 0.02565522460988867, "k_phi_change": -0.05528737949458201, "xi_c_change": 0.0, "phase_sync_change": -0.010514779438622002, "epi_magnitude_change": 0.00825898550230697, "hash_signature": "ea4c67085b37b4fe", "sequence_str": "ZHIR -> IL -> NUL -> VAL -> VAL -> OZ"}