{"sequence": ["EN", "AL", "OZ"], "coherence_change": -0.010652723838698752, "sense_index_change": -0.01318806549421736, "phi_s_change": -0.012097941617330354, "grad_phi_change": 0.0, "k_phi_change": 0.0, "xi_c_change": 0.0, "phase_sync_change": 0.0, "epi_magnitude_change": 0.007075924975775583, "hash_signature": "64e1ea60f590c487", "sequence_str": "EN -> AL -> OZ"}