{"sequence": ["RA", "VAL", "UM", "NAV"], "coherence_change": 0.0, "sense_index_change": 0.042524468572829544, "phi_s_change": 0.0, "grad_phi_change": -0.16183001424500687, "k_phi_change": 0.5080555805092994, "xi_c_change": 0.0, "phase_sync_change": 0.06189139709491087, "epi_magnitude_change": 0.020757881604004158, "hash_signature": "6fd4df2174b23a68", "sequence_str": "RA -> VAL -> UM -> NAV"}