{"sequence": ["REMESH", "ZHIR", "EN", "SHA"], "coherence_change": 0.0, "sense_index_change": 0.009001439194897154, "phi_s_change": 0.0, "grad_phi_change": -0.055617779783672106, "k_phi_change": -0.2251338282346918, "xi_c_change": 0.0, "phase_sync_change": 0.01597582702528766, "epi_magnitude_change": 0.0010637675106976996, "hash_signature": "65d99ff82b09f7b1", "sequence_str": "REMESH -> ZHIR -> EN -> SHA"}