{"sequence": ["NAV", "AL", "UM", "NAV"], "coherence_change": 0.0, "sense_index_change": 0.012319384802672584, "phi_s_change": 0.0, "grad_phi_change": -0.009992305833266268, "k_phi_change": 0.5129702370591116, "xi_c_change": 0.0, "phase_sync_change": 0.00444281636032462, "epi_magnitude_change": 0.008884524442645647, "hash_signature": "d0e7288035113ba6", "sequence_str": "NAV -> AL -> UM -> NAV"}