{"sequence": ["NAV", "UM", "RA", "REMESH"], "coherence_change": 0.0, "sense_index_change": 0.013384906208879221, "phi_s_change": 0.0, "grad_phi_change": -0.0918104114525573, "k_phi_change": 0.16052570357750556, "xi_c_change": 0.0, "phase_sync_change": 0.02690676379712953, "epi_magnitude_change": 0.001852800569407842, "hash_signature": "65e4816b6531bf9f", "sequence_str": "NAV -> UM -> RA -> REMESH"}