{"sequence": ["REMESH", "EN", "RA", "IL", "OZ"], "coherence_change": -0.006400930142247185, "sense_index_change": 0.010122793634402383, "phi_s_change": -0.039091705039478786, "grad_phi_change": 0.03564755107681217, "k_phi_change": 0.18723700196444246, "xi_c_change": 0.0, "phase_sync_change": -0.021411951712284383, "epi_magnitude_change": 0.0017041586902166728, "hash_signature": "9b1685c55673dc3f", "sequence_str": "REMESH -> EN -> RA -> IL -> OZ"}