{"sequence": ["VAL", "IL", "NUL", "AL", "AL", "SHA"], "coherence_change": 0.008780260986477217, "sense_index_change": 0.007621058707629413, "phi_s_change": 0.021108347401574856, "grad_phi_change": 0.0, "k_phi_change": 0.0, "xi_c_change": 0.0, "phase_sync_change": 0.0, "epi_magnitude_change": -0.007350951577097087, "hash_signature": "78aa196e47d54b2f", "sequence_str": "VAL -> IL -> NUL -> AL -> AL -> SHA"}