{"sequence": ["RA", "NUL", "VAL", "ZHIR", "SHA"], "coherence_change": 0.0, "sense_index_change": -0.0036197926768350985, "phi_s_change": 0.0, "grad_phi_change": -0.04479108981676383, "k_phi_change": 0.6101945585604729, "xi_c_change": 0.0, "phase_sync_change": 0.015015837825583245, "epi_magnitude_change": -0.005407458980334123, "hash_signature": "d232c59c89c80d92", "sequence_str": "RA -> NUL -> VAL -> ZHIR -> SHA"}