{"sequence": ["IL", "EN", "RA", "EN", "OZ"], "coherence_change": -0.006224677454822913, "sense_index_change": 0.04621536381061764, "phi_s_change": -0.20084166820403815, "grad_phi_change": -0.0860566765731674, "k_phi_change": -0.0001622240377530948, "xi_c_change": 0.0, "phase_sync_change": 0.024195288910055734, "epi_magnitude_change": 0.0, "hash_signature": "bf958adcbd91e566", "sequence_str": "IL -> EN -> RA -> EN -> OZ"}