{"sequence": ["EN", "NUL", "THOL", "SHA", "EN", "SHA"], "coherence_change": 0.0043514815536644935, "sense_index_change": 0.016146416342398218, "phi_s_change": -0.0013556632656153145, "grad_phi_change": 0.0, "k_phi_change": 0.0, "xi_c_change": 0.0, "phase_sync_change": 0.0, "epi_magnitude_change": -0.015484026970638443, "hash_signature": "98e2621e42d97147", "sequence_str": "EN -> NUL -> THOL -> SHA -> EN -> SHA"}