{"sequence": ["AL", "UM", "THOL", "THOL", "SHA"], "coherence_change": 0.008820259198341063, "sense_index_change": 0.007099691175412093, "phi_s_change": 0.021371817951606142, "grad_phi_change": -0.015996155708316584, "k_phi_change": 0.2562455317408308, "xi_c_change": 0.0, "phase_sync_change": -0.01270182538110498, "epi_magnitude_change": 0.0024897567103351337, "hash_signature": "d8786c2db4739e4a", "sequence_str": "AL -> UM -> THOL -> THOL -> SHA"}