{"sequence": ["THOL", "ZHIR", "SHA", "SHA", "NAV"], "coherence_change": 0.0035399355382230713, "sense_index_change": -0.012708904641926477, "phi_s_change": 0.0296068886362596, "grad_phi_change": 0.05246322451951091, "k_phi_change": 0.03998820698050473, "xi_c_change": 0.0, "phase_sync_change": -0.017354401956959253, "epi_magnitude_change": 0.0, "hash_signature": "128e4589e5b5a365", "sequence_str": "THOL -> ZHIR -> SHA -> SHA -> NAV"}