{"sequence": ["NAV", "IL", "IL", "NUL", "IL", "NAV"], "coherence_change": 0.024896826621421453, "sense_index_change": 0.01705603610152484, "phi_s_change": 0.06479558732934465, "grad_phi_change": 0.0, "k_phi_change": 0.0, "xi_c_change": 0.0, "phase_sync_change": 0.0, "epi_magnitude_change": -0.012616861584190064, "hash_signature": "f8b20724e024a9d8", "sequence_str": "NAV -> IL -> IL -> NUL -> IL -> NAV"}