{"sequence": ["RA", "SHA", "THOL", "REMESH", "AL", "NAV"], "coherence_change": 0.00493823718324915, "sense_index_change": 0.010889386236369147, "phi_s_change": 0.000819402513627332, "grad_phi_change": 0.023871547755625278, "k_phi_change": 0.23541586027192696, "xi_c_change": 0.0, "phase_sync_change": -0.01685061384552944, "epi_magnitude_change": 0.0022910982897451637, "hash_signature": "deceb4a11ceb8c3f", "sequence_str": "RA -> SHA -> THOL -> REMESH -> AL -> NAV"}