{"sequence": ["NAV", "SHA", "RA", "ZHIR", "REMESH"], "coherence_change": 0.0, "sense_index_change": 0.019110919959067774, "phi_s_change": 0.0, "grad_phi_change": -0.05617504229058956, "k_phi_change": -0.11384271030261245, "xi_c_change": 0.0, "phase_sync_change": 0.01688857600290372, "epi_magnitude_change": 0.0015648985337562982, "hash_signature": "0c3fc376f09f00d7", "sequence_str": "NAV -> SHA -> RA -> ZHIR -> REMESH"}