{"sequence": ["ZHIR", "VAL", "OZ"], "coherence_change": -0.013334725537749281, "sense_index_change": -0.01121186914985145, "phi_s_change": -0.060148010466217205, "grad_phi_change": 0.024489448412545745, "k_phi_change": 0.10250505683055203, "xi_c_change": 0.0, "phase_sync_change": -0.0077586348212752565, "epi_magnitude_change": 0.018255458874849695, "hash_signature": "9fda9cbad3c9f00a", "sequence_str": "ZHIR -> VAL -> OZ"}