{"sequence": ["AL", "UM", "REMESH", "VAL", "OZ"], "coherence_change": -0.009770468512555586, "sense_index_change": 0.038191604932760526, "phi_s_change": 0.008602034821956983, "grad_phi_change": -0.31545996023247813, "k_phi_change": 0.19331619588595025, "xi_c_change": 0.0, "phase_sync_change": 0.09541424089830597, "epi_magnitude_change": 0.013719924648963877, "hash_signature": "befac453676a70f3", "sequence_str": "AL -> UM -> REMESH -> VAL -> OZ"}