{"sequence": ["UM", "EN", "SHA", "UM", "SHA"], "coherence_change": 0.0, "sense_index_change": 0.07943772543178407, "phi_s_change": 0.0, "grad_phi_change": -0.46936167924915484, "k_phi_change": 0.34819909055061854, "xi_c_change": 0.0, "phase_sync_change": 0.15082364861311526, "epi_magnitude_change": 0.0, "hash_signature": "3347e0472f22ce4e", "sequence_str": "UM -> EN -> SHA -> UM -> SHA"}