{"sequence": ["THOL", "SHA", "AL", "ZHIR", "AL", "NAV"], "coherence_change": 0.0049115895815411426, "sense_index_change": 0.006814864877005111, "phi_s_change": 0.025032226465659946, "grad_phi_change": 0.05585554625320177, "k_phi_change": -0.010806713274419621, "xi_c_change": 0.0, "phase_sync_change": -0.01699176926805024, "epi_magnitude_change": 0.0030427975501595705, "hash_signature": "c5ede0930915fec9", "sequence_str": "THOL -> SHA -> AL -> ZHIR -> AL -> NAV"}