{"sequence": ["RA", "RA", "NAV"], "coherence_change": 0.0, "sense_index_change": 0.0243667834391027, "phi_s_change": 0.0, "grad_phi_change": -0.10657502316361467, "k_phi_change": -0.22122187421033263, "xi_c_change": 0.0, "phase_sync_change": 0.020705304835394123, "epi_magnitude_change": 0.0, "hash_signature": "b11c3345e47349ed", "sequence_str": "RA -> RA -> NAV"}