{"sequence": ["NAV", "IL", "NUL", "RA", "OZ"], "coherence_change": -0.002229746848568026, "sense_index_change": 0.07049209247720722, "phi_s_change": -0.06729235097752484, "grad_phi_change": -0.2089607917356635, "k_phi_change": 0.07803055748035184, "xi_c_change": 0.0, "phase_sync_change": 0.06741528853483991, "epi_magnitude_change": -0.017772579008000666, "hash_signature": "ee1540cdd11ffc5f", "sequence_str": "NAV -> IL -> NUL -> RA -> OZ"}