{"sequence": ["REMESH", "ZHIR", "RA", "UM", "SHA"], "coherence_change": 0.0, "sense_index_change": 0.05889746336046808, "phi_s_change": 0.0, "grad_phi_change": -0.3490284173480942, "k_phi_change": 0.14474402057864885, "xi_c_change": 0.0, "phase_sync_change": 0.09572603843781413, "epi_magnitude_change": 0.001247389052061898, "hash_signature": "0d618e248f3e246d", "sequence_str": "REMESH -> ZHIR -> RA -> UM -> SHA"}