{"sequence": ["AL", "THOL", "UM", "REMESH"], "coherence_change": 0.0065884201042558654, "sense_index_change": 0.05936581982221023, "phi_s_change": -0.006316235552045302, "grad_phi_change": -0.285394984260952, "k_phi_change": 0.15608410935680322, "xi_c_change": 0.0, "phase_sync_change": 0.08098878564813317, "epi_magnitude_change": 0.014320916486902813, "hash_signature": "04682932ae3ebe25", "sequence_str": "AL -> THOL -> UM -> REMESH"}