{"sequence": ["VAL", "IL", "RA", "SHA"], "coherence_change": 0.006918491869863486, "sense_index_change": -0.015163702748483221, "phi_s_change": -0.004635621932313039, "grad_phi_change": 0.028670388091599497, "k_phi_change": 0.0421199835511874, "xi_c_change": 0.0, "phase_sync_change": -0.020885137612493665, "epi_magnitude_change": 0.01437678776717588, "hash_signature": "563dd1b8959da5d5", "sequence_str": "VAL -> IL -> RA -> SHA"}