{"sequence": ["NAV", "SHA", "NAV", "RA", "THOL", "REMESH"], "coherence_change": 0.005425618373757102, "sense_index_change": -0.013213972941020558, "phi_s_change": 0.013369195900665543, "grad_phi_change": 0.09251959569005419, "k_phi_change": 0.3762976849082983, "xi_c_change": 0.0, "phase_sync_change": -0.028505939902219724, "epi_magnitude_change": 0.0015739867647963646, "hash_signature": "5eae2194c58af7d7", "sequence_str": "NAV -> SHA -> NAV -> RA -> THOL -> REMESH"}