{"sequence": ["RA", "IL", "UM", "AL", "SHA"], "coherence_change": 0.00586790582530794, "sense_index_change": 0.019166460866034796, "phi_s_change": -0.04818304802230189, "grad_phi_change": 0.041012719494234906, "k_phi_change": 0.1385246944023366, "xi_c_change": 0.0, "phase_sync_change": -0.017193159996441332, "epi_magnitude_change": -0.003455209189274555, "hash_signature": "a80be2e04c232bc8", "sequence_str": "RA -> IL -> UM -> AL -> SHA"}