{"sequence": ["EN", "EN", "RA", "THOL", "UM", "NAV"], "coherence_change": 0.004625528427680825, "sense_index_change": 0.05431380197605118, "phi_s_change": 0.007262421421740828, "grad_phi_change": -0.31922551178212566, "k_phi_change": 0.12687424268277653, "xi_c_change": 0.0, "phase_sync_change": 0.10284322864232232, "epi_magnitude_change": 0.0, "hash_signature": "a64c566d9b207373", "sequence_str": "EN -> EN -> RA -> THOL -> UM -> NAV"}