{"sequence": ["REMESH", "EN", "THOL", "OZ"], "coherence_change": -0.007243757855964983, "sense_index_change": -0.00412030902950733, "phi_s_change": 0.05713845351204394, "grad_phi_change": 0.0, "k_phi_change": 0.0, "xi_c_change": 0.0, "phase_sync_change": 0.0, "epi_magnitude_change": 0.0014177186735725433, "hash_signature": "a9daf13c62f664ac", "sequence_str": "REMESH -> EN -> THOL -> OZ"}