{"sequence": ["REMESH", "RA", "EN", "SHA"], "coherence_change": 0.0, "sense_index_change": -0.004444687249882118, "phi_s_change": 0.0, "grad_phi_change": 0.01316605516563052, "k_phi_change": 0.3268727301023311, "xi_c_change": 0.0, "phase_sync_change": -0.009765965888107186, "epi_magnitude_change": 0.0013012218587827862, "hash_signature": "806de28b4749ae2d", "sequence_str": "REMESH -> RA -> EN -> SHA"}