{"sequence": ["AL", "RA", "UM", "NUL", "UM", "SHA"], "coherence_change": 0.0, "sense_index_change": 0.06793453530309568, "phi_s_change": 0.0, "grad_phi_change": -0.4231888669772803, "k_phi_change": 0.08976704404595465, "xi_c_change": 0.0, "phase_sync_change": 0.13823373739482803, "epi_magnitude_change": -0.0017044952312430528, "hash_signature": "b3ede272c7ca9357", "sequence_str": "AL -> RA -> UM -> NUL -> UM -> SHA"}