{"sequence": ["NAV", "OZ", "SHA", "UM", "REMESH"], "coherence_change": -0.010928770728850568, "sense_index_change": 0.010178733251878902, "phi_s_change": 0.02159288390793812, "grad_phi_change": -0.08057450182146964, "k_phi_change": 0.1197615369932398, "xi_c_change": 0.0, "phase_sync_change": 0.02302734367476178, "epi_magnitude_change": 0.001352223669484398, "hash_signature": "e45a18058d8dd491", "sequence_str": "NAV -> OZ -> SHA -> UM -> REMESH"}