{"sequence": ["AL", "SHA", "OZ"], "coherence_change": -0.010426216397019128, "sense_index_change": -0.006872377303374533, "phi_s_change": -0.0837648690408539, "grad_phi_change": 0.0, "k_phi_change": 0.0, "xi_c_change": 0.0, "phase_sync_change": 0.0, "epi_magnitude_change": -0.006809504117504139, "hash_signature": "8452fde038fe099a", "sequence_str": "AL -> SHA -> OZ"}