{"sequence": ["IL", "NUL", "REMESH"], "coherence_change": 0.009392410373564863, "sense_index_change": -0.006675431467334736, "phi_s_change": 0.036604154017996104, "grad_phi_change": 0.0, "k_phi_change": 0.0, "xi_c_change": 0.0, "phase_sync_change": 0.0, "epi_magnitude_change": -0.015664053263288347, "hash_signature": "f40426a0154984ed", "sequence_str": "IL -> NUL -> REMESH"}