{"sequence": ["NAV", "ZHIR", "NAV"], "coherence_change": 0.0, "sense_index_change": -0.008737318061106003, "phi_s_change": 0.0, "grad_phi_change": 0.062074259952987765, "k_phi_change": 0.009512341193909951, "xi_c_change": 0.0, "phase_sync_change": -0.017373237301445577, "epi_magnitude_change": 0.0, "hash_signature": "0ac821527b52602c", "sequence_str": "NAV -> ZHIR -> NAV"}