{"sequence": ["THOL", "RA", "NUL", "EN", "REMESH"], "coherence_change": 0.004635691858375535, "sense_index_change": 0.005309861959294504, "phi_s_change": 0.009349345556709743, "grad_phi_change": 0.0018240161115048448, "k_phi_change": 0.5008933277248364, "xi_c_change": 0.0, "phase_sync_change": -0.008294587862854419, "epi_magnitude_change": -0.02455387965708411, "hash_signature": "e27c3dc180a0f47a", "sequence_str": "THOL -> RA -> NUL -> EN -> REMESH"}