{"sequence": ["IL", "VAL", "ZHIR", "SHA"], "coherence_change": 0.008246580484704946, "sense_index_change": 0.026148326047849446, "phi_s_change": 0.0646865714508098, "grad_phi_change": -0.07584256123478084, "k_phi_change": 0.16785878302342355, "xi_c_change": 0.0, "phase_sync_change": 0.023053748929338647, "epi_magnitude_change": 0.014086344089723646, "hash_signature": "275432695e45fbc3", "sequence_str": "IL -> VAL -> ZHIR -> SHA"}