{"sequence": ["SHA", "UM", "IL", "AL", "OZ"], "coherence_change": -0.0013422651966439325, "sense_index_change": -0.019495257452939285, "phi_s_change": 0.12312558759639847, "grad_phi_change": -0.011974642248382406, "k_phi_change": 0.07130957103224646, "xi_c_change": 0.0, "phase_sync_change": -0.003174876480728228, "epi_magnitude_change": 0.001482545013934189, "hash_signature": "cfa25c12de6c85f9", "sequence_str": "SHA -> UM -> IL -> AL -> OZ"}