{"sequence": ["THOL", "ZHIR", "SHA"], "coherence_change": 0.005397385507131425, "sense_index_change": 0.021997980702213815, "phi_s_change": 0.062468154743442694, "grad_phi_change": -0.03219683392188566, "k_phi_change": 0.32605438941453585, "xi_c_change": 0.0, "phase_sync_change": 0.010788373671130058, "epi_magnitude_change": 0.0, "hash_signature": "ba0ef17fb9e369ce", "sequence_str": "THOL -> ZHIR -> SHA"}