{"sequence": ["RA", "VAL", "OZ", "NUL", "ZHIR", "NAV"], "coherence_change": -0.006099050503323267, "sense_index_change": 0.025622486104252107, "phi_s_change": -0.039719937614658196, "grad_phi_change": -0.1530856516519854, "k_phi_change": 0.46101852348890876, "xi_c_change": 0.0, "phase_sync_change": 0.04317258343911745, "epi_magnitude_change": 0.004457380731347049, "hash_signature": "23f4aecca4285fe7", "sequence_str": "RA -> VAL -> OZ -> NUL -> ZHIR -> NAV"}