{"sequence": ["REMESH", "OZ", "NAV", "ZHIR", "NAV"], "coherence_change": -0.015239826379636834, "sense_index_change": 0.017520786254940135, "phi_s_change": 0.043941145360255396, "grad_phi_change": -0.020596589551932665, "k_phi_change": 0.26898616358747973, "xi_c_change": 0.0, "phase_sync_change": 0.004050784289088227, "epi_magnitude_change": 0.001451689887290164, "hash_signature": "6287068c1ca1be04", "sequence_str": "REMESH -> OZ -> NAV -> ZHIR -> NAV"}