{"sequence": ["IL", "THOL", "ZHIR", "REMESH"], "coherence_change": 0.015175556764815412, "sense_index_change": -0.0005962518437759856, "phi_s_change": -0.014192696143345618, "grad_phi_change": 0.01922024534072375, "k_phi_change": 0.12673241200142665, "xi_c_change": 0.0, "phase_sync_change": -0.004184859515141248, "epi_magnitude_change": 0.001320867489343014, "hash_signature": "d11054492e7adee5", "sequence_str": "IL -> THOL -> ZHIR -> REMESH"}