{"sequence": ["REMESH", "REMESH", "VAL", "VAL", "OZ"], "coherence_change": -0.010291542946661236, "sense_index_change": -0.007405578986710681, "phi_s_change": -0.05457623049556559, "grad_phi_change": 0.0, "k_phi_change": 0.0, "xi_c_change": 0.0, "phase_sync_change": 0.0, "epi_magnitude_change": 0.039913445941082704, "hash_signature": "2c5184e443797501", "sequence_str": "REMESH -> REMESH -> VAL -> VAL -> OZ"}