{"sequence": ["OZ", "OZ", "EN", "NUL", "OZ"], "coherence_change": -0.02876551624984791, "sense_index_change": 0.013697184167755783, "phi_s_change": -0.09632778330671365, "grad_phi_change": 0.0, "k_phi_change": 0.0, "xi_c_change": 0.0, "phase_sync_change": 0.0, "epi_magnitude_change": -0.014040454753585507, "hash_signature": "b1c4093d04e2b4cc", "sequence_str": "OZ -> OZ -> EN -> NUL -> OZ"}