{"sequence": ["NAV", "REMESH", "REMESH", "AL", "OZ"], "coherence_change": -0.009606449902454295, "sense_index_change": -0.005153631822145455, "phi_s_change": -0.0059224370962572825, "grad_phi_change": 0.0, "k_phi_change": 0.0, "xi_c_change": 0.0, "phase_sync_change": 0.0, "epi_magnitude_change": 0.0012176031421684552, "hash_signature": "61a056a251385fd6", "sequence_str": "NAV -> REMESH -> REMESH -> AL -> OZ"}