{"sequence": ["AL", "THOL", "NUL", "NAV"], "coherence_change": 0.0053532531903612846, "sense_index_change": -0.00897053697450867, "phi_s_change": 0.07083089430773326, "grad_phi_change": 0.0, "k_phi_change": 0.0, "xi_c_change": 0.0, "phase_sync_change": 0.0, "epi_magnitude_change": -0.006112233527475253, "hash_signature": "407598e3c1e7a0d3", "sequence_str": "AL -> THOL -> NUL -> NAV"}