{"sequence": ["NAV", "NUL", "SHA", "EN", "OZ"], "coherence_change": -0.008573510458655176, "sense_index_change": 0.00012753348746219473, "phi_s_change": -0.05249568510326086, "grad_phi_change": 0.0, "k_phi_change": 0.0, "xi_c_change": 0.0, "phase_sync_change": 0.0, "epi_magnitude_change": -0.025537674299732638, "hash_signature": "303abee29dcb2257", "sequence_str": "NAV -> NUL -> SHA -> EN -> OZ"}