{"sequence": ["VAL", "UM", "THOL", "EN", "REMESH"], "coherence_change": 0.004000148511721813, "sense_index_change": -0.020617235215140806, "phi_s_change": 0.015814869671922915, "grad_phi_change": 0.09130929012981182, "k_phi_change": 0.39559765335721775, "xi_c_change": 0.0, "phase_sync_change": -0.03805764653672006, "epi_magnitude_change": 0.023189142922904638, "hash_signature": "717bd49391dbe877", "sequence_str": "VAL -> UM -> THOL -> EN -> REMESH"}