{"sequence": ["SHA", "REMESH", "RA", "THOL", "IL", "SHA"], "coherence_change": 0.014726743347864502, "sense_index_change": 0.011268031413836366, "phi_s_change": 0.08372007376935753, "grad_phi_change": -0.03630834428536889, "k_phi_change": 0.0008869031836762076, "xi_c_change": 0.0, "phase_sync_change": 0.005614099151754037, "epi_magnitude_change": 0.0011321438331549638, "hash_signature": "f1f01cbfb16d8421", "sequence_str": "SHA -> REMESH -> RA -> THOL -> IL -> SHA"}