{"sequence": ["EN", "UM", "SHA", "REMESH"], "coherence_change": 0.0, "sense_index_change": 0.012939043727253852, "phi_s_change": 0.0, "grad_phi_change": -0.09175707482220408, "k_phi_change": 0.551431576557317, "xi_c_change": 0.0, "phase_sync_change": 0.028196363586547313, "epi_magnitude_change": 0.0013167508070807132, "hash_signature": "ec7f2a1ed80ce16c", "sequence_str": "EN -> UM -> SHA -> REMESH"}