{"sequence": ["ZHIR", "VAL", "AL", "VAL", "ZHIR", "SHA"], "coherence_change": 0.0, "sense_index_change": -0.014857343691952907, "phi_s_change": 0.0, "grad_phi_change": 0.021244403544020463, "k_phi_change": -0.09370293706114052, "xi_c_change": 0.0, "phase_sync_change": -0.0007423394861185706, "epi_magnitude_change": 0.032817432579881234, "hash_signature": "4868665e9e31bc63", "sequence_str": "ZHIR -> VAL -> AL -> VAL -> ZHIR -> SHA"}