{"sequence": ["REMESH", "THOL", "NUL", "OZ"], "coherence_change": -0.009550121351989294, "sense_index_change": 0.013523915186924751, "phi_s_change": 0.02557045583630091, "grad_phi_change": 0.0, "k_phi_change": 0.0, "xi_c_change": 0.0, "phase_sync_change": 0.0, "epi_magnitude_change": -0.017022933522175543, "hash_signature": "ad8334989c57e4f5", "sequence_str": "REMESH -> THOL -> NUL -> OZ"}