{"sequence": ["IL", "NAV", "ZHIR", "AL", "OZ"], "coherence_change": -0.003399262068694342, "sense_index_change": 0.002629113326179433, "phi_s_change": -0.01070985018503856, "grad_phi_change": -0.0628666743580375, "k_phi_change": 0.20755630163252256, "xi_c_change": 0.0, "phase_sync_change": 0.02341447666516927, "epi_magnitude_change": 0.0021498136316746574, "hash_signature": "974669e313201a0c", "sequence_str": "IL -> NAV -> ZHIR -> AL -> OZ"}