{"sequence": ["NAV", "NAV", "AL", "NUL", "ZHIR", "OZ"], "coherence_change": -0.009524767143989976, "sense_index_change": -0.006100906413943008, "phi_s_change": -0.01311880971847701, "grad_phi_change": 0.0027066805918603, "k_phi_change": 0.019633154611453568, "xi_c_change": 0.0, "phase_sync_change": -0.0015628390600148645, "epi_magnitude_change": -0.015493310544054784, "hash_signature": "c9c0d2fabef28d94", "sequence_str": "NAV -> NAV -> AL -> NUL -> ZHIR -> OZ"}