{"sequence": ["AL", "NAV", "SHA", "AL", "OZ"], "coherence_change": -0.013575210093763723, "sense_index_change": -0.0042880581298918585, "phi_s_change": 0.017284629065764445, "grad_phi_change": 0.0, "k_phi_change": 0.0, "xi_c_change": 0.0, "phase_sync_change": 0.0, "epi_magnitude_change": -0.013078305345247121, "hash_signature": "d2a721e704a12e0a", "sequence_str": "AL -> NAV -> SHA -> AL -> OZ"}