{"sequence": ["EN", "AL", "UM", "EN", "REMESH"], "coherence_change": 0.0, "sense_index_change": 0.032093473100721304, "phi_s_change": 0.0, "grad_phi_change": -0.11233849240305926, "k_phi_change": -0.19612342905241503, "xi_c_change": 0.0, "phase_sync_change": 0.029577572535023244, "epi_magnitude_change": 0.01164504516557785, "hash_signature": "d25936a9d6acfc34", "sequence_str": "EN -> AL -> UM -> EN -> REMESH"}