{"sequence": ["UM", "EN", "UM", "SHA"], "coherence_change": 0.0, "sense_index_change": 0.02359032517075199, "phi_s_change": 0.0, "grad_phi_change": -0.1394722935284849, "k_phi_change": 0.23861336440113154, "xi_c_change": 0.0, "phase_sync_change": 0.029155219816275002, "epi_magnitude_change": 0.0, "hash_signature": "6ccd650bbf64def1", "sequence_str": "UM -> EN -> UM -> SHA"}