{"sequence": ["NAV", "RA", "OZ", "THOL", "OZ"], "coherence_change": -0.018083245679176185, "sense_index_change": 0.020584762251102062, "phi_s_change": -0.13803482348680707, "grad_phi_change": -0.08758576072237645, "k_phi_change": 0.14366050018312967, "xi_c_change": 0.0, "phase_sync_change": 0.025766238148466236, "epi_magnitude_change": 0.0, "hash_signature": "a266431029670593", "sequence_str": "NAV -> RA -> OZ -> THOL -> OZ"}