{"sequence": ["EN", "NAV", "ZHIR", "REMESH"], "coherence_change": 0.0, "sense_index_change": -0.007137332188809853, "phi_s_change": 0.0, "grad_phi_change": -0.0019145611537059182, "k_phi_change": 0.06548087858894883, "xi_c_change": 0.0, "phase_sync_change": 0.000643237662437679, "epi_magnitude_change": 0.0014741076949079668, "hash_signature": "a8d2738c9d417e0e", "sequence_str": "EN -> NAV -> ZHIR -> REMESH"}