{"sequence": ["AL", "IL", "VAL", "REMESH"], "coherence_change": 0.005115651054423465, "sense_index_change": 0.0058423154433716595, "phi_s_change": 0.03379027951782132, "grad_phi_change": 0.0, "k_phi_change": 0.0, "xi_c_change": 0.0, "phase_sync_change": 0.0, "epi_magnitude_change": 0.0176659599929625, "hash_signature": "1c68c23206926944", "sequence_str": "AL -> IL -> VAL -> REMESH"}