{"sequence": ["REMESH", "UM", "NAV", "VAL", "NAV"], "coherence_change": 0.0, "sense_index_change": 0.016126209301614347, "phi_s_change": 0.0, "grad_phi_change": -0.11827179970862534, "k_phi_change": 0.13761900163309354, "xi_c_change": 0.0, "phase_sync_change": 0.034980344973398636, "epi_magnitude_change": 0.011674354651206698, "hash_signature": "2f8e329af8b751d8", "sequence_str": "REMESH -> UM -> NAV -> VAL -> NAV"}