{"sequence": ["AL", "UM", "SHA"], "coherence_change": 0.0, "sense_index_change": 0.001435380172512879, "phi_s_change": 0.0, "grad_phi_change": -0.15204769715332178, "k_phi_change": 0.43813963541201795, "xi_c_change": 0.0, "phase_sync_change": 0.040826549090114406, "epi_magnitude_change": 0.01010318990650827, "hash_signature": "54b04433131d2518", "sequence_str": "AL -> UM -> SHA"}