{"sequence": ["REMESH", "NUL", "EN", "OZ"], "coherence_change": -0.01239948684927017, "sense_index_change": -0.006638274811931799, "phi_s_change": -0.0858694127051497, "grad_phi_change": 0.0, "k_phi_change": 0.0, "xi_c_change": 0.0, "phase_sync_change": 0.0, "epi_magnitude_change": -0.009021660451322688, "hash_signature": "835ca7f0796b154a", "sequence_str": "REMESH -> NUL -> EN -> OZ"}