{"sequence": ["REMESH", "EN", "IL", "REMESH"], "coherence_change": 0.0030427574232031462, "sense_index_change": 0.002148491666004837, "phi_s_change": -0.009088074304274385, "grad_phi_change": 0.0, "k_phi_change": 0.0, "xi_c_change": 0.0, "phase_sync_change": 0.0, "epi_magnitude_change": 0.0018410448819241587, "hash_signature": "7666b3800e2b9197", "sequence_str": "REMESH -> EN -> IL -> REMESH"}