{"sequence": ["REMESH", "IL", "OZ", "UM", "ZHIR", "OZ"], "coherence_change": -0.010923761468045412, "sense_index_change": -0.004698368321121249, "phi_s_change": -0.05251799926959666, "grad_phi_change": -0.0111731209230983, "k_phi_change": -0.01416439451223414, "xi_c_change": 0.0, "phase_sync_change": 0.006838970729217242, "epi_magnitude_change": 0.0011604191511283002, "hash_signature": "8c3e694b781f0313", "sequence_str": "REMESH -> IL -> OZ -> UM -> ZHIR -> OZ"}