{"sequence": ["REMESH", "RA", "ZHIR", "OZ"], "coherence_change": -0.010892643442103278, "sense_index_change": -0.009544517552850074, "phi_s_change": -0.04283963334521124, "grad_phi_change": 0.04767281360110509, "k_phi_change": 0.29832883225709755, "xi_c_change": 0.0, "phase_sync_change": -0.026731430862351746, "epi_magnitude_change": 0.0013586477493332527, "hash_signature": "c9ba6415776c8941", "sequence_str": "REMESH -> RA -> ZHIR -> OZ"}