{"sequence": ["ZHIR", "SHA"], "coherence_change": 0.0, "sense_index_change": -0.010805963804914387, "phi_s_change": 0.0, "grad_phi_change": 0.10055552492905107, "k_phi_change": -0.0386247214629018, "xi_c_change": 0.0, "phase_sync_change": -0.027164045723366503, "epi_magnitude_change": 0.0, "hash_signature": "eff916442d21438c", "sequence_str": "ZHIR -> SHA"}