{"sequence": ["NAV", "NUL", "UM", "OZ"], "coherence_change": -0.009839252506640972, "sense_index_change": -0.0111891507968217, "phi_s_change": -0.08327724407765169, "grad_phi_change": 0.1063235942931735, "k_phi_change": 0.21253864022103386, "xi_c_change": 0.0, "phase_sync_change": -0.03732236066080541, "epi_magnitude_change": -0.011153284487495974, "hash_signature": "30ae289dafaf6539", "sequence_str": "NAV -> NUL -> UM -> OZ"}