{"sequence": ["OZ", "NAV", "EN", "OZ", "ZHIR", "NAV"], "coherence_change": -0.0272382365205025, "sense_index_change": 0.018702199248742724, "phi_s_change": -0.1696346776960771, "grad_phi_change": -0.029517433641299107, "k_phi_change": -0.04563681885718979, "xi_c_change": 0.0, "phase_sync_change": 0.010001288084058979, "epi_magnitude_change": 0.0, "hash_signature": "c515788eaf64990b", "sequence_str": "OZ -> NAV -> EN -> OZ -> ZHIR -> NAV"}