{"sequence": ["NUL", "SHA", "ZHIR", "REMESH"], "coherence_change": 0.0, "sense_index_change": 0.005594433355438633, "phi_s_change": 0.0, "grad_phi_change": -0.03052374644660283, "k_phi_change": 0.00835230275815188, "xi_c_change": 0.0, "phase_sync_change": 0.013575709242277911, "epi_magnitude_change": -0.007642538561749013, "hash_signature": "61820d350f5ec9a4", "sequence_str": "NUL -> SHA -> ZHIR -> REMESH"}