{"sequence": ["NAV", "VAL", "UM", "NAV"], "coherence_change": 0.0, "sense_index_change": -0.0006571310114210638, "phi_s_change": 0.0, "grad_phi_change": 0.0005177846337387493, "k_phi_change": 0.22016836442728085, "xi_c_change": 0.0, "phase_sync_change": -0.008135939975524198, "epi_magnitude_change": 0.017323261248688215, "hash_signature": "abc3bafff3a41e71", "sequence_str": "NAV -> VAL -> UM -> NAV"}