{"sequence": ["NAV", "THOL", "IL", "AL", "EN", "OZ"], "coherence_change": -6.227851664541983e-05, "sense_index_change": 0.006833275533817185, "phi_s_change": 0.021920318944086303, "grad_phi_change": 0.0, "k_phi_change": 0.0, "xi_c_change": 0.0, "phase_sync_change": 0.0, "epi_magnitude_change": -0.00010504622129892116, "hash_signature": "4616d76c7d2e52fe", "sequence_str": "NAV -> THOL -> IL -> AL -> EN -> OZ"}