{"sequence": ["RA", "OZ", "RA", "OZ"], "coherence_change": -0.01904122959234511, "sense_index_change": 0.0485691727155767, "phi_s_change": -0.14109911826958865, "grad_phi_change": -0.15847974617946048, "k_phi_change": 0.06288384496412164, "xi_c_change": 0.0, "phase_sync_change": 0.045591724976468795, "epi_magnitude_change": 0.0, "hash_signature": "d8f372721b06338b", "sequence_str": "RA -> OZ -> RA -> OZ"}