{"sequence": ["AL", "AL", "OZ", "SHA", "SHA"], "coherence_change": -0.016197718081665258, "sense_index_change": -0.018512662548255898, "phi_s_change": -0.10735383537291998, "grad_phi_change": 0.0, "k_phi_change": 0.0, "xi_c_change": 0.0, "phase_sync_change": 0.0, "epi_magnitude_change": -0.009226227651515706, "hash_signature": "51932e33ab62390e", "sequence_str": "AL -> AL -> OZ -> SHA -> SHA"}