{"sequence": ["VAL", "NUL", "AL", "EN", "OZ"], "coherence_change": -0.010180816955156935, "sense_index_change": -0.01270631509659026, "phi_s_change": -0.008883095274072161, "grad_phi_change": 0.0, "k_phi_change": 0.0, "xi_c_change": 0.0, "phase_sync_change": 0.0, "epi_magnitude_change": 0.0023956846795122333, "hash_signature": "ab22050dc9e701f4", "sequence_str": "VAL -> NUL -> AL -> EN -> OZ"}