{"sequence": ["THOL", "RA", "VAL", "REMESH"], "coherence_change": 0.004398131611568323, "sense_index_change": -0.0017400921966361782, "phi_s_change": -0.027557555915552423, "grad_phi_change": 0.011267910593336428, "k_phi_change": 0.004234585428099014, "xi_c_change": 0.0, "phase_sync_change": -0.013048086074579857, "epi_magnitude_change": 0.010278286119529412, "hash_signature": "b96949b7ea9c1bad", "sequence_str": "THOL -> RA -> VAL -> REMESH"}