{"sequence": ["REMESH", "REMESH", "OZ", "UM", "NUL", "NAV"], "coherence_change": -0.01763780542866633, "sense_index_change": 0.0225513642915377, "phi_s_change": -0.14755117405453733, "grad_phi_change": -0.03074573756709542, "k_phi_change": 0.27778483603597504, "xi_c_change": 0.0, "phase_sync_change": 0.014959957726418671, "epi_magnitude_change": -0.013628789777226924, "hash_signature": "7645e7a9abe54dd5", "sequence_str": "REMESH -> REMESH -> OZ -> UM -> NUL -> NAV"}