{"sequence": ["AL", "NUL", "THOL", "NUL", "REMESH"], "coherence_change": 0.005592404238056514, "sense_index_change": 0.0068396903972296474, "phi_s_change": -0.003614034270144728, "grad_phi_change": 0.0, "k_phi_change": 0.0, "xi_c_change": 0.0, "phase_sync_change": 0.0, "epi_magnitude_change": -0.0399230902431712, "hash_signature": "647ba7564f34a177", "sequence_str": "AL -> NUL -> THOL -> NUL -> REMESH"}