{"sequence": ["SHA", "NUL", "VAL", "RA", "NAV"], "coherence_change": 0.0, "sense_index_change": -0.001374241931006881, "phi_s_change": 0.0, "grad_phi_change": -0.029957581728667027, "k_phi_change": 0.08577744904306986, "xi_c_change": 0.0, "phase_sync_change": 0.008690575599624606, "epi_magnitude_change": -0.002427060597913089, "hash_signature": "34db80807b48c8cd", "sequence_str": "SHA -> NUL -> VAL -> RA -> NAV"}