{"sequence": ["REMESH", "REMESH", "NAV", "IL", "UM", "NAV"], "coherence_change": 0.007145943581009395, "sense_index_change": 0.026187760716611108, "phi_s_change": 0.03605787640262392, "grad_phi_change": -0.09880739326125587, "k_phi_change": 0.08280966920960842, "xi_c_change": 0.0, "phase_sync_change": 0.03689518311436768, "epi_magnitude_change": 0.002628202440789984, "hash_signature": "8240ed8b31c419ec", "sequence_str": "REMESH -> REMESH -> NAV -> IL -> UM -> NAV"}