{"sequence": ["AL", "VAL", "THOL", "ZHIR", "NAV"], "coherence_change": 0.005027365646897097, "sense_index_change": 0.012891388217400102, "phi_s_change": -0.0305804002173804, "grad_phi_change": 0.00941176224989837, "k_phi_change": 0.16146591245074257, "xi_c_change": 0.0, "phase_sync_change": 0.0008100049166963608, "epi_magnitude_change": 0.02113702671657558, "hash_signature": "1c79e2b05e961e59", "sequence_str": "AL -> VAL -> THOL -> ZHIR -> NAV"}