{"sequence": ["REMESH", "VAL", "THOL", "RA", "OZ"], "coherence_change": -0.006784558913952798, "sense_index_change": 0.013893514082914393, "phi_s_change": 0.15508425986906726, "grad_phi_change": -0.0367354596048628, "k_phi_change": 0.20233855797999817, "xi_c_change": 0.0, "phase_sync_change": 0.003404277666866351, "epi_magnitude_change": 0.013397751141274727, "hash_signature": "3f13c0a4bfa467fe", "sequence_str": "REMESH -> VAL -> THOL -> RA -> OZ"}