{"sequence": ["AL", "ZHIR", "ZHIR", "OZ", "IL", "REMESH"], "coherence_change": -0.0028046696845469565, "sense_index_change": 0.008415003069572435, "phi_s_change": 0.060160776273978755, "grad_phi_change": 0.002939456585704381, "k_phi_change": -0.20784790285953048, "xi_c_change": 0.0, "phase_sync_change": -0.0021871814813493318, "epi_magnitude_change": 0.00868327553698145, "hash_signature": "aa307f3c161e4763", "sequence_str": "AL -> ZHIR -> ZHIR -> OZ -> IL -> REMESH"}