{"sequence": ["NAV", "IL", "NUL", "REMESH"], "coherence_change": 0.008557944599995038, "sense_index_change": 0.005996309753969253, "phi_s_change": 0.02895555727234722, "grad_phi_change": 0.0, "k_phi_change": 0.0, "xi_c_change": 0.0, "phase_sync_change": 0.0, "epi_magnitude_change": -0.011968943758197459, "hash_signature": "44f2132bbf2ec8da", "sequence_str": "NAV -> IL -> NUL -> REMESH"}