{"sequence": ["IL", "SHA", "REMESH"], "coherence_change": 0.007249524849443967, "sense_index_change": 0.011215189209243914, "phi_s_change": -0.0077682103666936175, "grad_phi_change": 0.0, "k_phi_change": 0.0, "xi_c_change": 0.0, "phase_sync_change": 0.0, "epi_magnitude_change": 0.0012218321231936002, "hash_signature": "746a83636adf2e05", "sequence_str": "IL -> SHA -> REMESH"}