{"sequence": ["THOL", "UM", "AL", "ZHIR", "UM", "SHA"], "coherence_change": 0.006253649539023298, "sense_index_change": 0.019020244860449842, "phi_s_change": 0.014862093460950021, "grad_phi_change": -0.000896363132631528, "k_phi_change": 0.32988530961850787, "xi_c_change": 0.0, "phase_sync_change": -0.0010747182345109962, "epi_magnitude_change": -0.003652627908423578, "hash_signature": "ec083e01ee91241a", "sequence_str": "THOL -> UM -> AL -> ZHIR -> UM -> SHA"}