{"sequence": ["VAL", "NAV", "THOL", "IL", "OZ"], "coherence_change": -0.0020018182520725736, "sense_index_change": 0.005234617113600404, "phi_s_change": -0.1507697481359812, "grad_phi_change": 0.0, "k_phi_change": 0.0, "xi_c_change": 0.0, "phase_sync_change": 0.0, "epi_magnitude_change": 0.012460582412691434, "hash_signature": "52546b725789f4aa", "sequence_str": "VAL -> NAV -> THOL -> IL -> OZ"}