{"sequence": ["REMESH", "RA", "REMESH", "IL", "OZ"], "coherence_change": -0.00596662847352547, "sense_index_change": 0.03956816322431367, "phi_s_change": 0.010205243717994028, "grad_phi_change": -0.1811499488817696, "k_phi_change": -0.17510150389673018, "xi_c_change": 0.0, "phase_sync_change": 0.05996604870684019, "epi_magnitude_change": 0.0027083777972809475, "hash_signature": "d66ea7bd52b9b580", "sequence_str": "REMESH -> RA -> REMESH -> IL -> OZ"}