{"sequence": ["ZHIR", "NAV", "THOL", "UM", "RA", "REMESH"], "coherence_change": 0.003570253782406718, "sense_index_change": 0.0419187429068556, "phi_s_change": 0.013995641247992685, "grad_phi_change": -0.22543742944099443, "k_phi_change": 0.5208505699585326, "xi_c_change": 0.0, "phase_sync_change": 0.06944926414298458, "epi_magnitude_change": 0.0015256950902032829, "hash_signature": "409fafacc2441437", "sequence_str": "ZHIR -> NAV -> THOL -> UM -> RA -> REMESH"}