{"sequence": ["THOL", "ZHIR", "VAL", "OZ"], "coherence_change": -0.011203012175422522, "sense_index_change": 0.00632150170627066, "phi_s_change": -0.11031494566269373, "grad_phi_change": 0.039189362982029685, "k_phi_change": 0.23783326094529844, "xi_c_change": 0.0, "phase_sync_change": -0.010919601397577416, "epi_magnitude_change": 0.016170451949388043, "hash_signature": "92431473ee918761", "sequence_str": "THOL -> ZHIR -> VAL -> OZ"}