{"sequence": ["AL", "OZ"], "coherence_change": -0.012529381027702291, "sense_index_change": 0.01246410498266759, "phi_s_change": -0.17928917056463023, "grad_phi_change": 0.0, "k_phi_change": 0.0, "xi_c_change": 0.0, "phase_sync_change": 0.0, "epi_magnitude_change": 0.0012696362926168936, "hash_signature": "3aaa4c35e951ba7a", "sequence_str": "AL -> OZ"}