{"sequence": ["AL", "OZ", "UM", "REMESH"], "coherence_change": -0.008196501900482045, "sense_index_change": 0.01033882742501302, "phi_s_change": -0.05865473359962692, "grad_phi_change": -0.012736288292377607, "k_phi_change": 0.12329321850783835, "xi_c_change": 0.0, "phase_sync_change": -0.0013240322401463223, "epi_magnitude_change": 0.0024592340567042292, "hash_signature": "586c315c1bae8a94", "sequence_str": "AL -> OZ -> UM -> REMESH"}