{"sequence": ["UM", "REMESH"], "coherence_change": 0.0, "sense_index_change": -0.003906320102300853, "phi_s_change": 0.0, "grad_phi_change": 0.0002833565516369152, "k_phi_change": 0.2774392984226558, "xi_c_change": 0.0, "phase_sync_change": -0.0019092578207262623, "epi_magnitude_change": 0.0014732584171562868, "hash_signature": "12dd65ca52a3775c", "sequence_str": "UM -> REMESH"}