{"sequence": ["REMESH", "NUL", "RA", "SHA", "SHA"], "coherence_change": 0.0, "sense_index_change": -0.022356090852031885, "phi_s_change": 0.0, "grad_phi_change": 0.06475306027117833, "k_phi_change": -0.3001467550661792, "xi_c_change": 0.0, "phase_sync_change": -0.029334571402107268, "epi_magnitude_change": -0.012499100260016993, "hash_signature": "a38c5dd284d35d3d", "sequence_str": "REMESH -> NUL -> RA -> SHA -> SHA"}