{"sequence": ["REMESH", "ZHIR", "OZ", "REMESH", "THOL", "REMESH"], "coherence_change": -0.0030459623300285177, "sense_index_change": -0.009084497316533213, "phi_s_change": -0.024342321373890474, "grad_phi_change": -0.04030629340886005, "k_phi_change": -0.028708034932540982, "xi_c_change": 0.0, "phase_sync_change": 0.00803440808584377, "epi_magnitude_change": 0.0041454572990919925, "hash_signature": "55da779e690ccc7a", "sequence_str": "REMESH -> ZHIR -> OZ -> REMESH -> THOL -> REMESH"}