{"sequence": ["NUL", "VAL", "VAL", "VAL", "RA", "OZ"], "coherence_change": -0.016056034221933246, "sense_index_change": 0.043181496726355184, "phi_s_change": -0.025142685725367153, "grad_phi_change": -0.13192720768022093, "k_phi_change": 0.32940094044072765, "xi_c_change": 0.0, "phase_sync_change": 0.042029970801776284, "epi_magnitude_change": 0.024248479374157972, "hash_signature": "040278d3337ec2d5", "sequence_str": "NUL -> VAL -> VAL -> VAL -> RA -> OZ"}