{"sequence": ["SHA", "SHA", "REMESH", "UM", "SHA"], "coherence_change": 0.0, "sense_index_change": -0.022021015540380107, "phi_s_change": 0.0, "grad_phi_change": 0.09601622989252356, "k_phi_change": 0.21369138711451274, "xi_c_change": 0.0, "phase_sync_change": -0.034263089800033564, "epi_magnitude_change": 0.0012305743205883735, "hash_signature": "6b02016163126beb", "sequence_str": "SHA -> SHA -> REMESH -> UM -> SHA"}