{"sequence": ["REMESH", "OZ"], "coherence_change": -0.012328862265733154, "sense_index_change": -0.008897541853360003, "phi_s_change": 0.0019765436465341013, "grad_phi_change": 0.0, "k_phi_change": 0.0, "xi_c_change": 0.0, "phase_sync_change": 0.0, "epi_magnitude_change": 0.0013097180961423316, "hash_signature": "69638c1db701082c", "sequence_str": "REMESH -> OZ"}