{"sequence": ["UM", "EN", "THOL", "REMESH"], "coherence_change": 0.004363430991487283, "sense_index_change": 0.02810002231133424, "phi_s_change": 0.014939413004984914, "grad_phi_change": -0.11122293517849324, "k_phi_change": -0.051113513179175285, "xi_c_change": 0.0, "phase_sync_change": 0.032286885762060735, "epi_magnitude_change": 0.00152940175902605, "hash_signature": "f767d3e0430e508c", "sequence_str": "UM -> EN -> THOL -> REMESH"}