{"sequence": ["AL", "THOL", "RA", "NUL", "SHA"], "coherence_change": 0.004273904172559684, "sense_index_change": 0.029278942777028027, "phi_s_change": 0.055892797065261624, "grad_phi_change": -0.15865707250260863, "k_phi_change": -0.021055404085822294, "xi_c_change": 0.0, "phase_sync_change": 0.05277250277670609, "epi_magnitude_change": -0.013249372896968814, "hash_signature": "1b6d869ba482ac50", "sequence_str": "AL -> THOL -> RA -> NUL -> SHA"}