{"sequence": ["NAV", "IL", "SHA", "ZHIR", "THOL", "OZ"], "coherence_change": -0.0020280365193460215, "sense_index_change": -0.016664204551100847, "phi_s_change": 0.15536637230035244, "grad_phi_change": -0.024212531564695716, "k_phi_change": 0.05311772224487901, "xi_c_change": 0.0, "phase_sync_change": 0.010389298480690257, "epi_magnitude_change": 0.0, "hash_signature": "36aecfd7c521b67b", "sequence_str": "NAV -> IL -> SHA -> ZHIR -> THOL -> OZ"}