{"sequence": ["NUL", "IL", "VAL", "REMESH"], "coherence_change": 0.008251695851442475, "sense_index_change": -0.0075393764252332796, "phi_s_change": 0.04268340432227147, "grad_phi_change": 0.0, "k_phi_change": 0.0, "xi_c_change": 0.0, "phase_sync_change": 0.0, "epi_magnitude_change": -0.005085582118078413, "hash_signature": "7e6087dd81784c83", "sequence_str": "NUL -> IL -> VAL -> REMESH"}