{"sequence": ["IL", "NAV", "NUL", "THOL", "ZHIR", "NAV"], "coherence_change": 0.012629253963276854, "sense_index_change": 0.00031033490345466763, "phi_s_change": 0.049018125594400996, "grad_phi_change": -0.032199904448025896, "k_phi_change": -0.15788118119213368, "xi_c_change": 0.0, "phase_sync_change": 0.011770494273318333, "epi_magnitude_change": -0.012399290046803846, "hash_signature": "591c5e3fbbd8981e", "sequence_str": "IL -> NAV -> NUL -> THOL -> ZHIR -> NAV"}