{"sequence": ["AL", "OZ", "NAV", "AL", "ZHIR", "NAV"], "coherence_change": -0.017946526290718245, "sense_index_change": 0.013193069017103043, "phi_s_change": -0.09452286769261964, "grad_phi_change": -0.028148581050389643, "k_phi_change": -0.038692160337003956, "xi_c_change": 0.0, "phase_sync_change": 0.011038766672894496, "epi_magnitude_change": 0.01704555984200873, "hash_signature": "10133e4482ab0f8a", "sequence_str": "AL -> OZ -> NAV -> AL -> ZHIR -> NAV"}