{"sequence": ["REMESH", "SHA", "NAV", "UM", "SHA"], "coherence_change": 0.0, "sense_index_change": 0.027023391780276684, "phi_s_change": 0.0, "grad_phi_change": -0.19697009348432393, "k_phi_change": -0.2950532587195885, "xi_c_change": 0.0, "phase_sync_change": 0.06188433410356342, "epi_magnitude_change": 0.0011930880947189637, "hash_signature": "71e4bacc04080116", "sequence_str": "REMESH -> SHA -> NAV -> UM -> SHA"}