{"sequence": ["SHA", "UM", "VAL", "THOL", "IL", "NAV"], "coherence_change": 0.016162310251097933, "sense_index_change": -0.01853669316189871, "phi_s_change": 0.0014047299922411716, "grad_phi_change": 0.09615702067275134, "k_phi_change": 0.20947064309230232, "xi_c_change": 0.0, "phase_sync_change": -0.03292743538990006, "epi_magnitude_change": 0.018348854255644143, "hash_signature": "0f80e008a173b51e", "sequence_str": "SHA -> UM -> VAL -> THOL -> IL -> NAV"}