{"sequence": ["VAL", "OZ"], "coherence_change": -0.009749456938800694, "sense_index_change": -0.007010065135541699, "phi_s_change": 0.020427123336674624, "grad_phi_change": 0.0, "k_phi_change": 0.0, "xi_c_change": 0.0, "phase_sync_change": 0.0, "epi_magnitude_change": 0.017428270656715816, "hash_signature": "d46d651924e8c206", "sequence_str": "VAL -> OZ"}