{"sequence": ["THOL", "UM", "AL", "SHA", "NAV"], "coherence_change": 0.006605558578794302, "sense_index_change": -0.009083615513179877, "phi_s_change": 0.027403397574696786, "grad_phi_change": 0.09503061722864548, "k_phi_change": 0.1718829834901724, "xi_c_change": 0.0, "phase_sync_change": -0.03270353543637672, "epi_magnitude_change": -0.00042992940757047293, "hash_signature": "33c51ef94f225415", "sequence_str": "THOL -> UM -> AL -> SHA -> NAV"}