{"sequence": ["THOL", "UM", "AL", "NAV"], "coherence_change": 0.004924964498645212, "sense_index_change": 0.013254840331273221, "phi_s_change": 0.013001053058175227, "grad_phi_change": -0.12774389235854722, "k_phi_change": 0.05723690459666256, "xi_c_change": 0.0, "phase_sync_change": 0.03456925665710597, "epi_magnitude_change": 0.0095673140442335, "hash_signature": "6430de487d993363", "sequence_str": "THOL -> UM -> AL -> NAV"}