{"sequence": ["NAV", "AL", "RA", "ZHIR", "AL", "REMESH"], "coherence_change": 0.0, "sense_index_change": 0.03104772692649793, "phi_s_change": 0.0, "grad_phi_change": -0.19665871640025934, "k_phi_change": 0.12970766018587698, "xi_c_change": 0.0, "phase_sync_change": 0.06362387726281937, "epi_magnitude_change": 0.004462267288957378, "hash_signature": "712496b9f09c0c49", "sequence_str": "NAV -> AL -> RA -> ZHIR -> AL -> REMESH"}