{"sequence": ["REMESH", "RA", "NUL", "IL", "SHA"], "coherence_change": 0.00619799424688694, "sense_index_change": 0.0023336729266171252, "phi_s_change": -0.006356316757736846, "grad_phi_change": 0.026010211538684658, "k_phi_change": 0.4336875762590749, "xi_c_change": 0.0, "phase_sync_change": -0.01595100076911249, "epi_magnitude_change": -0.02319194463356644, "hash_signature": "1c106ecbedcf231a", "sequence_str": "REMESH -> RA -> NUL -> IL -> SHA"}