{"sequence": ["AL", "SHA", "AL", "OZ"], "coherence_change": -0.016783519531769153, "sense_index_change": 0.008509914074437908, "phi_s_change": -0.18638604364434463, "grad_phi_change": 0.0, "k_phi_change": 0.0, "xi_c_change": 0.0, "phase_sync_change": 0.0, "epi_magnitude_change": -0.008128423816538, "hash_signature": "5fa92f8097a67fc7", "sequence_str": "AL -> SHA -> AL -> OZ"}