{"sequence": ["SHA", "REMESH", "NAV", "IL", "RA", "SHA"], "coherence_change": 0.007978247784984682, "sense_index_change": 0.02695851887072087, "phi_s_change": 0.0377257520112495, "grad_phi_change": 0.03801890636106808, "k_phi_change": 0.4152568341040145, "xi_c_change": 0.0, "phase_sync_change": -0.017646355553853965, "epi_magnitude_change": 0.0015525311264422692, "hash_signature": "e323e70d76173088", "sequence_str": "SHA -> REMESH -> NAV -> IL -> RA -> SHA"}