{"sequence": ["REMESH", "IL", "RA", "EN", "OZ"], "coherence_change": -8.759885119336008e-05, "sense_index_change": 0.01035306536085312, "phi_s_change": 0.11128867628464811, "grad_phi_change": -0.10272279597505407, "k_phi_change": 0.35544145906876345, "xi_c_change": 0.0, "phase_sync_change": 0.028245591794376135, "epi_magnitude_change": 0.0013965441591780037, "hash_signature": "b80526456ef8bc95", "sequence_str": "REMESH -> IL -> RA -> EN -> OZ"}