{"sequence": ["SHA", "RA", "SHA", "VAL", "OZ"], "coherence_change": -0.010721306742123238, "sense_index_change": -0.02597653867792543, "phi_s_change": -0.09531344872784231, "grad_phi_change": 0.07451179026009336, "k_phi_change": -0.0679224825265442, "xi_c_change": 0.0, "phase_sync_change": -0.037413089156223545, "epi_magnitude_change": 0.008462124772701585, "hash_signature": "143a5cff0c539a30", "sequence_str": "SHA -> RA -> SHA -> VAL -> OZ"}