{"sequence": ["AL", "EN", "UM", "NAV"], "coherence_change": 0.0, "sense_index_change": 0.022134660047871457, "phi_s_change": 0.0, "grad_phi_change": -0.16306588151311208, "k_phi_change": 0.28140987730515366, "xi_c_change": 0.0, "phase_sync_change": 0.05104265336554603, "epi_magnitude_change": -0.011392841859701464, "hash_signature": "3d894b89b7c9e5b3", "sequence_str": "AL -> EN -> UM -> NAV"}