{"sequence": ["IL", "UM", "OZ", "NAV", "REMESH"], "coherence_change": -0.006151632258903028, "sense_index_change": 0.031226357033613872, "phi_s_change": -0.0104610085663146, "grad_phi_change": -0.21116227596821013, "k_phi_change": 0.30075081695001016, "xi_c_change": 0.0, "phase_sync_change": 0.06702104958117949, "epi_magnitude_change": 0.001321359329249372, "hash_signature": "934e717df0d83c21", "sequence_str": "IL -> UM -> OZ -> NAV -> REMESH"}