{"sequence": ["UM", "NAV"], "coherence_change": 0.0, "sense_index_change": 0.03462248137899315, "phi_s_change": 0.0, "grad_phi_change": -0.24447036847672732, "k_phi_change": 0.29448309447668863, "xi_c_change": 0.0, "phase_sync_change": 0.07465732583836215, "epi_magnitude_change": 0.0, "hash_signature": "626e98bbbf977816", "sequence_str": "UM -> NAV"}