{"sequence": ["IL", "UM", "SHA", "UM", "OZ"], "coherence_change": -0.003761225376293642, "sense_index_change": 0.07732540845336655, "phi_s_change": 0.02216671527776526, "grad_phi_change": -0.45246468624525726, "k_phi_change": -0.05460332806991222, "xi_c_change": 0.0, "phase_sync_change": 0.15892542148752165, "epi_magnitude_change": 0.0, "hash_signature": "c91c178de5b18758", "sequence_str": "IL -> UM -> SHA -> UM -> OZ"}