{"sequence": ["EN", "ZHIR", "NAV", "THOL", "REMESH"], "coherence_change": 0.0036423566304053523, "sense_index_change": -0.002613772165702133, "phi_s_change": 0.01575679938997332, "grad_phi_change": 0.019277473253579203, "k_phi_change": 0.27369834408764865, "xi_c_change": 0.0, "phase_sync_change": -0.004595789241397696, "epi_magnitude_change": 0.0012463023763780168, "hash_signature": "3c1a33a5fddafb8a", "sequence_str": "EN -> ZHIR -> NAV -> THOL -> REMESH"}