{"sequence": ["NAV", "THOL", "VAL", "THOL", "OZ"], "coherence_change": -0.0005301416639568179, "sense_index_change": 0.03234162203359037, "phi_s_change": -0.07246747073173132, "grad_phi_change": 0.0, "k_phi_change": 0.0, "xi_c_change": 0.0, "phase_sync_change": 0.0, "epi_magnitude_change": 0.01742156399100725, "hash_signature": "390b5714662deddc", "sequence_str": "NAV -> THOL -> VAL -> THOL -> OZ"}