{"sequence": ["NUL", "ZHIR", "VAL", "SHA"], "coherence_change": 0.0, "sense_index_change": -0.0013025665568960898, "phi_s_change": 0.0, "grad_phi_change": -0.011211414070805503, "k_phi_change": -0.22421895132677766, "xi_c_change": 0.0, "phase_sync_change": 0.0041427255586831135, "epi_magnitude_change": -0.0001746485168833134, "hash_signature": "5420142dd4a227b0", "sequence_str": "NUL -> ZHIR -> VAL -> SHA"}