{"sequence": ["RA", "ZHIR", "AL", "OZ"], "coherence_change": -0.013315105871787192, "sense_index_change": 0.021033765839442053, "phi_s_change": -0.09336655553760975, "grad_phi_change": -0.04406187491511204, "k_phi_change": 0.10102013002614198, "xi_c_change": 0.0, "phase_sync_change": 0.007549795222436262, "epi_magnitude_change": -0.0009243990595532159, "hash_signature": "5597d43b8c6212e8", "sequence_str": "RA -> ZHIR -> AL -> OZ"}