{"sequence": ["RA", "OZ", "EN", "REMESH"], "coherence_change": -0.010800339480816934, "sense_index_change": -0.007767428571776147, "phi_s_change": -0.017407947989047656, "grad_phi_change": -0.007713433263774716, "k_phi_change": 0.590323923421016, "xi_c_change": 0.0, "phase_sync_change": -0.0001825147932330573, "epi_magnitude_change": 0.0017875634414085129, "hash_signature": "23e17d4b97fb4334", "sequence_str": "RA -> OZ -> EN -> REMESH"}