{"sequence": ["THOL", "IL", "REMESH", "SHA"], "coherence_change": 0.01315245428186762, "sense_index_change": 0.004951313365732735, "phi_s_change": 0.12757785955874745, "grad_phi_change": 0.0, "k_phi_change": 0.0, "xi_c_change": 0.0, "phase_sync_change": 0.0, "epi_magnitude_change": 0.0013840074113343759, "hash_signature": "f9b603de82c8de46", "sequence_str": "THOL -> IL -> REMESH -> SHA"}