{"sequence": ["RA", "IL", "AL", "RA", "NAV"], "coherence_change": 0.008040608623263168, "sense_index_change": 0.042040238562159105, "phi_s_change": 0.04357891492457988, "grad_phi_change": -0.21696132521426015, "k_phi_change": -0.15437582219007334, "xi_c_change": 0.0, "phase_sync_change": 0.06503124564080942, "epi_magnitude_change": 0.008357438144636409, "hash_signature": "b0b572e51d63d6bd", "sequence_str": "RA -> IL -> AL -> RA -> NAV"}