{"sequence": ["NAV", "RA", "UM", "ZHIR", "NUL", "REMESH"], "coherence_change": 0.0, "sense_index_change": 0.04154434643151772, "phi_s_change": 0.0, "grad_phi_change": -0.20045418397166626, "k_phi_change": -0.13921955391305663, "xi_c_change": 0.0, "phase_sync_change": 0.06201586187678776, "epi_magnitude_change": -0.009263085631144419, "hash_signature": "fe984485915a485a", "sequence_str": "NAV -> RA -> UM -> ZHIR -> NUL -> REMESH"}