{"sequence": ["AL", "NUL", "UM", "VAL", "REMESH"], "coherence_change": 0.0, "sense_index_change": -0.0019908019526339027, "phi_s_change": 0.0, "grad_phi_change": 0.015716272994511282, "k_phi_change": -0.24904679964114695, "xi_c_change": 0.0, "phase_sync_change": -0.018324573866871474, "epi_magnitude_change": -0.006398122428643016, "hash_signature": "ffabc835a772a785", "sequence_str": "AL -> NUL -> UM -> VAL -> REMESH"}