{"sequence": ["ZHIR", "NUL", "THOL", "IL", "SHA"], "coherence_change": 0.013535338610400571, "sense_index_change": -0.0053033475263306595, "phi_s_change": 0.08666072395359314, "grad_phi_change": 0.002404887761261465, "k_phi_change": 0.1439299471587498, "xi_c_change": 0.0, "phase_sync_change": 0.0002694589578858819, "epi_magnitude_change": -0.020739199319108947, "hash_signature": "e59bde918cb35d88", "sequence_str": "ZHIR -> NUL -> THOL -> IL -> SHA"}