{"sequence": ["IL", "ZHIR", "RA", "UM", "VAL", "NAV"], "coherence_change": 0.006689576409921183, "sense_index_change": 0.05055608666676226, "phi_s_change": 0.0764831067686812, "grad_phi_change": -0.22664890904463952, "k_phi_change": 0.01750966717388494, "xi_c_change": 0.0, "phase_sync_change": 0.08118755255124721, "epi_magnitude_change": 0.020688735833418348, "hash_signature": "99c8bf1c18f74cd5", "sequence_str": "IL -> ZHIR -> RA -> UM -> VAL -> NAV"}