{"sequence": ["RA", "REMESH", "OZ", "EN", "REMESH"], "coherence_change": -0.008790756253512111, "sense_index_change": 0.011594837596342944, "phi_s_change": 0.012432379846544661, "grad_phi_change": 0.0002150821102187006, "k_phi_change": 0.6457975159928054, "xi_c_change": 0.0, "phase_sync_change": -0.005924118796803102, "epi_magnitude_change": 0.002982131612441208, "hash_signature": "8dec191d7112dfd0", "sequence_str": "RA -> REMESH -> OZ -> EN -> REMESH"}