{"sequence": ["AL", "NUL", "THOL", "AL", "REMESH"], "coherence_change": 0.00615790401766092, "sense_index_change": -0.0036931217362274893, "phi_s_change": 0.01866892008402954, "grad_phi_change": 0.0, "k_phi_change": 0.0, "xi_c_change": 0.0, "phase_sync_change": 0.0, "epi_magnitude_change": -0.010408130467998045, "hash_signature": "9c6bc0f913e12672", "sequence_str": "AL -> NUL -> THOL -> AL -> REMESH"}