{"sequence": ["ZHIR", "THOL", "SHA"], "coherence_change": 0.005300235763054051, "sense_index_change": 0.01687541668764192, "phi_s_change": 0.022717861375301518, "grad_phi_change": -0.029628931581139106, "k_phi_change": 0.16589036426442763, "xi_c_change": 0.0, "phase_sync_change": 0.011412116284566176, "epi_magnitude_change": 0.0, "hash_signature": "d81534ae7828007d", "sequence_str": "ZHIR -> THOL -> SHA"}