{"sequence": ["REMESH", "NUL", "ZHIR", "ZHIR", "REMESH"], "coherence_change": 0.0, "sense_index_change": 0.009385577085834984, "phi_s_change": 0.0, "grad_phi_change": -0.029284193297229866, "k_phi_change": 0.39882950785252025, "xi_c_change": 0.0, "phase_sync_change": 0.01115860619569875, "epi_magnitude_change": -0.010730025337611138, "hash_signature": "2d238bbc1aa29472", "sequence_str": "REMESH -> NUL -> ZHIR -> ZHIR -> REMESH"}