{"sequence": ["AL", "REMESH", "ZHIR", "NAV"], "coherence_change": 0.0, "sense_index_change": 0.028202555168152288, "phi_s_change": 0.0, "grad_phi_change": -0.09235942689229115, "k_phi_change": -0.057489489926466575, "xi_c_change": 0.0, "phase_sync_change": 0.03193172685042678, "epi_magnitude_change": 0.005615426224754305, "hash_signature": "dce107b4cd07ca47", "sequence_str": "AL -> REMESH -> ZHIR -> NAV"}