{"sequence": ["IL", "REMESH", "EN", "ZHIR", "NUL", "REMESH"], "coherence_change": 0.0070255411332271755, "sense_index_change": 0.013494911456473302, "phi_s_change": -0.018706075854795223, "grad_phi_change": -0.029361558006428812, "k_phi_change": 0.04455546304727015, "xi_c_change": 0.0, "phase_sync_change": 0.009729383033375782, "epi_magnitude_change": -0.017257316126342404, "hash_signature": "e92ebb739100818a", "sequence_str": "IL -> REMESH -> EN -> ZHIR -> NUL -> REMESH"}