{"sequence": ["NAV", "SHA", "NUL", "IL", "NAV"], "coherence_change": 0.008119194920311212, "sense_index_change": 0.0030874286083676372, "phi_s_change": -0.004594931912986655, "grad_phi_change": 0.0, "k_phi_change": 0.0, "xi_c_change": 0.0, "phase_sync_change": 0.0, "epi_magnitude_change": -0.009171728303478788, "hash_signature": "c2845cc01bc8cc96", "sequence_str": "NAV -> SHA -> NUL -> IL -> NAV"}