{"sequence": ["IL", "UM", "SHA"], "coherence_change": 0.007469346081400152, "sense_index_change": 0.0386992294219215, "phi_s_change": 0.12077574660555723, "grad_phi_change": -0.24681786925009064, "k_phi_change": 0.05016641159363555, "xi_c_change": 0.0, "phase_sync_change": 0.07621035906786056, "epi_magnitude_change": 0.0, "hash_signature": "23593d19d0017053", "sequence_str": "IL -> UM -> SHA"}