{"sequence": ["NUL", "RA", "VAL", "ZHIR", "OZ"], "coherence_change": -0.013023759966670378, "sense_index_change": 0.00577970658174054, "phi_s_change": -0.040581591704934694, "grad_phi_change": 0.09308871877100877, "k_phi_change": 0.2775804511985936, "xi_c_change": 0.0, "phase_sync_change": -0.037157893593525504, "epi_magnitude_change": 0.007028614923778043, "hash_signature": "8efc95e242542651", "sequence_str": "NUL -> RA -> VAL -> ZHIR -> OZ"}