{"sequence": ["AL", "AL", "RA", "SHA"], "coherence_change": 0.0, "sense_index_change": 0.011820118326525297, "phi_s_change": 0.0, "grad_phi_change": -0.007682189923999827, "k_phi_change": 0.4721023813530641, "xi_c_change": 0.0, "phase_sync_change": -0.003704591814682967, "epi_magnitude_change": 0.0026201439683681826, "hash_signature": "8952d02bab2b5457", "sequence_str": "AL -> AL -> RA -> SHA"}