{"sequence": ["AL", "SHA", "THOL", "EN", "OZ"], "coherence_change": -0.004005245080964004, "sense_index_change": 0.022066740988965106, "phi_s_change": -0.018941969709193818, "grad_phi_change": 0.0, "k_phi_change": 0.0, "xi_c_change": 0.0, "phase_sync_change": 0.0, "epi_magnitude_change": 0.0026737685577995496, "hash_signature": "563cb6d891bef409", "sequence_str": "AL -> SHA -> THOL -> EN -> OZ"}