{"sequence": ["VAL", "ZHIR", "EN", "REMESH"], "coherence_change": 0.0, "sense_index_change": -0.0026252122603350747, "phi_s_change": 0.0, "grad_phi_change": 0.015106966100594033, "k_phi_change": 0.0012263239385112978, "xi_c_change": 0.0, "phase_sync_change": -0.004268335446710125, "epi_magnitude_change": 0.020994398496085087, "hash_signature": "310b6314638541e6", "sequence_str": "VAL -> ZHIR -> EN -> REMESH"}