{"sequence": ["UM", "NUL", "THOL", "IL", "NAV"], "coherence_change": 0.013473172434712133, "sense_index_change": 0.013197588484807787, "phi_s_change": 0.12626553508198746, "grad_phi_change": -0.08387484462562522, "k_phi_change": 0.46571202533245065, "xi_c_change": 0.0, "phase_sync_change": 0.03260900339545769, "epi_magnitude_change": -0.015134875285654492, "hash_signature": "a4bc21a7cf5e6c0f", "sequence_str": "UM -> NUL -> THOL -> IL -> NAV"}