{"sequence": ["REMESH", "IL", "UM", "REMESH"], "coherence_change": 0.008728315773271489, "sense_index_change": -0.006251803425577851, "phi_s_change": 0.12359715475160804, "grad_phi_change": 0.06584198845404288, "k_phi_change": 0.19018327171115973, "xi_c_change": 0.0, "phase_sync_change": -0.028562020551868295, "epi_magnitude_change": 0.0025734112564215206, "hash_signature": "1c787838a8e683ab", "sequence_str": "REMESH -> IL -> UM -> REMESH"}