{"sequence": ["THOL", "RA", "UM", "NUL", "NAV"], "coherence_change": 0.005537886462910979, "sense_index_change": 0.013652206917524001, "phi_s_change": 0.017449403804440267, "grad_phi_change": -0.14496076809785885, "k_phi_change": 0.18540635910261688, "xi_c_change": 0.0, "phase_sync_change": 0.047012646298040695, "epi_magnitude_change": -0.01949171377056713, "hash_signature": "0731831ec45097b3", "sequence_str": "THOL -> RA -> UM -> NUL -> NAV"}