{"sequence": ["UM", "UM", "SHA", "VAL", "EN", "SHA"], "coherence_change": 0.0, "sense_index_change": 0.035594342210928054, "phi_s_change": 0.0, "grad_phi_change": -0.1582337029210139, "k_phi_change": 0.31590424931608935, "xi_c_change": 0.0, "phase_sync_change": 0.0416318142004487, "epi_magnitude_change": 0.014462961907238614, "hash_signature": "80f6b075ddbf73e5", "sequence_str": "UM -> UM -> SHA -> VAL -> EN -> SHA"}