{"sequence": ["AL", "ZHIR", "ZHIR", "VAL", "REMESH"], "coherence_change": 0.0, "sense_index_change": 0.021780313537973717, "phi_s_change": 0.0, "grad_phi_change": -0.09412445695161975, "k_phi_change": 0.013653215047003592, "xi_c_change": 0.0, "phase_sync_change": 0.03355011465444624, "epi_magnitude_change": 0.0075026877369506195, "hash_signature": "3a7c59f261574492", "sequence_str": "AL -> ZHIR -> ZHIR -> VAL -> REMESH"}