{"sequence": ["AL", "NAV", "OZ"], "coherence_change": -0.01133082894717885, "sense_index_change": 0.0020775467872100606, "phi_s_change": 0.058102707031982836, "grad_phi_change": 0.0, "k_phi_change": 0.0, "xi_c_change": 0.0, "phase_sync_change": 0.0, "epi_magnitude_change": -0.001563192319544049, "hash_signature": "60ec7e62fc7731bc", "sequence_str": "AL -> NAV -> OZ"}