{"sequence": ["OZ", "ZHIR", "NAV", "RA", "SHA"], "coherence_change": -0.013579879110569792, "sense_index_change": 0.02809376481469894, "phi_s_change": -0.037891430838999485, "grad_phi_change": -0.07400178032101357, "k_phi_change": -0.0828886842896644, "xi_c_change": 0.0, "phase_sync_change": 0.028894719750616082, "epi_magnitude_change": 0.0, "hash_signature": "72d52839a108dd34", "sequence_str": "OZ -> ZHIR -> NAV -> RA -> SHA"}