{"sequence": ["NAV", "AL", "VAL", "UM", "OZ"], "coherence_change": -0.010861792390707503, "sense_index_change": 0.04324937991778799, "phi_s_change": -0.07753072830924401, "grad_phi_change": -0.05829966825203026, "k_phi_change": 0.21619794843695078, "xi_c_change": 0.0, "phase_sync_change": 0.008765981665189826, "epi_magnitude_change": 0.020132877541842342, "hash_signature": "2d1966ed405dcde2", "sequence_str": "NAV -> AL -> VAL -> UM -> OZ"}