{"sequence": ["SHA", "OZ", "SHA", "RA", "NUL", "NAV"], "coherence_change": -0.014394797478705645, "sense_index_change": 0.0014536871802122153, "phi_s_change": -0.2267360705628042, "grad_phi_change": 0.02585966112557503, "k_phi_change": 0.520525369689268, "xi_c_change": 0.0, "phase_sync_change": -0.015968587394330713, "epi_magnitude_change": -0.013164848615958125, "hash_signature": "492d4dac339172f7", "sequence_str": "SHA -> OZ -> SHA -> RA -> NUL -> NAV"}