{"sequence": ["NUL", "AL", "OZ"], "coherence_change": -0.014179245811452024, "sense_index_change": 0.0009565101632439399, "phi_s_change": -0.10300444387561902, "grad_phi_change": 0.0, "k_phi_change": 0.0, "xi_c_change": 0.0, "phase_sync_change": 0.0, "epi_magnitude_change": -0.012405994843087687, "hash_signature": "4c40198b99c7fa24", "sequence_str": "NUL -> AL -> OZ"}