{"sequence": ["EN", "SHA", "OZ", "REMESH"], "coherence_change": -0.010728818987072453, "sense_index_change": 0.0008096128322226948, "phi_s_change": 0.12483639533540147, "grad_phi_change": 0.0, "k_phi_change": 0.0, "xi_c_change": 0.0, "phase_sync_change": 0.0, "epi_magnitude_change": 0.001271844389968746, "hash_signature": "9b06f2beffc5f594", "sequence_str": "EN -> SHA -> OZ -> REMESH"}