{"sequence": ["AL", "THOL", "SHA", "ZHIR", "NAV"], "coherence_change": 0.004201711550293696, "sense_index_change": 0.0032498683609472057, "phi_s_change": -0.012174194658528648, "grad_phi_change": 0.01957157405873078, "k_phi_change": 0.3410105170994349, "xi_c_change": 0.0, "phase_sync_change": -0.004823262913537074, "epi_magnitude_change": 0.010693377166449802, "hash_signature": "a91c27fcf3e25839", "sequence_str": "AL -> THOL -> SHA -> ZHIR -> NAV"}