{"sequence": ["UM", "RA", "UM", "OZ"], "coherence_change": -0.012673911252413017, "sense_index_change": 0.13190841699753608, "phi_s_change": -0.06963365481472084, "grad_phi_change": -0.7513734108028719, "k_phi_change": 0.22809945686150535, "xi_c_change": 0.0, "phase_sync_change": 0.2525763556968996, "epi_magnitude_change": 0.0, "hash_signature": "f2a3c32fbbfedf82", "sequence_str": "UM -> RA -> UM -> OZ"}