{"sequence": ["EN", "RA", "THOL", "AL", "EN", "NAV"], "coherence_change": 0.0058883706970750405, "sense_index_change": -0.015799401478276687, "phi_s_change": 0.033490637957193314, "grad_phi_change": 0.08629369115210839, "k_phi_change": 0.002438763494692353, "xi_c_change": 0.0, "phase_sync_change": -0.035007845733143195, "epi_magnitude_change": 0.0009896716293414931, "hash_signature": "1c4d12ba852aabb1", "sequence_str": "EN -> RA -> THOL -> AL -> EN -> NAV"}