{"sequence": ["REMESH", "UM", "REMESH", "THOL", "OZ"], "coherence_change": -0.011743175614669532, "sense_index_change": 0.038965276915569724, "phi_s_change": -0.23816748194637982, "grad_phi_change": -0.02907542726645529, "k_phi_change": 0.16579865299575336, "xi_c_change": 0.0, "phase_sync_change": 0.0051682516020299385, "epi_magnitude_change": 0.0031730121543268597, "hash_signature": "8ba0c1a6138d47db", "sequence_str": "REMESH -> UM -> REMESH -> THOL -> OZ"}