{"sequence": ["AL", "THOL", "ZHIR", "OZ"], "coherence_change": -0.009032470967424877, "sense_index_change": 0.009202258740033664, "phi_s_change": -0.018669432871774472, "grad_phi_change": -0.05937101166997616, "k_phi_change": -0.10692125602331554, "xi_c_change": 0.0, "phase_sync_change": 0.016040117804087317, "epi_magnitude_change": -0.0021937326115464284, "hash_signature": "31a48cad01c54ba7", "sequence_str": "AL -> THOL -> ZHIR -> OZ"}