{"sequence": ["ZHIR", "NAV", "SHA"], "coherence_change": 0.0, "sense_index_change": -0.006259614731553453, "phi_s_change": 0.0, "grad_phi_change": -0.004576429246715641, "k_phi_change": 0.08800681150737244, "xi_c_change": 0.0, "phase_sync_change": 0.0036027922912194033, "epi_magnitude_change": 0.0, "hash_signature": "516833f829bf2f2a", "sequence_str": "ZHIR -> NAV -> SHA"}