{"sequence": ["UM", "ZHIR", "REMESH", "ZHIR", "THOL", "NAV"], "coherence_change": 0.0029661390710888913, "sense_index_change": -0.01748864204384659, "phi_s_change": -0.008470443836000818, "grad_phi_change": 0.00987929752127692, "k_phi_change": -0.016856149516128766, "xi_c_change": 0.0, "phase_sync_change": -0.008536411149584144, "epi_magnitude_change": 0.001504739912329911, "hash_signature": "6e41b75124b6dd8f", "sequence_str": "UM -> ZHIR -> REMESH -> ZHIR -> THOL -> NAV"}