{"sequence": ["AL", "THOL", "SHA"], "coherence_change": 0.0031739743755021532, "sense_index_change": 0.0037925243975730494, "phi_s_change": -0.02773351333384122, "grad_phi_change": 0.0, "k_phi_change": 0.0, "xi_c_change": 0.0, "phase_sync_change": 0.0, "epi_magnitude_change": -0.004607651253088374, "hash_signature": "73f24fc2d7b93336", "sequence_str": "AL -> THOL -> SHA"}