{"sequence": ["RA", "VAL", "EN", "REMESH"], "coherence_change": 0.0, "sense_index_change": -0.029976988728628362, "phi_s_change": 0.0, "grad_phi_change": 0.12633593107496766, "k_phi_change": 0.051016357055767625, "xi_c_change": 0.0, "phase_sync_change": -0.04745493001737655, "epi_magnitude_change": 0.011183682053157451, "hash_signature": "fd07697e493701a0", "sequence_str": "RA -> VAL -> EN -> REMESH"}