{"sequence": ["VAL", "NUL", "OZ", "NAV"], "coherence_change": -0.011753577794275771, "sense_index_change": -0.0026120636838323774, "phi_s_change": -0.06689469033443829, "grad_phi_change": 0.0, "k_phi_change": 0.0, "xi_c_change": 0.0, "phase_sync_change": 0.0, "epi_magnitude_change": 0.0014201484623276306, "hash_signature": "a561ad2e0a55abaf", "sequence_str": "VAL -> NUL -> OZ -> NAV"}