{"sequence": ["VAL", "OZ", "NUL", "OZ"], "coherence_change": -0.02411581943142216, "sense_index_change": -0.00713388474659904, "phi_s_change": -0.04252981418161539, "grad_phi_change": 0.0, "k_phi_change": 0.0, "xi_c_change": 0.0, "phase_sync_change": 0.0, "epi_magnitude_change": 0.006406732542410309, "hash_signature": "a3e10acc79026dd8", "sequence_str": "VAL -> OZ -> NUL -> OZ"}