{"sequence": ["UM", "UM", "SHA"], "coherence_change": 0.0, "sense_index_change": 0.03638122075342698, "phi_s_change": 0.0, "grad_phi_change": -0.11850813114217762, "k_phi_change": 0.22986936570901592, "xi_c_change": 0.0, "phase_sync_change": 0.02309044311045716, "epi_magnitude_change": 0.0, "hash_signature": "95261410d6f051c6", "sequence_str": "UM -> UM -> SHA"}