{"sequence": ["AL", "IL", "NAV"], "coherence_change": 0.008584478674659834, "sense_index_change": -0.005238206554225466, "phi_s_change": 0.04859846586281591, "grad_phi_change": 0.0, "k_phi_change": 0.0, "xi_c_change": 0.0, "phase_sync_change": 0.0, "epi_magnitude_change": 0.006517120609001448, "hash_signature": "3931390f15192b89", "sequence_str": "AL -> IL -> NAV"}