{"sequence": ["VAL", "UM", "OZ", "OZ", "NUL", "NAV"], "coherence_change": -0.02777978260460645, "sense_index_change": 0.0058702585182027756, "phi_s_change": 0.06266059854160666, "grad_phi_change": -0.12787625630945265, "k_phi_change": -0.04089700220349812, "xi_c_change": 0.0, "phase_sync_change": 0.04030179982814264, "epi_magnitude_change": 0.0011920016689617174, "hash_signature": "aae4dd7477d91e85", "sequence_str": "VAL -> UM -> OZ -> OZ -> NUL -> NAV"}