{"sequence": ["AL", "UM", "OZ"], "coherence_change": -0.013525756505944342, "sense_index_change": 0.004122308368648464, "phi_s_change": -0.11155130962910553, "grad_phi_change": -0.049119054496452375, "k_phi_change": -0.13756735230181777, "xi_c_change": 0.0, "phase_sync_change": 0.013067419936447222, "epi_magnitude_change": -0.003742016111120794, "hash_signature": "ec4727ef80b84ade", "sequence_str": "AL -> UM -> OZ"}