{"sequence": ["REMESH", "UM", "ZHIR", "OZ"], "coherence_change": -0.011694460173499177, "sense_index_change": -0.00751315566858024, "phi_s_change": 0.05969773782249732, "grad_phi_change": 0.018527607661685375, "k_phi_change": 0.19572759884056978, "xi_c_change": 0.0, "phase_sync_change": 0.005787825220230247, "epi_magnitude_change": 0.0012153697954215836, "hash_signature": "d2362deba8b7f818", "sequence_str": "REMESH -> UM -> ZHIR -> OZ"}