{"sequence": ["SHA", "EN", "REMESH", "UM", "SHA"], "coherence_change": 0.0, "sense_index_change": 0.0023406189467694016, "phi_s_change": 0.0, "grad_phi_change": -0.039903697497670976, "k_phi_change": -0.065296216940266, "xi_c_change": 0.0, "phase_sync_change": 0.0007446509672073276, "epi_magnitude_change": 0.0017020850055773362, "hash_signature": "114a0c9c3ab4d008", "sequence_str": "SHA -> EN -> REMESH -> UM -> SHA"}