{"sequence": ["NAV", "UM", "ZHIR", "AL", "NAV"], "coherence_change": 0.0, "sense_index_change": -0.002314856416453681, "phi_s_change": 0.0, "grad_phi_change": 0.005387430067132826, "k_phi_change": 0.23106637230295143, "xi_c_change": 0.0, "phase_sync_change": -0.008889383064134226, "epi_magnitude_change": -0.004098585156366852, "hash_signature": "74b382be7be4d343", "sequence_str": "NAV -> UM -> ZHIR -> AL -> NAV"}