{"sequence": ["NAV", "ZHIR", "REMESH", "REMESH"], "coherence_change": 0.0, "sense_index_change": 0.001280606399061468, "phi_s_change": 0.0, "grad_phi_change": -0.010803540614014562, "k_phi_change": 0.05414078194660754, "xi_c_change": 0.0, "phase_sync_change": 0.004416092316359199, "epi_magnitude_change": 0.002644387795241898, "hash_signature": "77cabfd22aac500f", "sequence_str": "NAV -> ZHIR -> REMESH -> REMESH"}