{"sequence": ["SHA", "UM", "EN", "NUL", "OZ"], "coherence_change": -0.01618549275679837, "sense_index_change": 0.026591698335542535, "phi_s_change": -0.2234474601369233, "grad_phi_change": -0.000863173583293797, "k_phi_change": 0.3799490651927926, "xi_c_change": 0.0, "phase_sync_change": 0.0008198825794475395, "epi_magnitude_change": -0.014792363616367599, "hash_signature": "6a639c67831e3364", "sequence_str": "SHA -> UM -> EN -> NUL -> OZ"}