{"sequence": ["OZ", "OZ", "AL", "NAV"], "coherence_change": -0.026092985655189582, "sense_index_change": 0.01593632746517737, "phi_s_change": -0.2358344803115111, "grad_phi_change": 0.0, "k_phi_change": 0.0, "xi_c_change": 0.0, "phase_sync_change": 0.0, "epi_magnitude_change": 0.001585412693236532, "hash_signature": "53e7714e644e6592", "sequence_str": "OZ -> OZ -> AL -> NAV"}