{"sequence": ["RA", "UM", "NAV"], "coherence_change": 0.0, "sense_index_change": 0.047821644760186466, "phi_s_change": 0.0, "grad_phi_change": -0.35457115499031056, "k_phi_change": 0.2934650045301234, "xi_c_change": 0.0, "phase_sync_change": 0.1316449337437603, "epi_magnitude_change": 0.0, "hash_signature": "743694f5040b9b3e", "sequence_str": "RA -> UM -> NAV"}