{"sequence": ["REMESH", "VAL", "OZ"], "coherence_change": -0.010357102077371505, "sense_index_change": 0.002293427625944311, "phi_s_change": 0.03362090043455046, "grad_phi_change": 0.0, "k_phi_change": 0.0, "xi_c_change": 0.0, "phase_sync_change": 0.0, "epi_magnitude_change": 0.017192195418208933, "hash_signature": "3f4fb78be9dfa87b", "sequence_str": "REMESH -> VAL -> OZ"}