{"sequence": ["REMESH", "VAL", "THOL", "ZHIR", "OZ"], "coherence_change": -0.006380748516871204, "sense_index_change": 0.010979001833893332, "phi_s_change": -0.1283041955440708, "grad_phi_change": 0.09006854165320255, "k_phi_change": 0.2517521693201487, "xi_c_change": 0.0, "phase_sync_change": -0.03202874263262789, "epi_magnitude_change": 0.024054462380576513, "hash_signature": "94c758f090852c20", "sequence_str": "REMESH -> VAL -> THOL -> ZHIR -> OZ"}