{"sequence": ["NUL", "AL", "ZHIR", "SHA", "SHA"], "coherence_change": 0.0, "sense_index_change": -0.011459051311003166, "phi_s_change": 0.0, "grad_phi_change": 0.06231997884370544, "k_phi_change": -0.05930998340970339, "xi_c_change": 0.0, "phase_sync_change": -0.020018835344486452, "epi_magnitude_change": -0.008727124786214402, "hash_signature": "7f4c0e0ae1f6b5eb", "sequence_str": "NUL -> AL -> ZHIR -> SHA -> SHA"}