{"sequence": ["REMESH", "ZHIR", "OZ", "VAL", "OZ"], "coherence_change": -0.024790808267754372, "sense_index_change": -0.013926387780118066, "phi_s_change": -0.03157598368570824, "grad_phi_change": -0.0024974037610920874, "k_phi_change": 0.048209120146440465, "xi_c_change": 0.0, "phase_sync_change": 0.0012241984091895253, "epi_magnitude_change": 0.022979521261868086, "hash_signature": "45640043b8595fcf", "sequence_str": "REMESH -> ZHIR -> OZ -> VAL -> OZ"}