{"sequence": ["IL", "REMESH", "NAV", "UM", "AL", "REMESH"], "coherence_change": 0.005658445128101985, "sense_index_change": 0.004152921676359389, "phi_s_change": -0.0177876445075833, "grad_phi_change": -0.02537734979573525, "k_phi_change": -0.15391180501367108, "xi_c_change": 0.0, "phase_sync_change": -0.0008016661949477033, "epi_magnitude_change": -0.00393417503070892, "hash_signature": "2e35de8ac200593a", "sequence_str": "IL -> REMESH -> NAV -> UM -> AL -> REMESH"}