{"sequence": ["OZ", "SHA", "REMESH"], "coherence_change": -0.009426020856190598, "sense_index_change": -0.008922466364946535, "phi_s_change": 0.06792963866982837, "grad_phi_change": 0.0, "k_phi_change": 0.0, "xi_c_change": 0.0, "phase_sync_change": 0.0, "epi_magnitude_change": 0.0015107379551818623, "hash_signature": "0b7083a3f9a1c9bc", "sequence_str": "OZ -> SHA -> REMESH"}