{"sequence": ["AL", "UM", "REMESH"], "coherence_change": 0.0, "sense_index_change": 0.04900279331635482, "phi_s_change": 0.0, "grad_phi_change": -0.22122602153227078, "k_phi_change": -0.01415903502668267, "xi_c_change": 0.0, "phase_sync_change": 0.08202767917014941, "epi_magnitude_change": -0.002652172545143272, "hash_signature": "8227f89bacb7835a", "sequence_str": "AL -> UM -> REMESH"}