{"sequence": ["ZHIR", "NUL", "EN", "REMESH"], "coherence_change": 0.0, "sense_index_change": -0.0031870883465752176, "phi_s_change": 0.0, "grad_phi_change": 0.052081095710670766, "k_phi_change": 0.07110222079883294, "xi_c_change": 0.0, "phase_sync_change": -0.016614114929162427, "epi_magnitude_change": -0.010799519188129603, "hash_signature": "ed75baf69b49a464", "sequence_str": "ZHIR -> NUL -> EN -> REMESH"}