{"sequence": ["UM", "SHA"], "coherence_change": 0.0, "sense_index_change": -0.03375735065646601, "phi_s_change": 0.0, "grad_phi_change": 0.12025937680381649, "k_phi_change": 0.26400410481311093, "xi_c_change": 0.0, "phase_sync_change": -0.04362326941946526, "epi_magnitude_change": 0.0, "hash_signature": "f6aaa1d12489440e", "sequence_str": "UM -> SHA"}