{"sequence": ["AL", "AL", "REMESH", "RA", "OZ"], "coherence_change": -0.005815110650360111, "sense_index_change": -0.006848616359514059, "phi_s_change": -0.03444060744243005, "grad_phi_change": -0.011330163206676902, "k_phi_change": 0.3362957398970279, "xi_c_change": 0.0, "phase_sync_change": -0.003090602979243351, "epi_magnitude_change": -0.002438149621481922, "hash_signature": "3fabcd39d4ae13be", "sequence_str": "AL -> AL -> REMESH -> RA -> OZ"}