{"sequence": ["NAV", "ZHIR", "ZHIR", "EN", "IL", "REMESH"], "coherence_change": 0.007696373438573212, "sense_index_change": -0.011829372755924938, "phi_s_change": -0.06382373652443163, "grad_phi_change": 0.021190898412215553, "k_phi_change": -0.37495227331740016, "xi_c_change": 0.0, "phase_sync_change": -0.008495730258160306, "epi_magnitude_change": 0.0010841812983756194, "hash_signature": "b4116bcc2c00dd48", "sequence_str": "NAV -> ZHIR -> ZHIR -> EN -> IL -> REMESH"}