{"sequence": ["RA", "UM", "RA", "OZ"], "coherence_change": -0.01216540695321422, "sense_index_change": 0.06954298715193108, "phi_s_change": -0.04433532935220674, "grad_phi_change": -0.39005088798301224, "k_phi_change": 0.13947335468330735, "xi_c_change": 0.0, "phase_sync_change": 0.1233138225385143, "epi_magnitude_change": 0.0, "hash_signature": "529629ab85194a7c", "sequence_str": "RA -> UM -> RA -> OZ"}