{"sequence": ["NAV", "ZHIR", "VAL", "OZ"], "coherence_change": -0.010934810020476138, "sense_index_change": 0.0020035127249304896, "phi_s_change": -0.013445611535055857, "grad_phi_change": -0.00469829994024118, "k_phi_change": -0.10148671589139519, "xi_c_change": 0.0, "phase_sync_change": 0.004054402461385775, "epi_magnitude_change": 0.012186314604666015, "hash_signature": "c9a97b0a6d492280", "sequence_str": "NAV -> ZHIR -> VAL -> OZ"}