{"sequence": ["REMESH", "SHA", "VAL", "OZ"], "coherence_change": -0.01101042363974869, "sense_index_change": 0.022773761268651826, "phi_s_change": -0.08216389345882158, "grad_phi_change": 0.0, "k_phi_change": 0.0, "xi_c_change": 0.0, "phase_sync_change": 0.0, "epi_magnitude_change": 0.019625910335426155, "hash_signature": "80a238f407dc104d", "sequence_str": "REMESH -> SHA -> VAL -> OZ"}