{"sequence": ["NAV", "UM", "SHA"], "coherence_change": 0.0, "sense_index_change": 0.05423097393507603, "phi_s_change": 0.0, "grad_phi_change": -0.25458359519124274, "k_phi_change": 0.08316591329354216, "xi_c_change": 0.0, "phase_sync_change": 0.0934533029171406, "epi_magnitude_change": 0.0, "hash_signature": "1c5db65a9c31d314", "sequence_str": "NAV -> UM -> SHA"}