{"sequence": ["AL", "SHA", "EN", "RA", "SHA"], "coherence_change": 0.0, "sense_index_change": -0.036769633518675904, "phi_s_change": 0.0, "grad_phi_change": 0.1294315272617801, "k_phi_change": 0.6521536714089448, "xi_c_change": 0.0, "phase_sync_change": -0.04890225094984846, "epi_magnitude_change": -0.008723677269972918, "hash_signature": "214b5cd212b33677", "sequence_str": "AL -> SHA -> EN -> RA -> SHA"}