{"sequence": ["AL", "IL", "AL", "OZ"], "coherence_change": -0.011588215119413103, "sense_index_change": 0.0034034748986023766, "phi_s_change": -0.15063313763260588, "grad_phi_change": 0.0, "k_phi_change": 0.0, "xi_c_change": 0.0, "phase_sync_change": 0.0, "epi_magnitude_change": 0.006094191244018554, "hash_signature": "d3a0f40ea06ed653", "sequence_str": "AL -> IL -> AL -> OZ"}