{"sequence": ["AL", "ZHIR", "NUL", "OZ"], "coherence_change": -0.010932977333394711, "sense_index_change": -0.020514386831535614, "phi_s_change": -0.11459805242839294, "grad_phi_change": 0.025925438978645854, "k_phi_change": -0.0947612873248252, "xi_c_change": 0.0, "phase_sync_change": -0.009252323530557716, "epi_magnitude_change": -0.022961479479438496, "hash_signature": "9ae24770e99d3fc7", "sequence_str": "AL -> ZHIR -> NUL -> OZ"}