{"sequence": ["REMESH", "UM", "OZ"], "coherence_change": -0.01322489088853851, "sense_index_change": 0.023373131201153585, "phi_s_change": -0.19714486128803388, "grad_phi_change": -0.05077564212840158, "k_phi_change": 0.48340674980229237, "xi_c_change": 0.0, "phase_sync_change": 0.020706242493970684, "epi_magnitude_change": 0.0017332773118897693, "hash_signature": "0e32e4a65be29098", "sequence_str": "REMESH -> UM -> OZ"}