{"sequence": ["REMESH", "EN", "UM", "OZ"], "coherence_change": -0.014679498890134535, "sense_index_change": 0.046372646593187405, "phi_s_change": -0.06109504081472117, "grad_phi_change": -0.22266922720542293, "k_phi_change": 0.36724979947622965, "xi_c_change": 0.0, "phase_sync_change": 0.0749195637597031, "epi_magnitude_change": 0.0013599879136722004, "hash_signature": "dd34c9b72984cd3c", "sequence_str": "REMESH -> EN -> UM -> OZ"}