{"sequence": ["NUL", "SHA", "AL", "ZHIR", "OZ"], "coherence_change": -0.015622417185443327, "sense_index_change": -0.010352924587848089, "phi_s_change": 0.013433032276600643, "grad_phi_change": -0.009806511709846255, "k_phi_change": 0.519374960023411, "xi_c_change": 0.0, "phase_sync_change": 0.006580217336223271, "epi_magnitude_change": -0.013292620039578207, "hash_signature": "10d2f68da613e0e0", "sequence_str": "NUL -> SHA -> AL -> ZHIR -> OZ"}