{"sequence": ["NUL", "THOL", "NAV"], "coherence_change": 0.005829270564788769, "sense_index_change": 0.005051908427141094, "phi_s_change": 0.05369064641847843, "grad_phi_change": 0.0, "k_phi_change": 0.0, "xi_c_change": 0.0, "phase_sync_change": 0.0, "epi_magnitude_change": -0.018297440500659956, "hash_signature": "cb6d833da9b72974", "sequence_str": "NUL -> THOL -> NAV"}