{"sequence": ["SHA", "AL", "RA", "REMESH"], "coherence_change": 0.0, "sense_index_change": 0.026968565635485664, "phi_s_change": 0.0, "grad_phi_change": -0.015519188978688758, "k_phi_change": 0.24907271680655788, "xi_c_change": 0.0, "phase_sync_change": -0.007541618654109072, "epi_magnitude_change": -0.005617797897147336, "hash_signature": "d715011a68d68b9f", "sequence_str": "SHA -> AL -> RA -> REMESH"}