{"sequence": ["RA", "VAL", "REMESH"], "coherence_change": 0.0, "sense_index_change": -0.007102675537092762, "phi_s_change": 0.0, "grad_phi_change": 0.03368572847734996, "k_phi_change": 0.4643633034491545, "xi_c_change": 0.0, "phase_sync_change": -0.018880634315779132, "epi_magnitude_change": 0.019792667023638577, "hash_signature": "547074c591138a84", "sequence_str": "RA -> VAL -> REMESH"}