{"sequence": ["AL", "EN", "OZ", "REMESH"], "coherence_change": -0.015841408720807415, "sense_index_change": 0.002640402454978652, "phi_s_change": 0.1314762559583773, "grad_phi_change": 0.0, "k_phi_change": 0.0, "xi_c_change": 0.0, "phase_sync_change": 0.0, "epi_magnitude_change": 0.002127678364537977, "hash_signature": "e4b04e5528d5d5e0", "sequence_str": "AL -> EN -> OZ -> REMESH"}