{"sequence": ["IL", "EN", "RA", "SHA"], "coherence_change": 0.008503533716698874, "sense_index_change": 0.012166299290885862, "phi_s_change": 0.08135682943136424, "grad_phi_change": -0.004469402129311906, "k_phi_change": -0.08648819786567252, "xi_c_change": 0.0, "phase_sync_change": -0.011682607523432309, "epi_magnitude_change": 0.0, "hash_signature": "dfc391f78cb84733", "sequence_str": "IL -> EN -> RA -> SHA"}