{"sequence": ["NAV", "NUL", "RA", "SHA", "THOL", "OZ"], "coherence_change": -0.008377982083792812, "sense_index_change": -0.002227813604414486, "phi_s_change": 0.0004661201858895403, "grad_phi_change": 0.05402689921809345, "k_phi_change": 0.3404705569664713, "xi_c_change": 0.0, "phase_sync_change": -0.02176086791956744, "epi_magnitude_change": -0.011059408520635361, "hash_signature": "6cd8e507905f4d00", "sequence_str": "NAV -> NUL -> RA -> SHA -> THOL -> OZ"}