{"sequence": ["UM", "IL", "IL", "OZ"], "coherence_change": -0.0009694689260236755, "sense_index_change": -0.008054458653186769, "phi_s_change": 0.043709825542458836, "grad_phi_change": 0.15694530043300237, "k_phi_change": 0.005281465842548988, "xi_c_change": 0.0, "phase_sync_change": -0.06436094184125896, "epi_magnitude_change": 0.0, "hash_signature": "a3de42729b1e5943", "sequence_str": "UM -> IL -> IL -> OZ"}