{"sequence": ["RA", "NAV", "NUL", "SHA"], "coherence_change": 0.0, "sense_index_change": -0.004748058622353946, "phi_s_change": 0.0, "grad_phi_change": 0.029521381638832223, "k_phi_change": 0.23863326101664883, "xi_c_change": 0.0, "phase_sync_change": -0.015661139673869284, "epi_magnitude_change": -0.016831975128778986, "hash_signature": "b5ea1443035672c1", "sequence_str": "RA -> NAV -> NUL -> SHA"}