{"sequence": ["RA", "IL", "NUL", "SHA"], "coherence_change": 0.00659004584738665, "sense_index_change": -0.0006762890563893897, "phi_s_change": -0.011602710253731274, "grad_phi_change": 0.06438541336977144, "k_phi_change": 0.3047249531322195, "xi_c_change": 0.0, "phase_sync_change": -0.027069747257881804, "epi_magnitude_change": -0.012044830588204714, "hash_signature": "be17312f1925d6f2", "sequence_str": "RA -> IL -> NUL -> SHA"}