{"sequence": ["AL", "IL", "OZ", "SHA"], "coherence_change": -0.006130462810620796, "sense_index_change": 0.017195769662686544, "phi_s_change": -0.06995414420280044, "grad_phi_change": 0.0, "k_phi_change": 0.0, "xi_c_change": 0.0, "phase_sync_change": 0.0, "epi_magnitude_change": -0.003104827058624804, "hash_signature": "b2ce69ab72f13aea", "sequence_str": "AL -> IL -> OZ -> SHA"}