{"sequence": ["IL", "AL", "EN", "IL", "REMESH"], "coherence_change": 0.016439457181137596, "sense_index_change": -0.01806393522093558, "phi_s_change": 0.04599911880722507, "grad_phi_change": 0.0, "k_phi_change": 0.0, "xi_c_change": 0.0, "phase_sync_change": 0.0, "epi_magnitude_change": -0.0029554009169622253, "hash_signature": "6700d3474ab6269b", "sequence_str": "IL -> AL -> EN -> IL -> REMESH"}