{"sequence": ["SHA", "THOL", "AL", "VAL", "AL", "REMESH"], "coherence_change": 0.004191842199937512, "sense_index_change": -0.001056936449912449, "phi_s_change": 0.016148974019908113, "grad_phi_change": 0.0, "k_phi_change": 0.0, "xi_c_change": 0.0, "phase_sync_change": 0.0, "epi_magnitude_change": 0.013015188271178535, "hash_signature": "7639d098f81aa793", "sequence_str": "SHA -> THOL -> AL -> VAL -> AL -> REMESH"}