{"sequence": ["THOL", "EN", "RA", "NAV"], "coherence_change": 0.006427878228196349, "sense_index_change": 0.013281624333202346, "phi_s_change": -0.02647589917224813, "grad_phi_change": -0.08409728606710254, "k_phi_change": -0.15054381087262858, "xi_c_change": 0.0, "phase_sync_change": 0.02201953871105189, "epi_magnitude_change": 0.0, "hash_signature": "ba2e036013eb972e", "sequence_str": "THOL -> EN -> RA -> NAV"}