{"sequence": ["REMESH", "NUL", "IL", "EN", "OZ"], "coherence_change": -3.5454640754384315e-06, "sense_index_change": -2.514212129822724e-06, "phi_s_change": 0.008387189081940805, "grad_phi_change": 0.0, "k_phi_change": 0.0, "xi_c_change": 0.0, "phase_sync_change": 0.0, "epi_magnitude_change": -0.015654587290604094, "hash_signature": "a764309795814cc7", "sequence_str": "REMESH -> NUL -> IL -> EN -> OZ"}