{"sequence": ["SHA", "IL", "ZHIR", "VAL", "EN", "REMESH"], "coherence_change": 0.009870837972641433, "sense_index_change": 0.03302578645446186, "phi_s_change": 0.026628045435024617, "grad_phi_change": -0.12193339342818255, "k_phi_change": 0.18024209275841752, "xi_c_change": 0.0, "phase_sync_change": 0.04023798347379903, "epi_magnitude_change": 0.01875552322482832, "hash_signature": "46c0270d41987f30", "sequence_str": "SHA -> IL -> ZHIR -> VAL -> EN -> REMESH"}