{"sequence": ["AL", "IL", "VAL", "NAV"], "coherence_change": 0.00381131624741482, "sense_index_change": 0.004221319018888003, "phi_s_change": -0.012194272086927804, "grad_phi_change": 0.0, "k_phi_change": 0.0, "xi_c_change": 0.0, "phase_sync_change": 0.0, "epi_magnitude_change": 0.02240491798843669, "hash_signature": "ff33a50295804450", "sequence_str": "AL -> IL -> VAL -> NAV"}