{"sequence": ["AL", "NUL", "UM", "IL", "AL", "OZ"], "coherence_change": -0.00441509513930638, "sense_index_change": 0.030171694537203253, "phi_s_change": -0.05204864109009466, "grad_phi_change": -0.17151487690537248, "k_phi_change": 0.2905239802791107, "xi_c_change": 0.0, "phase_sync_change": 0.05564542942974293, "epi_magnitude_change": -0.026645855555189946, "hash_signature": "53883f976e9eca9a", "sequence_str": "AL -> NUL -> UM -> IL -> AL -> OZ"}