{"sequence": ["THOL", "EN", "ZHIR", "SHA"], "coherence_change": 0.0031642731537464552, "sense_index_change": -0.012175388689726674, "phi_s_change": 0.04507117713524733, "grad_phi_change": 0.06061198772798582, "k_phi_change": 0.08046376397533819, "xi_c_change": 0.0, "phase_sync_change": -0.0155268958154543, "epi_magnitude_change": 0.0, "hash_signature": "50cf73039b9facd2", "sequence_str": "THOL -> EN -> ZHIR -> SHA"}