{"sequence": ["NAV", "UM", "IL", "ZHIR", "OZ"], "coherence_change": -0.006890197123742725, "sense_index_change": 0.02661078546495299, "phi_s_change": 0.13673355334390147, "grad_phi_change": -0.07355266094672985, "k_phi_change": -0.08128395957069129, "xi_c_change": 0.0, "phase_sync_change": 0.028715417394609255, "epi_magnitude_change": 0.0, "hash_signature": "95bf2d960f0bb57d", "sequence_str": "NAV -> UM -> IL -> ZHIR -> OZ"}