{"sequence": ["SHA", "EN", "RA", "OZ", "ZHIR", "NAV"], "coherence_change": -0.012615759453892372, "sense_index_change": 0.01582743766236816, "phi_s_change": 0.0016664110761119844, "grad_phi_change": -0.05901548083526631, "k_phi_change": 0.5651791753982083, "xi_c_change": 0.0, "phase_sync_change": 0.014596720121166529, "epi_magnitude_change": 0.0, "hash_signature": "375fc854dfca983f", "sequence_str": "SHA -> EN -> RA -> OZ -> ZHIR -> NAV"}