{"sequence": ["UM", "OZ"], "coherence_change": -0.0057259337936080845, "sense_index_change": 0.006165934876568802, "phi_s_change": 0.07761283123551521, "grad_phi_change": -0.020205123685111737, "k_phi_change": 0.2860031421950362, "xi_c_change": 0.0, "phase_sync_change": -0.007814228883447072, "epi_magnitude_change": 0.0, "hash_signature": "90421a1b7c540152", "sequence_str": "UM -> OZ"}