{"sequence": ["AL", "REMESH", "RA", "UM", "NUL", "NAV"], "coherence_change": 0.0, "sense_index_change": 0.0511531535083547, "phi_s_change": 0.0, "grad_phi_change": -0.27806686440371475, "k_phi_change": -0.06654424636745443, "xi_c_change": 0.0, "phase_sync_change": 0.07950871222040334, "epi_magnitude_change": -0.01158623731320274, "hash_signature": "2ccfb3d4e9f73f27", "sequence_str": "AL -> REMESH -> RA -> UM -> NUL -> NAV"}