{"sequence": ["ZHIR", "VAL", "NAV"], "coherence_change": 0.0, "sense_index_change": 0.023315566447185576, "phi_s_change": 0.0, "grad_phi_change": -0.04967676239561736, "k_phi_change": 0.1587043924073571, "xi_c_change": 0.0, "phase_sync_change": 0.020237983473799126, "epi_magnitude_change": 0.011118521098760104, "hash_signature": "f4b6d65771a6ab71", "sequence_str": "ZHIR -> VAL -> NAV"}