{"sequence": ["UM", "RA", "THOL", "REMESH"], "coherence_change": 0.005206319845025176, "sense_index_change": 0.027313838623648334, "phi_s_change": 0.02847655004472549, "grad_phi_change": -0.14365585532898817, "k_phi_change": 0.3872493667581355, "xi_c_change": 0.0, "phase_sync_change": 0.04739583130415015, "epi_magnitude_change": 0.001310663534972778, "hash_signature": "1e5146612aa371a2", "sequence_str": "UM -> RA -> THOL -> REMESH"}