{"sequence": ["IL", "NUL", "OZ"], "coherence_change": -0.002055115466862989, "sense_index_change": -0.01547190023992756, "phi_s_change": -0.10822093061313154, "grad_phi_change": 0.0, "k_phi_change": 0.0, "xi_c_change": 0.0, "phase_sync_change": 0.0, "epi_magnitude_change": -0.01861520422359808, "hash_signature": "83aa0e5e12dbd630", "sequence_str": "IL -> NUL -> OZ"}