{"sequence": ["AL", "IL", "REMESH"], "coherence_change": 0.006457244841264642, "sense_index_change": 0.006384403251660231, "phi_s_change": -0.05692719207986052, "grad_phi_change": 0.0, "k_phi_change": 0.0, "xi_c_change": 0.0, "phase_sync_change": 0.0, "epi_magnitude_change": 0.0002113351613977077, "hash_signature": "8f34bcea5ecb968d", "sequence_str": "AL -> IL -> REMESH"}