{"sequence": ["ZHIR", "AL", "UM", "NAV"], "coherence_change": 0.0, "sense_index_change": 0.006708773911807797, "phi_s_change": 0.0, "grad_phi_change": 0.007860284658105288, "k_phi_change": 0.6784075245053677, "xi_c_change": 0.0, "phase_sync_change": -0.0022186532373800194, "epi_magnitude_change": 0.0008278829957739653, "hash_signature": "633195d48f4a36bd", "sequence_str": "ZHIR -> AL -> UM -> NAV"}