{"sequence": ["ZHIR", "VAL", "AL", "SHA"], "coherence_change": 0.0, "sense_index_change": -0.014268860650625048, "phi_s_change": 0.0, "grad_phi_change": 0.07832933229949313, "k_phi_change": -0.19136228610600708, "xi_c_change": 0.0, "phase_sync_change": -0.02496998158419106, "epi_magnitude_change": 0.020714162159118477, "hash_signature": "728f038ac2d214c9", "sequence_str": "ZHIR -> VAL -> AL -> SHA"}