{"sequence": ["REMESH", "IL", "UM", "RA", "OZ"], "coherence_change": -0.0025201411391291284, "sense_index_change": 0.004374755044807888, "phi_s_change": 0.14137781365335467, "grad_phi_change": -0.1906355780850273, "k_phi_change": 0.27718073886681094, "xi_c_change": 0.0, "phase_sync_change": 0.04255203252609252, "epi_magnitude_change": 0.0018169743187910203, "hash_signature": "188d07b44548bb09", "sequence_str": "REMESH -> IL -> UM -> RA -> OZ"}