{"sequence": ["VAL", "UM", "ZHIR", "VAL", "OZ"], "coherence_change": -0.013394194846407692, "sense_index_change": 0.018475612429716404, "phi_s_change": -0.048987355848018166, "grad_phi_change": 0.010115217321493786, "k_phi_change": -0.21663661111419047, "xi_c_change": 0.0, "phase_sync_change": -0.006718897326427498, "epi_magnitude_change": 0.02457963735850688, "hash_signature": "e1ffa13307fe5e0c", "sequence_str": "VAL -> UM -> ZHIR -> VAL -> OZ"}