{"sequence": ["OZ", "ZHIR", "REMESH"], "coherence_change": -0.015466584224784752, "sense_index_change": -0.0052865682565798044, "phi_s_change": 0.03136755934731539, "grad_phi_change": 0.049264468489203406, "k_phi_change": -0.07862462718852797, "xi_c_change": 0.0, "phase_sync_change": -0.011348905238507734, "epi_magnitude_change": 0.00145479214244304, "hash_signature": "bddeedf7580f8201", "sequence_str": "OZ -> ZHIR -> REMESH"}