{"sequence": ["THOL", "SHA"], "coherence_change": 0.003898019376085582, "sense_index_change": 0.0017856409792882388, "phi_s_change": 0.011214528890599373, "grad_phi_change": 0.0, "k_phi_change": 0.0, "xi_c_change": 0.0, "phase_sync_change": 0.0, "epi_magnitude_change": 0.0, "hash_signature": "356242680d92cc79", "sequence_str": "THOL -> SHA"}