{"sequence": ["NAV", "IL", "NUL", "IL", "OZ"], "coherence_change": -0.002710001334121026, "sense_index_change": -0.0019291223182348327, "phi_s_change": -0.06596822081107934, "grad_phi_change": 0.0, "k_phi_change": 0.0, "xi_c_change": 0.0, "phase_sync_change": 0.0, "epi_magnitude_change": -0.008536698654269204, "hash_signature": "009099c54ac196be", "sequence_str": "NAV -> IL -> NUL -> IL -> OZ"}