{"sequence": ["RA", "OZ", "EN", "SHA", "AL", "SHA"], "coherence_change": -0.011586166424154665, "sense_index_change": -0.01044305055559347, "phi_s_change": 0.10771938866302, "grad_phi_change": 0.11933882870461066, "k_phi_change": 0.6432760524210539, "xi_c_change": 0.0, "phase_sync_change": -0.04325316154575509, "epi_magnitude_change": 0.0011298334634602947, "hash_signature": "db79c2e7ffe931c5", "sequence_str": "RA -> OZ -> EN -> SHA -> AL -> SHA"}