{"sequence": ["RA", "REMESH", "VAL", "EN", "NAV"], "coherence_change": 0.0, "sense_index_change": -0.019069807430038166, "phi_s_change": 0.0, "grad_phi_change": 0.10654887947658231, "k_phi_change": 0.09246720492107119, "xi_c_change": 0.0, "phase_sync_change": -0.04156262401246813, "epi_magnitude_change": 0.0186654879074738, "hash_signature": "3aeadf9da24b26ac", "sequence_str": "RA -> REMESH -> VAL -> EN -> NAV"}