{"sequence": ["UM", "RA", "ZHIR", "SHA"], "coherence_change": 0.0, "sense_index_change": 0.042159771697486415, "phi_s_change": 0.0, "grad_phi_change": -0.18411610749263496, "k_phi_change": 0.2388323949712809, "xi_c_change": 0.0, "phase_sync_change": 0.04897985702643981, "epi_magnitude_change": 0.0, "hash_signature": "48735b66bc78e5dc", "sequence_str": "UM -> RA -> ZHIR -> SHA"}