{"sequence": ["NAV", "UM", "SHA", "RA", "OZ"], "coherence_change": -0.011597579596219543, "sense_index_change": 0.005158439920020075, "phi_s_change": -0.12566586217903408, "grad_phi_change": -0.0874107086126894, "k_phi_change": 0.202197186322254, "xi_c_change": 0.0, "phase_sync_change": 0.016843026551837226, "epi_magnitude_change": 0.0, "hash_signature": "c2038989bb67f1a8", "sequence_str": "NAV -> UM -> SHA -> RA -> OZ"}