{"sequence": ["NAV", "AL", "UM", "IL", "REMESH"], "coherence_change": 0.006125296176729411, "sense_index_change": -0.030665504216032757, "phi_s_change": 0.008589345520064184, "grad_phi_change": 0.04362210465017635, "k_phi_change": -0.027218826493514453, "xi_c_change": 0.0, "phase_sync_change": -0.0183039510012436, "epi_magnitude_change": -0.003306139925188911, "hash_signature": "17895382177ae6f5", "sequence_str": "NAV -> AL -> UM -> IL -> REMESH"}