{"sequence": ["NAV", "REMESH", "ZHIR", "THOL", "IL", "REMESH"], "coherence_change": 0.011583243940979981, "sense_index_change": 0.016806727648959408, "phi_s_change": -0.005240943341237925, "grad_phi_change": -0.008377580409572705, "k_phi_change": 0.19485381229679824, "xi_c_change": 0.0, "phase_sync_change": 0.0033333333333330772, "epi_magnitude_change": 0.0026186713338893775, "hash_signature": "d95530e04ceddcc6", "sequence_str": "NAV -> REMESH -> ZHIR -> THOL -> IL -> REMESH"}