{"sequence": ["AL", "ZHIR", "VAL", "AL", "UM", "SHA"], "coherence_change": 0.0, "sense_index_change": -0.07425522169366844, "phi_s_change": 0.0, "grad_phi_change": 0.2849639928404293, "k_phi_change": -0.10080882763613103, "xi_c_change": 0.0, "phase_sync_change": -0.10171814533390644, "epi_magnitude_change": 0.01834100069804223, "hash_signature": "5a667800b92d5cdc", "sequence_str": "AL -> ZHIR -> VAL -> AL -> UM -> SHA"}