{"sequence": ["THOL", "UM", "NUL", "THOL", "THOL", "OZ"], "coherence_change": 0.0018253610123293296, "sense_index_change": 0.03900744685370239, "phi_s_change": 0.057599810014658415, "grad_phi_change": -0.2538995379694906, "k_phi_change": 0.1466593691929951, "xi_c_change": 0.0, "phase_sync_change": 0.07476229401840107, "epi_magnitude_change": -0.013083906269380052, "hash_signature": "c4eaffcb168d62b8", "sequence_str": "THOL -> UM -> NUL -> THOL -> THOL -> OZ"}