{"sequence": ["ZHIR", "EN", "IL", "ZHIR", "SHA"], "coherence_change": 0.006586436454603217, "sense_index_change": -0.01017767270989356, "phi_s_change": 0.03269405307864326, "grad_phi_change": 0.06165259497414555, "k_phi_change": 0.25215245823747623, "xi_c_change": 0.0, "phase_sync_change": -0.018362093639211152, "epi_magnitude_change": 0.0, "hash_signature": "8be0f250833a571c", "sequence_str": "ZHIR -> EN -> IL -> ZHIR -> SHA"}