{"sequence": ["RA", "REMESH", "SHA", "NAV", "AL", "OZ"], "coherence_change": -0.015380082975950282, "sense_index_change": 0.014838825167383884, "phi_s_change": -0.18535915103563072, "grad_phi_change": -0.07964924393589667, "k_phi_change": 0.024416583413472137, "xi_c_change": 0.0, "phase_sync_change": 0.023109578769935912, "epi_magnitude_change": 0.0028249103489550453, "hash_signature": "313e3b02be8bc3e2", "sequence_str": "RA -> REMESH -> SHA -> NAV -> AL -> OZ"}