{"sequence": ["OZ", "OZ", "UM", "OZ"], "coherence_change": -0.03714755237994127, "sense_index_change": 0.08487248830117711, "phi_s_change": -0.3293672686178575, "grad_phi_change": -0.23422822706066304, "k_phi_change": 0.20342269764544468, "xi_c_change": 0.0, "phase_sync_change": 0.09575777865023194, "epi_magnitude_change": 0.0, "hash_signature": "5abcfb9a8c3a6dfe", "sequence_str": "OZ -> OZ -> UM -> OZ"}