{"sequence": ["AL", "ZHIR", "THOL", "OZ"], "coherence_change": -0.007982619227681287, "sense_index_change": -0.02139230763430905, "phi_s_change": -0.02233540403209311, "grad_phi_change": 0.08098327729253674, "k_phi_change": -0.10697402496174396, "xi_c_change": 0.0, "phase_sync_change": -0.026666666666666616, "epi_magnitude_change": 0.009554081451303986, "hash_signature": "aea7e1df74204814", "sequence_str": "AL -> ZHIR -> THOL -> OZ"}