{"sequence": ["RA", "ZHIR", "REMESH"], "coherence_change": 0.0, "sense_index_change": -0.01320509345759524, "phi_s_change": 0.0, "grad_phi_change": 0.028225741618604472, "k_phi_change": -0.11654080892963292, "xi_c_change": 0.0, "phase_sync_change": -0.020950599525672464, "epi_magnitude_change": 0.0016356141622586584, "hash_signature": "354bbb3bba5f606b", "sequence_str": "RA -> ZHIR -> REMESH"}