{"sequence": ["UM", "VAL", "SHA", "EN", "ZHIR", "REMESH"], "coherence_change": 0.0, "sense_index_change": 0.022179758749332867, "phi_s_change": 0.0, "grad_phi_change": -0.13589551980201775, "k_phi_change": 0.03086614985545269, "xi_c_change": 0.0, "phase_sync_change": 0.040129435712645045, "epi_magnitude_change": 0.01812385044776721, "hash_signature": "04bb6ff37693c732", "sequence_str": "UM -> VAL -> SHA -> EN -> ZHIR -> REMESH"}