{"sequence": ["AL", "RA", "NAV"], "coherence_change": 0.0, "sense_index_change": -0.027929075516934132, "phi_s_change": 0.0, "grad_phi_change": 0.08606882119175596, "k_phi_change": 0.7686072786922149, "xi_c_change": 0.0, "phase_sync_change": -0.034787466953640656, "epi_magnitude_change": -7.447220084444428e-05, "hash_signature": "baff45ba70d87237", "sequence_str": "AL -> RA -> NAV"}