{"sequence": ["ZHIR", "RA", "ZHIR", "REMESH"], "coherence_change": 0.0, "sense_index_change": 0.019727051218440317, "phi_s_change": 0.0, "grad_phi_change": -0.09991507314114179, "k_phi_change": 0.3624227246868122, "xi_c_change": 0.0, "phase_sync_change": 0.0354116531969727, "epi_magnitude_change": 0.0014897277473296944, "hash_signature": "a5fbcced7dedc845", "sequence_str": "ZHIR -> RA -> ZHIR -> REMESH"}