{"sequence": ["VAL", "UM", "THOL", "NAV"], "coherence_change": 0.006383376198962676, "sense_index_change": 0.0010549639807274636, "phi_s_change": 0.02565553654645225, "grad_phi_change": -0.16854791074692987, "k_phi_change": 0.17689351396559932, "xi_c_change": 0.0, "phase_sync_change": 0.04305898960276855, "epi_magnitude_change": 0.009278469058031868, "hash_signature": "9a12a275834bec19", "sequence_str": "VAL -> UM -> THOL -> NAV"}