{"sequence": ["THOL", "EN", "UM", "SHA"], "coherence_change": 0.0036642843600325214, "sense_index_change": 0.005905189745660566, "phi_s_change": 0.00023719724412119003, "grad_phi_change": -0.008362290966066999, "k_phi_change": 0.5579308942187746, "xi_c_change": 0.0, "phase_sync_change": 0.006475351726275003, "epi_magnitude_change": 0.0, "hash_signature": "2ba8f94e947762d4", "sequence_str": "THOL -> EN -> UM -> SHA"}