{"sequence": ["THOL", "NUL", "REMESH", "NAV"], "coherence_change": 0.004727517355415212, "sense_index_change": 0.003934083218332107, "phi_s_change": 0.031242793381912493, "grad_phi_change": 0.0, "k_phi_change": 0.0, "xi_c_change": 0.0, "phase_sync_change": 0.0, "epi_magnitude_change": -0.012730661444522395, "hash_signature": "3ed0cdc02009811b", "sequence_str": "THOL -> NUL -> REMESH -> NAV"}