{"sequence": ["AL", "RA", "VAL", "THOL", "NAV"], "coherence_change": 0.00271818403582913, "sense_index_change": 0.002015460542814984, "phi_s_change": -0.009111968634298417, "grad_phi_change": 0.024603981129521113, "k_phi_change": 0.21580581770181503, "xi_c_change": 0.0, "phase_sync_change": -0.013115401874546073, "epi_magnitude_change": 0.007644236053374831, "hash_signature": "4c5e22d81067bd02", "sequence_str": "AL -> RA -> VAL -> THOL -> NAV"}