{"sequence": ["IL", "REMESH", "THOL", "SHA"], "coherence_change": 0.014095661468971343, "sense_index_change": 0.005856948805676443, "phi_s_change": -0.03879452062695421, "grad_phi_change": 0.0, "k_phi_change": 0.0, "xi_c_change": 0.0, "phase_sync_change": 0.0, "epi_magnitude_change": 0.0014176383033882578, "hash_signature": "54b578e54fc49490", "sequence_str": "IL -> REMESH -> THOL -> SHA"}