{"sequence": ["REMESH", "OZ", "VAL", "NUL", "ZHIR", "REMESH"], "coherence_change": -0.013611389478340064, "sense_index_change": -0.011902303067355957, "phi_s_change": -0.12200357134925643, "grad_phi_change": 0.027406970279798548, "k_phi_change": 0.063531824403989, "xi_c_change": 0.0, "phase_sync_change": -0.009356762337562441, "epi_magnitude_change": 0.009403057800450254, "hash_signature": "a15f2a7a0aed5edd", "sequence_str": "REMESH -> OZ -> VAL -> NUL -> ZHIR -> REMESH"}