{"sequence": ["IL", "AL", "OZ"], "coherence_change": -0.0016253143333858633, "sense_index_change": 0.03048154198016928, "phi_s_change": -0.1199865616672755, "grad_phi_change": 0.0, "k_phi_change": 0.0, "xi_c_change": 0.0, "phase_sync_change": 0.0, "epi_magnitude_change": 0.008959525955167358, "hash_signature": "792a150d6a7a2b0e", "sequence_str": "IL -> AL -> OZ"}