{"sequence": ["VAL", "RA", "REMESH", "RA", "AL", "REMESH"], "coherence_change": 0.0, "sense_index_change": 0.03669520902756429, "phi_s_change": 0.0, "grad_phi_change": -0.2188597621612567, "k_phi_change": -0.0757914896792728, "xi_c_change": 0.0, "phase_sync_change": 0.06935082276182869, "epi_magnitude_change": 0.0032404524721300065, "hash_signature": "9e00986de0a6aa35", "sequence_str": "VAL -> RA -> REMESH -> RA -> AL -> REMESH"}