{"sequence": ["AL", "UM", "NAV"], "coherence_change": 0.0, "sense_index_change": 0.007140794629959091, "phi_s_change": 0.0, "grad_phi_change": -0.000630984400608714, "k_phi_change": 0.269344126139628, "xi_c_change": 0.0, "phase_sync_change": -0.0010667289348863518, "epi_magnitude_change": 0.0024464872615538313, "hash_signature": "1cc9c6b25d384ad2", "sequence_str": "AL -> UM -> NAV"}