{"sequence": ["REMESH", "UM", "OZ", "VAL", "NAV"], "coherence_change": -0.009362829389189642, "sense_index_change": 0.044320134976947645, "phi_s_change": -0.04306348536142868, "grad_phi_change": -0.33543613738323863, "k_phi_change": -0.020022092374685246, "xi_c_change": 0.0, "phase_sync_change": 0.09167520795961115, "epi_magnitude_change": 0.015874426802250152, "hash_signature": "9c74790039f6551b", "sequence_str": "REMESH -> UM -> OZ -> VAL -> NAV"}