{"sequence": ["OZ", "ZHIR", "AL", "IL", "SHA"], "coherence_change": -0.0034896313175017957, "sense_index_change": 0.01074377286075967, "phi_s_change": 0.18799976426272114, "grad_phi_change": -0.04900654755452272, "k_phi_change": -0.00504486113886618, "xi_c_change": 0.0, "phase_sync_change": 0.016763608464975488, "epi_magnitude_change": 0.006401218839989786, "hash_signature": "8d5f2e1d19cf2bf9", "sequence_str": "OZ -> ZHIR -> AL -> IL -> SHA"}