{"sequence": ["SHA", "AL", "NAV", "NAV", "UM", "REMESH"], "coherence_change": 0.0, "sense_index_change": -0.018583305292024843, "phi_s_change": 0.0, "grad_phi_change": 0.06701155896166444, "k_phi_change": -0.13897432070476567, "xi_c_change": 0.0, "phase_sync_change": -0.024674452303068972, "epi_magnitude_change": 0.0023689740607002463, "hash_signature": "7af9a199f29b4049", "sequence_str": "SHA -> AL -> NAV -> NAV -> UM -> REMESH"}