{"sequence": ["REMESH", "OZ", "NAV", "EN", "RA", "OZ"], "coherence_change": -0.01947826413390541, "sense_index_change": 0.03430518584012188, "phi_s_change": -0.026092417095494813, "grad_phi_change": -0.022171249499933987, "k_phi_change": 0.07816381626863063, "xi_c_change": 0.0, "phase_sync_change": -0.004020395339478067, "epi_magnitude_change": 0.0012525002442986821, "hash_signature": "c3219854f746529e", "sequence_str": "REMESH -> OZ -> NAV -> EN -> RA -> OZ"}