{"sequence": ["SHA", "VAL", "ZHIR", "SHA"], "coherence_change": 0.0, "sense_index_change": 0.014683274935419433, "phi_s_change": 0.0, "grad_phi_change": -0.0533714198027071, "k_phi_change": 0.27325228311307875, "xi_c_change": 0.0, "phase_sync_change": 0.01593205517648788, "epi_magnitude_change": 0.012328469275164067, "hash_signature": "6c7c0ee6390146af", "sequence_str": "SHA -> VAL -> ZHIR -> SHA"}