{"sequence": ["RA", "AL", "AL", "NAV"], "coherence_change": 0.0, "sense_index_change": -0.004904905457273956, "phi_s_change": 0.0, "grad_phi_change": 0.005170913125560617, "k_phi_change": 0.059967930042881146, "xi_c_change": 0.0, "phase_sync_change": -0.002111748563614846, "epi_magnitude_change": 0.005151299701063983, "hash_signature": "ff14d4dc88ec6d7b", "sequence_str": "RA -> AL -> AL -> NAV"}