{"sequence": ["NAV", "SHA", "SHA", "RA", "NAV"], "coherence_change": 0.0, "sense_index_change": -0.018265375501677228, "phi_s_change": 0.0, "grad_phi_change": 0.013520850256106831, "k_phi_change": 0.1211208382938536, "xi_c_change": 0.0, "phase_sync_change": -0.010080513579819539, "epi_magnitude_change": 0.0, "hash_signature": "41cc43e418d85296", "sequence_str": "NAV -> SHA -> SHA -> RA -> NAV"}