{"sequence": ["OZ", "ZHIR", "EN", "UM", "OZ"], "coherence_change": -0.025701081303383888, "sense_index_change": 0.0022425525785596534, "phi_s_change": -0.11666914721320021, "grad_phi_change": -0.022593616906046332, "k_phi_change": 0.23053998527926706, "xi_c_change": 0.0, "phase_sync_change": 0.002219764996631124, "epi_magnitude_change": 0.0, "hash_signature": "9f031e8a59becdd6", "sequence_str": "OZ -> ZHIR -> EN -> UM -> OZ"}