{"sequence": ["REMESH", "RA", "SHA", "NUL", "NUL", "SHA"], "coherence_change": 0.0, "sense_index_change": 0.0069720674050164355, "phi_s_change": 0.0, "grad_phi_change": 0.07524265788695383, "k_phi_change": 0.13530290683361781, "xi_c_change": 0.0, "phase_sync_change": -0.03524579065155875, "epi_magnitude_change": -0.01860415200151877, "hash_signature": "60b0be27d4ea1a06", "sequence_str": "REMESH -> RA -> SHA -> NUL -> NUL -> SHA"}