{"sequence": ["AL", "AL", "OZ"], "coherence_change": -0.015665476741399065, "sense_index_change": 0.009984335403168565, "phi_s_change": -0.09763957819413571, "grad_phi_change": 0.0, "k_phi_change": 0.0, "xi_c_change": 0.0, "phase_sync_change": 0.0, "epi_magnitude_change": -0.008601888779225964, "hash_signature": "1ae6e9965d734c13", "sequence_str": "AL -> AL -> OZ"}