{"sequence": ["IL", "UM", "OZ"], "coherence_change": -0.00027279841240102076, "sense_index_change": 0.028361653522317454, "phi_s_change": 0.008167919133387769, "grad_phi_change": -0.1919346880573196, "k_phi_change": -0.09326427026894651, "xi_c_change": 0.0, "phase_sync_change": 0.05475305718786416, "epi_magnitude_change": 0.0, "hash_signature": "2c32829e75304196", "sequence_str": "IL -> UM -> OZ"}