{"sequence": ["NAV", "VAL", "UM", "SHA"], "coherence_change": 0.0, "sense_index_change": -0.012084052385385236, "phi_s_change": 0.0, "grad_phi_change": 0.009203098591202163, "k_phi_change": -0.3138686486940397, "xi_c_change": 0.0, "phase_sync_change": -0.012778251134814345, "epi_magnitude_change": 0.009260084868524476, "hash_signature": "bb8868223596acc2", "sequence_str": "NAV -> VAL -> UM -> SHA"}