{"sequence": ["IL", "VAL", "REMESH", "SHA"], "coherence_change": 0.00647340981130895, "sense_index_change": 0.002408888929187447, "phi_s_change": 0.051822507278545316, "grad_phi_change": 0.0, "k_phi_change": 0.0, "xi_c_change": 0.0, "phase_sync_change": 0.0, "epi_magnitude_change": 0.016949113155036666, "hash_signature": "d5b54cecade26312", "sequence_str": "IL -> VAL -> REMESH -> SHA"}