{"sequence": ["THOL", "IL", "REMESH"], "coherence_change": 0.010745045929108632, "sense_index_change": -0.004858225321129228, "phi_s_change": 0.06588194347679321, "grad_phi_change": 0.0, "k_phi_change": 0.0, "xi_c_change": 0.0, "phase_sync_change": 0.0, "epi_magnitude_change": 0.001371068622764593, "hash_signature": "2b5331e12d98ff3e", "sequence_str": "THOL -> IL -> REMESH"}