{"sequence": ["NAV", "ZHIR", "AL", "SHA"], "coherence_change": 0.0, "sense_index_change": 0.02159993279182504, "phi_s_change": 0.0, "grad_phi_change": -0.1319623470458111, "k_phi_change": 0.009438766445778846, "xi_c_change": 0.0, "phase_sync_change": 0.04573669632789734, "epi_magnitude_change": -0.00524658469666428, "hash_signature": "68a602509560e1d9", "sequence_str": "NAV -> ZHIR -> AL -> SHA"}