{"sequence": ["OZ", "VAL", "OZ"], "coherence_change": -0.024702842828989047, "sense_index_change": 0.03901923709919575, "phi_s_change": -0.18250468302482992, "grad_phi_change": 0.0, "k_phi_change": 0.0, "xi_c_change": 0.0, "phase_sync_change": 0.0, "epi_magnitude_change": 0.01737962021963979, "hash_signature": "e25da94ed94869d4", "sequence_str": "OZ -> VAL -> OZ"}