{"sequence": ["ZHIR", "EN", "NAV", "NAV"], "coherence_change": 0.0, "sense_index_change": -0.009333491926863835, "phi_s_change": 0.0, "grad_phi_change": 0.08758512341904523, "k_phi_change": 0.1300190826243599, "xi_c_change": 0.0, "phase_sync_change": -0.02405818606217247, "epi_magnitude_change": 0.0, "hash_signature": "43ccb72118d934d2", "sequence_str": "ZHIR -> EN -> NAV -> NAV"}