{"sequence": ["EN", "NUL", "OZ"], "coherence_change": -0.011170064991576578, "sense_index_change": 0.008007676416612264, "phi_s_change": -0.06964424653915147, "grad_phi_change": 0.0, "k_phi_change": 0.0, "xi_c_change": 0.0, "phase_sync_change": 0.0, "epi_magnitude_change": -0.017391918078914492, "hash_signature": "0ead1e261a450b0f", "sequence_str": "EN -> NUL -> OZ"}