{"sequence": ["THOL", "ZHIR", "UM", "NAV"], "coherence_change": 0.004434747506083081, "sense_index_change": 0.05412140211870087, "phi_s_change": 0.05904038285320701, "grad_phi_change": -0.3670811562310359, "k_phi_change": 0.1147873614664626, "xi_c_change": 0.0, "phase_sync_change": 0.1243331743006324, "epi_magnitude_change": 0.0, "hash_signature": "cd10b238349e95d7", "sequence_str": "THOL -> ZHIR -> UM -> NAV"}