{"sequence": ["SHA", "UM", "RA", "AL", "THOL", "NAV"], "coherence_change": 0.00462503844147566, "sense_index_change": 0.06213448676437616, "phi_s_change": 0.043427336757004165, "grad_phi_change": -0.20916205276592903, "k_phi_change": 0.2984862825312669, "xi_c_change": 0.0, "phase_sync_change": 0.05111087075142917, "epi_magnitude_change": -0.0024520387421053114, "hash_signature": "2dc1ec26eac94cb0", "sequence_str": "SHA -> UM -> RA -> AL -> THOL -> NAV"}