{"sequence": ["EN", "ZHIR", "REMESH"], "coherence_change": 0.0, "sense_index_change": 0.018464897279058756, "phi_s_change": 0.0, "grad_phi_change": -0.06115862118806992, "k_phi_change": 0.09401989794490336, "xi_c_change": 0.0, "phase_sync_change": 0.01637490221572757, "epi_magnitude_change": 0.0011424653476815871, "hash_signature": "05cae3e5bc879cc7", "sequence_str": "EN -> ZHIR -> REMESH"}