{"sequence": ["EN", "OZ", "REMESH", "UM", "NAV"], "coherence_change": -0.013176069971161719, "sense_index_change": -0.015925866868973015, "phi_s_change": -0.023524339235459824, "grad_phi_change": 0.04585208433666765, "k_phi_change": -0.023302936297444676, "xi_c_change": 0.0, "phase_sync_change": -0.01954255667124183, "epi_magnitude_change": 0.0013231259357704417, "hash_signature": "6c079953a89486a3", "sequence_str": "EN -> OZ -> REMESH -> UM -> NAV"}