{"sequence": ["IL", "RA", "OZ", "ZHIR", "NAV"], "coherence_change": -0.008211177615281118, "sense_index_change": 0.013797383910731376, "phi_s_change": -0.08728889336163947, "grad_phi_change": 0.03926481097092771, "k_phi_change": 0.32673460155697565, "xi_c_change": 0.0, "phase_sync_change": -0.018970975180470195, "epi_magnitude_change": 0.0, "hash_signature": "d6037c5bdadc9920", "sequence_str": "IL -> RA -> OZ -> ZHIR -> NAV"}