{"sequence": ["AL", "RA", "OZ", "REMESH"], "coherence_change": -0.013235329725832301, "sense_index_change": 0.0010224608349609365, "phi_s_change": -0.05768265812779427, "grad_phi_change": -0.05078679127323138, "k_phi_change": 0.5895719052827179, "xi_c_change": 0.0, "phase_sync_change": 0.01566657362104673, "epi_magnitude_change": 0.008894861368101581, "hash_signature": "827c0457c478e4ff", "sequence_str": "AL -> RA -> OZ -> REMESH"}