{"sequence": ["AL", "EN", "NUL", "ZHIR", "ZHIR", "OZ"], "coherence_change": -0.011654243942142317, "sense_index_change": -0.007843136261118766, "phi_s_change": -0.1667910717250699, "grad_phi_change": -0.06846038574797086, "k_phi_change": 0.03535165962204556, "xi_c_change": 0.0, "phase_sync_change": 0.025015337668665594, "epi_magnitude_change": -0.015975318948102446, "hash_signature": "964cde8f637137db", "sequence_str": "AL -> EN -> NUL -> ZHIR -> ZHIR -> OZ"}