{"sequence": ["OZ", "AL", "REMESH", "SHA", "ZHIR", "OZ"], "coherence_change": -0.02571319185364207, "sense_index_change": 0.03938543201902833, "phi_s_change": -0.1902151638047066, "grad_phi_change": -0.06016138117883041, "k_phi_change": 0.1401520408962421, "xi_c_change": 0.0, "phase_sync_change": 0.019446524370410057, "epi_magnitude_change": 0.004729688062961812, "hash_signature": "e7961a64844c8958", "sequence_str": "OZ -> AL -> REMESH -> SHA -> ZHIR -> OZ"}