{"sequence": ["NAV", "REMESH", "SHA", "RA", "OZ"], "coherence_change": -0.009621286313035049, "sense_index_change": 0.014994397945107485, "phi_s_change": -0.10153770561232811, "grad_phi_change": -0.06692236689844933, "k_phi_change": 0.29102013069478183, "xi_c_change": 0.0, "phase_sync_change": 0.016836324522773283, "epi_magnitude_change": 0.0011560988572345554, "hash_signature": "1ec2bedd7c6a33d6", "sequence_str": "NAV -> REMESH -> SHA -> RA -> OZ"}