{"sequence": ["UM", "VAL", "REMESH"], "coherence_change": 0.0, "sense_index_change": -0.009890597204617768, "phi_s_change": 0.0, "grad_phi_change": 0.015183060900533896, "k_phi_change": -0.09079766810690787, "xi_c_change": 0.0, "phase_sync_change": -0.012131913279341378, "epi_magnitude_change": 0.017416674585783554, "hash_signature": "a3a8aa50edd5c1ed", "sequence_str": "UM -> VAL -> REMESH"}