{"sequence": ["IL", "IL", "REMESH", "UM", "NAV"], "coherence_change": 0.017007685333398914, "sense_index_change": -0.0032192118443434836, "phi_s_change": 0.008042602072462546, "grad_phi_change": 0.029142949381237626, "k_phi_change": 0.41481617665741655, "xi_c_change": 0.0, "phase_sync_change": -0.007672444990806215, "epi_magnitude_change": 0.001513717638220835, "hash_signature": "1317fecd1b3fef44", "sequence_str": "IL -> IL -> REMESH -> UM -> NAV"}