{"sequence": ["IL", "SHA", "ZHIR", "NUL", "EN", "SHA"], "coherence_change": 0.008757149222048066, "sense_index_change": 0.026173685495042398, "phi_s_change": 0.03771877591498718, "grad_phi_change": -0.06444967040969507, "k_phi_change": 0.08594088073015979, "xi_c_change": 0.0, "phase_sync_change": 0.01964162201124775, "epi_magnitude_change": -0.011719395332895788, "hash_signature": "b4009c2ce72bb3eb", "sequence_str": "IL -> SHA -> ZHIR -> NUL -> EN -> SHA"}