{"sequence": ["SHA", "IL", "RA", "REMESH", "OZ"], "coherence_change": -0.007693308358749373, "sense_index_change": -0.029192406177983687, "phi_s_change": 0.04079550270162724, "grad_phi_change": 0.12941173109852078, "k_phi_change": -0.054613698402472405, "xi_c_change": 0.0, "phase_sync_change": -0.048829664481937596, "epi_magnitude_change": 0.0012644317898037327, "hash_signature": "12ef6a4b2281bc35", "sequence_str": "SHA -> IL -> RA -> REMESH -> OZ"}