{"sequence": ["AL", "REMESH", "RA", "UM", "SHA"], "coherence_change": 0.0, "sense_index_change": -0.00677150922572034, "phi_s_change": 0.0, "grad_phi_change": -0.0337475915095824, "k_phi_change": 0.10570746505494505, "xi_c_change": 0.0, "phase_sync_change": 0.0028037290723392783, "epi_magnitude_change": 0.002906095076352311, "hash_signature": "db201630aa428c29", "sequence_str": "AL -> REMESH -> RA -> UM -> SHA"}