{"sequence": ["ZHIR", "UM", "RA", "OZ"], "coherence_change": -0.013012123405999776, "sense_index_change": 0.02808375203598723, "phi_s_change": -0.09942637785754627, "grad_phi_change": -0.22961986447630367, "k_phi_change": 0.484915038996862, "xi_c_change": 0.0, "phase_sync_change": 0.06806509340145583, "epi_magnitude_change": 0.0, "hash_signature": "144cbf4c26f62142", "sequence_str": "ZHIR -> UM -> RA -> OZ"}