{"sequence": ["REMESH", "THOL", "IL", "ZHIR", "NAV"], "coherence_change": 0.013054570107990715, "sense_index_change": -0.014482273526944645, "phi_s_change": -0.0339245024984004, "grad_phi_change": 0.10743579493384403, "k_phi_change": -0.12559802242715468, "xi_c_change": 0.0, "phase_sync_change": -0.03466430628606354, "epi_magnitude_change": 0.0010634617909742738, "hash_signature": "013cb140926f5fe8", "sequence_str": "REMESH -> THOL -> IL -> ZHIR -> NAV"}