{"sequence": ["AL", "RA", "THOL", "NAV"], "coherence_change": 0.003608498699582241, "sense_index_change": -0.015361484318824614, "phi_s_change": 0.03997953033398949, "grad_phi_change": 0.0307617179690145, "k_phi_change": 0.19023762658660961, "xi_c_change": 0.0, "phase_sync_change": -0.01015731425339328, "epi_magnitude_change": 0.005763460273065513, "hash_signature": "fb73cf2ce15bf186", "sequence_str": "AL -> RA -> THOL -> NAV"}