{"sequence": ["AL", "ZHIR", "NAV"], "coherence_change": 0.0, "sense_index_change": -0.02113281780106202, "phi_s_change": 0.0, "grad_phi_change": 0.08642714609001367, "k_phi_change": -0.046555160836804055, "xi_c_change": 0.0, "phase_sync_change": -0.0242036948596277, "epi_magnitude_change": 0.0054635168389889355, "hash_signature": "f79532465d56e7ca", "sequence_str": "AL -> ZHIR -> NAV"}