{"sequence": ["SHA", "UM", "ZHIR", "SHA"], "coherence_change": 0.0, "sense_index_change": 0.03438408218511635, "phi_s_change": 0.0, "grad_phi_change": -0.1736844019150554, "k_phi_change": 0.3130429699908478, "xi_c_change": 0.0, "phase_sync_change": 0.056643969512275016, "epi_magnitude_change": 0.0, "hash_signature": "249356d70b87afa1", "sequence_str": "SHA -> UM -> ZHIR -> SHA"}