{"sequence": ["SHA", "VAL", "OZ"], "coherence_change": -0.01314420023814944, "sense_index_change": 0.02011934489902656, "phi_s_change": -0.1767186307801082, "grad_phi_change": 0.0, "k_phi_change": 0.0, "xi_c_change": 0.0, "phase_sync_change": 0.0, "epi_magnitude_change": 0.01562676456260581, "hash_signature": "b99a8df0b233b8e9", "sequence_str": "SHA -> VAL -> OZ"}