{"sequence": ["IL", "UM", "THOL", "SHA"], "coherence_change": 0.014024919972385086, "sense_index_change": 0.019634303750897697, "phi_s_change": 0.16936490497495904, "grad_phi_change": -0.09986364512597956, "k_phi_change": -0.030798246731403495, "xi_c_change": 0.0, "phase_sync_change": 0.034212291241030646, "epi_magnitude_change": 0.0, "hash_signature": "45d4f0424469f293", "sequence_str": "IL -> UM -> THOL -> SHA"}