{"sequence": ["REMESH", "NUL", "ZHIR", "REMESH"], "coherence_change": 0.0, "sense_index_change": 0.005873890182196861, "phi_s_change": 0.0, "grad_phi_change": -0.005670899817712183, "k_phi_change": -0.10674661536907692, "xi_c_change": 0.0, "phase_sync_change": 0.005103827606651512, "epi_magnitude_change": -0.01022153407319748, "hash_signature": "f70ae7dc86b22b7f", "sequence_str": "REMESH -> NUL -> ZHIR -> REMESH"}