{"sequence": ["SHA", "REMESH", "NAV", "UM", "OZ"], "coherence_change": -0.007472979542986646, "sense_index_change": -0.011057064737013178, "phi_s_change": 0.07468243921321482, "grad_phi_change": 0.004113981364319619, "k_phi_change": 0.013435088543784751, "xi_c_change": 0.0, "phase_sync_change": -0.006160471652366661, "epi_magnitude_change": 0.0015417407198101696, "hash_signature": "6eef50d1f0b35fbe", "sequence_str": "SHA -> REMESH -> NAV -> UM -> OZ"}