{"sequence": ["RA", "AL", "ZHIR", "SHA"], "coherence_change": 0.0, "sense_index_change": 0.00041011989817907324, "phi_s_change": 0.0, "grad_phi_change": 0.04105068905678455, "k_phi_change": -0.03440703194905398, "xi_c_change": 0.0, "phase_sync_change": -0.017391297335508926, "epi_magnitude_change": -4.577819108586567e-05, "hash_signature": "4af5e4bc4e8af779", "sequence_str": "RA -> AL -> ZHIR -> SHA"}