{"sequence": ["NAV", "RA", "OZ", "RA", "NAV"], "coherence_change": -0.01035662811916771, "sense_index_change": 0.03586912337564041, "phi_s_change": -0.09982289018119161, "grad_phi_change": -0.08320783510418206, "k_phi_change": -0.003947944271851994, "xi_c_change": 0.0, "phase_sync_change": 0.02862327474806936, "epi_magnitude_change": 0.0, "hash_signature": "d58c747bcb27567e", "sequence_str": "NAV -> RA -> OZ -> RA -> NAV"}