{"sequence": ["OZ", "UM", "OZ", "VAL", "REMESH"], "coherence_change": -0.019131523110035076, "sense_index_change": -0.011793890802018203, "phi_s_change": -0.11687352011949825, "grad_phi_change": 0.06480700874106282, "k_phi_change": 0.21658933939949238, "xi_c_change": 0.0, "phase_sync_change": -0.022373280873227985, "epi_magnitude_change": 0.014370204938917164, "hash_signature": "1ab1b86d8aaef146", "sequence_str": "OZ -> UM -> OZ -> VAL -> REMESH"}