{"sequence": ["THOL", "UM", "IL", "EN", "OZ"], "coherence_change": -0.0009394735871834925, "sense_index_change": 0.053336679521406305, "phi_s_change": -0.15842550539378997, "grad_phi_change": -0.2524440907540113, "k_phi_change": 0.18110476262671987, "xi_c_change": 0.0, "phase_sync_change": 0.07144396498005878, "epi_magnitude_change": 0.0, "hash_signature": "21d01f05b893023a", "sequence_str": "THOL -> UM -> IL -> EN -> OZ"}