{"sequence": ["THOL", "NUL", "UM", "OZ"], "coherence_change": -0.0018829309486702028, "sense_index_change": 0.031007923380556357, "phi_s_change": 0.05378488873500886, "grad_phi_change": -0.2717511471474041, "k_phi_change": 0.18246089078011518, "xi_c_change": 0.0, "phase_sync_change": 0.09493045390129284, "epi_magnitude_change": -0.013610502411220304, "hash_signature": "67488b4f48c777c4", "sequence_str": "THOL -> NUL -> UM -> OZ"}