{"sequence": ["REMESH", "AL", "OZ", "THOL", "OZ"], "coherence_change": -0.020918448316094684, "sense_index_change": -0.003035056248690493, "phi_s_change": -0.1112553934967434, "grad_phi_change": 0.0, "k_phi_change": 0.0, "xi_c_change": 0.0, "phase_sync_change": 0.0, "epi_magnitude_change": -0.002148458692596389, "hash_signature": "7ff2ac328631310a", "sequence_str": "REMESH -> AL -> OZ -> THOL -> OZ"}