{"sequence": ["THOL", "RA", "ZHIR", "OZ"], "coherence_change": -0.004217419302695924, "sense_index_change": -0.0023924255593756882, "phi_s_change": -0.06766632371824555, "grad_phi_change": -0.03346383531280406, "k_phi_change": 0.35293890937444417, "xi_c_change": 0.0, "phase_sync_change": 0.010658751620330142, "epi_magnitude_change": 0.0, "hash_signature": "6bc39832493d5899", "sequence_str": "THOL -> RA -> ZHIR -> OZ"}