{"sequence": ["NAV", "ZHIR", "AL", "REMESH"], "coherence_change": 0.0, "sense_index_change": -0.026519596714546068, "phi_s_change": 0.0, "grad_phi_change": 0.1101313802315631, "k_phi_change": -0.1017027591149765, "xi_c_change": 0.0, "phase_sync_change": -0.029323246245932744, "epi_magnitude_change": 0.0041043590374055805, "hash_signature": "2809267c447e0231", "sequence_str": "NAV -> ZHIR -> AL -> REMESH"}