{"sequence": ["NUL", "RA", "SHA", "NAV", "NAV"], "coherence_change": 0.0, "sense_index_change": -0.01086632812552396, "phi_s_change": 0.0, "grad_phi_change": 0.030384077083363437, "k_phi_change": 0.019233627203963294, "xi_c_change": 0.0, "phase_sync_change": -0.018210555496526726, "epi_magnitude_change": -0.006686633379402451, "hash_signature": "27f70661b660d671", "sequence_str": "NUL -> RA -> SHA -> NAV -> NAV"}