{"sequence": ["AL", "UM", "NUL", "RA", "OZ"], "coherence_change": -0.010369395421239047, "sense_index_change": 0.0461660715786969, "phi_s_change": -0.04851604205664828, "grad_phi_change": -0.2267887509015638, "k_phi_change": 0.29330701067537435, "xi_c_change": 0.0, "phase_sync_change": 0.07785702230346436, "epi_magnitude_change": -0.03055244440764282, "hash_signature": "58a98e68efa2abc2", "sequence_str": "AL -> UM -> NUL -> RA -> OZ"}