{"sequence": ["UM", "RA", "RA", "REMESH", "NAV"], "coherence_change": 0.0, "sense_index_change": 0.05300849104458438, "phi_s_change": 0.0, "grad_phi_change": -0.32391603823133064, "k_phi_change": 0.053095926227205964, "xi_c_change": 0.0, "phase_sync_change": 0.10611413704480765, "epi_magnitude_change": 0.0016393996752989137, "hash_signature": "82f76da95d05be29", "sequence_str": "UM -> RA -> RA -> REMESH -> NAV"}