{"sequence": ["ZHIR", "THOL", "OZ"], "coherence_change": -0.010126669661875476, "sense_index_change": -0.019757322586497483, "phi_s_change": 0.04533842390380072, "grad_phi_change": 0.033949178633280175, "k_phi_change": 0.2400186779421274, "xi_c_change": 0.0, "phase_sync_change": -0.014219418639281112, "epi_magnitude_change": 0.0, "hash_signature": "07436318162597ba", "sequence_str": "ZHIR -> THOL -> OZ"}