{"sequence": ["IL", "OZ", "NAV", "THOL", "REMESH"], "coherence_change": 0.0002532771244079246, "sense_index_change": 0.005644126749241085, "phi_s_change": 0.1063965164954408, "grad_phi_change": 0.0, "k_phi_change": 0.0, "xi_c_change": 0.0, "phase_sync_change": 0.0, "epi_magnitude_change": 0.0017041207760241095, "hash_signature": "ce533b6de6e3377d", "sequence_str": "IL -> OZ -> NAV -> THOL -> REMESH"}