{"sequence": ["UM", "IL", "IL", "ZHIR", "REMESH"], "coherence_change": 0.01545263094312721, "sense_index_change": 0.04291073725349437, "phi_s_change": 0.03782769264995878, "grad_phi_change": -0.23257453701940634, "k_phi_change": 0.14502328356854496, "xi_c_change": 0.0, "phase_sync_change": 0.0847123350092357, "epi_magnitude_change": 0.0013923558457591412, "hash_signature": "20ce55e87332b70d", "sequence_str": "UM -> IL -> IL -> ZHIR -> REMESH"}