{"sequence": ["RA", "REMESH", "ZHIR", "OZ"], "coherence_change": -0.011974915103291184, "sense_index_change": 0.0006082317949960281, "phi_s_change": -0.10460242707008804, "grad_phi_change": -0.06712431465734037, "k_phi_change": -0.21841401410221123, "xi_c_change": 0.0, "phase_sync_change": 0.01197142187132394, "epi_magnitude_change": 0.0017066811344600419, "hash_signature": "abe6e70e5ebcb43f", "sequence_str": "RA -> REMESH -> ZHIR -> OZ"}