{"sequence": ["NAV", "ZHIR", "REMESH", "IL", "SHA"], "coherence_change": 0.007771171497967466, "sense_index_change": 0.01958096005808274, "phi_s_change": 0.07563981916969265, "grad_phi_change": -0.023812964816129156, "k_phi_change": 0.08562330748706946, "xi_c_change": 0.0, "phase_sync_change": 0.005335693713936496, "epi_magnitude_change": 0.0019338433698428137, "hash_signature": "eff55f8a010bfdfb", "sequence_str": "NAV -> ZHIR -> REMESH -> IL -> SHA"}