{"sequence": ["NAV", "SHA", "NUL", "UM", "RA", "REMESH"], "coherence_change": 0.0, "sense_index_change": -0.01948898340273586, "phi_s_change": 0.0, "grad_phi_change": 0.11029030618539015, "k_phi_change": 0.019358996034235437, "xi_c_change": 0.0, "phase_sync_change": -0.04724986084217553, "epi_magnitude_change": -0.016225660362602534, "hash_signature": "7c8bb89fccbe1918", "sequence_str": "NAV -> SHA -> NUL -> UM -> RA -> REMESH"}