{"sequence": ["SHA", "ZHIR", "UM", "NAV"], "coherence_change": 0.0, "sense_index_change": 0.03079479960469622, "phi_s_change": 0.0, "grad_phi_change": -0.12079348967883585, "k_phi_change": 0.5535162296638139, "xi_c_change": 0.0, "phase_sync_change": 0.051877325483253744, "epi_magnitude_change": 0.0, "hash_signature": "219ec4d5332706fe", "sequence_str": "SHA -> ZHIR -> UM -> NAV"}