{"sequence": ["AL", "SHA", "UM", "SHA"], "coherence_change": 0.0, "sense_index_change": 0.0056393092927692345, "phi_s_change": 0.0, "grad_phi_change": -0.05420824018598802, "k_phi_change": 0.3421260105024342, "xi_c_change": 0.0, "phase_sync_change": 0.017394080257179256, "epi_magnitude_change": 0.0019096702119694164, "hash_signature": "a3cd71316405cd1f", "sequence_str": "AL -> SHA -> UM -> SHA"}