{"sequence": ["IL", "SHA", "IL", "REMESH"], "coherence_change": 0.017804496461858665, "sense_index_change": -0.012645484867816581, "phi_s_change": 0.08295294710607704, "grad_phi_change": 0.0, "k_phi_change": 0.0, "xi_c_change": 0.0, "phase_sync_change": 0.0, "epi_magnitude_change": 0.0015441223300388662, "hash_signature": "82ca4ac671d1e8ab", "sequence_str": "IL -> SHA -> IL -> REMESH"}