{"sequence": ["ZHIR", "OZ"], "coherence_change": -0.016704749793296836, "sense_index_change": 0.022315492547263616, "phi_s_change": -0.15696852711290565, "grad_phi_change": 0.022500396186407867, "k_phi_change": -0.06577013695829181, "xi_c_change": 0.0, "phase_sync_change": -0.003586549918035309, "epi_magnitude_change": 0.0, "hash_signature": "6c959b17ca9fc385", "sequence_str": "ZHIR -> OZ"}