{"sequence": ["OZ", "REMESH", "EN", "SHA", "IL", "REMESH"], "coherence_change": -0.005795354683925669, "sense_index_change": -0.005620706349461879, "phi_s_change": 0.036053048315065284, "grad_phi_change": 0.0, "k_phi_change": 0.0, "xi_c_change": 0.0, "phase_sync_change": 0.0, "epi_magnitude_change": 0.0024061780872534078, "hash_signature": "e48892e541384ef0", "sequence_str": "OZ -> REMESH -> EN -> SHA -> IL -> REMESH"}