{"sequence": ["NUL", "OZ", "REMESH", "IL", "OZ"], "coherence_change": -0.013895249470257665, "sense_index_change": 0.020207257216936392, "phi_s_change": 0.06978880004176902, "grad_phi_change": 0.0, "k_phi_change": 0.0, "xi_c_change": 0.0, "phase_sync_change": 0.0, "epi_magnitude_change": -0.009679427766682958, "hash_signature": "5948a5306d8a27f2", "sequence_str": "NUL -> OZ -> REMESH -> IL -> OZ"}