{"sequence": ["AL", "THOL", "THOL", "RA", "NAV"], "coherence_change": 0.010415026776716019, "sense_index_change": 0.020721115854112626, "phi_s_change": 0.01815443662889271, "grad_phi_change": -0.035636942595675514, "k_phi_change": -0.021980059849175254, "xi_c_change": 0.0, "phase_sync_change": 0.0030623243986844795, "epi_magnitude_change": -0.0022339015414949426, "hash_signature": "e5f364b4b6087160", "sequence_str": "AL -> THOL -> THOL -> RA -> NAV"}