{"sequence": ["AL", "UM", "RA", "NAV"], "coherence_change": 0.0, "sense_index_change": 0.009823466682843618, "phi_s_change": 0.0, "grad_phi_change": -0.08420088970466644, "k_phi_change": -0.1266421808349762, "xi_c_change": 0.0, "phase_sync_change": 0.019049178500960884, "epi_magnitude_change": -0.0020883461742435827, "hash_signature": "3e49ae464058a9c7", "sequence_str": "AL -> UM -> RA -> NAV"}