{"sequence": ["OZ", "THOL", "NUL", "OZ", "SHA"], "coherence_change": -0.02113942739529151, "sense_index_change": 0.01705106383292654, "phi_s_change": -0.15454143303354562, "grad_phi_change": 0.0, "k_phi_change": 0.0, "xi_c_change": 0.0, "phase_sync_change": 0.0, "epi_magnitude_change": -0.018152829546218108, "hash_signature": "083fde66c27710f4", "sequence_str": "OZ -> THOL -> NUL -> OZ -> SHA"}