{"sequence": ["REMESH", "SHA", "OZ", "NAV"], "coherence_change": -0.01434002909253873, "sense_index_change": 0.028943679175065795, "phi_s_change": -0.05805265552456507, "grad_phi_change": 0.0, "k_phi_change": 0.0, "xi_c_change": 0.0, "phase_sync_change": 0.0, "epi_magnitude_change": 0.0013043754791632889, "hash_signature": "39c14082995fe8dd", "sequence_str": "REMESH -> SHA -> OZ -> NAV"}