{"sequence": ["SHA", "UM", "OZ"], "coherence_change": -0.015630038204256902, "sense_index_change": -0.004135040264101719, "phi_s_change": -0.010547336900473492, "grad_phi_change": 0.07246477441913601, "k_phi_change": 0.2139585638559426, "xi_c_change": 0.0, "phase_sync_change": -0.01543697338682637, "epi_magnitude_change": 0.0, "hash_signature": "1d676558fb010f11", "sequence_str": "SHA -> UM -> OZ"}