{"sequence": ["THOL", "REMESH"], "coherence_change": 0.005062761518842218, "sense_index_change": 0.0011670157852254892, "phi_s_change": 0.051401614405554685, "grad_phi_change": 0.0, "k_phi_change": 0.0, "xi_c_change": 0.0, "phase_sync_change": 0.0, "epi_magnitude_change": 0.0015302365086904413, "hash_signature": "69599f854c34461b", "sequence_str": "THOL -> REMESH"}