{"sequence": ["REMESH", "UM", "NAV"], "coherence_change": 0.0, "sense_index_change": 0.05105270306080012, "phi_s_change": 0.0, "grad_phi_change": -0.3074866410572654, "k_phi_change": -0.20391999517416837, "xi_c_change": 0.0, "phase_sync_change": 0.09956087157910876, "epi_magnitude_change": 0.001580509418064091, "hash_signature": "e356a36eb9614027", "sequence_str": "REMESH -> UM -> NAV"}