{"sequence": ["RA", "NAV", "REMESH", "SHA", "REMESH"], "coherence_change": 0.0, "sense_index_change": 0.0012442467393875, "phi_s_change": 0.0, "grad_phi_change": -0.03866496226688931, "k_phi_change": 0.3064148439617071, "xi_c_change": 0.0, "phase_sync_change": 0.006397303667233012, "epi_magnitude_change": 0.0027468108000502367, "hash_signature": "9f2e2a757be391da", "sequence_str": "RA -> NAV -> REMESH -> SHA -> REMESH"}