{"sequence": ["NUL", "OZ", "ZHIR", "NAV", "RA", "OZ"], "coherence_change": -0.027725695907758086, "sense_index_change": 0.020776292909804428, "phi_s_change": -0.16661089635895998, "grad_phi_change": 0.026383920216115797, "k_phi_change": 0.04091009853992719, "xi_c_change": 0.0, "phase_sync_change": -0.016724594176556584, "epi_magnitude_change": -0.026157436950266066, "hash_signature": "0f2cc30ec0d82347", "sequence_str": "NUL -> OZ -> ZHIR -> NAV -> RA -> OZ"}