{"sequence": ["UM", "OZ", "THOL", "AL", "OZ"], "coherence_change": -0.026687167220735164, "sense_index_change": 0.08408261647231663, "phi_s_change": -0.19869002254758972, "grad_phi_change": -0.19157602542391028, "k_phi_change": 0.5818337026162943, "xi_c_change": 0.0, "phase_sync_change": 0.07292097812143983, "epi_magnitude_change": 0.00042164364983576785, "hash_signature": "5b673b38dcb076e6", "sequence_str": "UM -> OZ -> THOL -> AL -> OZ"}