{"sequence": ["REMESH", "THOL", "SHA", "RA", "NAV"], "coherence_change": 0.0035723364478958963, "sense_index_change": 0.018829303888081572, "phi_s_change": -0.0046222359764870324, "grad_phi_change": -0.036507543359915795, "k_phi_change": 0.16755034943465077, "xi_c_change": 0.0, "phase_sync_change": 0.011312333332294644, "epi_magnitude_change": 0.001337870137616215, "hash_signature": "c81a649eb0183b88", "sequence_str": "REMESH -> THOL -> SHA -> RA -> NAV"}