{"sequence": ["NAV", "AL", "ZHIR", "RA", "NAV"], "coherence_change": 0.0, "sense_index_change": 0.03633396278007461, "phi_s_change": 0.0, "grad_phi_change": -0.14822579471737374, "k_phi_change": 0.469694212605353, "xi_c_change": 0.0, "phase_sync_change": 0.053991805018409056, "epi_magnitude_change": -0.008280169576557972, "hash_signature": "e8e184fe4c411131", "sequence_str": "NAV -> AL -> ZHIR -> RA -> NAV"}