{"sequence": ["RA", "NAV", "NUL", "REMESH"], "coherence_change": 0.0, "sense_index_change": 0.0009636144910869504, "phi_s_change": 0.0, "grad_phi_change": 0.02432868981402181, "k_phi_change": 0.1591447501457063, "xi_c_change": 0.0, "phase_sync_change": -0.01625553547546854, "epi_magnitude_change": -0.027268794176351974, "hash_signature": "f636893e0b601552", "sequence_str": "RA -> NAV -> NUL -> REMESH"}