{"sequence": ["RA", "ZHIR", "AL", "REMESH", "RA", "OZ"], "coherence_change": -0.011057445326867033, "sense_index_change": 0.02970595309121382, "phi_s_change": -0.07267686175319255, "grad_phi_change": -0.13396004697387975, "k_phi_change": 0.10186236522853037, "xi_c_change": 0.0, "phase_sync_change": 0.035565328914830774, "epi_magnitude_change": -0.0024576348765683598, "hash_signature": "b9edd4a2290d5e34", "sequence_str": "RA -> ZHIR -> AL -> REMESH -> RA -> OZ"}