{"sequence": ["REMESH", "THOL", "REMESH", "NUL", "REMESH"], "coherence_change": 0.004666998379852183, "sense_index_change": 0.000887742685762305, "phi_s_change": 0.005138819551487872, "grad_phi_change": 0.0, "k_phi_change": 0.0, "xi_c_change": 0.0, "phase_sync_change": 0.0, "epi_magnitude_change": -0.004648433540949348, "hash_signature": "93dd6375500880b0", "sequence_str": "REMESH -> THOL -> REMESH -> NUL -> REMESH"}