{"sequence": ["REMESH", "RA", "NUL", "RA", "OZ"], "coherence_change": -0.009551059764845715, "sense_index_change": 0.004645174433285826, "phi_s_change": -0.0492271341655548, "grad_phi_change": -0.09935846057526487, "k_phi_change": 0.5882314649035224, "xi_c_change": 0.0, "phase_sync_change": 0.026422637799484394, "epi_magnitude_change": -0.01629728024492072, "hash_signature": "8cf36e1bb3706811", "sequence_str": "REMESH -> RA -> NUL -> RA -> OZ"}