{"sequence": ["THOL", "NAV", "ZHIR", "VAL", "OZ"], "coherence_change": -0.006217709558698603, "sense_index_change": -0.0005923841383197459, "phi_s_change": 0.050496106582482936, "grad_phi_change": 0.02280782802746062, "k_phi_change": -0.07606026297697194, "xi_c_change": 0.0, "phase_sync_change": -0.004750313787610372, "epi_magnitude_change": 0.01571102688404491, "hash_signature": "6303d5bedf91b200", "sequence_str": "THOL -> NAV -> ZHIR -> VAL -> OZ"}