{"sequence": ["AL", "ZHIR", "VAL", "THOL", "OZ"], "coherence_change": -0.010749561819550113, "sense_index_change": -0.006948590667944288, "phi_s_change": -0.09425447190287628, "grad_phi_change": 0.0995841786250542, "k_phi_change": 0.013707904350401034, "xi_c_change": 0.0, "phase_sync_change": -0.028248341071168026, "epi_magnitude_change": 0.014801513395647059, "hash_signature": "ce1864832e9cc66d", "sequence_str": "AL -> ZHIR -> VAL -> THOL -> OZ"}