{"sequence": ["ZHIR", "THOL", "EN", "VAL", "SHA"], "coherence_change": 0.004041527414839874, "sense_index_change": 0.0014735032285718708, "phi_s_change": 0.03207225224397037, "grad_phi_change": 0.026951600338224635, "k_phi_change": 0.0316746696336383, "xi_c_change": 0.0, "phase_sync_change": -0.011314284152871723, "epi_magnitude_change": 0.01427094281418817, "hash_signature": "09d45343eafb1820", "sequence_str": "ZHIR -> THOL -> EN -> VAL -> SHA"}