{"sequence": ["ZHIR", "ZHIR", "REMESH"], "coherence_change": 0.0, "sense_index_change": 0.015493881675790688, "phi_s_change": 0.0, "grad_phi_change": -0.006718097368908715, "k_phi_change": 0.35663657110166824, "xi_c_change": 0.0, "phase_sync_change": -0.0015628390600150865, "epi_magnitude_change": 0.0013948328804135324, "hash_signature": "c3ca1254bef08e19", "sequence_str": "ZHIR -> ZHIR -> REMESH"}