{"sequence": ["THOL", "IL", "UM", "IL", "NUL", "SHA"], "coherence_change": 0.02296148765676087, "sense_index_change": 0.028172874731567155, "phi_s_change": 0.14997439486538844, "grad_phi_change": -0.22919879021983558, "k_phi_change": 0.30064161209538975, "xi_c_change": 0.0, "phase_sync_change": 0.07779265525587242, "epi_magnitude_change": -0.01826928885924628, "hash_signature": "522020b7c15b1325", "sequence_str": "THOL -> IL -> UM -> IL -> NUL -> SHA"}