{"sequence": ["UM", "IL", "EN", "NAV"], "coherence_change": 0.004541008714386008, "sense_index_change": 0.017930593847948373, "phi_s_change": 0.03063197559392583, "grad_phi_change": -0.04524547709492577, "k_phi_change": 0.4580783987357408, "xi_c_change": 0.0, "phase_sync_change": 0.02198565285586873, "epi_magnitude_change": 0.0, "hash_signature": "32f3749b2a12694b", "sequence_str": "UM -> IL -> EN -> NAV"}