{"sequence": ["SHA", "REMESH", "THOL", "OZ"], "coherence_change": -0.002256964181661547, "sense_index_change": 0.005890855727828104, "phi_s_change": -0.058065489617244226, "grad_phi_change": 0.0, "k_phi_change": 0.0, "xi_c_change": 0.0, "phase_sync_change": 0.0, "epi_magnitude_change": 0.001162141403337924, "hash_signature": "b37d226e7babc65b", "sequence_str": "SHA -> REMESH -> THOL -> OZ"}