{"sequence": ["AL", "RA", "IL", "VAL", "SHA"], "coherence_change": 0.0059634299115587375, "sense_index_change": 0.014968185087696928, "phi_s_change": 0.011982851764392954, "grad_phi_change": -0.002647728233584612, "k_phi_change": 0.08461740474548092, "xi_c_change": 0.0, "phase_sync_change": -0.009663632660344756, "epi_magnitude_change": 0.03009484121917083, "hash_signature": "d932f9b848b43560", "sequence_str": "AL -> RA -> IL -> VAL -> SHA"}