{"sequence": ["REMESH", "AL", "SHA", "THOL", "UM", "OZ"], "coherence_change": -0.014116149863323768, "sense_index_change": 0.028764535570986127, "phi_s_change": 0.024916603940469795, "grad_phi_change": -0.17060015767659698, "k_phi_change": 0.24811053973822617, "xi_c_change": 0.0, "phase_sync_change": 0.04694991012109562, "epi_magnitude_change": 0.0005353992823106113, "hash_signature": "6ff67b014f864be2", "sequence_str": "REMESH -> AL -> SHA -> THOL -> UM -> OZ"}