{"sequence": ["VAL", "OZ", "SHA", "RA", "REMESH"], "coherence_change": -0.012209525880456762, "sense_index_change": -0.006547401027136468, "phi_s_change": 0.03690169293749601, "grad_phi_change": 0.05894018232990139, "k_phi_change": 0.12022873216998184, "xi_c_change": 0.0, "phase_sync_change": -0.026720090346736836, "epi_magnitude_change": 0.012232890877427294, "hash_signature": "25cbc8ce459feac4", "sequence_str": "VAL -> OZ -> SHA -> RA -> REMESH"}