{"sequence": ["NAV", "ZHIR", "SHA", "REMESH", "UM", "NAV"], "coherence_change": 0.0, "sense_index_change": 0.03653321420381883, "phi_s_change": 0.0, "grad_phi_change": -0.16252507800751514, "k_phi_change": 0.2071589143587332, "xi_c_change": 0.0, "phase_sync_change": 0.05754442834021589, "epi_magnitude_change": 0.0015655260042033436, "hash_signature": "def6e39fc8ad7e03", "sequence_str": "NAV -> ZHIR -> SHA -> REMESH -> UM -> NAV"}