{"sequence": ["REMESH", "RA", "SHA", "EN", "SHA"], "coherence_change": 0.0, "sense_index_change": -0.019836093172770353, "phi_s_change": 0.0, "grad_phi_change": 0.08212315662055336, "k_phi_change": 0.3906075007441336, "xi_c_change": 0.0, "phase_sync_change": -0.03484035567910371, "epi_magnitude_change": 0.0013242590192101833, "hash_signature": "57734a1a311a20ac", "sequence_str": "REMESH -> RA -> SHA -> EN -> SHA"}