{"sequence": ["REMESH", "ZHIR", "RA", "NAV", "SHA"], "coherence_change": 0.0, "sense_index_change": -0.04076783850692095, "phi_s_change": 0.0, "grad_phi_change": 0.2333488646989732, "k_phi_change": 0.28491705994820476, "xi_c_change": 0.0, "phase_sync_change": -0.07955537902100951, "epi_magnitude_change": 0.0016670259711936142, "hash_signature": "f72c064ae33b5503", "sequence_str": "REMESH -> ZHIR -> RA -> NAV -> SHA"}