{"sequence": ["NAV", "EN", "NUL", "REMESH", "RA", "OZ"], "coherence_change": -0.01298506110831632, "sense_index_change": 0.009699959366935906, "phi_s_change": -0.17331465666700552, "grad_phi_change": -0.021177117974163995, "k_phi_change": 0.4232958423127984, "xi_c_change": 0.0, "phase_sync_change": 0.005529619304701416, "epi_magnitude_change": -0.015065587819311665, "hash_signature": "7b7d21dc46c8e477", "sequence_str": "NAV -> EN -> NUL -> REMESH -> RA -> OZ"}