{"sequence": ["ZHIR", "REMESH", "AL", "SHA"], "coherence_change": 0.0, "sense_index_change": -0.0036107243700939096, "phi_s_change": 0.0, "grad_phi_change": 0.009056028821115003, "k_phi_change": -0.026172231105934363, "xi_c_change": 0.0, "phase_sync_change": -4.213395645802365e-05, "epi_magnitude_change": 0.0024939462638433607, "hash_signature": "f261b9e5a1fa92e5", "sequence_str": "ZHIR -> REMESH -> AL -> SHA"}