{"sequence": ["THOL", "UM", "AL", "NUL", "REMESH"], "coherence_change": 0.00536576928410315, "sense_index_change": 0.056062578911298955, "phi_s_change": -0.002451751449333406, "grad_phi_change": -0.24751920537369188, "k_phi_change": 0.026360368496934017, "xi_c_change": 0.0, "phase_sync_change": 0.08951263415796351, "epi_magnitude_change": -0.00917076647892201, "hash_signature": "22644a94661bbe65", "sequence_str": "THOL -> UM -> AL -> NUL -> REMESH"}