{"sequence": ["NUL", "ZHIR", "NAV"], "coherence_change": 0.0, "sense_index_change": -0.007607256992207101, "phi_s_change": 0.0, "grad_phi_change": 0.025255347264550698, "k_phi_change": 0.12287192770491061, "xi_c_change": 0.0, "phase_sync_change": -0.005612499277972582, "epi_magnitude_change": -0.00938613626235485, "hash_signature": "eda4fd66ca03a608", "sequence_str": "NUL -> ZHIR -> NAV"}