{"sequence": ["NAV", "REMESH", "AL", "OZ", "ZHIR", "REMESH"], "coherence_change": -0.010583728687136862, "sense_index_change": -0.006485002475537072, "phi_s_change": -0.13899408980874883, "grad_phi_change": 0.04079904360700359, "k_phi_change": 0.25821438136862124, "xi_c_change": 0.0, "phase_sync_change": -0.015777865264150592, "epi_magnitude_change": 0.0013072535005277386, "hash_signature": "23dbcbd5ef53fb66", "sequence_str": "NAV -> REMESH -> AL -> OZ -> ZHIR -> REMESH"}