{"sequence": ["ZHIR", "IL", "REMESH"], "coherence_change": 0.008591215977186595, "sense_index_change": 0.009127018366008155, "phi_s_change": 0.01945551953143343, "grad_phi_change": -0.027020269149944154, "k_phi_change": -0.13130321476364526, "xi_c_change": 0.0, "phase_sync_change": 0.005804574033101195, "epi_magnitude_change": 0.0014548683113442262, "hash_signature": "3528bac8c625cc0b", "sequence_str": "ZHIR -> IL -> REMESH"}