{"sequence": ["THOL", "THOL", "NAV", "EN", "REMESH"], "coherence_change": 0.011166588027971991, "sense_index_change": -0.006108315552335264, "phi_s_change": 0.04032246260078254, "grad_phi_change": 0.0, "k_phi_change": 0.0, "xi_c_change": 0.0, "phase_sync_change": 0.0, "epi_magnitude_change": 0.0016360154408774363, "hash_signature": "56cd4ee97eb76838", "sequence_str": "THOL -> THOL -> NAV -> EN -> REMESH"}