{"sequence": ["NAV", "IL", "RA", "RA", "SHA"], "coherence_change": 0.0067399411913448, "sense_index_change": 0.05004906493144634, "phi_s_change": 0.0620512011968517, "grad_phi_change": -0.24300464300104063, "k_phi_change": -0.02503394372154108, "xi_c_change": 0.0, "phase_sync_change": 0.07928137892977627, "epi_magnitude_change": 0.0, "hash_signature": "4b73e42cbfe94bd0", "sequence_str": "NAV -> IL -> RA -> RA -> SHA"}