{"sequence": ["RA", "VAL", "OZ"], "coherence_change": -0.015161035815606017, "sense_index_change": -0.0027805898985705513, "phi_s_change": -0.13596393039120358, "grad_phi_change": 0.10832703578998282, "k_phi_change": 0.20343973267458323, "xi_c_change": 0.0, "phase_sync_change": -0.03812572535902181, "epi_magnitude_change": 0.00558858489417513, "hash_signature": "624ebf89ec8ac08a", "sequence_str": "RA -> VAL -> OZ"}