{"sequence": ["AL", "SHA", "NUL", "NUL", "IL", "SHA"], "coherence_change": 0.006660643542665823, "sense_index_change": -0.005055132535110141, "phi_s_change": -0.01164432064657095, "grad_phi_change": 0.0, "k_phi_change": 0.0, "xi_c_change": 0.0, "phase_sync_change": 0.0, "epi_magnitude_change": -0.026484137026187682, "hash_signature": "853717435b2bce0e", "sequence_str": "AL -> SHA -> NUL -> NUL -> IL -> SHA"}