{"sequence": ["RA", "REMESH", "AL", "NAV"], "coherence_change": 0.0, "sense_index_change": 0.01693577262983126, "phi_s_change": 0.0, "grad_phi_change": -0.04607606588668589, "k_phi_change": 0.1943557544734284, "xi_c_change": 0.0, "phase_sync_change": 0.009250015576785064, "epi_magnitude_change": 0.004543343024903446, "hash_signature": "ba567f00854e50ba", "sequence_str": "RA -> REMESH -> AL -> NAV"}