{"sequence": ["SHA", "SHA", "ZHIR", "NAV"], "coherence_change": 0.0, "sense_index_change": 0.01525530554306187, "phi_s_change": 0.0, "grad_phi_change": -0.04745920681118432, "k_phi_change": 0.06696437398590938, "xi_c_change": 0.0, "phase_sync_change": 0.014604407942409137, "epi_magnitude_change": 0.0, "hash_signature": "5230e1aa054a4e2b", "sequence_str": "SHA -> SHA -> ZHIR -> NAV"}