{"sequence": ["NAV", "UM", "OZ", "NAV", "AL", "NAV"], "coherence_change": -0.014511047876995087, "sense_index_change": 0.01303283623544682, "phi_s_change": -0.12791948926398666, "grad_phi_change": -0.08200092055163521, "k_phi_change": 0.5030519798574489, "xi_c_change": 0.0, "phase_sync_change": 0.026727539301842906, "epi_magnitude_change": 0.0064893496481338575, "hash_signature": "b901c3ecf8bd5e6c", "sequence_str": "NAV -> UM -> OZ -> NAV -> AL -> NAV"}