{"sequence": ["RA", "AL", "VAL", "THOL", "SHA"], "coherence_change": 0.00386652709691937, "sense_index_change": -0.007505976884795484, "phi_s_change": 0.0068182277511917855, "grad_phi_change": 0.04035574915122542, "k_phi_change": 0.31757290399945537, "xi_c_change": 0.0, "phase_sync_change": -0.022961829628076136, "epi_magnitude_change": 0.022907378922122246, "hash_signature": "61dae501b427a7c0", "sequence_str": "RA -> AL -> VAL -> THOL -> SHA"}