{"sequence": ["ZHIR", "EN", "SHA"], "coherence_change": 0.0, "sense_index_change": 0.017668326144538615, "phi_s_change": 0.0, "grad_phi_change": -0.054454272662223246, "k_phi_change": 0.14128226997863544, "xi_c_change": 0.0, "phase_sync_change": 0.016666666666666607, "epi_magnitude_change": 0.0, "hash_signature": "cea901927f6a1e8b", "sequence_str": "ZHIR -> EN -> SHA"}