{"sequence": ["NAV", "VAL", "SHA", "REMESH", "UM", "OZ"], "coherence_change": -0.00928937238808103, "sense_index_change": 0.037141875056229345, "phi_s_change": -0.06484551337673483, "grad_phi_change": -0.20734118878997831, "k_phi_change": 0.39857981204702303, "xi_c_change": 0.0, "phase_sync_change": 0.07425984865879043, "epi_magnitude_change": 0.011602358963093806, "hash_signature": "8bc5e7cffdabb08b", "sequence_str": "NAV -> VAL -> SHA -> REMESH -> UM -> OZ"}