{"sequence": ["REMESH", "EN", "UM", "REMESH", "IL", "REMESH"], "coherence_change": 0.009385238442409016, "sense_index_change": -0.03842622231778364, "phi_s_change": 0.10245233269092835, "grad_phi_change": 0.07490929794846668, "k_phi_change": -0.030407773995895476, "xi_c_change": 0.0, "phase_sync_change": -0.019721743281031934, "epi_magnitude_change": 0.004593774599298106, "hash_signature": "80a0a802869221f6", "sequence_str": "REMESH -> EN -> UM -> REMESH -> IL -> REMESH"}