{"sequence": ["OZ", "ZHIR", "IL", "EN", "REMESH"], "coherence_change": -0.0067618535637872235, "sense_index_change": 0.019041816685840374, "phi_s_change": -0.11601235907789187, "grad_phi_change": 0.0015008602920321135, "k_phi_change": -0.2678316328092515, "xi_c_change": 0.0, "phase_sync_change": -0.0014532161806855015, "epi_magnitude_change": 0.0015686960432245156, "hash_signature": "528c9298681e1520", "sequence_str": "OZ -> ZHIR -> IL -> EN -> REMESH"}