{"sequence": ["VAL", "RA", "REMESH"], "coherence_change": 0.0, "sense_index_change": -0.01856224402743678, "phi_s_change": 0.0, "grad_phi_change": 0.06391319592199785, "k_phi_change": 0.4263708002025639, "xi_c_change": 0.0, "phase_sync_change": -0.02387295560191116, "epi_magnitude_change": 0.015869144565517135, "hash_signature": "e69295f96b4fe163", "sequence_str": "VAL -> RA -> REMESH"}