{"sequence": ["EN", "UM", "ZHIR", "UM", "EN", "OZ"], "coherence_change": -0.01698523259947682, "sense_index_change": 0.06555202712573793, "phi_s_change": -0.00987158069704741, "grad_phi_change": -0.39384784314738974, "k_phi_change": 0.3834805607917152, "xi_c_change": 0.0, "phase_sync_change": 0.12994693669292146, "epi_magnitude_change": 0.0, "hash_signature": "8a63c56812b2b86d", "sequence_str": "EN -> UM -> ZHIR -> UM -> EN -> OZ"}