{"sequence": ["SHA", "UM", "RA", "VAL", "NAV"], "coherence_change": 0.0, "sense_index_change": 0.027346317654679653, "phi_s_change": 0.0, "grad_phi_change": -0.19327084084706847, "k_phi_change": 0.1356500884756222, "xi_c_change": 0.0, "phase_sync_change": 0.05573108557311934, "epi_magnitude_change": 0.005947979315029106, "hash_signature": "e516bd3fe056bafd", "sequence_str": "SHA -> UM -> RA -> VAL -> NAV"}