{"sequence": ["REMESH", "VAL", "UM", "NAV"], "coherence_change": 0.0, "sense_index_change": 0.014078067371576686, "phi_s_change": 0.0, "grad_phi_change": -0.036616716107285674, "k_phi_change": 0.014765204325905862, "xi_c_change": 0.0, "phase_sync_change": 0.006608865774992534, "epi_magnitude_change": 0.016106042351752947, "hash_signature": "736fabe9dc6e8bbe", "sequence_str": "REMESH -> VAL -> UM -> NAV"}