{"sequence": ["ZHIR", "EN", "UM", "NAV"], "coherence_change": 0.0, "sense_index_change": 0.04628789758545904, "phi_s_change": 0.0, "grad_phi_change": -0.2753301183126129, "k_phi_change": 0.009414615894296124, "xi_c_change": 0.0, "phase_sync_change": 0.09238416581929598, "epi_magnitude_change": 0.0, "hash_signature": "83b1e3e9a3539c83", "sequence_str": "ZHIR -> EN -> UM -> NAV"}