{"sequence": ["NAV", "AL", "THOL", "ZHIR", "REMESH"], "coherence_change": 0.006501032708102983, "sense_index_change": 0.019462511569415808, "phi_s_change": 0.10426976733503734, "grad_phi_change": -0.013001282676088355, "k_phi_change": 0.11144433280976625, "xi_c_change": 0.0, "phase_sync_change": 0.005103827606651512, "epi_magnitude_change": -0.0002127859864520243, "hash_signature": "d2ce806c53ac7d92", "sequence_str": "NAV -> AL -> THOL -> ZHIR -> REMESH"}