{"sequence": ["RA", "EN", "IL", "THOL", "EN", "NAV"], "coherence_change": 0.011883557871510741, "sense_index_change": 0.008643128625811847, "phi_s_change": 0.09038744690294598, "grad_phi_change": -0.017964871301439977, "k_phi_change": -0.16492420090080162, "xi_c_change": 0.0, "phase_sync_change": 0.0007194807593672303, "epi_magnitude_change": 0.0, "hash_signature": "70c97aacd3c0a15c", "sequence_str": "RA -> EN -> IL -> THOL -> EN -> NAV"}