{"sequence": ["ZHIR", "UM", "OZ", "SHA", "RA", "REMESH"], "coherence_change": -0.013578448720932501, "sense_index_change": 0.06213740991679095, "phi_s_change": -0.07972909249552673, "grad_phi_change": -0.19757612244313538, "k_phi_change": 0.277630187231938, "xi_c_change": 0.0, "phase_sync_change": 0.04161585399776102, "epi_magnitude_change": 0.0009185769117159293, "hash_signature": "2241be3ef64a6d7d", "sequence_str": "ZHIR -> UM -> OZ -> SHA -> RA -> REMESH"}