{"sequence": ["IL", "ZHIR", "SHA"], "coherence_change": 0.007221984036727913, "sense_index_change": -0.009852927899541952, "phi_s_change": 0.008775240890582348, "grad_phi_change": 0.04541338665119499, "k_phi_change": -0.04962834363566673, "xi_c_change": 0.0, "phase_sync_change": -0.014446892311420378, "epi_magnitude_change": 0.0, "hash_signature": "7eb56d3b3b714a57", "sequence_str": "IL -> ZHIR -> SHA"}