{"sequence": ["RA", "THOL", "NUL", "ZHIR", "SHA"], "coherence_change": 0.006505102741284907, "sense_index_change": 0.0039552718098434525, "phi_s_change": 0.0033599457688893164, "grad_phi_change": -0.012037477770243665, "k_phi_change": 0.29630025961837736, "xi_c_change": 0.0, "phase_sync_change": 0.000178264159284236, "epi_magnitude_change": -0.015932352707486053, "hash_signature": "730183efd4b387b4", "sequence_str": "RA -> THOL -> NUL -> ZHIR -> SHA"}