{"sequence": ["AL", "IL", "SHA"], "coherence_change": 0.007991342649391386, "sense_index_change": 0.005591837524075216, "phi_s_change": -0.014044890361627371, "grad_phi_change": 0.0, "k_phi_change": 0.0, "xi_c_change": 0.0, "phase_sync_change": 0.0, "epi_magnitude_change": 0.005167037077030701, "hash_signature": "a27b946d9ec1d254", "sequence_str": "AL -> IL -> SHA"}