{"sequence": ["NAV", "SHA", "VAL", "EN", "OZ"], "coherence_change": -0.008579930705168826, "sense_index_change": 7.605670418464605e-05, "phi_s_change": 0.09730938732877037, "grad_phi_change": 0.0, "k_phi_change": 0.0, "xi_c_change": 0.0, "phase_sync_change": 0.0, "epi_magnitude_change": 0.016901864392128152, "hash_signature": "95e79f289909b8e3", "sequence_str": "NAV -> SHA -> VAL -> EN -> OZ"}