{"sequence": ["IL", "VAL", "OZ", "AL", "OZ"], "coherence_change": -0.014275975343420177, "sense_index_change": 0.022813639124730223, "phi_s_change": -0.22693553697865454, "grad_phi_change": 0.0, "k_phi_change": 0.0, "xi_c_change": 0.0, "phase_sync_change": 0.0, "epi_magnitude_change": 0.02711226824540225, "hash_signature": "0ab9bc1b522bd95a", "sequence_str": "IL -> VAL -> OZ -> AL -> OZ"}