{"sequence": ["NUL", "NUL", "OZ"], "coherence_change": -0.009986026270103365, "sense_index_change": 0.003402008216713215, "phi_s_change": 0.08659405992881508, "grad_phi_change": 0.0, "k_phi_change": 0.0, "xi_c_change": 0.0, "phase_sync_change": 0.0, "epi_magnitude_change": -0.046859503954528314, "hash_signature": "4ff6057615b71a00", "sequence_str": "NUL -> NUL -> OZ"}