{"sequence": ["NAV", "ZHIR", "NUL", "EN", "ZHIR", "REMESH"], "coherence_change": 0.0, "sense_index_change": 0.0011617939775302455, "phi_s_change": 0.0, "grad_phi_change": 0.04410468848053406, "k_phi_change": -0.2309713230164071, "xi_c_change": 0.0, "phase_sync_change": -0.014103782867537773, "epi_magnitude_change": -0.003204250534577402, "hash_signature": "697adab5060560ec", "sequence_str": "NAV -> ZHIR -> NUL -> EN -> ZHIR -> REMESH"}