{"sequence": ["IL", "SHA", "NUL", "REMESH"], "coherence_change": 0.004805393562086757, "sense_index_change": 0.010048037908917173, "phi_s_change": 0.02197604673099618, "grad_phi_change": 0.0, "k_phi_change": 0.0, "xi_c_change": 0.0, "phase_sync_change": 0.0, "epi_magnitude_change": -0.014667388477873633, "hash_signature": "8e88537788055d84", "sequence_str": "IL -> SHA -> NUL -> REMESH"}