{"sequence": ["AL", "NUL", "VAL", "OZ"], "coherence_change": -0.01245491692913514, "sense_index_change": 0.02656064434079841, "phi_s_change": -0.1185713376874461, "grad_phi_change": 0.0, "k_phi_change": 0.0, "xi_c_change": 0.0, "phase_sync_change": 0.0, "epi_magnitude_change": -0.0005141228571794443, "hash_signature": "dfcdfc7c16876ef7", "sequence_str": "AL -> NUL -> VAL -> OZ"}