{"sequence": ["RA", "SHA", "SHA", "THOL", "EN", "NAV"], "coherence_change": 0.003976078354774315, "sense_index_change": -0.0017373891554767207, "phi_s_change": 0.021952824808411875, "grad_phi_change": -0.0034401702971720294, "k_phi_change": 0.1958416740248799, "xi_c_change": 0.0, "phase_sync_change": -0.0023577900802780327, "epi_magnitude_change": 0.0, "hash_signature": "42cd329001e4d027", "sequence_str": "RA -> SHA -> SHA -> THOL -> EN -> NAV"}