{"sequence": ["OZ", "NUL", "SHA", "UM", "NAV"], "coherence_change": -0.010116600919859664, "sense_index_change": 0.04777070961754026, "phi_s_change": -0.09210620752426457, "grad_phi_change": -0.04244586997015931, "k_phi_change": 0.00840601838279631, "xi_c_change": 0.0, "phase_sync_change": 0.008364411681761497, "epi_magnitude_change": -0.008464247450557183, "hash_signature": "a031bee642b79ae5", "sequence_str": "OZ -> NUL -> SHA -> UM -> NAV"}