{"sequence": ["NUL", "THOL", "OZ", "AL", "UM", "SHA"], "coherence_change": -0.008772946277325833, "sense_index_change": 0.003925138501140402, "phi_s_change": 0.000799572691696171, "grad_phi_change": -0.02400890314648363, "k_phi_change": 0.22084052561145445, "xi_c_change": 0.0, "phase_sync_change": 0.00950248730093084, "epi_magnitude_change": -0.01866767135396563, "hash_signature": "9a9a0616b3ced516", "sequence_str": "NUL -> THOL -> OZ -> AL -> UM -> SHA"}