{"sequence": ["RA", "SHA", "RA", "REMESH"], "coherence_change": 0.0, "sense_index_change": 0.055958855362397086, "phi_s_change": 0.0, "grad_phi_change": -0.2955628222003752, "k_phi_change": 0.11775088525897885, "xi_c_change": 0.0, "phase_sync_change": 0.09463099096334615, "epi_magnitude_change": 0.001778006163445589, "hash_signature": "c58f78d8e2541f7a", "sequence_str": "RA -> SHA -> RA -> REMESH"}