{"sequence": ["IL", "THOL", "THOL", "REMESH"], "coherence_change": 0.021342466724415643, "sense_index_change": -0.0024909098457728263, "phi_s_change": 0.032784833868917285, "grad_phi_change": 0.0, "k_phi_change": 0.0, "xi_c_change": 0.0, "phase_sync_change": 0.0, "epi_magnitude_change": 0.0013728391377808569, "hash_signature": "a596da946020bfb0", "sequence_str": "IL -> THOL -> THOL -> REMESH"}