{"sequence": ["REMESH", "OZ", "THOL", "THOL", "UM", "NAV"], "coherence_change": -0.004108450111576789, "sense_index_change": 0.0529867571574798, "phi_s_change": -0.0040972907361274125, "grad_phi_change": -0.2220094432679851, "k_phi_change": 0.38225827727308553, "xi_c_change": 0.0, "phase_sync_change": 0.06783227545859749, "epi_magnitude_change": 0.001203686224700573, "hash_signature": "2ba7aaabeb87c8e0", "sequence_str": "REMESH -> OZ -> THOL -> THOL -> UM -> NAV"}