{"sequence": ["NUL", "NUL", "RA", "UM", "NUL", "SHA"], "coherence_change": 0.0, "sense_index_change": 0.04231186854170532, "phi_s_change": 0.0, "grad_phi_change": -0.25137275499543854, "k_phi_change": 0.6618703358942404, "xi_c_change": 0.0, "phase_sync_change": 0.10340028855663286, "epi_magnitude_change": -0.04650875624871764, "hash_signature": "3cbe6751770e92f2", "sequence_str": "NUL -> NUL -> RA -> UM -> NUL -> SHA"}