{"sequence": ["AL", "VAL", "EN", "IL", "SHA"], "coherence_change": 0.008846659876164842, "sense_index_change": -0.007671967322152806, "phi_s_change": 0.14500631304691036, "grad_phi_change": 0.0, "k_phi_change": 0.0, "xi_c_change": 0.0, "phase_sync_change": 0.0, "epi_magnitude_change": 0.00772180799236899, "hash_signature": "b095b7269940985d", "sequence_str": "AL -> VAL -> EN -> IL -> SHA"}