{"sequence": ["AL", "THOL", "REMESH"], "coherence_change": 0.0071964645260556015, "sense_index_change": -0.00896886219402765, "phi_s_change": 0.06561840897537385, "grad_phi_change": 0.0, "k_phi_change": 0.0, "xi_c_change": 0.0, "phase_sync_change": 0.0, "epi_magnitude_change": 0.002929193384258344, "hash_signature": "bcc1c38192b4b6f3", "sequence_str": "AL -> THOL -> REMESH"}