{"sequence": ["IL", "REMESH"], "coherence_change": 0.005624040838509203, "sense_index_change": 0.0039567887095364185, "phi_s_change": 0.050132998930675354, "grad_phi_change": 0.0, "k_phi_change": 0.0, "xi_c_change": 0.0, "phase_sync_change": 0.0, "epi_magnitude_change": 0.001872277909205522, "hash_signature": "2f9ed76eea048f20", "sequence_str": "IL -> REMESH"}