{"sequence": ["REMESH", "UM", "REMESH", "SHA", "SHA"], "coherence_change": 0.0, "sense_index_change": 0.05095600104955156, "phi_s_change": 0.0, "grad_phi_change": -0.2718943185868732, "k_phi_change": 0.28591342172158574, "xi_c_change": 0.0, "phase_sync_change": 0.10288979222422501, "epi_magnitude_change": 0.0028021125257272628, "hash_signature": "4a2052f328eb1de2", "sequence_str": "REMESH -> UM -> REMESH -> SHA -> SHA"}