{"sequence": ["REMESH", "OZ", "AL", "RA", "SHA"], "coherence_change": -0.014386012805725934, "sense_index_change": 0.03237646773810854, "phi_s_change": 0.1236554459544309, "grad_phi_change": -0.11159771310344913, "k_phi_change": 0.10435509202754836, "xi_c_change": 0.0, "phase_sync_change": 0.02784252781839458, "epi_magnitude_change": 0.0025574560243472044, "hash_signature": "0da30513bf8c2b0f", "sequence_str": "REMESH -> OZ -> AL -> RA -> SHA"}