{"sequence": ["RA", "VAL", "SHA"], "coherence_change": 0.0, "sense_index_change": -0.013313955490040275, "phi_s_change": 0.0, "grad_phi_change": 0.05329333223541721, "k_phi_change": 0.10840820918453924, "xi_c_change": 0.0, "phase_sync_change": -0.02906279936236955, "epi_magnitude_change": 0.011741289265468802, "hash_signature": "ce4005527bb1dbcd", "sequence_str": "RA -> VAL -> SHA"}