{"sequence": ["UM", "IL", "RA", "REMESH"], "coherence_change": 0.008148325608685614, "sense_index_change": 0.04321903126851567, "phi_s_change": 0.013205140227735446, "grad_phi_change": -0.2559107158862868, "k_phi_change": 0.20544453411149682, "xi_c_change": 0.0, "phase_sync_change": 0.0782789400225612, "epi_magnitude_change": 0.0014616469486462558, "hash_signature": "9741895ce491b41f", "sequence_str": "UM -> IL -> RA -> REMESH"}