{"sequence": ["IL", "RA", "REMESH"], "coherence_change": 0.0024186845394016387, "sense_index_change": 0.018191051304487615, "phi_s_change": -0.016638217239658415, "grad_phi_change": -0.08459071734854451, "k_phi_change": 0.46935392455299635, "xi_c_change": 0.0, "phase_sync_change": 0.02756041615332394, "epi_magnitude_change": 0.00127546402778278, "hash_signature": "629c68020a1fbd16", "sequence_str": "IL -> RA -> REMESH"}