{"sequence": ["VAL", "ZHIR", "NUL", "VAL", "OZ"], "coherence_change": -0.014495488401795154, "sense_index_change": -0.00746187590079328, "phi_s_change": -0.09151652314183212, "grad_phi_change": 0.009940956729145967, "k_phi_change": 0.2506537498091592, "xi_c_change": 0.0, "phase_sync_change": 0.00016182480855075898, "epi_magnitude_change": 0.015092628495472327, "hash_signature": "29a5f77ca7a04600", "sequence_str": "VAL -> ZHIR -> NUL -> VAL -> OZ"}