{"sequence": ["REMESH", "OZ", "REMESH", "EN", "UM", "SHA"], "coherence_change": -0.00795824956622282, "sense_index_change": 0.004382193709788096, "phi_s_change": -0.049998541900394655, "grad_phi_change": -0.01642975851232875, "k_phi_change": 0.23764058235885926, "xi_c_change": 0.0, "phase_sync_change": 0.007309491857682482, "epi_magnitude_change": 0.00254500677298386, "hash_signature": "7272838eb3dfaee2", "sequence_str": "REMESH -> OZ -> REMESH -> EN -> UM -> SHA"}