{"sequence": ["AL", "NAV", "VAL", "OZ"], "coherence_change": -0.013625079059757739, "sense_index_change": 0.01248531942784803, "phi_s_change": 0.07276343137545493, "grad_phi_change": 0.0, "k_phi_change": 0.0, "xi_c_change": 0.0, "phase_sync_change": 0.0, "epi_magnitude_change": 0.019514094086754197, "hash_signature": "0672a384bbbf7908", "sequence_str": "AL -> NAV -> VAL -> OZ"}