{"sequence": ["AL", "RA", "THOL", "ZHIR", "SHA"], "coherence_change": 0.0042189772695422345, "sense_index_change": -0.036281802156192755, "phi_s_change": -0.021125606355855253, "grad_phi_change": 0.06996288409627271, "k_phi_change": 0.4943724772557051, "xi_c_change": 0.0, "phase_sync_change": -0.02954716928995893, "epi_magnitude_change": -0.00695910780671305, "hash_signature": "4a374211c1b281c0", "sequence_str": "AL -> RA -> THOL -> ZHIR -> SHA"}