{"sequence": ["SHA", "THOL", "AL", "REMESH"], "coherence_change": 0.0035358760010887336, "sense_index_change": 0.01176380560793755, "phi_s_change": -0.007789737500906724, "grad_phi_change": 0.0, "k_phi_change": 0.0, "xi_c_change": 0.0, "phase_sync_change": 0.0, "epi_magnitude_change": -0.00030185693778894684, "hash_signature": "1b12c6fb0ff754c7", "sequence_str": "SHA -> THOL -> AL -> REMESH"}