{"sequence": ["AL", "RA", "THOL", "NAV", "OZ"], "coherence_change": -0.004074515552338842, "sense_index_change": 0.010808062483715353, "phi_s_change": 0.034570165427907695, "grad_phi_change": -0.049752328442466576, "k_phi_change": -0.09641194300667577, "xi_c_change": 0.0, "phase_sync_change": 0.007191995886713376, "epi_magnitude_change": -0.00580287616067221, "hash_signature": "fab46bf7acecf705", "sequence_str": "AL -> RA -> THOL -> NAV -> OZ"}