{"sequence": ["NAV", "REMESH", "ZHIR", "REMESH"], "coherence_change": 0.0, "sense_index_change": 0.017300305078638334, "phi_s_change": 0.0, "grad_phi_change": -0.03845447145673031, "k_phi_change": 0.19540074622872802, "xi_c_change": 0.0, "phase_sync_change": 0.013744263059589756, "epi_magnitude_change": 0.0031111061276154484, "hash_signature": "33b5fdbb98692928", "sequence_str": "NAV -> REMESH -> ZHIR -> REMESH"}