{"sequence": ["AL", "UM", "NUL", "SHA", "IL", "REMESH"], "coherence_change": 0.006392620514106273, "sense_index_change": 0.0012277814861556546, "phi_s_change": 0.016672367347358108, "grad_phi_change": -0.0477231507140119, "k_phi_change": 0.33026037542011233, "xi_c_change": 0.0, "phase_sync_change": 0.012601507893836517, "epi_magnitude_change": -0.01079675319744089, "hash_signature": "1146a36e20795a3e", "sequence_str": "AL -> UM -> NUL -> SHA -> IL -> REMESH"}