{"sequence": ["ZHIR", "VAL", "SHA"], "coherence_change": 0.0, "sense_index_change": -0.0012598803253707214, "phi_s_change": 0.0, "grad_phi_change": 0.005764887555068876, "k_phi_change": -0.026584631766557565, "xi_c_change": 0.0, "phase_sync_change": 0.000643237662437679, "epi_magnitude_change": 0.020670721579200912, "hash_signature": "412f0d6462652376", "sequence_str": "ZHIR -> VAL -> SHA"}