{"sequence": ["ZHIR", "ZHIR", "AL", "IL", "REMESH"], "coherence_change": 0.005816199618159157, "sense_index_change": 0.0061908067496678765, "phi_s_change": -0.08607030540731964, "grad_phi_change": 0.05293311172388093, "k_phi_change": 0.03400538764759589, "xi_c_change": 0.0, "phase_sync_change": -0.014215302049070733, "epi_magnitude_change": 0.00026910769605925644, "hash_signature": "ce123eba1486ae6c", "sequence_str": "ZHIR -> ZHIR -> AL -> IL -> REMESH"}