{"sequence": ["IL", "RA", "THOL", "NAV"], "coherence_change": 0.009692381064396627, "sense_index_change": 0.01093400198541572, "phi_s_change": -0.011998262485549138, "grad_phi_change": -0.01985741951220943, "k_phi_change": -0.15089063465139435, "xi_c_change": 0.0, "phase_sync_change": 0.004548514043655971, "epi_magnitude_change": 0.0, "hash_signature": "875420866a9dfe0d", "sequence_str": "IL -> RA -> THOL -> NAV"}