{"sequence": ["NAV", "ZHIR", "RA", "VAL", "NAV"], "coherence_change": 0.0, "sense_index_change": 0.010026742646241704, "phi_s_change": 0.0, "grad_phi_change": -0.056591005864678134, "k_phi_change": -0.06130098842182419, "xi_c_change": 0.0, "phase_sync_change": 0.00987211453034098, "epi_magnitude_change": 0.010407675164744279, "hash_signature": "4551b58b73ba17d8", "sequence_str": "NAV -> ZHIR -> RA -> VAL -> NAV"}