{"sequence": ["OZ", "UM", "OZ"], "coherence_change": -0.028798179312197414, "sense_index_change": 0.0014586444226840634, "phi_s_change": -0.06836461108583314, "grad_phi_change": -0.04799953596388007, "k_phi_change": -0.07325730120737906, "xi_c_change": 0.0, "phase_sync_change": 0.027090783900345916, "epi_magnitude_change": 0.0, "hash_signature": "6ff40d460a3a4238", "sequence_str": "OZ -> UM -> OZ"}