{"sequence": ["VAL", "NAV", "EN", "RA", "RA", "REMESH"], "coherence_change": 0.0, "sense_index_change": 0.0217749864217488, "phi_s_change": 0.0, "grad_phi_change": -0.12313047171307856, "k_phi_change": -0.11715911352580893, "xi_c_change": 0.0, "phase_sync_change": 0.03243796160484502, "epi_magnitude_change": 0.00927259638566058, "hash_signature": "90d2c80b935d7fa9", "sequence_str": "VAL -> NAV -> EN -> RA -> RA -> REMESH"}