{"sequence": ["NAV", "IL", "VAL", "ZHIR", "NAV"], "coherence_change": 0.007412667645276594, "sense_index_change": -0.007797790332018217, "phi_s_change": 0.06639092282370607, "grad_phi_change": 0.08282775691144528, "k_phi_change": -0.025395728445665983, "xi_c_change": 0.0, "phase_sync_change": -0.030654219198662958, "epi_magnitude_change": 0.02150618419864081, "hash_signature": "7e057ab68025d3e6", "sequence_str": "NAV -> IL -> VAL -> ZHIR -> NAV"}