{"sequence": ["RA", "ZHIR", "EN", "RA", "OZ"], "coherence_change": -0.012649911742257713, "sense_index_change": 0.025219930037374994, "phi_s_change": -0.028998559599355267, "grad_phi_change": -0.2115207745787533, "k_phi_change": -0.04586121890102948, "xi_c_change": 0.0, "phase_sync_change": 0.06224453229973215, "epi_magnitude_change": 0.0, "hash_signature": "afe9db877ec1c092", "sequence_str": "RA -> ZHIR -> EN -> RA -> OZ"}