{"sequence": ["NUL", "OZ", "AL", "OZ"], "coherence_change": -0.023301009344440238, "sense_index_change": 0.004283932098117282, "phi_s_change": -0.1735349610507, "grad_phi_change": 0.0, "k_phi_change": 0.0, "xi_c_change": 0.0, "phase_sync_change": 0.0, "epi_magnitude_change": -0.017594180494774125, "hash_signature": "384e5777a5bd69ab", "sequence_str": "NUL -> OZ -> AL -> OZ"}