{"sequence": ["EN", "ZHIR", "RA", "REMESH"], "coherence_change": 0.0, "sense_index_change": 0.028020404104104224, "phi_s_change": 0.0, "grad_phi_change": -0.12369020107743456, "k_phi_change": 0.1321005041480951, "xi_c_change": 0.0, "phase_sync_change": 0.030728924074817088, "epi_magnitude_change": 0.0013149842994563121, "hash_signature": "2630222f36fccfa4", "sequence_str": "EN -> ZHIR -> RA -> REMESH"}