{"sequence": ["THOL", "THOL", "UM", "NAV"], "coherence_change": 0.009264204960253819, "sense_index_change": 0.033254228749495685, "phi_s_change": 0.04826350326933049, "grad_phi_change": -0.24157490228795853, "k_phi_change": 0.19099935944692717, "xi_c_change": 0.0, "phase_sync_change": 0.08654416279783617, "epi_magnitude_change": 0.0, "hash_signature": "0b4c2de980a947bc", "sequence_str": "THOL -> THOL -> UM -> NAV"}