{"sequence": ["THOL", "EN", "RA", "UM", "NAV"], "coherence_change": 0.003925462728451401, "sense_index_change": 0.040482460182834634, "phi_s_change": -0.020717123177466434, "grad_phi_change": -0.19652667668247537, "k_phi_change": 0.14306901223244017, "xi_c_change": 0.0, "phase_sync_change": 0.06415170858080677, "epi_magnitude_change": 0.0, "hash_signature": "9665c4930539c39f", "sequence_str": "THOL -> EN -> RA -> UM -> NAV"}