{"sequence": ["NAV", "THOL", "THOL", "AL", "SHA"], "coherence_change": 0.009193455056019872, "sense_index_change": 0.008359558061144301, "phi_s_change": 0.07041256486592018, "grad_phi_change": 0.0, "k_phi_change": 0.0, "xi_c_change": 0.0, "phase_sync_change": 0.0, "epi_magnitude_change": -0.004434068683238701, "hash_signature": "f2e457fa382c77bb", "sequence_str": "NAV -> THOL -> THOL -> AL -> SHA"}