{"sequence": ["NAV", "THOL", "THOL", "REMESH"], "coherence_change": 0.0073970618718588454, "sense_index_change": -0.0069494030017065445, "phi_s_change": 0.039016762639793034, "grad_phi_change": 0.0, "k_phi_change": 0.0, "xi_c_change": 0.0, "phase_sync_change": 0.0, "epi_magnitude_change": 0.0017357893290600446, "hash_signature": "035064517b872ef2", "sequence_str": "NAV -> THOL -> THOL -> REMESH"}