{"sequence": ["NUL", "IL", "SHA"], "coherence_change": 0.006870346245335446, "sense_index_change": 0.0030423603067786242, "phi_s_change": 0.0012273133457969543, "grad_phi_change": 0.0, "k_phi_change": 0.0, "xi_c_change": 0.0, "phase_sync_change": 0.0, "epi_magnitude_change": -0.01642381904498913, "hash_signature": "5c486944c4604450", "sequence_str": "NUL -> IL -> SHA"}