{"sequence": ["UM", "UM", "EN", "SHA", "AL", "OZ"], "coherence_change": -0.016898212915693933, "sense_index_change": 0.0778919961749428, "phi_s_change": -0.12703582488128462, "grad_phi_change": -0.39293788768524673, "k_phi_change": 0.5509721782199755, "xi_c_change": 0.0, "phase_sync_change": 0.12012569757631142, "epi_magnitude_change": 0.003295682366554198, "hash_signature": "89b167831d46619f", "sequence_str": "UM -> UM -> EN -> SHA -> AL -> OZ"}