{"sequence": ["AL", "RA", "EN", "NAV"], "coherence_change": 0.0, "sense_index_change": -0.027675609899279363, "phi_s_change": 0.0, "grad_phi_change": 0.09705383822501634, "k_phi_change": 0.11797446103967175, "xi_c_change": 0.0, "phase_sync_change": -0.039667669455033416, "epi_magnitude_change": -0.005047141221743212, "hash_signature": "050b9853eaf62041", "sequence_str": "AL -> RA -> EN -> NAV"}