{"sequence": ["OZ", "VAL", "IL", "OZ", "NAV"], "coherence_change": -0.015305076060321499, "sense_index_change": 0.011791272065638347, "phi_s_change": -0.1228277466151586, "grad_phi_change": 0.0, "k_phi_change": 0.0, "xi_c_change": 0.0, "phase_sync_change": 0.0, "epi_magnitude_change": 0.007785843273490967, "hash_signature": "17d23b547a4ebde9", "sequence_str": "OZ -> VAL -> IL -> OZ -> NAV"}