{"sequence": ["UM", "THOL", "NAV"], "coherence_change": 0.003721496263242474, "sense_index_change": 0.02133249498530876, "phi_s_change": 0.0154889996640587, "grad_phi_change": -0.10388884434901069, "k_phi_change": -0.08057757453813436, "xi_c_change": 0.0, "phase_sync_change": 0.0235399859502764, "epi_magnitude_change": 0.0, "hash_signature": "0e5e5042c6185cba", "sequence_str": "UM -> THOL -> NAV"}