{"sequence": ["VAL", "THOL", "VAL", "ZHIR", "OZ"], "coherence_change": -0.00581758335595306, "sense_index_change": 0.006590962458151939, "phi_s_change": 0.04119300232000489, "grad_phi_change": -0.0047528703472290434, "k_phi_change": -0.03143946333235423, "xi_c_change": 0.0, "phase_sync_change": 0.006589970685006552, "epi_magnitude_change": 0.03312932385793821, "hash_signature": "afe8530e22c8fa7c", "sequence_str": "VAL -> THOL -> VAL -> ZHIR -> OZ"}