{"sequence": ["IL", "RA", "OZ"], "coherence_change": -0.0005131058678182754, "sense_index_change": 0.014830983581768487, "phi_s_change": -0.045444591556991876, "grad_phi_change": 0.017595071660345907, "k_phi_change": 0.17095030488149274, "xi_c_change": 0.0, "phase_sync_change": -0.016526154242032187, "epi_magnitude_change": 0.0, "hash_signature": "782f7ba3f5f08844", "sequence_str": "IL -> RA -> OZ"}