{"sequence": ["AL", "IL", "IL", "NAV"], "coherence_change": 0.01970059920542555, "sense_index_change": -0.007519770909901635, "phi_s_change": 0.09382827587741882, "grad_phi_change": 0.0, "k_phi_change": 0.0, "xi_c_change": 0.0, "phase_sync_change": 0.0, "epi_magnitude_change": 0.0025748652371408998, "hash_signature": "2e6ac4215af2b4a5", "sequence_str": "AL -> IL -> IL -> NAV"}