{"sequence": ["RA", "AL", "NUL", "IL", "SHA"], "coherence_change": 0.009199392927439987, "sense_index_change": -0.009535024154964933, "phi_s_change": 0.06788789971594689, "grad_phi_change": 0.0444066710733404, "k_phi_change": 0.253590769886942, "xi_c_change": 0.0, "phase_sync_change": -0.02410208086859067, "epi_magnitude_change": -0.014025370534003101, "hash_signature": "c2ffe4e5ac7ceb37", "sequence_str": "RA -> AL -> NUL -> IL -> SHA"}