{"sequence": ["REMESH", "REMESH", "NAV", "OZ", "UM", "SHA"], "coherence_change": -0.016157210870365923, "sense_index_change": -0.013774450732801313, "phi_s_change": -0.03961683529700488, "grad_phi_change": 0.02952170131429588, "k_phi_change": 0.2596750182259985, "xi_c_change": 0.0, "phase_sync_change": -0.009728261757686374, "epi_magnitude_change": 0.002705935469625831, "hash_signature": "d8410ffbd4941a71", "sequence_str": "REMESH -> REMESH -> NAV -> OZ -> UM -> SHA"}