{"sequence": ["NAV", "ZHIR", "EN", "AL", "RA", "OZ"], "coherence_change": -0.011169796488525674, "sense_index_change": -0.0009389756953140926, "phi_s_change": -0.05073559512177728, "grad_phi_change": -0.03909422809401164, "k_phi_change": 0.07704292631571699, "xi_c_change": 0.0, "phase_sync_change": 0.009855327767364863, "epi_magnitude_change": -7.564443397323206e-05, "hash_signature": "c3769cf1a01b7c50", "sequence_str": "NAV -> ZHIR -> EN -> AL -> RA -> OZ"}