{"sequence": ["OZ", "AL", "REMESH", "ZHIR", "REMESH"], "coherence_change": -0.013023176023016059, "sense_index_change": 0.031193246979032474, "phi_s_change": -0.09429010796837412, "grad_phi_change": -0.027227136331111623, "k_phi_change": 0.42846179993046263, "xi_c_change": 0.0, "phase_sync_change": 0.006666666666666599, "epi_magnitude_change": 0.001912971686437559, "hash_signature": "50b13659e486fd47", "sequence_str": "OZ -> AL -> REMESH -> ZHIR -> REMESH"}