{"sequence": ["AL", "EN", "AL", "OZ"], "coherence_change": -0.015466162594436339, "sense_index_change": 0.015329526182882747, "phi_s_change": 0.06460551554049754, "grad_phi_change": 0.0, "k_phi_change": 0.0, "xi_c_change": 0.0, "phase_sync_change": 0.0, "epi_magnitude_change": 0.0007498719066959536, "hash_signature": "341bc32e3ee6b4f4", "sequence_str": "AL -> EN -> AL -> OZ"}