{"sequence": ["NAV", "REMESH", "NAV", "RA", "NAV"], "coherence_change": 0.0, "sense_index_change": -0.025433014770188445, "phi_s_change": 0.0, "grad_phi_change": 0.14641258560573167, "k_phi_change": 0.0821375931263081, "xi_c_change": 0.0, "phase_sync_change": -0.0570488282550613, "epi_magnitude_change": 0.0015477689401122152, "hash_signature": "dffc8db17c95eec7", "sequence_str": "NAV -> REMESH -> NAV -> RA -> NAV"}