{"sequence": ["NAV", "EN", "RA", "NAV"], "coherence_change": 0.0, "sense_index_change": 0.006731060669800448, "phi_s_change": 0.0, "grad_phi_change": -0.03123336362688245, "k_phi_change": 0.01151587012904684, "xi_c_change": 0.0, "phase_sync_change": 0.007566841352852238, "epi_magnitude_change": 0.0, "hash_signature": "ef115f613998b340", "sequence_str": "NAV -> EN -> RA -> NAV"}