{"sequence": ["REMESH", "REMESH", "UM", "NUL", "REMESH"], "coherence_change": 0.0, "sense_index_change": 0.043592139080038894, "phi_s_change": 0.0, "grad_phi_change": -0.21734069520408372, "k_phi_change": -0.024586178899826394, "xi_c_change": 0.0, "phase_sync_change": 0.06542275165503042, "epi_magnitude_change": -0.004122024225779897, "hash_signature": "a9fb83c720cfdac3", "sequence_str": "REMESH -> REMESH -> UM -> NUL -> REMESH"}