{"sequence": ["NUL", "SHA", "UM", "REMESH"], "coherence_change": 0.0, "sense_index_change": 0.029572978842114295, "phi_s_change": 0.0, "grad_phi_change": -0.21846750829615313, "k_phi_change": 0.13713444302107713, "xi_c_change": 0.0, "phase_sync_change": 0.0754829079274596, "epi_magnitude_change": -0.012210885505384406, "hash_signature": "c4b7a29ec4af9850", "sequence_str": "NUL -> SHA -> UM -> REMESH"}