sequence,len,coherence,sense_index,phi_s,grad_phi,k_phi,xi_c,phase_sync,epi_mag,hash
NAV -> RA -> OZ -> ZHIR -> VAL -> SHA -> ZHIR -> SHA,8,-0.006509859245202088,-0.01991486941169085,0.009429003638968259,0.08683593490679997,-0.015827821409259896,0.0,-0.03147167946388196,0.01663229094851648,e49643187a4fcd60
SHA -> IL -> ZHIR -> REMESH,4,0.00552563530415473,-0.0034116800065941977,0.008837342418301808,0.01385474002273357,-0.01616410434097612,0.0,0.0009884558443212788,0.0010586715318808837,4861ea90350c3bb7
