{
  "components": 5,
  "explained_variance_ratio": [
    0.40445169538291337,
    0.21880180487788223,
    0.14284128866496332,
    0.13865529361806334,
    0.0687221308434756
  ],
  "cumulative": 0.973472213387298,
  "feature_names": [
    "coherence",
    "sense_index",
    "phi_s",
    "grad_phi",
    "k_phi",
    "xi_c",
    "phase_sync",
    "epi_mag"
  ]
}