{
  "pattern": "neutrino_like",
  "|grad|_mean": 0.020000000000000004,
  "Kphi_absmax": 0.020000000000000018,
  "xi_C": 0.0,
  "Q": null
}