{
  "pattern": "quark_triplet",
  "|grad|_mean": 0.046868641237478706,
  "Kphi_absmax": 2.356194490192345,
  "xi_C": 30956.68671395926,
  "Q": 1
}