{
  "pattern": "wz_helical",
  "|grad|_mean": 0.10216911726052999,
  "Kphi_absmax": 0.8681035476358367,
  "xi_C": 33629.79041215145,
  "Q": null
}