{
  "ring": {
    "curv_corr": {
      "mean": 0.009056402192396167,
      "std": 0.21901520186674336
    },
    "curv_mad": {
      "mean": 1.727875959474387,
      "std": 0.4069275480918622
    },
    "curv_rmse": {
      "mean": 2.8452282917050202,
      "std": 0.4417506819421984
    },
    "grad_corr": {
      "mean": 0.5863135330599837,
      "std": 0.1867675693395718
    },
    "grad_mad": {
      "mean": 0.5655376999666072,
      "std": 0.2126602505218084
    },
    "grad_rmse": {
      "mean": 1.044242739629671,
      "std": 0.36468020120626193
    }
  },
  "ws": {
    "curv_corr": {
      "mean": 0.04061910284429686,
      "std": 0.16294110499137043
    },
    "curv_mad": {
      "mean": 1.8501233390467484,
      "std": 0.40136899375423185
    },
    "curv_rmse": {
      "mean": 2.6919628844923547,
      "std": 0.38535499308999566
    },
    "grad_corr": {
      "mean": 0.5677887416451929,
      "std": 0.105167114404944
    },
    "grad_mad": {
      "mean": 0.5598485204468401,
      "std": 0.1410015425141332
    },
    "grad_rmse": {
      "mean": 0.9236015002895674,
      "std": 0.16826212279786923
    }
  },
  "scale_free": {
    "curv_corr": {
      "mean": 0.09852069883500317,
      "std": 0.18889181704239494
    },
    "curv_mad": {
      "mean": 1.3356792100161727,
      "std": 0.4649542867044227
    },
    "curv_rmse": {
      "mean": 2.6677484603220356,
      "std": 0.48176529325124423
    },
    "grad_corr": {
      "mean": 0.7048334793002582,
      "std": 0.2062736442143472
    },
    "grad_mad": {
      "mean": 0.44231911592504075,
      "std": 0.25244147231599734
    },
    "grad_rmse": {
      "mean": 0.9783737252752431,
      "std": 0.42129380612933887
    }
  },
  "grid": {
    "curv_corr": {
      "mean": 0.015070433222934543,
      "std": 0.22118560877939944
    },
    "curv_mad": {
      "mean": 1.7774533320426085,
      "std": 0.38752326648995655
    },
    "curv_rmse": {
      "mean": 2.6966540838276587,
      "std": 0.34935404736203496
    },
    "grad_corr": {
      "mean": 0.565126916622856,
      "std": 0.24534379583286375
    },
    "grad_mad": {
      "mean": 0.5346750357271549,
      "std": 0.14351049291557616
    },
    "grad_rmse": {
      "mean": 0.9390668084566123,
      "std": 0.26221674068673634
    }
  },
  "tree": {
    "curv_corr": {
      "mean": 0.08549177855082579,
      "std": 0.1438437873389689
    },
    "curv_mad": {
      "mean": 1.6067152959753994,
      "std": 0.2980889129861823
    },
    "curv_rmse": {
      "mean": 2.87156627941305,
      "std": 0.29112189292417795
    },
    "grad_corr": {
      "mean": 0.6355439252158074,
      "std": 0.1614169513036839
    },
    "grad_mad": {
      "mean": 0.5136446631737142,
      "std": 0.18528572870498985
    },
    "grad_rmse": {
      "mean": 1.055459805970934,
      "std": 0.3241107301982933
    }
  }
}